,Stock,Type,Start Date,End Date,Seed,Open,High,Low,Close,Volume
0,^GSPTSE,LSTM,2022-01-01,2024-01-01,1,1.5825827812713236,1.525117780055996,1.5411817846634988,1.600877291561876,0.212363020940429
1,^GSPTSE,LSTM,2022-01-01,2024-01-01,2,0.7401888538599011,0.711585708902025,0.7840860731585976,0.7933756961894015,0.1698033752562242
2,^GSPTSE,LSTM,2022-01-01,2024-01-01,3,0.2472348397315099,0.2440984609609179,0.236544659739546,0.2511353521976207,0.1652330951840002
3,^GSPTSE,LSTM,2022-01-01,2024-01-01,4,0.3276388845067062,0.317166935635839,0.3067200197095924,0.317418048449323,0.166111013125417
4,^GSPTSE,LSTM,2022-01-01,2024-01-01,5,0.968851170111502,0.9797276887240268,1.0819448596188943,1.0617477776651636,0.1692302628286611
5,^GSPTSE,LSTM,2022-01-01,2024-01-01,6,1.280071036190604,1.2844010814046076,1.321158685036513,1.4479012554354584,0.1895519493751909
6,^GSPTSE,LSTM,2022-01-01,2024-01-01,7,1.2191794765691657,1.2518531304428715,1.333420874399013,1.3479200469737325,0.1764996283634845
7,^GSPTSE,LSTM,2022-01-01,2024-01-01,8,0.4694707812009048,0.4170835999053354,0.5275562269200964,0.4807174900886111,0.1673138736527808
8,^GSPTSE,LSTM,2022-01-01,2024-01-01,9,1.7799983901715364,1.7877066886972892,1.9515213860694005,1.888511797378051,0.1692402080235202
9,^GSPTSE,LSTM,2022-01-01,2024-01-01,10,0.7565729651540117,0.7725754449437403,0.8114550762211244,0.8285348812424949,0.1657299856100042
10,^GSPTSE,LSTM,2022-01-01,2024-01-01,11,0.301723798576991,0.3067382980682203,0.327976531434028,0.325822396732199,0.166601252381173
11,^GSPTSE,LSTM,2022-01-01,2024-01-01,12,0.9313606000019472,0.9498655150247964,0.9747142832906984,0.996603788304945,0.1795012978958557
12,^GSPTSE,LSTM,2022-01-01,2024-01-01,13,0.2905105434459915,0.2932066256135769,0.2996871405620403,0.3120744976193241,0.1749547687132669
13,^GSPTSE,LSTM,2022-01-01,2024-01-01,14,0.2437463886613314,0.2897669526252622,0.2691918778907389,0.2940257163118081,0.1680345681984446
14,^GSPTSE,LSTM,2022-01-01,2024-01-01,15,0.9367194162851046,0.9810151200917347,1.0315387986766464,0.9937647852274768,0.1699140447864021
15,^GSPTSE,LSTM,2022-01-01,2024-01-01,16,0.3222975033521069,0.3292266029112758,0.3295133421675413,0.3309720012136506,0.166860752678483
16,^GSPTSE,LSTM,2022-01-01,2024-01-01,17,0.499995114362912,0.4184748854587232,0.4760977597210767,0.4667753770262496,0.1682215306247631
17,^GSPTSE,LSTM,2022-01-01,2024-01-01,18,0.4430242176319443,0.4617431753304871,0.4687549719258768,0.48886995465506,0.1662927385527142
18,^GSPTSE,LSTM,2022-01-01,2024-01-01,19,0.5482978682217327,0.5785054954254214,0.568000367446304,0.6195304019711182,0.176543972130338
19,^GSPTSE,LSTM,2022-01-01,2024-01-01,20,0.3218770947170829,0.3331401228062571,0.2674883252205732,0.2934455425664592,0.1838213959807819
20,^GSPTSE,LSTM,2022-01-01,2024-01-01,21,0.5024539500712608,0.5069780083636558,0.5487191567601442,0.5586422939844775,0.1792364886560984
21,^GSPTSE,LSTM,2022-01-01,2024-01-01,22,0.3626115143123126,0.3875670636916035,0.3987934775844912,0.425922854388844,0.1722016481824352
22,^GSPTSE,LSTM,2022-01-01,2024-01-01,23,0.4692773507588547,0.4921773497610476,0.4870770607964199,0.5052960914885329,0.1672685327470746
23,^GSPTSE,LSTM,2022-01-01,2024-01-01,24,0.8797872312737033,0.8962288999605091,0.9896902441228188,0.9384378516663432,0.1736855299496115
24,^GSPTSE,LSTM,2022-01-01,2024-01-01,25,0.9788287317833884,0.9813830447993648,1.0559009093690324,1.0587089534709129,0.1757988949662419
25,^GSPTSE,LSTM,2022-01-01,2024-01-01,26,0.4970159621993369,0.444610058277243,0.4683924295996721,0.4543344537288195,0.1720385986803274
26,^GSPTSE,LSTM,2022-01-01,2024-01-01,27,0.5756378055185435,0.593362188567485,0.6038425786129283,0.614393654035727,0.1777878309511945
27,^GSPTSE,LSTM,2022-01-01,2024-01-01,28,1.1236905394915098,1.124720049429018,1.1952145778905945,1.1874411153686648,0.1648511673043871
28,^GSPTSE,LSTM,2022-01-01,2024-01-01,29,1.83625274551322,1.914451181176192,1.979267418669562,1.9868623592926795,0.2302505137331076
29,^GSPTSE,LSTM,2022-01-01,2024-01-01,30,0.3794660018678805,0.3550393724919186,0.3679604880084343,0.3475475023092557,0.1735052562464059
30,^GSPTSE,LSTM,2022-01-01,2024-01-01,31,0.6719199071918892,0.6933116161419431,0.6367719670843643,0.7165101421144785,0.1734853484022564
31,^GSPTSE,LSTM,2022-01-01,2024-01-01,32,0.9881985513899718,0.9894317160869894,0.9938252061085152,1.0264081534822718,0.1742632374742178
32,^GSPTSE,LSTM,2022-01-01,2024-01-01,33,0.4099033050826269,0.4094666742034519,0.4392544017517472,0.4255921429181912,0.1654893520044529
33,^GSPTSE,LSTM,2022-01-01,2024-01-01,34,2.683298854231157,2.697908272982008,2.8452861692562355,2.810339147829781,0.242506294269055
34,^GSPTSE,LSTM,2022-01-01,2024-01-01,35,0.4144766222330539,0.4499068855140076,0.461653936288078,0.4721973010779016,0.1662348525903305
35,^GSPTSE,LSTM,2022-01-01,2024-01-01,36,0.4954483906894849,0.5109686870182583,0.5238893354703317,0.5211767100695015,0.1673581681620254
36,^GSPTSE,LSTM,2022-01-01,2024-01-01,37,1.3108516633423195,1.258469872751877,1.3868664454122424,1.3954119851223683,0.175127971802568
37,^GSPTSE,LSTM,2022-01-01,2024-01-01,38,1.1326522747113603,1.098717291472309,1.203520091734781,1.2023546991158502,0.1685627049184903
38,^GSPTSE,LSTM,2022-01-01,2024-01-01,39,0.5872631024589492,0.5152805056098696,0.4584330114778099,0.4987694683137865,0.168121412672176
39,^GSPTSE,LSTM,2022-01-01,2024-01-01,40,0.4400215933926794,0.4952158683667608,0.5220138639912766,0.5408965577536473,0.1679565485794626
40,^GSPTSE,LSTM,2022-01-01,2024-01-01,41,0.3679734556044409,0.3802517163660742,0.3866003163119389,0.3875289514001834,0.167846594473071
41,^GSPTSE,LSTM,2022-01-01,2024-01-01,42,0.5778575186943176,0.5832602204098537,0.6222780332010829,0.6101383462980486,0.1647677513497848
42,^GSPTSE,LSTM,2022-01-01,2024-01-01,43,0.803545916882448,0.8179456886923219,0.8667151123002889,0.8744549803245109,0.1689115109379065
43,^GSPTSE,LSTM,2022-01-01,2024-01-01,44,1.2006403535133812,1.2640349874341748,1.2528123899875092,1.3218300119009658,0.187203687464893
44,^GSPTSE,LSTM,2022-01-01,2024-01-01,45,0.7489751011211789,0.8536907569860954,0.8231009704794949,0.8830446630129803,0.1671058899943781
45,^GSPTSE,LSTM,2022-01-01,2024-01-01,46,0.287130046849299,0.3133116078362985,0.3940117163909483,0.4147714575710536,0.178225459988935
46,^GSPTSE,LSTM,2022-01-01,2024-01-01,47,1.1136915030793344,1.098505013778321,1.1385402708197312,1.1859114309091443,0.1681709516335954
47,^GSPTSE,LSTM,2022-01-01,2024-01-01,48,1.1185693243690746,0.8522099739334555,1.0743252191244348,0.9009857400319676,0.1678759434830191
48,^GSPTSE,LSTM,2022-01-01,2024-01-01,49,0.5091216142465058,0.5324313415921744,0.5650202340187862,0.565036584211758,0.1713995309334295
49,^GSPTSE,LSTM,2022-01-01,2024-01-01,50,1.1952654100678308,1.1599983181884774,1.2683597153625297,1.2514923916180605,0.1704117176424002
50,^GSPTSE,LSTM,2022-09-01,2024-09-01,1,0.3067221101017431,0.2936422331424012,0.2734709036064375,0.3033939892130114,0.2490286959540976
51,^GSPTSE,LSTM,2022-09-01,2024-09-01,2,0.6695084519643896,0.6951352303972325,0.5646448899303322,0.5992242143130161,0.2588408590894767
52,^GSPTSE,LSTM,2022-09-01,2024-09-01,3,1.4881789393282907,1.522827310685622,1.2134461024251513,1.3802985490072126,0.2542865909916968
53,^GSPTSE,LSTM,2022-09-01,2024-09-01,4,1.1480749798878411,1.0403179166711536,1.0047920844797056,1.0293166259400266,0.2706346045440409
54,^GSPTSE,LSTM,2022-09-01,2024-09-01,5,0.6823989866104773,0.669240030356187,0.5468663851676311,0.6316636619086683,0.250284117710458
55,^GSPTSE,LSTM,2022-09-01,2024-09-01,6,0.3507924728316484,0.4249462574120495,0.369775625885511,0.4097259677500849,0.2801174782985652
56,^GSPTSE,LSTM,2022-09-01,2024-09-01,7,1.0147731273903788,1.0106275974213117,0.8554225186710961,0.908929646830138,0.3135880709074904
57,^GSPTSE,LSTM,2022-09-01,2024-09-01,8,1.0016803207677865,1.049522423750218,0.852916316058983,0.9950796191504332,0.2637730313534966
58,^GSPTSE,LSTM,2022-09-01,2024-09-01,9,0.5998657200338124,0.5857968089651464,0.4975192513051499,0.5893843541090952,0.2897777335697889
59,^GSPTSE,LSTM,2022-09-01,2024-09-01,10,0.665634330063609,0.6845141486144664,0.5851366418621474,0.6285747123612867,0.3370677423503471
60,^GSPTSE,LSTM,2022-09-01,2024-09-01,11,0.3503445255627518,0.343715867879061,0.335126690725756,0.3460122092810455,0.2509907169659867
61,^GSPTSE,LSTM,2022-09-01,2024-09-01,12,1.0533783300188415,1.139811339154629,0.8890882017135613,1.0342294787227782,0.2517476082705596
62,^GSPTSE,LSTM,2022-09-01,2024-09-01,13,1.5913408527024928,1.593928516375424,1.324892751917501,1.5139994907870744,0.2645821505867953
63,^GSPTSE,LSTM,2022-09-01,2024-09-01,14,0.5709881572601717,0.3711956068304434,0.5916625006250386,0.584008990181305,0.3955768092096242
64,^GSPTSE,LSTM,2022-09-01,2024-09-01,15,0.3997939727604263,0.430703362152563,0.3209280784224706,0.3590692972137815,0.2660482494645505
65,^GSPTSE,LSTM,2022-09-01,2024-09-01,16,0.7474906448569723,0.8934058012080435,0.650044150360864,0.8495759890217476,0.272481086060279
66,^GSPTSE,LSTM,2022-09-01,2024-09-01,17,0.3268684282122416,0.279229102702369,0.30558090101271,0.2872758568183852,0.2896424147062645
67,^GSPTSE,LSTM,2022-09-01,2024-09-01,18,0.5748718359914774,0.5584418343757169,0.4680244249208946,0.521420525053902,0.2498612710866962
68,^GSPTSE,LSTM,2022-09-01,2024-09-01,19,0.5207706705515706,0.5517667116221853,0.4540279315971645,0.5627356505372771,0.2547804163246031
69,^GSPTSE,LSTM,2022-09-01,2024-09-01,20,1.3399499421284309,1.313394472120307,1.1139052110261989,1.2185671251287369,0.2570905397517782
70,^GSPTSE,LSTM,2022-09-01,2024-09-01,21,0.4050396453414456,0.435523167686169,0.3845000011375988,0.4899986321861039,0.2471921071847121
71,^GSPTSE,LSTM,2022-09-01,2024-09-01,22,0.7483430811329386,0.6355557511357995,0.598131911899757,0.6525812802620053,0.273454715775581
72,^GSPTSE,LSTM,2022-09-01,2024-09-01,23,0.8080660740939158,0.7193801971292713,0.6312451676827837,0.6692412272925523,0.3757512121820439
73,^GSPTSE,LSTM,2022-09-01,2024-09-01,24,1.4610262260222504,1.5309982005049363,1.2535462772603465,1.4412269705009806,0.2514433173679677
74,^GSPTSE,LSTM,2022-09-01,2024-09-01,25,0.8259833099651921,0.7748597872947774,0.5390479111518567,0.7187763378607028,0.2741022687183213
75,^GSPTSE,LSTM,2022-09-01,2024-09-01,26,0.2562805715259041,0.2494307134750518,0.2439582997058837,0.2517648774057191,0.371480282448304
76,^GSPTSE,LSTM,2022-09-01,2024-09-01,27,1.7169837449545162,1.88301154907086,1.4690310699013318,1.7190648764033087,0.2633901184185899
77,^GSPTSE,LSTM,2022-09-01,2024-09-01,28,4.851329517164635,4.940478333560843,4.10017158678896,4.442595406931745,0.2553279858012997
78,^GSPTSE,LSTM,2022-09-01,2024-09-01,29,1.319227427537333,1.3686535072212724,1.0690035103170692,1.2434611344696649,0.2469149597252005
79,^GSPTSE,LSTM,2022-09-01,2024-09-01,30,1.320100058499495,1.3899030916431092,1.1894866400554287,1.281226783001057,0.5559806172398253
80,^GSPTSE,LSTM,2022-09-01,2024-09-01,31,3.042854707060982,3.1108330376966915,2.46857449062082,2.7734663385709104,0.5887174545231499
81,^GSPTSE,LSTM,2022-09-01,2024-09-01,32,0.8879129704381393,1.0619741603370636,0.823623770492637,0.9697614519474548,0.2673926057854752
82,^GSPTSE,LSTM,2022-09-01,2024-09-01,33,2.2127328581655576,2.2041392152988664,1.967792079237656,2.156919204574187,0.314250913526557
83,^GSPTSE,LSTM,2022-09-01,2024-09-01,34,0.9802298796664828,0.9731805759063766,0.8210424486696453,0.8635605143002286,0.2507452396872425
84,^GSPTSE,LSTM,2022-09-01,2024-09-01,35,0.409949784533867,0.4219806011867742,0.3685869910302333,0.3971603998893744,0.2500860962971643
85,^GSPTSE,LSTM,2022-09-01,2024-09-01,36,0.4977841099481475,0.6376419695942056,0.4743064120451051,0.4722058761378813,0.2988540886866633
86,^GSPTSE,LSTM,2022-09-01,2024-09-01,37,0.7511230461834072,0.7768497051090145,0.5836675578814078,0.6124442983024321,0.2645328810825209
87,^GSPTSE,LSTM,2022-09-01,2024-09-01,38,0.507735417403242,0.4217931828724554,0.3480803271420815,0.4555110375688471,0.2616197999043629
88,^GSPTSE,LSTM,2022-09-01,2024-09-01,39,0.975901230252104,0.8930686637102148,0.7421825699681625,0.8638853417014839,0.2761688416857101
89,^GSPTSE,LSTM,2022-09-01,2024-09-01,40,1.244904751736688,1.27494188551396,1.0430374095516408,1.198958497601031,0.3974456307337037
90,^GSPTSE,LSTM,2022-09-01,2024-09-01,41,0.3609979111519724,0.3986422016256612,0.2887504216763196,0.3254343409744145,0.2528892236329235
91,^GSPTSE,LSTM,2022-09-01,2024-09-01,42,1.4909787117580129,1.4994407353905754,1.2886997571282015,1.4313437811131235,0.2553915131386206
92,^GSPTSE,LSTM,2022-09-01,2024-09-01,43,0.4856718757697619,0.4786404664348177,0.4480301489179279,0.5221667142574404,0.2510495266126635
93,^GSPTSE,LSTM,2022-09-01,2024-09-01,44,0.2564927391417109,0.255725906412135,0.2443897393776858,0.2543501493266707,0.2572111023235817
94,^GSPTSE,LSTM,2022-09-01,2024-09-01,45,0.8416263233356899,0.8693163270921962,0.7338971909782471,0.784461828083493,0.2579664662328257
95,^GSPTSE,LSTM,2022-09-01,2024-09-01,46,1.1046739030675166,1.0578898847370062,0.824664728728638,0.9420291437255393,0.2837065505095221
96,^GSPTSE,LSTM,2022-09-01,2024-09-01,47,0.8031240956726368,0.7625502263627458,0.6579840231108244,0.7423097098785131,0.257080023090326
97,^GSPTSE,LSTM,2022-09-01,2024-09-01,48,3.5032567904772747,3.5808103221682286,2.8228232145414105,3.7146091980312375,0.2715571327094926
98,^GSPTSE,LSTM,2022-09-01,2024-09-01,49,0.963286942037816,1.0057526189513415,0.8246275967901471,0.9196618393865416,0.3009714486889107
99,^GSPTSE,LSTM,2022-09-01,2024-09-01,50,3.292197592889831,3.414687024620775,2.9298316015869195,3.197292396378788,0.2654227151222603
100,^GSPTSE,LSTM,2023-05-01,2025-05-01,1,0.42352250029438,0.468572562391514,0.4113605001436886,0.4121731869268321,0.2973935311558178
101,^GSPTSE,LSTM,2023-05-01,2025-05-01,2,0.5799986784329242,0.6878432305498018,0.5728625868277579,0.5611216649381676,0.3066483118761342
102,^GSPTSE,LSTM,2023-05-01,2025-05-01,3,0.3859126694544444,0.5296905100997524,0.414624112806331,0.3760399312415051,0.3189512026468591
103,^GSPTSE,LSTM,2023-05-01,2025-05-01,4,0.2532457104987431,0.2895447221920479,0.2865771860397721,0.2669924313155153,0.3011414305101298
104,^GSPTSE,LSTM,2023-05-01,2025-05-01,5,0.6468716915283129,0.8749036340398895,0.6256597947542528,0.6835173788786898,0.3185222041060542
105,^GSPTSE,LSTM,2023-05-01,2025-05-01,6,0.5755976128237378,0.7536934224908532,0.5844190776140636,0.5928994315850037,0.3210396569837152
106,^GSPTSE,LSTM,2023-05-01,2025-05-01,7,0.3903104043951704,0.4240895090485211,0.3870183676744938,0.349989409618658,0.3233358713920874
107,^GSPTSE,LSTM,2023-05-01,2025-05-01,8,0.6595081633850788,0.7683849496513793,0.6107420154091411,0.5032535213272074,0.3433941685568072
108,^GSPTSE,LSTM,2023-05-01,2025-05-01,9,0.5981530195091488,0.8236966181681674,0.6221595705277542,0.6439773543751186,0.3684562287004426
109,^GSPTSE,LSTM,2023-05-01,2025-05-01,10,0.3480576383145515,0.3785735973656421,0.3879574555181494,0.3669821557837362,0.3202955124648149
110,^GSPTSE,LSTM,2023-05-01,2025-05-01,11,0.3744294559337543,0.4248590220443672,0.4153400119388714,0.3829157592056038,0.3104919444789398
111,^GSPTSE,LSTM,2023-05-01,2025-05-01,12,0.5728237773127287,0.9258172035011782,0.5262564797632293,0.6515456194535738,0.319513427522075
112,^GSPTSE,LSTM,2023-05-01,2025-05-01,13,0.4302725450128469,0.3877206744869282,0.4203925740945881,0.4344446322890439,0.3254720684062993
113,^GSPTSE,LSTM,2023-05-01,2025-05-01,14,0.7627750854364818,1.1089448052196822,0.8639326399680743,0.9365637120592124,0.3132969156041698
114,^GSPTSE,LSTM,2023-05-01,2025-05-01,15,0.9442220416439184,1.3660592431779697,0.8440744600561003,0.9546145311801334,0.3434539700911675
115,^GSPTSE,LSTM,2023-05-01,2025-05-01,16,0.3463694970135764,0.420025352810241,0.4087723781003755,0.3826830333860885,0.316549317398947
116,^GSPTSE,LSTM,2023-05-01,2025-05-01,17,0.2558756875555035,0.3007831941043528,0.2891157743737877,0.284008942964285,0.3170588409759216
117,^GSPTSE,LSTM,2023-05-01,2025-05-01,18,0.5912932852051728,0.7089762648248935,0.5860520631505386,0.5685101279112789,0.3129104486159924
118,^GSPTSE,LSTM,2023-05-01,2025-05-01,19,0.7234147958602387,0.930860855779286,0.7965400650507213,0.7818909316839132,0.2968788904872071
119,^GSPTSE,LSTM,2023-05-01,2025-05-01,20,0.7938111746169015,1.051568422647882,0.827501061968781,0.82732842219976,0.3059846207364329
120,^GSPTSE,LSTM,2023-05-01,2025-05-01,21,0.3103102887664375,0.3499061053124702,0.3404239545412641,0.3031544615598311,0.3431423104518725
121,^GSPTSE,LSTM,2023-05-01,2025-05-01,22,0.8558651691777145,1.234615897770574,0.7809624169177578,0.8733377927939392,0.3464994506442637
122,^GSPTSE,LSTM,2023-05-01,2025-05-01,23,0.6400744967460035,0.7492410134054109,0.6083674288038132,0.6399020921854561,0.3033229024046084
123,^GSPTSE,LSTM,2023-05-01,2025-05-01,24,0.2551827010394766,0.3042001856526921,0.2928418433824883,0.2808665462567518,0.2966820800660114
124,^GSPTSE,LSTM,2023-05-01,2025-05-01,25,0.6178069504822812,0.8184493706711172,0.6231562551311516,0.6321006754548318,0.2941970612199086
125,^GSPTSE,LSTM,2023-05-01,2025-05-01,26,0.2926047325455517,0.3293455502733795,0.3309377375186114,0.3017020053409023,0.3014872408259141
126,^GSPTSE,LSTM,2023-05-01,2025-05-01,27,1.0957415327432125,1.508010883591126,1.1717037721830368,1.0602620294174916,0.3516467733436015
127,^GSPTSE,LSTM,2023-05-01,2025-05-01,28,0.8255840883732428,1.1783844917318902,0.7407961082525777,0.8687868976160922,0.3238713171509935
128,^GSPTSE,LSTM,2023-05-01,2025-05-01,29,0.3791482736535743,0.4385181943000967,0.3751991315816614,0.4045929636380637,0.313309765504677
129,^GSPTSE,LSTM,2023-05-01,2025-05-01,30,0.2506407840456267,0.2941243227514308,0.2810198306584685,0.2673444898836813,0.3136827483612876
130,^GSPTSE,LSTM,2023-05-01,2025-05-01,31,0.3183229583934595,0.3550531765226086,0.3405636941534422,0.3169652359109917,0.3035088617854589
131,^GSPTSE,LSTM,2023-05-01,2025-05-01,32,0.3615616642459783,0.3619566433052086,0.3146105248403281,0.3283327192875794,0.3058011507633018
132,^GSPTSE,LSTM,2023-05-01,2025-05-01,33,0.4700846312242214,0.6001451414087089,0.5217199038138524,0.5000214283507449,0.3258999362566499
133,^GSPTSE,LSTM,2023-05-01,2025-05-01,34,0.3614168504365295,0.433081495115381,0.3931352162845875,0.3675455470111461,0.3199966439846958
134,^GSPTSE,LSTM,2023-05-01,2025-05-01,35,1.0074347558200456,1.289036020012765,0.8788205238042812,0.9677085746936605,0.2996467015923494
135,^GSPTSE,LSTM,2023-05-01,2025-05-01,36,0.8674205507138727,1.267603623212416,0.8083555005104613,0.870849278116396,0.3141611180904629
136,^GSPTSE,LSTM,2023-05-01,2025-05-01,37,0.504765012528815,0.7636565700300711,0.5016914960617556,0.5251948970881883,0.3161511158939146
137,^GSPTSE,LSTM,2023-05-01,2025-05-01,38,0.3436846749437178,0.4012245226282511,0.3399982468234075,0.3585523405678409,0.3049554239613057
138,^GSPTSE,LSTM,2023-05-01,2025-05-01,39,0.2559994861908813,0.3431629559284272,0.3028423044692532,0.2973532987710233,0.2983378105709258
139,^GSPTSE,LSTM,2023-05-01,2025-05-01,40,0.6121281559114202,0.8209686518614494,0.6498211913472938,0.6943658294944538,0.2978791616326158
140,^GSPTSE,LSTM,2023-05-01,2025-05-01,41,0.2461064864093667,0.298488756192528,0.2837406206393961,0.2647935747194533,0.317487335259097
141,^GSPTSE,LSTM,2023-05-01,2025-05-01,42,0.343775452237075,0.404727833976325,0.4386980485711211,0.3330514857074629,0.3148062918281011
142,^GSPTSE,LSTM,2023-05-01,2025-05-01,43,0.3391859001372795,0.4394372450260485,0.3637097066188817,0.3563857974210149,0.3208317049372032
143,^GSPTSE,LSTM,2023-05-01,2025-05-01,44,0.2509251165198168,0.2954067201978417,0.2864886125271514,0.2726494060241649,0.2946962781559249
144,^GSPTSE,LSTM,2023-05-01,2025-05-01,45,0.4224653485777086,0.5319302186835722,0.4568498568254737,0.4904623323143073,0.3318463883530768
145,^GSPTSE,LSTM,2023-05-01,2025-05-01,46,0.3834035800739814,0.4643928689503945,0.449960766794755,0.3899789095879427,0.3417529410484985
146,^GSPTSE,LSTM,2023-05-01,2025-05-01,47,0.273561945494819,0.3838717610582515,0.2808978472538959,0.2617626915750585,0.307120698445289
147,^GSPTSE,LSTM,2023-05-01,2025-05-01,48,0.2499476344046253,0.3457711981389774,0.280054216284705,0.3072343185023791,0.3073880114518742
148,^GSPTSE,LSTM,2023-05-01,2025-05-01,49,0.6514650683560248,0.8843540865193825,0.669393760948565,0.6821613995705182,0.3095520500734058
149,^GSPTSE,LSTM,2023-05-01,2025-05-01,50,0.9608721950379074,1.4357689874242363,0.9626546594239176,0.99746378223032,0.3424739688564201
150,^GSPTSE,LSTM,2024-01-01,2026-01-01,1,1.7985960862308057,2.1094104144016512,1.8561733391666488,1.8847814215947176,0.1657539441288912
151,^GSPTSE,LSTM,2024-01-01,2026-01-01,2,1.092658790308388,1.243843284700539,1.0019132460839535,1.0208937111961591,0.1615420568456857
152,^GSPTSE,LSTM,2024-01-01,2026-01-01,3,0.9224537069925528,0.8843881672784442,0.7540802180182808,0.9527723593385776,0.1616841708759545
153,^GSPTSE,LSTM,2024-01-01,2026-01-01,4,0.53094401584642,0.5807943718742254,0.5687919694354892,0.5751828248597434,0.1614939569387913
154,^GSPTSE,LSTM,2024-01-01,2026-01-01,5,2.0141357109698426,2.305336288285299,2.260704818216728,2.1598048542864063,0.1791212646256093
155,^GSPTSE,LSTM,2024-01-01,2026-01-01,6,0.3783224022793218,0.4450887757745244,0.3770006147502525,0.3801207996328852,0.1614809259564112
156,^GSPTSE,LSTM,2024-01-01,2026-01-01,7,1.5783553547824545,1.6595885668929558,1.5092614556072048,1.4770748777691172,0.1667973291026105
157,^GSPTSE,LSTM,2024-01-01,2026-01-01,8,1.3936995023739096,1.524269297123663,1.4924466692823124,1.4475233161365453,0.1734734499250034
158,^GSPTSE,LSTM,2024-01-01,2026-01-01,9,0.3300413405122033,0.3552344463836657,0.271059424511181,0.2859383489916262,0.1658987047430603
159,^GSPTSE,LSTM,2024-01-01,2026-01-01,10,0.2512301141586426,0.4366598156913933,0.2358969776102102,0.2997511850238882,0.1658193165510396
160,^GSPTSE,LSTM,2024-01-01,2026-01-01,11,0.2255413662771022,0.1726135904667868,0.1366056412832546,0.1585259089413053,0.1745657362121131
161,^GSPTSE,LSTM,2024-01-01,2026-01-01,12,0.7222666366763157,0.8384297304121092,0.7145505358181897,0.7085810069910067,0.1614753370258003
162,^GSPTSE,LSTM,2024-01-01,2026-01-01,13,0.1369380843789827,0.1429311121622594,0.1309635823736084,0.1314101415674923,0.1614772325778258
163,^GSPTSE,LSTM,2024-01-01,2026-01-01,14,0.1821081742119217,0.1672564583150746,0.1338345369132311,0.1470595682042514,0.1620275586111539
164,^GSPTSE,LSTM,2024-01-01,2026-01-01,15,0.1281854039128352,0.158600103505338,0.1656272367759073,0.1351949925623243,0.1636020322732877
165,^GSPTSE,LSTM,2024-01-01,2026-01-01,16,0.1787289104062749,0.112096478718122,0.138802353145202,0.1266850951056785,0.1631187009775234
166,^GSPTSE,LSTM,2024-01-01,2026-01-01,17,0.1224398483949485,0.1180672935615137,0.1339554791622214,0.1329482244730866,0.1674182249559683
167,^GSPTSE,LSTM,2024-01-01,2026-01-01,18,1.1501336685732708,1.1980954347772426,1.1794465755709451,1.1324196671313806,0.2204629513980993
168,^GSPTSE,LSTM,2024-01-01,2026-01-01,19,0.703108285112593,0.6580053874762611,0.4823769317956551,0.7939841697583346,0.1663615983629723
169,^GSPTSE,LSTM,2024-01-01,2026-01-01,20,0.844511720549241,0.8484497011217617,0.8252102365531406,0.7955567111415384,0.1812484710229062
170,^GSPTSE,LSTM,2024-01-01,2026-01-01,21,1.1253302237286853,1.321665631695684,1.343558511403978,1.2096966416691597,0.1620429103879418
171,^GSPTSE,LSTM,2024-01-01,2026-01-01,22,1.7143719599218414,1.7906010121475622,1.751712826931076,1.5720254760325734,0.173164375294985
172,^GSPTSE,LSTM,2024-01-01,2026-01-01,23,0.1554540380515994,0.2501730962785924,0.3232247102634207,0.2202191896107061,0.1631437081541205
173,^GSPTSE,LSTM,2024-01-01,2026-01-01,24,0.5099200257222959,0.5259255561729592,0.4973391076749556,0.4995998095769958,0.1631015222852307
174,^GSPTSE,LSTM,2024-01-01,2026-01-01,25,2.68723584798576,2.9741143034749933,2.5461055356790654,2.635957846581339,0.1717340162451729
175,^GSPTSE,LSTM,2024-01-01,2026-01-01,26,0.4961327495051973,0.4882604538850144,0.5445283368709277,0.509934890459326,0.1660820174448073
176,^GSPTSE,LSTM,2024-01-01,2026-01-01,27,0.8770669541875922,0.9584681317513112,0.9300895368831884,0.7763038381937872,0.1627921204186427
177,^GSPTSE,LSTM,2024-01-01,2026-01-01,28,0.1207512805511566,0.1850803463410571,0.123623957304075,0.1710976333565928,0.1657883243996443
178,^GSPTSE,LSTM,2024-01-01,2026-01-01,29,1.2757315352198502,1.6749397225683695,1.3254239486856878,1.4007139351860995,0.1957333299300525
179,^GSPTSE,LSTM,2024-01-01,2026-01-01,30,0.9908981955182378,1.1084838259483585,1.197229680012348,1.0944022952874852,0.1774093681543395
180,^GSPTSE,LSTM,2024-01-01,2026-01-01,31,1.9322147758459067,2.1114313180529485,1.8529813096805687,1.944225483595249,0.1641350988281713
181,^GSPTSE,LSTM,2024-01-01,2026-01-01,32,0.3609525006961523,0.3945836785368598,0.466252176693211,0.379122918052767,0.1625973729193418
182,^GSPTSE,LSTM,2024-01-01,2026-01-01,33,1.1250267481725125,1.1756396697698672,1.093845509169236,1.0724188172210125,0.1621109445914335
183,^GSPTSE,LSTM,2024-01-01,2026-01-01,34,0.284027860625166,0.3362289116110669,0.2406630697608172,0.2630470164955947,0.1614566717828572
184,^GSPTSE,LSTM,2024-01-01,2026-01-01,35,1.057951404455846,1.022138048831931,0.7531443887947442,0.7969806844237918,0.1775623489639232
185,^GSPTSE,LSTM,2024-01-01,2026-01-01,36,0.5280271754004199,0.542167116442543,0.6163918429405201,0.5758459393805753,0.1807753875666615
186,^GSPTSE,LSTM,2024-01-01,2026-01-01,37,0.8677867063456812,1.0345983519605704,0.8923740505714698,0.7584024930553344,0.1723441562223588
187,^GSPTSE,LSTM,2024-01-01,2026-01-01,38,0.179017379257529,0.2700022871783578,0.4347180079472683,0.3274678551091814,0.1951743542325763
188,^GSPTSE,LSTM,2024-01-01,2026-01-01,39,1.0405186901569372,1.067267574521783,1.0426856803183129,1.04761717175459,0.1614223688535381
189,^GSPTSE,LSTM,2024-01-01,2026-01-01,40,1.5614609666745949,2.0111570624302297,1.803841732131108,1.5508090481178436,0.1614274068562175
190,^GSPTSE,LSTM,2024-01-01,2026-01-01,41,0.7247130441931644,0.7888361837261981,0.7068344547117361,0.635514740225048,0.1690881733028862
191,^GSPTSE,LSTM,2024-01-01,2026-01-01,42,0.2402912529225478,0.3429085328682439,0.2328073519018857,0.2534852275704646,0.1616757322662785
192,^GSPTSE,LSTM,2024-01-01,2026-01-01,43,1.369076105949403,1.4132855442404524,1.34017444027802,1.4025317607890664,0.167011427482468
193,^GSPTSE,LSTM,2024-01-01,2026-01-01,44,0.118346150046775,0.1324239941833559,0.145051645554656,0.1513748142425355,0.1641492658746242
194,^GSPTSE,LSTM,2024-01-01,2026-01-01,45,2.594387472443177,2.8151265545566693,2.7021829030544584,2.3869876903254905,0.2105206992872767
195,^GSPTSE,LSTM,2024-01-01,2026-01-01,46,1.4672037283642567,1.708625056304662,1.6342523433049734,1.6959155602748,0.1784405095838671
196,^GSPTSE,LSTM,2024-01-01,2026-01-01,47,0.2384186058482425,0.2558894328348464,0.5384019756520275,0.3400880422277113,0.1680541713630718
197,^GSPTSE,LSTM,2024-01-01,2026-01-01,48,0.4322375831231604,0.3733736264146848,0.5744349209407327,0.2621585684826164,0.1617110570588181
198,^GSPTSE,LSTM,2024-01-01,2026-01-01,49,0.3597876512001879,0.451128826911508,0.385916812545719,0.3566785954523687,0.1626272149922093
199,^GSPTSE,LSTM,2024-01-01,2026-01-01,50,2.8650353015632213,3.241648800829241,2.978402178497836,2.848652754599218,0.1762782335101909
200,SLV,LSTM,2022-01-01,2024-01-01,1,0.5404118272847214,0.4464367803202319,0.5011885894049835,0.4972718025572596,0.3921517113417064
201,SLV,LSTM,2022-01-01,2024-01-01,2,0.264494421620652,0.4065854414850923,0.4644260107053817,0.2576830634155648,0.2719456308033524
202,SLV,LSTM,2022-01-01,2024-01-01,3,0.4375242645627014,0.7024966887863477,0.8566521514837406,0.4809852992307957,0.2550695715226918
203,SLV,LSTM,2022-01-01,2024-01-01,4,1.4668789959267867,1.321933171129166,1.139011539913925,1.1906742689795389,0.2851306668619743
204,SLV,LSTM,2022-01-01,2024-01-01,5,0.970006140821988,1.0673759737625714,1.1601315102827805,1.1725216379079315,0.242634231982073
205,SLV,LSTM,2022-01-01,2024-01-01,6,0.2798479228359028,0.412814505142469,0.5947284830574795,0.2622589850772698,0.2588187099148947
206,SLV,LSTM,2022-01-01,2024-01-01,7,1.7228844941605028,0.8329563952370321,0.5069991915900358,0.965383397446039,0.5165396307014861
207,SLV,LSTM,2022-01-01,2024-01-01,8,0.3553855870878705,0.3591529322802707,0.4080152807946681,0.3797228694791151,0.2631674972627456
208,SLV,LSTM,2022-01-01,2024-01-01,9,0.3136936323734323,0.3175387751676234,0.3002437532585048,0.2939061677279829,0.3345024220849035
209,SLV,LSTM,2022-01-01,2024-01-01,10,0.2441541836867848,0.2612706052449815,0.2895377479122881,0.2248990312321909,0.4013124272658984
210,SLV,LSTM,2022-01-01,2024-01-01,11,0.34997817092297,0.4126120479277741,0.7091983086972269,0.6083585038527111,0.2577976050250038
211,SLV,LSTM,2022-01-01,2024-01-01,12,1.5786886834769691,1.6649453990766496,1.4821082395231129,1.5082925965626768,0.2499216461161258
212,SLV,LSTM,2022-01-01,2024-01-01,13,0.2800753211106984,0.2529898547257527,0.2512964284472699,0.2530617988448148,0.2737244196868322
213,SLV,LSTM,2022-01-01,2024-01-01,14,0.6214998361198273,0.4441642012417036,0.279451820205772,0.4071693040868425,0.2539267062861134
214,SLV,LSTM,2022-01-01,2024-01-01,15,1.6419574186972268,1.5649252424544866,1.5251932123410077,1.4667306858320124,0.2476572392893014
215,SLV,LSTM,2022-01-01,2024-01-01,16,0.5947720601700418,0.567007416575991,0.5739584749402142,0.5474006355660045,0.2483476208748004
216,SLV,LSTM,2022-01-01,2024-01-01,17,1.0674980637271974,1.054134990799273,1.3568740207429033,1.1281493643516538,0.268255866014091
217,SLV,LSTM,2022-01-01,2024-01-01,18,0.8019468369670745,0.8000449274357555,0.8426458989407978,0.7652525011477462,0.2783746683581982
218,SLV,LSTM,2022-01-01,2024-01-01,19,0.4608727053143779,0.4886277479749398,0.582926067364153,0.579849262231837,0.2663763524813165
219,SLV,LSTM,2022-01-01,2024-01-01,20,0.2679913994267653,0.2521534460858047,0.2559021635264088,0.2534305995682435,0.2822917158269664
220,SLV,LSTM,2022-01-01,2024-01-01,21,0.3460707426101652,0.3411501317048021,0.3209215947881138,0.2865519510582286,0.2638134014775944
221,SLV,LSTM,2022-01-01,2024-01-01,22,0.7851765755548932,0.8692593306111569,0.9771875908273004,0.8380821618147982,0.2494443850288253
222,SLV,LSTM,2022-01-01,2024-01-01,23,1.0495025583459323,1.233472946845812,1.2695693290091956,1.341426264970174,0.3249728861509756
223,SLV,LSTM,2022-01-01,2024-01-01,24,0.506699585197993,0.6342794650870748,0.7310530369459454,0.7046397532694427,1.0146265624249975
224,SLV,LSTM,2022-01-01,2024-01-01,25,1.1900369776398196,1.0373377055913038,0.7814673082817127,1.09760733884755,0.2953577483218286
225,SLV,LSTM,2022-01-01,2024-01-01,26,0.2830514463219929,0.2651545280230346,0.2691380259678984,0.2524483487462744,0.2496650404458851
226,SLV,LSTM,2022-01-01,2024-01-01,27,0.3326104326782553,0.2696145435176164,0.3850779299160071,0.2846866125973477,0.3798185842856608
227,SLV,LSTM,2022-01-01,2024-01-01,28,0.9186566470745918,0.9473457509963916,0.8978479009322012,0.9639770279039448,0.2575346873047886
228,SLV,LSTM,2022-01-01,2024-01-01,29,0.251075089607515,0.2403319326357306,0.2498136082413425,0.2367278111362311,0.2589641067275289
229,SLV,LSTM,2022-01-01,2024-01-01,30,1.0010875156809922,0.9430391531585564,0.9019495208999302,0.8362835815210157,0.2838042920492861
230,SLV,LSTM,2022-01-01,2024-01-01,31,1.1555405892658863,1.18496143719895,1.1101990972064502,1.044881729588283,0.2570228288225231
231,SLV,LSTM,2022-01-01,2024-01-01,32,0.9589131333869492,0.9415399685220446,0.6719556470524156,0.7737767447043818,0.5350740593864278
232,SLV,LSTM,2022-01-01,2024-01-01,33,0.9542412148619692,0.9537953162950656,0.8829690576659868,0.9191932771573093,0.2583237026342871
233,SLV,LSTM,2022-01-01,2024-01-01,34,0.3496313749245888,0.3042821104916667,0.2694959417414099,0.2955589055807275,0.2533467746957051
234,SLV,LSTM,2022-01-01,2024-01-01,35,0.9950604755924422,0.9300080955244846,0.8295803843796209,0.8661512628282183,0.3545935362286866
235,SLV,LSTM,2022-01-01,2024-01-01,36,1.0493788279157992,1.2076604039785677,1.4019007162916044,1.2283392134643645,0.6315551546429482
236,SLV,LSTM,2022-01-01,2024-01-01,37,0.265897472057193,0.2937162238977399,0.2699221717517642,0.2537779269475828,0.284512643159961
237,SLV,LSTM,2022-01-01,2024-01-01,38,0.3641031159404428,0.2730431211814898,0.2460269802026792,0.2422189718625683,0.2994610176695795
238,SLV,LSTM,2022-01-01,2024-01-01,39,0.7549186086050904,0.6651194036727419,0.7208802690429104,0.4947715779664293,0.257190087653123
239,SLV,LSTM,2022-01-01,2024-01-01,40,0.3540608520659057,0.2331494752726278,0.2380893989978036,0.2307064128824809,0.2529949061243871
240,SLV,LSTM,2022-01-01,2024-01-01,41,0.3095720245479398,0.3323551909775289,0.3466358094496232,0.2838546296858732,0.3674087973676406
241,SLV,LSTM,2022-01-01,2024-01-01,42,0.3164536176023977,0.327891087977101,0.3083223314895883,0.3100712243885559,0.3489625537917785
242,SLV,LSTM,2022-01-01,2024-01-01,43,0.6799270641711108,0.6486636612098375,0.6518536309166143,0.701036952185164,0.2549982069827193
243,SLV,LSTM,2022-01-01,2024-01-01,44,0.9876718086300044,0.9678057396273152,0.95190070265189,0.9584450620611192,0.2651455824764046
244,SLV,LSTM,2022-01-01,2024-01-01,45,0.5837247662264358,0.6358113582663609,0.7287663945144746,0.7279418626874212,0.3978250651540954
245,SLV,LSTM,2022-01-01,2024-01-01,46,0.5308502201805795,0.3630102448466896,0.3216110071876491,0.2501672283605483,0.2817233005749481
246,SLV,LSTM,2022-01-01,2024-01-01,47,0.745322747465891,0.7252708882249267,0.6557231351568611,0.6111455420798594,0.3000699436302442
247,SLV,LSTM,2022-01-01,2024-01-01,48,0.4577160328588698,0.3762505266061441,0.3434370615642735,0.3412811981608833,0.297320532237964
248,SLV,LSTM,2022-01-01,2024-01-01,49,0.8091095320887239,0.5376338149124427,0.2797691114505203,0.4803808666211742,0.2625025272851333
249,SLV,LSTM,2022-01-01,2024-01-01,50,0.7503319544006252,0.6362423974327408,0.6790721656113615,0.6224391294301311,0.2514736920986726
250,SLV,LSTM,2022-09-01,2024-09-01,1,0.890085781785624,1.1324365670700596,1.1701430489932352,0.855029216827806,0.2531265198076278
251,SLV,LSTM,2022-09-01,2024-09-01,2,0.6708298751223878,0.7550588637478074,0.6360104654486974,0.6884238057881737,0.2362293928571872
252,SLV,LSTM,2022-09-01,2024-09-01,3,1.2722890712172403,1.4044775989322846,1.1804678214181608,1.1475743294444598,0.3236382603437822
253,SLV,LSTM,2022-09-01,2024-09-01,4,1.6144594539507358,1.3753411968916691,1.3316161611989024,1.147818332852417,0.2235559794562706
254,SLV,LSTM,2022-09-01,2024-09-01,5,1.120498866977101,1.142225059922516,1.0739421664410624,1.038439402772005,0.2956977276305678
255,SLV,LSTM,2022-09-01,2024-09-01,6,0.6639624545166835,0.6574539411542238,0.5647451079447141,0.5607854329522847,0.2399734255686846
256,SLV,LSTM,2022-09-01,2024-09-01,7,0.7954185816628968,0.850829700515444,0.7392363732448584,0.728854596616278,0.2359606675144278
257,SLV,LSTM,2022-09-01,2024-09-01,8,0.9691797983775776,1.0121737707819516,0.8925695995640234,0.8942266828486943,0.226637614057344
258,SLV,LSTM,2022-09-01,2024-09-01,9,0.8529208188881917,0.8920244706077601,0.7735046176821067,0.8052156196773117,0.3884878684747601
259,SLV,LSTM,2022-09-01,2024-09-01,10,0.6207552313892164,0.6850420540343178,0.5774841105860975,0.6594705542244355,0.2284199616517957
260,SLV,LSTM,2022-09-01,2024-09-01,11,0.3813831612165269,0.3933047615572197,0.3589081860644532,0.3470288713334652,0.34019355904508
261,SLV,LSTM,2022-09-01,2024-09-01,12,1.7510366017018284,2.086709000488121,1.7005786981555204,1.750070639662734,0.3463227751945472
262,SLV,LSTM,2022-09-01,2024-09-01,13,0.810384411051181,0.7552171458066815,0.6856578008122761,0.708379634986563,0.2342276969891055
263,SLV,LSTM,2022-09-01,2024-09-01,14,1.0951801762946185,1.2329534007065268,1.2826485644756735,1.0571349686324645,0.2309690673819751
264,SLV,LSTM,2022-09-01,2024-09-01,15,1.1811600715713089,1.2626303686605096,1.343906079990932,1.0099493895114335,0.2299103107546187
265,SLV,LSTM,2022-09-01,2024-09-01,16,0.4576037287911157,0.5018844267849613,0.4379534529966153,0.4373908101449976,0.2425812762634434
266,SLV,LSTM,2022-09-01,2024-09-01,17,1.939594323505616,1.889062408914003,1.9703416164687368,1.8250365229416232,0.345119837640674
267,SLV,LSTM,2022-09-01,2024-09-01,18,0.8971442128152562,1.015753341842309,0.935304497824315,0.8953506482638632,0.4154742775568247
268,SLV,LSTM,2022-09-01,2024-09-01,19,1.3855990988512874,1.468056068593211,1.3552688058229314,1.1471448177835577,0.3661141983686537
269,SLV,LSTM,2022-09-01,2024-09-01,20,0.6942277942220684,0.7657334850355629,0.7923994448247091,0.688141055993639,0.430203000583318
270,SLV,LSTM,2022-09-01,2024-09-01,21,1.2806473923438886,0.7585764762093365,0.314711506216177,0.6448297965105435,0.2254531760364569
271,SLV,LSTM,2022-09-01,2024-09-01,22,1.608027465542302,1.711058038057601,1.6608139761851828,1.5970346408646394,0.2460289773682201
272,SLV,LSTM,2022-09-01,2024-09-01,23,0.910526722173544,0.8544420861178419,0.7337100489071571,0.797447703804091,0.5756990103489292
273,SLV,LSTM,2022-09-01,2024-09-01,24,1.4405492475707506,1.4809629765972598,1.1184412141758586,1.099372255952291,0.2753746932107113
274,SLV,LSTM,2022-09-01,2024-09-01,25,0.6648890139768625,0.7358105356055213,0.8938142510063158,0.6427051286646918,0.2580034220551839
275,SLV,LSTM,2022-09-01,2024-09-01,26,1.5476658903311111,1.6777361293476136,1.490362100083862,1.4823788798886908,0.240836918618335
276,SLV,LSTM,2022-09-01,2024-09-01,27,0.8727011415831242,0.7747126543055357,0.7638387752996756,0.6289114489670197,0.4290791413266107
277,SLV,LSTM,2022-09-01,2024-09-01,28,0.8102661844877201,0.8006961389595314,0.7491130478234601,0.7079079896865014,0.2576878561706759
278,SLV,LSTM,2022-09-01,2024-09-01,29,2.646522750350204,2.5131154636123765,2.0668058099155298,2.61646193162628,0.4728085734278695
279,SLV,LSTM,2022-09-01,2024-09-01,30,1.3525039128989935,1.4339753274540454,1.3626298190611663,1.3138576355416596,0.2338303782326524
280,SLV,LSTM,2022-09-01,2024-09-01,31,0.8520587144991716,0.9122874348931078,0.7633217214452116,0.7373638485406772,0.3011879529420487
281,SLV,LSTM,2022-09-01,2024-09-01,32,0.6034483837397956,0.6726356492858712,0.5872003074630205,0.5995561582533072,0.2411052493861506
282,SLV,LSTM,2022-09-01,2024-09-01,33,0.5717879789482836,0.5379520812835537,0.6124912818007676,0.5481133436807292,0.3557177262103567
283,SLV,LSTM,2022-09-01,2024-09-01,34,0.7093183162270562,0.7827545683613231,0.7430053155442656,0.6904909134855144,0.2228404135631859
284,SLV,LSTM,2022-09-01,2024-09-01,35,0.8892027084181482,1.0071638304583983,1.0420117596419671,1.0456769204766936,0.2379541102709338
285,SLV,LSTM,2022-09-01,2024-09-01,36,0.4913068593533171,0.5021575381770681,0.5176620960492138,0.4610102134999533,0.2420238059690531
286,SLV,LSTM,2022-09-01,2024-09-01,37,1.144738959794101,1.285361673842392,1.1404196915454448,1.0308522862562768,0.3443447501602764
287,SLV,LSTM,2022-09-01,2024-09-01,38,0.7620659861409241,0.96885035663523,0.9553552670793144,0.7862416390937048,0.2315594372770462
288,SLV,LSTM,2022-09-01,2024-09-01,39,0.7371366895737284,0.689147720280256,0.6746662133010981,0.5798448148222332,0.6580999848463562
289,SLV,LSTM,2022-09-01,2024-09-01,40,0.6483191396883927,1.1707604280156243,1.187953544238029,0.7762198892877253,0.5660009387030304
290,SLV,LSTM,2022-09-01,2024-09-01,41,1.762943908394447,1.8443721020499249,1.802371048416584,1.7978511128500188,0.2624395035502099
291,SLV,LSTM,2022-09-01,2024-09-01,42,1.1870818659334077,1.2536047698512318,1.2755773577269938,1.1607545403857131,0.3709751200587148
292,SLV,LSTM,2022-09-01,2024-09-01,43,0.7770953144214986,0.8244735667413042,0.6226920086043434,0.694343552357329,0.3076091898282159
293,SLV,LSTM,2022-09-01,2024-09-01,44,0.7881142049365492,0.9057717513415104,0.88568721076501,0.7619139207805482,0.3394682443765915
294,SLV,LSTM,2022-09-01,2024-09-01,45,0.843201094029872,0.9684337730163184,0.8324407543255828,0.8091600575598524,0.7367343209512809
295,SLV,LSTM,2022-09-01,2024-09-01,46,1.3676379388078446,1.5420052868425205,1.5846809555516237,1.8020403450922104,0.2450004503492008
296,SLV,LSTM,2022-09-01,2024-09-01,47,1.4767872511866151,1.6523449897501203,1.375083553794484,1.295998568261669,0.23302048305306
297,SLV,LSTM,2022-09-01,2024-09-01,48,0.6273620478646446,0.6926235561425902,0.6123462856102464,0.7118948741151013,0.2732043623128435
298,SLV,LSTM,2022-09-01,2024-09-01,49,1.293717163769923,1.3515514330020433,1.3082487479049243,1.2406055334924158,0.54091961009622
299,SLV,LSTM,2022-09-01,2024-09-01,50,3.114553644156369,3.256698698937884,3.966163048562815,3.3668344641357435,0.2230607193324331
300,SLV,LSTM,2023-05-01,2025-05-01,1,0.78045513737148,0.9349365312893648,0.8165618749153403,0.7586790619017366,0.2058936453950363
301,SLV,LSTM,2023-05-01,2025-05-01,2,0.4105775081083019,0.3854647540327938,0.3394554880243334,0.3326200647623215,0.2074596633658653
302,SLV,LSTM,2023-05-01,2025-05-01,3,0.864954307392906,0.9447780686848424,0.8756736678375338,0.8728997111833633,0.2173765531160077
303,SLV,LSTM,2023-05-01,2025-05-01,4,0.3216743857143163,0.3855004263798433,0.3550792581583282,0.4140266319073852,0.211553059102487
304,SLV,LSTM,2023-05-01,2025-05-01,5,1.009784477568621,1.1676731968993177,0.9263490303612034,0.9642113674386036,0.2442431470304779
305,SLV,LSTM,2023-05-01,2025-05-01,6,1.0197769278815498,1.333829470296006,1.1289162488774682,1.1331285211563111,0.200941931740479
306,SLV,LSTM,2023-05-01,2025-05-01,7,0.2972133028757678,0.3603263946911645,0.3627625738053071,0.335880079475059,0.1981907841373161
307,SLV,LSTM,2023-05-01,2025-05-01,8,1.34939948878446,1.6410657376331812,1.2841239946497631,1.3006546192174069,0.2378338429110212
308,SLV,LSTM,2023-05-01,2025-05-01,9,0.271941795397378,0.2998276470476778,0.2897835014372561,0.289599213481773,0.241900349496771
309,SLV,LSTM,2023-05-01,2025-05-01,10,0.72599169328772,0.780997628292232,0.5962835497423735,0.680471454714254,0.2229655423615445
310,SLV,LSTM,2023-05-01,2025-05-01,11,1.5909805557554937,1.7319066543941684,1.4788644539103877,1.4643375327631791,0.2581666611950737
311,SLV,LSTM,2023-05-01,2025-05-01,12,1.114956286706719,1.4264149494890288,1.005494493343378,1.1686343725779134,0.3163869855891145
312,SLV,LSTM,2023-05-01,2025-05-01,13,0.2541052564319426,0.2704015510649565,0.374307291208007,0.3807417305526409,0.2185316034727724
313,SLV,LSTM,2023-05-01,2025-05-01,14,0.3196000719034326,0.2819505224014793,0.2616687563620929,0.2625270804069119,0.2120752262913513
314,SLV,LSTM,2023-05-01,2025-05-01,15,0.3431916180692878,0.4035388230489138,0.3611275265716789,0.3626100994372009,0.1980565890499162
315,SLV,LSTM,2023-05-01,2025-05-01,16,0.4722854894535231,0.655906093860993,0.5005308751854235,0.5706589362310012,0.2826246413008398
316,SLV,LSTM,2023-05-01,2025-05-01,17,0.7681423756457673,0.7857281481013388,0.7606752271511577,0.6719223436159382,0.2452072438679589
317,SLV,LSTM,2023-05-01,2025-05-01,18,0.9748266080694892,1.0581978255217146,0.8916333418539246,0.9853127518105584,0.1984420751551685
318,SLV,LSTM,2023-05-01,2025-05-01,19,0.254691813823764,0.2692293563193788,0.2705518761341578,0.2805061348436775,0.2064309863055477
319,SLV,LSTM,2023-05-01,2025-05-01,20,0.2503315919058381,0.2917902391488363,0.3106513725391808,0.2916443645959288,0.2130635260424568
320,SLV,LSTM,2023-05-01,2025-05-01,21,0.7991840605473667,0.9696238734222472,0.8835254561211874,0.8776142032190914,0.257707308157596
321,SLV,LSTM,2023-05-01,2025-05-01,22,0.9463592533545986,0.980400629178996,0.7509947108360561,0.7983980179883376,0.2368159327299499
322,SLV,LSTM,2023-05-01,2025-05-01,23,0.4678770320310996,0.6731263873709569,0.4443810026528974,0.5837602293657915,0.2484870355598462
323,SLV,LSTM,2023-05-01,2025-05-01,24,0.644526740353827,0.7169516364936704,0.5481210584629361,0.6089094239964118,0.2773908719511062
324,SLV,LSTM,2023-05-01,2025-05-01,25,0.8710363888397319,0.6826556871921202,0.3642398643778297,0.6477950901661647,0.2040920942551986
325,SLV,LSTM,2023-05-01,2025-05-01,26,0.2697768068297907,0.3208944684746593,0.2818260108376504,0.2874116757051247,0.2634177876090559
326,SLV,LSTM,2023-05-01,2025-05-01,27,1.3290199163884162,1.6710362771084837,1.3815503914765246,1.4488510965413293,0.2116671976425439
327,SLV,LSTM,2023-05-01,2025-05-01,28,0.4343402830507664,0.5004608244308839,0.4262835321564382,0.4427452415547167,0.2755582535515729
328,SLV,LSTM,2023-05-01,2025-05-01,29,1.938244871726674,2.255191525516187,1.5984311644040297,2.1707431634719407,0.2230534896210679
329,SLV,LSTM,2023-05-01,2025-05-01,30,1.0590479920074545,1.1442785885319957,0.9504300977246356,0.9771210608466524,0.2002232570192502
330,SLV,LSTM,2023-05-01,2025-05-01,31,0.5467516224419806,0.6256844460134161,0.682971641728422,0.6654248972726919,0.2115399352326076
331,SLV,LSTM,2023-05-01,2025-05-01,32,0.6859410297450811,0.777357579082781,0.6140051741973643,0.6526612391588276,0.2752422466706752
332,SLV,LSTM,2023-05-01,2025-05-01,33,0.8746365179385428,0.6876583534261111,0.602657639960974,0.7367301014651667,0.2762808937282771
333,SLV,LSTM,2023-05-01,2025-05-01,34,0.3108889530060437,0.3431035735715394,0.2721626780685741,0.2721084823850618,0.2028565718745203
334,SLV,LSTM,2023-05-01,2025-05-01,35,0.3278055505821322,0.3157170727425383,0.2833514430988721,0.3925473163455851,0.2145336087448182
335,SLV,LSTM,2023-05-01,2025-05-01,36,0.2541276477392594,0.2788933197757552,0.2665640493793464,0.2676645362910918,0.2100999050341863
336,SLV,LSTM,2023-05-01,2025-05-01,37,0.3183968417427936,0.3325093545953581,0.3324813144239307,0.2783467593018845,0.1989670739422012
337,SLV,LSTM,2023-05-01,2025-05-01,38,0.5752945257108204,0.6380537058847664,0.5133922545297577,0.5434990350832308,0.2738214389676681
338,SLV,LSTM,2023-05-01,2025-05-01,39,1.370132038895303,1.526334140770289,1.2288723099495316,1.2834187921532532,0.1990056595628005
339,SLV,LSTM,2023-05-01,2025-05-01,40,0.2688078903573973,0.310320483112697,0.3366822217581716,0.2953115767076031,0.1983911548681623
340,SLV,LSTM,2023-05-01,2025-05-01,41,2.1357075347337235,2.340373494524836,1.843520171845241,2.028973684471955,0.4650863850401997
341,SLV,LSTM,2023-05-01,2025-05-01,42,0.8103798482574915,0.9007220203455276,0.7700322630065958,0.810473303453118,0.24348282900966
342,SLV,LSTM,2023-05-01,2025-05-01,43,0.8785308129444914,1.0279885710442802,0.7838476037811261,0.7725814977470185,0.1990477388707934
343,SLV,LSTM,2023-05-01,2025-05-01,44,0.3460682629268609,0.5190229340474198,0.4628612400263538,0.4114375896127116,0.2309358018945332
344,SLV,LSTM,2023-05-01,2025-05-01,45,0.5293417346407921,0.6994118720570643,0.65128198996406,0.6370460209131757,0.2449125174954035
345,SLV,LSTM,2023-05-01,2025-05-01,46,1.256496484348972,1.4800702124154597,1.547676008700015,1.851175955843652,0.1976602306207603
346,SLV,LSTM,2023-05-01,2025-05-01,47,0.2715397981731244,0.3010477927406978,0.2768804912019096,0.2749122571494838,0.2087794019290565
347,SLV,LSTM,2023-05-01,2025-05-01,48,0.6352644566577792,0.9157617580622152,0.8268066041177548,0.7900146105415532,0.2268588698234728
348,SLV,LSTM,2023-05-01,2025-05-01,49,0.5231060333360733,0.5365031945650879,0.5014843697411776,0.4927718273625341,0.2075168719884526
349,SLV,LSTM,2023-05-01,2025-05-01,50,0.2567545253141307,0.2949525982404573,0.347889169441692,0.3274051489100302,0.2528253965475259
350,SLV,LSTM,2024-01-01,2026-01-01,1,0.6946321962656096,0.7187858964756739,0.6777113612590461,0.6205120676870078,0.4735708578631276
351,SLV,LSTM,2024-01-01,2026-01-01,2,0.6054523557269942,0.6302253639713206,0.6116067957707232,0.6118126208758423,0.3637389174673625
352,SLV,LSTM,2024-01-01,2026-01-01,3,0.1279815303789191,0.1205646688614311,0.1309045298880586,0.1287486559840232,0.213790877534435
353,SLV,LSTM,2024-01-01,2026-01-01,4,0.8657274347913624,0.8596013524607109,0.9297287099635552,0.8443249080461608,0.3153270193058176
354,SLV,LSTM,2024-01-01,2026-01-01,5,0.580739036351536,0.5487291886243555,0.5434996189485959,0.5502385336960558,0.2874643868196008
355,SLV,LSTM,2024-01-01,2026-01-01,6,0.4398567881044308,0.4355271504343058,0.3610336690985996,0.3086018895019298,0.3815359364201248
356,SLV,LSTM,2024-01-01,2026-01-01,7,0.41621336488534,0.4214409939024131,0.4055571801280447,0.3830129802170174,0.2974773223667761
357,SLV,LSTM,2024-01-01,2026-01-01,8,0.5326157537372466,0.5239895555862343,0.582899711020094,0.5311826745448895,0.3541510361485767
358,SLV,LSTM,2024-01-01,2026-01-01,9,0.5843395386108958,0.5764148846845387,0.5625980990549401,0.5610881753503574,0.3284692338367859
359,SLV,LSTM,2024-01-01,2026-01-01,10,0.2794180412052195,0.2918387804993462,0.2953313247370365,0.265171789844157,0.3406334505944917
360,SLV,LSTM,2024-01-01,2026-01-01,11,0.3223781802664116,0.3423746690603935,0.3383296689342788,0.334862062120331,0.2436669615474711
361,SLV,LSTM,2024-01-01,2026-01-01,12,0.5810339309379818,0.639438265623677,0.6104282535492531,0.6084013265638976,0.2908179833746763
362,SLV,LSTM,2024-01-01,2026-01-01,13,0.5058579810434974,0.5325772459601512,0.4948598868009439,0.4540015473983198,0.316821237272323
363,SLV,LSTM,2024-01-01,2026-01-01,14,0.1152150049514464,0.111045716663543,0.1451543671235641,0.1180305172346602,0.2504734048075956
364,SLV,LSTM,2024-01-01,2026-01-01,15,0.3960595607111499,0.4169198830033237,0.4189294343727642,0.3965374587005287,0.2987698900132748
365,SLV,LSTM,2024-01-01,2026-01-01,16,0.1447329654584546,0.1563685091131266,0.1561696959770637,0.1777010398976173,0.208573979405675
366,SLV,LSTM,2024-01-01,2026-01-01,17,0.4007444933021024,0.4244614925386669,0.4066292302247725,0.3881776163394357,0.3013063276318736
367,SLV,LSTM,2024-01-01,2026-01-01,18,0.2232478366127254,0.2249680443487892,0.2338589637946234,0.2185392806764781,0.2202064143196059
368,SLV,LSTM,2024-01-01,2026-01-01,19,0.3899326447849262,0.4035540306344964,0.4296064816542441,0.3976236739178519,0.2614705996841451
369,SLV,LSTM,2024-01-01,2026-01-01,20,0.6848517193322058,0.673890863088182,0.6661896734676669,0.6438580613410335,0.3636771391758215
370,SLV,LSTM,2024-01-01,2026-01-01,21,1.0150493401990708,0.9503129239423233,0.9747320571305882,0.9455697959049096,0.3828136504599822
371,SLV,LSTM,2024-01-01,2026-01-01,22,0.6512984301124768,0.6298238555852428,0.618181234156312,0.6028706193441662,0.2639005559561689
372,SLV,LSTM,2024-01-01,2026-01-01,23,0.8235375387653829,0.7682933158033662,0.7696684986433852,0.6913347626606056,0.2851281741905668
373,SLV,LSTM,2024-01-01,2026-01-01,24,0.1355153738768995,0.1277563195996458,0.1202262320503006,0.1238617493155269,0.2782347667980338
374,SLV,LSTM,2024-01-01,2026-01-01,25,0.456166448731661,0.4794068589444096,0.5794712134125154,0.4725976083352741,0.3410561301115882
375,SLV,LSTM,2024-01-01,2026-01-01,26,0.3270015857654797,0.36637286081515,0.3134861196105694,0.3211878869991952,0.2715855967101245
376,SLV,LSTM,2024-01-01,2026-01-01,27,0.807436728407133,0.7837204755344391,0.7978757796710616,0.7571338751117387,0.3100330820941389
377,SLV,LSTM,2024-01-01,2026-01-01,28,0.7634741485756059,0.7762471833263943,0.770658058276899,0.751770177585914,0.3493897146190516
378,SLV,LSTM,2024-01-01,2026-01-01,29,0.1291930916140007,0.0999840373929502,0.0973082031842867,0.1410805099006793,0.2975975268530003
379,SLV,LSTM,2024-01-01,2026-01-01,30,0.8384406821429258,0.8602482077553152,0.8878666027300494,0.8246835852254065,0.2902194713698304
380,SLV,LSTM,2024-01-01,2026-01-01,31,0.7972156787801883,0.7586826191678726,0.7835529599011118,0.7771651711613744,0.3825001258420809
381,SLV,LSTM,2024-01-01,2026-01-01,32,0.4563504415852504,0.442282851801974,0.430703836684895,0.4195309565683056,0.3357069971389981
382,SLV,LSTM,2024-01-01,2026-01-01,33,0.8938440581787758,0.8612351811094672,0.9006391179019936,0.8560399992984457,0.3641315817135722
383,SLV,LSTM,2024-01-01,2026-01-01,34,0.2981093554140397,0.3068571201860302,0.2866086680553375,0.3211118679188611,0.3214861678363082
384,SLV,LSTM,2024-01-01,2026-01-01,35,0.2198109815435907,0.2677029381891781,0.314707898798005,0.2573613903649019,0.2566010830156926
385,SLV,LSTM,2024-01-01,2026-01-01,36,0.3980276247592713,0.4074782944289077,0.3772648062385544,0.3784086361485225,0.3097936624038909
386,SLV,LSTM,2024-01-01,2026-01-01,37,0.8997953503141224,0.9101673397272028,0.9266148568373948,0.8697005686634468,0.3550353998329561
387,SLV,LSTM,2024-01-01,2026-01-01,38,0.7880789212275175,0.7812300427714525,0.7436064869345033,0.7450464812781282,0.3912126252404443
388,SLV,LSTM,2024-01-01,2026-01-01,39,0.103217822358231,0.1217057250678606,0.1017935976522728,0.15022463973732,0.2512493115942755
389,SLV,LSTM,2024-01-01,2026-01-01,40,0.1236751522391007,0.1355533783771826,0.1123388827847475,0.1294854554722161,0.2349081958287601
390,SLV,LSTM,2024-01-01,2026-01-01,41,0.4772172442312838,0.5261811323986466,0.5381312201549666,0.4868519499746824,0.3700115568954925
391,SLV,LSTM,2024-01-01,2026-01-01,42,0.249317476603261,0.2801274366953034,0.2854946287400289,0.2592327483115736,0.3043790647965151
392,SLV,LSTM,2024-01-01,2026-01-01,43,0.5389509655814928,0.5880842586998715,0.5384645898777887,0.5426168889711107,0.3778254730746183
393,SLV,LSTM,2024-01-01,2026-01-01,44,0.320092351248072,0.3579827856479923,0.4022370605479079,0.3255389881071253,0.2766048763906557
394,SLV,LSTM,2024-01-01,2026-01-01,45,0.1546450125716301,0.1576063030217073,0.1533466992181932,0.1464757128716737,0.2181202938950412
395,SLV,LSTM,2024-01-01,2026-01-01,46,0.6962446783280324,0.7113487359025175,0.7171723340573506,0.6714151966086657,0.4364064186649368
396,SLV,LSTM,2024-01-01,2026-01-01,47,0.6172193945665474,0.6115557050428593,0.6335485317228661,0.5861611690601878,0.3322553756063595
397,SLV,LSTM,2024-01-01,2026-01-01,48,0.1510469670088951,0.1692962774023814,0.159112110048666,0.1312006396591258,0.238311838183536
398,SLV,LSTM,2024-01-01,2026-01-01,49,0.4110799119948198,0.2517160000717481,0.4240127939464143,0.3888179051185196,0.2294623966552616
399,SLV,LSTM,2024-01-01,2026-01-01,50,0.737519395158017,0.6898431304964587,0.6763933927731465,0.6445503788467641,0.3256439159343845
400,MSFT,LSTM,2022-01-01,2024-01-01,1,0.5712870437675961,0.2452796856514597,0.5615875211656086,0.408368293313803,0.1942373283298578
401,MSFT,LSTM,2022-01-01,2024-01-01,2,9.227167908517671,8.801593577682407,8.25574107996533,9.211987040216872,0.3450932682388077
402,MSFT,LSTM,2022-01-01,2024-01-01,3,5.659868465366922,6.756139837965035,6.9481538547645325,6.268991587128527,0.2057607448358989
403,MSFT,LSTM,2022-01-01,2024-01-01,4,2.4756460521946053,2.8326168884916414,2.7044504299129666,2.5306912948624425,0.2210536868188827
404,MSFT,LSTM,2022-01-01,2024-01-01,5,1.9242616729716249,2.636460507960486,2.3709303912417434,2.2854604442333084,0.2078523016595967
405,MSFT,LSTM,2022-01-01,2024-01-01,6,5.607200460633287,5.643061739770465,5.165409866202273,5.62552658650001,0.1966892856223188
406,MSFT,LSTM,2022-01-01,2024-01-01,7,4.591552054791702,3.34157310439958,2.7227868570240044,3.157487601688306,0.2306255189020758
407,MSFT,LSTM,2022-01-01,2024-01-01,8,0.7209386021275526,0.9341055885811744,1.4117720143563053,1.0339342819641937,0.196159977681998
408,MSFT,LSTM,2022-01-01,2024-01-01,9,1.9241559966184216,2.302481653940332,2.1007173937375505,2.058086530927015,0.1926563428982644
409,MSFT,LSTM,2022-01-01,2024-01-01,10,2.125093081647686,2.505602033114932,2.914045511911548,2.358988906684077,0.1952000270303821
410,MSFT,LSTM,2022-01-01,2024-01-01,11,3.134180974785824,3.967241332351864,3.9622739011880506,3.6469501371445774,0.1978236182370783
411,MSFT,LSTM,2022-01-01,2024-01-01,12,1.8669177205685623,2.069008910008996,1.7016314324674118,2.09602590471211,0.2148229950819589
412,MSFT,LSTM,2022-01-01,2024-01-01,13,1.4828373202962872,1.3398184799361357,1.6722944762906835,1.2360846718807053,0.2017850754469026
413,MSFT,LSTM,2022-01-01,2024-01-01,14,1.568195841429504,0.7527791170175396,0.5037758030778835,0.7070934702438161,0.2274575836597098
414,MSFT,LSTM,2022-01-01,2024-01-01,15,4.110762570170871,4.586964363748776,3.9458113239721815,3.791778353928764,0.2113803154726388
415,MSFT,LSTM,2022-01-01,2024-01-01,16,4.420415600889105,4.895954658382271,4.913553944398718,4.367120363611382,0.2090481656605867
416,MSFT,LSTM,2022-01-01,2024-01-01,17,4.279992673285807,4.88051674456243,5.019047102900186,4.555987806954873,0.2025581411414778
417,MSFT,LSTM,2022-01-01,2024-01-01,18,2.620863000992328,2.8665383412202035,2.9696718405617486,2.5914133856263124,0.2011591174920598
418,MSFT,LSTM,2022-01-01,2024-01-01,19,0.8145530996157402,0.8454801654415024,0.562024167862311,0.6791956360021509,0.1958124680838821
419,MSFT,LSTM,2022-01-01,2024-01-01,20,0.4775920669087449,0.3162208031318694,0.3227584254226686,0.2956355037298029,0.1961370703041657
420,MSFT,LSTM,2022-01-01,2024-01-01,21,0.216793862060642,0.2493489402100594,0.4212237244180099,0.2004392651781273,0.1933783608726503
421,MSFT,LSTM,2022-01-01,2024-01-01,22,9.006220564369993,8.934800907433917,5.324663266484512,7.941782960778286,0.2276135753638157
422,MSFT,LSTM,2022-01-01,2024-01-01,23,1.6389786762528655,0.6198378954916817,1.7031918024762105,1.3608920801334157,0.2186258868033919
423,MSFT,LSTM,2022-01-01,2024-01-01,24,1.039581398378691,1.86828127439382,2.268662095632419,1.7086720011650731,0.2378311115801037
424,MSFT,LSTM,2022-01-01,2024-01-01,25,1.3515642408359858,1.932842986690928,2.235543243525524,1.6337508564795276,0.2197624159546929
425,MSFT,LSTM,2022-01-01,2024-01-01,26,0.2240937866933784,0.2867661600179251,0.254470296473828,0.260557024095661,0.1939050229825333
426,MSFT,LSTM,2022-01-01,2024-01-01,27,5.509487589810586,7.507026157177234,7.391196031923762,7.281016695109272,0.195213342456709
427,MSFT,LSTM,2022-01-01,2024-01-01,28,1.671189135290008,2.0512297819037264,2.2550568205298407,2.085166616406376,0.1985777994525819
428,MSFT,LSTM,2022-01-01,2024-01-01,29,0.2862574954007496,0.4505256854510177,0.698336616387846,0.2412999684473538,0.2910626420998459
429,MSFT,LSTM,2022-01-01,2024-01-01,30,4.162530583179673,4.1907813697022895,4.574355884997936,4.144626641462147,0.2577086435194216
430,MSFT,LSTM,2022-01-01,2024-01-01,31,3.757213276851087,4.314438143110227,4.274116577393814,3.5849385809314294,0.2061604891565805
431,MSFT,LSTM,2022-01-01,2024-01-01,32,2.7097499146589605,2.870655399284095,2.951966947789573,2.8611994868707145,0.2101084898358653
432,MSFT,LSTM,2022-01-01,2024-01-01,33,2.126472654667724,2.512407578437436,2.391228785539591,2.2527243961114136,0.2033375652592578
433,MSFT,LSTM,2022-01-01,2024-01-01,34,1.068408099167098,1.5562804005603144,1.620456725611868,1.4690180474583474,0.1992392741040565
434,MSFT,LSTM,2022-01-01,2024-01-01,35,2.434894792138241,2.916052568194291,2.821114521991165,2.4375531364471525,0.2051503636829202
435,MSFT,LSTM,2022-01-01,2024-01-01,36,2.781115985896453,4.037576321656345,3.408006577511926,2.9410958346157425,0.2104206681387761
436,MSFT,LSTM,2022-01-01,2024-01-01,37,4.329042880347427,5.616502025589926,5.028846282871212,5.01038887780336,0.2159963701820293
437,MSFT,LSTM,2022-01-01,2024-01-01,38,3.3099819381022657,3.683048776310066,3.5959713234950352,3.3131378847197683,0.2462086097884159
438,MSFT,LSTM,2022-01-01,2024-01-01,39,2.043917165105891,2.571625831419408,2.5148538275667383,2.474303668835423,0.250027405367746
439,MSFT,LSTM,2022-01-01,2024-01-01,40,3.803516396436305,4.482721737759611,4.436615140018983,4.032240604018727,0.2206201802690563
440,MSFT,LSTM,2022-01-01,2024-01-01,41,1.2719887827061973,1.7653327434308697,1.4220785240313143,1.3373661833244397,0.195352511016969
441,MSFT,LSTM,2022-01-01,2024-01-01,42,1.7784553360075517,1.793879940290375,2.0588998718097087,1.9499930605613969,0.2482023872809258
442,MSFT,LSTM,2022-01-01,2024-01-01,43,4.316367225681015,4.943601645817104,5.213502121311154,4.496121517790733,0.2739231804989509
443,MSFT,LSTM,2022-01-01,2024-01-01,44,1.056612730497754,1.2136937957301988,1.2082776700380198,1.114717494198821,0.2146462022282293
444,MSFT,LSTM,2022-01-01,2024-01-01,45,4.068599266377668,4.202943318104299,4.836007123408024,3.8988909600179777,0.2895864964286102
445,MSFT,LSTM,2022-01-01,2024-01-01,46,0.7191219972379901,0.3310183977176835,0.3686914617979547,0.3967228085028562,0.213005217500103
446,MSFT,LSTM,2022-01-01,2024-01-01,47,1.438489574367243,1.5192590878486472,1.7815509054402705,1.0563636522881714,0.1948061348654163
447,MSFT,LSTM,2022-01-01,2024-01-01,48,0.7704993430978825,1.3857088611377888,1.197226533148214,1.4534399957631374,0.2200527675711123
448,MSFT,LSTM,2022-01-01,2024-01-01,49,3.0384631025759345,3.5905245155907464,2.116106533047692,2.7945708592768432,0.2032673279347491
449,MSFT,LSTM,2022-01-01,2024-01-01,50,2.626055629397764,2.9015058272192498,2.951448600015152,2.61650250567594,0.1999704348086256
450,MSFT,LSTM,2022-09-01,2024-09-01,1,0.2204476725303948,0.2422735724220409,0.2774646312819254,0.2822134896250043,0.2964844685863091
451,MSFT,LSTM,2022-09-01,2024-09-01,2,0.5359712839743488,0.5399217195211051,0.4933691545342836,0.6331037887114618,0.2821979860960918
452,MSFT,LSTM,2022-09-01,2024-09-01,3,0.4931059647506467,0.5912403712382115,0.5815853372335281,0.6604109671349965,0.3272173934705351
453,MSFT,LSTM,2022-09-01,2024-09-01,4,0.8712726021627769,0.996190414535282,0.7748936913831438,1.0245118206317487,0.2754317255935181
454,MSFT,LSTM,2022-09-01,2024-09-01,5,0.6838818758289525,0.9821792360540852,0.8943225500220666,0.9138944968697064,0.2944902757305904
455,MSFT,LSTM,2022-09-01,2024-09-01,6,0.3128890392631593,0.3073988925454847,0.2588608634257555,0.3080298422732816,0.2756942192647862
456,MSFT,LSTM,2022-09-01,2024-09-01,7,0.3467908026001679,0.3671004020430745,0.3543929155980985,0.3736213073916896,0.2748401899312301
457,MSFT,LSTM,2022-09-01,2024-09-01,8,0.4846323982384715,0.5288646007339995,0.4112520115846046,0.5317474480003053,0.305358829204374
458,MSFT,LSTM,2022-09-01,2024-09-01,9,0.6119265141380383,0.6916338677533093,0.5996350062076734,0.7153834476718012,0.2830487840056099
459,MSFT,LSTM,2022-09-01,2024-09-01,10,0.9504510320352392,1.2647578420065595,0.9918336511193612,1.1928708682150588,0.2663877552887311
460,MSFT,LSTM,2022-09-01,2024-09-01,11,0.3267847930764194,0.390378812372145,0.305795668869185,0.410606545867961,0.366488181877341
461,MSFT,LSTM,2022-09-01,2024-09-01,12,0.3036292481115368,0.2042146764469762,0.2449194421165393,0.2493003062942433,0.2818236965958436
462,MSFT,LSTM,2022-09-01,2024-09-01,13,0.2307614691325931,0.2786296938284201,0.2215351347850847,0.3481709085482125,0.2975255427469937
463,MSFT,LSTM,2022-09-01,2024-09-01,14,0.207495889361189,0.2190758583349393,0.2262998442570087,0.4254615839472344,0.2674533241947776
464,MSFT,LSTM,2022-09-01,2024-09-01,15,0.5820770862017607,0.7096890581672247,0.6003744995274902,0.7306630061349809,0.3159265169159859
465,MSFT,LSTM,2022-09-01,2024-09-01,16,0.4960505700464305,0.4954050724242693,0.3997245515255858,0.5191668124642681,0.3489745915426411
466,MSFT,LSTM,2022-09-01,2024-09-01,17,0.2605274552222518,0.259360042986534,0.2860149282234158,0.2511328179074616,0.2666248115138009
467,MSFT,LSTM,2022-09-01,2024-09-01,18,0.7977547908384487,0.9091389036458132,0.8035985129411847,0.9572968559499522,0.2700180209725449
468,MSFT,LSTM,2022-09-01,2024-09-01,19,1.1936807044417477,1.2439534335446387,1.1414985935559758,1.229418815511938,0.2912149915447803
469,MSFT,LSTM,2022-09-01,2024-09-01,20,0.5461939792099455,0.6076908336108161,0.559941743127225,0.6024388300033284,0.2874146283770122
470,MSFT,LSTM,2022-09-01,2024-09-01,21,0.9825888354673354,1.2403100659860649,1.0134673019160556,1.1057690469780108,0.2583642415116651
471,MSFT,LSTM,2022-09-01,2024-09-01,22,1.60952184744781,1.806098812841881,1.4893108397392267,1.843387213768665,0.3101350446104248
472,MSFT,LSTM,2022-09-01,2024-09-01,23,0.3978801287715201,0.7219154054907118,0.3508928062379023,0.604042813625627,0.2872169099020102
473,MSFT,LSTM,2022-09-01,2024-09-01,24,0.3737074157546627,0.2146182471226301,0.2991528062112898,0.2158132952051658,0.3198962936546261
474,MSFT,LSTM,2022-09-01,2024-09-01,25,0.3360282341088176,0.4313398831673843,0.4797040092043488,0.4146663035518957,0.2755919058302846
475,MSFT,LSTM,2022-09-01,2024-09-01,26,0.2104878747453825,0.2224414114037264,0.2043830825099892,0.24961923423618,0.2937580495847108
476,MSFT,LSTM,2022-09-01,2024-09-01,27,0.223009126943354,0.2373441207776797,0.2195180854574122,0.2543114823800374,0.2768828793537597
477,MSFT,LSTM,2022-09-01,2024-09-01,28,1.4008635830744738,1.718128726418052,1.326965918624568,1.66634169638003,0.3887425853258955
478,MSFT,LSTM,2022-09-01,2024-09-01,29,0.5302187600343623,0.6871544897350534,0.5280216039278955,0.6715749631886011,0.2810476461489268
479,MSFT,LSTM,2022-09-01,2024-09-01,30,0.432037553730373,0.5203054429785712,0.4485736278913205,0.5209764308922293,0.2945974344214753
480,MSFT,LSTM,2022-09-01,2024-09-01,31,0.925139495040611,1.120302236210458,1.0293935907674912,1.204970588637169,0.3111309781480191
481,MSFT,LSTM,2022-09-01,2024-09-01,32,0.6186208159010674,0.6679506927411383,0.6218521386300319,0.6262069223641008,0.2736311825830337
482,MSFT,LSTM,2022-09-01,2024-09-01,33,0.4134151680136079,0.258092046467884,0.2750077605407021,0.3358078652584144,0.3013360676750898
483,MSFT,LSTM,2022-09-01,2024-09-01,34,0.3944307481078753,0.3851299650274918,0.3999682225497093,0.5035153971924335,0.2760094243896846
484,MSFT,LSTM,2022-09-01,2024-09-01,35,0.233411685905985,0.222744961579846,0.2006879773046963,0.2413421405061967,0.2918363610092542
485,MSFT,LSTM,2022-09-01,2024-09-01,36,0.2370634303469219,0.244271243212933,0.2304528896475767,0.2580279421156962,0.2836479418504895
486,MSFT,LSTM,2022-09-01,2024-09-01,37,0.3353456228954795,0.356943713187103,0.2892602595691411,0.3029929082779442,0.3014468506253974
487,MSFT,LSTM,2022-09-01,2024-09-01,38,0.9175963793389648,1.0473254526489526,0.7666074405800799,1.0004232081781872,0.263148757699057
488,MSFT,LSTM,2022-09-01,2024-09-01,39,0.292627024481407,0.242391573276969,0.3052842606919528,0.2843850965493694,0.2823317489833344
489,MSFT,LSTM,2022-09-01,2024-09-01,40,0.2009881848500194,0.2398248766320462,0.19670684978464,0.2137118297506481,0.3100473676769362
490,MSFT,LSTM,2022-09-01,2024-09-01,41,0.9333555528405618,0.8144178546838196,1.199749163369936,1.3394763597234387,0.2745132737378727
491,MSFT,LSTM,2022-09-01,2024-09-01,42,0.5905702596225958,0.6619788387708826,0.5780788791880478,0.7533911987843229,0.2818029408216372
492,MSFT,LSTM,2022-09-01,2024-09-01,43,0.2312029761852862,0.3940828872498728,0.2059505175872392,0.5264876015529532,0.2921083183041399
493,MSFT,LSTM,2022-09-01,2024-09-01,44,0.4382147659222011,0.3194228005290598,0.2920182227521625,0.4126163781517925,0.2709003544106854
494,MSFT,LSTM,2022-09-01,2024-09-01,45,0.2523902706388696,0.3216639144468985,0.3505801747092719,0.3030006935908637,0.3489824764667611
495,MSFT,LSTM,2022-09-01,2024-09-01,46,0.4060570866197087,0.5183248373469344,0.4387185092032745,0.4804420887195376,0.277193941840946
496,MSFT,LSTM,2022-09-01,2024-09-01,47,1.2433979202378405,1.3845889246576149,1.0607019619624254,1.370324278042535,0.3002330074345125
497,MSFT,LSTM,2022-09-01,2024-09-01,48,0.5466812706728597,0.6627330098023911,0.5871899860352874,0.6077886662107983,0.2764098603815054
498,MSFT,LSTM,2022-09-01,2024-09-01,49,1.1392181721192138,0.9668556402375248,1.0346808441371735,1.153605169972743,0.2592330462695709
499,MSFT,LSTM,2022-09-01,2024-09-01,50,1.40458483219576,1.7383240575134362,1.5596080511176555,1.7651997493956104,0.2590806784173421
500,MSFT,LSTM,2023-05-01,2025-05-01,1,0.2889187927893369,0.2940748437809301,0.2896588801284974,0.3297255612353733,0.3230915795023295
501,MSFT,LSTM,2023-05-01,2025-05-01,2,0.283148697768237,0.3463958225818488,0.2730772430804513,0.3147502142737247,0.3284003187757886
502,MSFT,LSTM,2023-05-01,2025-05-01,3,0.3928814211684438,0.4590171297612087,0.4505496997300555,0.4498874033377268,0.3527318931295161
503,MSFT,LSTM,2023-05-01,2025-05-01,4,1.0552614745525983,1.3522882988144218,1.0189900690446698,1.1495621277097408,0.3527835334195697
504,MSFT,LSTM,2023-05-01,2025-05-01,5,1.2858948404308823,1.6899422890458404,1.1326289433065355,1.3864119404997115,0.3657655799625448
505,MSFT,LSTM,2023-05-01,2025-05-01,6,0.4280020201919895,0.571823089617959,0.4742609077822968,0.4562073289340622,0.3376853493574613
506,MSFT,LSTM,2023-05-01,2025-05-01,7,0.6291352031224625,0.6352465740357238,0.5512132746515676,0.5947251994079866,0.3416446589859036
507,MSFT,LSTM,2023-05-01,2025-05-01,8,1.4610831815530474,1.820257509281617,1.528896456035667,1.671493380283835,0.3009081186805401
508,MSFT,LSTM,2023-05-01,2025-05-01,9,0.519294705450846,0.5900695231233204,0.5299301472470023,0.5227935706390152,0.3376749664525702
509,MSFT,LSTM,2023-05-01,2025-05-01,10,1.0527401637640514,1.266838586464764,0.9815037529422798,1.1215842694385991,0.3088522055775397
510,MSFT,LSTM,2023-05-01,2025-05-01,11,0.5951278684531368,0.8357588154474443,0.5529425572925268,0.671761279343349,0.2986000135510169
511,MSFT,LSTM,2023-05-01,2025-05-01,12,0.3115360448150612,0.3719252123494214,0.3861381235434593,0.3427995851995676,0.3036008316819841
512,MSFT,LSTM,2023-05-01,2025-05-01,13,0.6044571017442364,0.7640146484790156,0.6532412613058199,0.6510492061293252,0.3068784859038778
513,MSFT,LSTM,2023-05-01,2025-05-01,14,0.4753747230478372,0.4715227089073053,0.367508662962586,0.3955475226701403,0.2977596633549464
514,MSFT,LSTM,2023-05-01,2025-05-01,15,0.3206866841774543,0.3787191629142397,0.4104700996989853,0.3250728791542639,0.3138944061199725
515,MSFT,LSTM,2023-05-01,2025-05-01,16,0.9171228706202382,1.2280270536976357,0.8281938318996939,1.075175268683241,0.3038416235476638
516,MSFT,LSTM,2023-05-01,2025-05-01,17,0.4295878258753888,0.4830214222589828,0.4283425484510809,0.4360492243516794,0.3144677519439723
517,MSFT,LSTM,2023-05-01,2025-05-01,18,0.540824478368863,0.6605641173002004,0.575773731762751,0.5947802204580223,0.3055728378741396
518,MSFT,LSTM,2023-05-01,2025-05-01,19,0.8789368775270691,1.1412430947972756,0.7948894657482263,1.0010716696616586,0.313348392749358
519,MSFT,LSTM,2023-05-01,2025-05-01,20,0.2733066870730919,0.304432934024554,0.2684626890378117,0.2980363120123467,0.3092685992849081
520,MSFT,LSTM,2023-05-01,2025-05-01,21,0.3706659680766203,0.3188882663126294,0.282091273848374,0.2924665836707882,0.3032136482020676
521,MSFT,LSTM,2023-05-01,2025-05-01,22,0.7365905717047408,0.9833635590892408,0.7210258561720595,0.8112239132637422,0.3100404991495462
522,MSFT,LSTM,2023-05-01,2025-05-01,23,0.8939815910612176,1.3008627242839814,0.9752469807192714,1.096268738668013,0.3109386963523305
523,MSFT,LSTM,2023-05-01,2025-05-01,24,0.9137274790717296,1.207756854438299,1.0343382790597542,1.2956299563744216,0.3566988774708544
524,MSFT,LSTM,2023-05-01,2025-05-01,25,0.2664686810834047,0.338028962339494,0.2719468383528982,0.3314829801077044,0.3032250282429107
525,MSFT,LSTM,2023-05-01,2025-05-01,26,0.4023964073106058,0.4006009121248467,0.4544386639381336,0.4424356381463352,0.3012315075929911
526,MSFT,LSTM,2023-05-01,2025-05-01,27,0.2844008214889919,0.285732362248463,0.3072474172590768,0.3059869208137981,0.3113658990149551
527,MSFT,LSTM,2023-05-01,2025-05-01,28,1.0830293049325563,1.2543857761709936,1.0122395149946002,1.0806005821004852,0.3013830759044997
528,MSFT,LSTM,2023-05-01,2025-05-01,29,0.276195662067203,0.3585539977132623,0.2730606318318655,0.3188916242301724,0.3029227676770029
529,MSFT,LSTM,2023-05-01,2025-05-01,30,0.4906853112166154,0.5317087828222451,0.4341894567689587,0.4892940180953707,0.3092866067368301
530,MSFT,LSTM,2023-05-01,2025-05-01,31,0.7425687766466421,1.031093562995917,0.8819756390002861,0.7825508291024456,0.360338785980797
531,MSFT,LSTM,2023-05-01,2025-05-01,32,0.7262403385940337,0.8878145284878263,0.7157198917117824,0.7667041854537964,0.3037426752698629
532,MSFT,LSTM,2023-05-01,2025-05-01,33,1.9991944562698527,2.2418911333743403,1.823920665960652,2.0500163269631764,0.3169741753971511
533,MSFT,LSTM,2023-05-01,2025-05-01,34,0.952352569688833,1.2235371955965129,0.9630083940187776,1.0314488022950108,0.3124979660566984
534,MSFT,LSTM,2023-05-01,2025-05-01,35,0.9133866814607902,1.173670697050545,0.9238038749444574,0.9264265367543092,0.2975106925424172
535,MSFT,LSTM,2023-05-01,2025-05-01,36,0.3401777307908843,0.3603274281221733,0.3487506764629857,0.3514796401649637,0.3087845721839458
536,MSFT,LSTM,2023-05-01,2025-05-01,37,1.2077083725664568,1.5287626324282253,1.1472580285429346,1.199940788074469,0.3034638877690778
537,MSFT,LSTM,2023-05-01,2025-05-01,38,0.3671676553633493,0.3326799451161576,0.3512215960910755,0.3730989235081222,0.3087271454451836
538,MSFT,LSTM,2023-05-01,2025-05-01,39,1.566736917526462,1.9534168004885453,1.3330212863353466,1.5836385078678756,0.3121537581763465
539,MSFT,LSTM,2023-05-01,2025-05-01,40,0.7646513771728994,0.856592693964344,0.6060300056564871,0.5919655755005354,0.3368135584498485
540,MSFT,LSTM,2023-05-01,2025-05-01,41,1.2114557971784097,1.5435718125935756,1.2342672071726568,1.4387388513394477,0.3340604787991367
541,MSFT,LSTM,2023-05-01,2025-05-01,42,1.307776511351636,1.7406043515753156,1.286270755372715,1.4018599743155389,0.315658199176333
542,MSFT,LSTM,2023-05-01,2025-05-01,43,0.6328956047922407,0.7094851349120678,0.5806502242212627,0.6371468953061495,0.3250718332683346
543,MSFT,LSTM,2023-05-01,2025-05-01,44,0.2799432375618081,0.2859780816465828,0.2754735299404857,0.3014756283533394,0.3043975027829293
544,MSFT,LSTM,2023-05-01,2025-05-01,45,0.3619348904459508,0.3430940983906118,0.3546059007803968,0.3673576820999928,0.3034855834779019
545,MSFT,LSTM,2023-05-01,2025-05-01,46,0.4348016567613838,0.568705840289746,0.3430362514267511,0.3997918776769351,0.3372378476444421
546,MSFT,LSTM,2023-05-01,2025-05-01,47,0.6088213855094976,0.6702728975105192,0.5675821784280197,0.7388556535273016,0.3045432185156212
547,MSFT,LSTM,2023-05-01,2025-05-01,48,0.5338377687541641,0.8159899460411596,0.5292341494110627,0.6393548778411293,0.2980990197517606
548,MSFT,LSTM,2023-05-01,2025-05-01,49,0.5497172210074002,0.647140369516015,0.5506821712901344,0.5651969465379906,0.3083406627927521
549,MSFT,LSTM,2023-05-01,2025-05-01,50,0.3810707313498131,0.4544961486008124,0.3312466691666733,0.3874757002181864,0.3216449990082698
550,MSFT,LSTM,2024-01-01,2026-01-01,1,0.6933860059628463,0.3611012896105486,0.6862381934551363,0.694965489046764,0.1776957103630977
551,MSFT,LSTM,2024-01-01,2026-01-01,2,1.862841188458712,1.6629123863435509,1.849861052849816,2.1370350526348005,0.1890977223685209
552,MSFT,LSTM,2024-01-01,2026-01-01,3,1.3917318393058578,1.35256748426907,1.4492626800330033,1.6916965668872792,0.1824818680312912
553,MSFT,LSTM,2024-01-01,2026-01-01,4,1.088986524719084,0.8672690455511661,0.8672152905533997,0.8250299613981826,0.2009611916008674
554,MSFT,LSTM,2024-01-01,2026-01-01,5,0.772364464184212,0.7491544221556435,0.8074764846365015,0.8784380191131748,0.1764162431002945
555,MSFT,LSTM,2024-01-01,2026-01-01,6,1.937829866069657,1.9276463352734297,2.225755237686553,2.460224406443906,0.179855789847725
556,MSFT,LSTM,2024-01-01,2026-01-01,7,2.639227596087732,2.1674633091948223,2.3051287853186886,2.7419047432581665,0.1954277538714626
557,MSFT,LSTM,2024-01-01,2026-01-01,8,3.669218190010088,3.344680466576728,3.655680803041036,4.045605422145262,0.2009333109714416
558,MSFT,LSTM,2024-01-01,2026-01-01,9,1.1864960089437004,1.034656481033924,1.0489163596667264,1.2140696703936136,0.1853212497733256
559,MSFT,LSTM,2024-01-01,2026-01-01,10,4.195577940139126,3.648376749934015,4.3277026823214575,4.802291223115554,0.1871808368310171
560,MSFT,LSTM,2024-01-01,2026-01-01,11,2.726883180241545,2.166723687690093,2.080944976145928,2.367560423992244,0.1838593708016037
561,MSFT,LSTM,2024-01-01,2026-01-01,12,0.7694054138281656,0.7645019872773463,0.8916389860747814,0.9609572091105216,0.1799158621019968
562,MSFT,LSTM,2024-01-01,2026-01-01,13,0.5442041189929211,0.5238511637169548,0.6247584424941162,0.6539396626668729,0.1875111646547052
563,MSFT,LSTM,2024-01-01,2026-01-01,14,1.9093379201010536,1.8093802273792623,2.080266935551504,2.151121669206491,0.1830633238643996
564,MSFT,LSTM,2024-01-01,2026-01-01,15,4.192067456896826,3.694851050037237,4.101946307271614,4.022413944579111,0.1877742772237976
565,MSFT,LSTM,2024-01-01,2026-01-01,16,2.8619640952736987,2.840693818481279,2.93535807270358,3.66628643889317,0.1925193631422519
566,MSFT,LSTM,2024-01-01,2026-01-01,17,3.744573766535911,3.421176512735544,3.4940767291948887,4.149962529205493,0.193906856154188
567,MSFT,LSTM,2024-01-01,2026-01-01,18,1.8290262900267773,1.712640494450811,1.8926866407051148,1.9443991911518608,0.2018844720279771
568,MSFT,LSTM,2024-01-01,2026-01-01,19,2.8642222930046963,2.2238892573894136,2.465677633976023,2.804746949963253,0.1913034990165016
569,MSFT,LSTM,2024-01-01,2026-01-01,20,0.5053656652834485,0.4311444839519399,0.5508250692475973,0.5846862030935648,0.1967869152271475
570,MSFT,LSTM,2024-01-01,2026-01-01,21,3.463287975323573,3.0155501650475687,2.9833315073907376,3.184829185542803,0.1837329469779017
571,MSFT,LSTM,2024-01-01,2026-01-01,22,1.3274337050224367,1.3223501628652288,1.0923051806668953,1.3803961898917532,0.1826165330873652
572,MSFT,LSTM,2024-01-01,2026-01-01,23,1.328595832879404,1.1016535339815623,1.3123965276834384,1.5749336401369685,0.1900553788435224
573,MSFT,LSTM,2024-01-01,2026-01-01,24,1.8038300440483124,1.4114888119410836,1.2507485334254036,1.4656451583118408,0.1995665943799597
574,MSFT,LSTM,2024-01-01,2026-01-01,25,1.9887132177771407,1.5414716621527655,1.1895688300302811,1.905873838641814,0.1838522867958472
575,MSFT,LSTM,2024-01-01,2026-01-01,26,1.895792397206216,1.693372699561919,2.028322125210688,2.3882914655076704,0.2130898023149234
576,MSFT,LSTM,2024-01-01,2026-01-01,27,0.5614500363748554,0.408985949709554,0.556959282632332,0.4774125761140267,0.188680892223659
577,MSFT,LSTM,2024-01-01,2026-01-01,28,2.347027455164904,2.32618888906982,2.234048299428385,2.571496394466766,0.1806792230307183
578,MSFT,LSTM,2024-01-01,2026-01-01,29,3.322324418109123,3.0820898349918067,3.3075433309697506,3.775295797406705,0.1771254236332713
579,MSFT,LSTM,2024-01-01,2026-01-01,30,1.7508542002359613,1.5130677695544617,1.408358483415333,1.6809941104887525,0.2057571789522093
580,MSFT,LSTM,2024-01-01,2026-01-01,31,1.4323980690907434,1.2387819846002983,1.3049904696154009,1.167321681759706,0.1870864693133509
581,MSFT,LSTM,2024-01-01,2026-01-01,32,0.7273805817097412,0.6897404010251101,0.7022621943759403,0.8443220225741904,0.1979483625343652
582,MSFT,LSTM,2024-01-01,2026-01-01,33,1.3001678036108897,1.0159684361567634,1.2188572402748656,1.2365227649498958,0.1956076760945072
583,MSFT,LSTM,2024-01-01,2026-01-01,34,5.044746692923304,4.469190273082052,4.542938341025655,4.938759511468864,0.2132910517014585
584,MSFT,LSTM,2024-01-01,2026-01-01,35,1.2770946129067673,1.287330140518102,1.4238595098677838,1.399729836883702,0.182523444405374
585,MSFT,LSTM,2024-01-01,2026-01-01,36,1.1004972257273014,0.9915398997853462,1.1949337149385424,1.3083465721957626,0.180152985284054
586,MSFT,LSTM,2024-01-01,2026-01-01,37,1.3802296412086326,1.25949717399746,1.2700524927828267,1.5504860104999538,0.1886516800258756
587,MSFT,LSTM,2024-01-01,2026-01-01,38,2.6811624445333964,2.70691309961324,2.837403546686419,2.8999975942641933,0.1949348048133669
588,MSFT,LSTM,2024-01-01,2026-01-01,39,1.2925153272702354,1.0973651123843513,1.2731451083302532,1.5431869979028925,0.1876775415258343
589,MSFT,LSTM,2024-01-01,2026-01-01,40,1.3133022064051183,0.9936202375907794,1.1022922637596089,1.3610954270283098,0.1794347751212247
590,MSFT,LSTM,2024-01-01,2026-01-01,41,3.304911549460763,2.7055009512644994,2.9773289592843746,3.5522111841866697,0.1880603368380518
591,MSFT,LSTM,2024-01-01,2026-01-01,42,0.4842469587091976,0.4307296952048315,0.5566112612873225,0.5818672774428254,0.1882818891470548
592,MSFT,LSTM,2024-01-01,2026-01-01,43,3.293778564250506,2.987574541500806,2.921423469188232,3.796916602523576,0.1861506361119475
593,MSFT,LSTM,2024-01-01,2026-01-01,44,0.5184379461723195,0.4141988747331258,0.5390017036502605,0.5857668869929827,0.1843149387974726
594,MSFT,LSTM,2024-01-01,2026-01-01,45,2.9962070787092143,2.672782579086327,2.840799495576904,3.219551821225646,0.1898032449914242
595,MSFT,LSTM,2024-01-01,2026-01-01,46,1.443395037625425,1.341483743179049,1.4547732062295369,1.584605851223305,0.1883526761709572
596,MSFT,LSTM,2024-01-01,2026-01-01,47,1.2627943196113702,1.016823995583371,1.0364128542796849,1.356951500995581,0.1830876668689731
597,MSFT,LSTM,2024-01-01,2026-01-01,48,2.770116073208675,2.416430716910524,2.612173851962014,2.9182867102398515,0.1818841020168212
598,MSFT,LSTM,2024-01-01,2026-01-01,49,2.3807473333141256,2.01110835435436,2.5043388171701304,2.705392737293379,0.2157311246218119
599,MSFT,LSTM,2024-01-01,2026-01-01,50,0.8317910027211591,0.6887650241245844,0.8232097847528194,0.8730063836027675,0.1805732392556663
600,TSLA,LSTM,2022-01-01,2024-01-01,1,1.1381079951637036,1.2206571990729318,0.9230595653907124,1.2897135459600275,0.2541306479550198
601,TSLA,LSTM,2022-01-01,2024-01-01,2,0.313420502632339,0.2608349225068676,0.2537410509491478,0.2489575083088377,0.2300843598467521
602,TSLA,LSTM,2022-01-01,2024-01-01,3,1.4420995142248458,1.8305717934054029,1.710416254905761,1.7762094556666717,0.2155972460024153
603,TSLA,LSTM,2022-01-01,2024-01-01,4,0.3189671955727675,0.2869465242200159,0.3961568008148156,0.3421979517052522,0.2159268553785514
604,TSLA,LSTM,2022-01-01,2024-01-01,5,0.7769930312635026,0.8887715597916416,0.7425912473757093,0.908961023498804,0.2141323574191556
605,TSLA,LSTM,2022-01-01,2024-01-01,6,0.6060055304355569,0.6833703546713218,0.59125633026758,0.2758443115665703,0.2499597442445598
606,TSLA,LSTM,2022-01-01,2024-01-01,7,1.1790867323900192,1.2078518280622623,0.9560634433549656,1.2932723172713898,0.2252942006010675
607,TSLA,LSTM,2022-01-01,2024-01-01,8,4.849373675775076,5.890930869406267,5.302215455874874,6.309641673586017,0.2815480417219372
608,TSLA,LSTM,2022-01-01,2024-01-01,9,3.8434462066258113,4.4760715285536135,3.721788182520506,4.323942867009504,0.4965829145319126
609,TSLA,LSTM,2022-01-01,2024-01-01,10,0.5189835314261222,0.4479064632598256,0.4411442153774214,0.5518971312247977,0.2096235590706212
610,TSLA,LSTM,2022-01-01,2024-01-01,11,5.459023469726608,6.312354553093708,5.769579786956236,6.28180747674374,0.3333583404539
611,TSLA,LSTM,2022-01-01,2024-01-01,12,2.603476626827425,2.9662022521812377,2.7194377243794587,3.0541499274832025,0.240017127492543
612,TSLA,LSTM,2022-01-01,2024-01-01,13,2.190944096190281,2.191534490027308,2.1328102722758007,2.49108386579775,0.4629202997267951
613,TSLA,LSTM,2022-01-01,2024-01-01,14,1.0450323037092435,1.1503577830288922,0.8409583393898581,1.1131329172474005,0.3890728180532727
614,TSLA,LSTM,2022-01-01,2024-01-01,15,4.592734482122302,5.296881531834374,4.399314980543068,4.890145104422642,0.3937601958700481
615,TSLA,LSTM,2022-01-01,2024-01-01,16,0.6115585008047493,0.7759028399476666,0.4979375271792007,0.7503979611966954,0.2487186281376763
616,TSLA,LSTM,2022-01-01,2024-01-01,17,1.2064628669086124,1.3706443254331502,1.2519820776627493,1.4436529787160106,0.2544020838799515
617,TSLA,LSTM,2022-01-01,2024-01-01,18,1.7262736722378378,2.0352832523796627,1.6333197387312692,2.021764910032452,0.3323556300622392
618,TSLA,LSTM,2022-01-01,2024-01-01,19,1.6550399125643378,1.7752232562348846,1.6193690168404875,1.8478064538219223,0.210734119204704
619,TSLA,LSTM,2022-01-01,2024-01-01,20,0.616579900849383,0.6167805463361233,0.5134949332547424,0.6585645522365242,0.2103191300049914
620,TSLA,LSTM,2022-01-01,2024-01-01,21,0.475457952485239,0.6121563640547104,0.6460143093637708,0.7104420024198895,0.4363022633307259
621,TSLA,LSTM,2022-01-01,2024-01-01,22,3.28451424149476,3.665105409126084,3.0656728082916147,3.668840710421673,0.2177891385838649
622,TSLA,LSTM,2022-01-01,2024-01-01,23,0.5690961737419232,0.6801355258019414,0.5873520330744874,0.6474636752433219,0.2108047720296746
623,TSLA,LSTM,2022-01-01,2024-01-01,24,2.1865349307302755,2.634906803626831,2.1527389488176354,2.611058386281976,0.3826566309217961
624,TSLA,LSTM,2022-01-01,2024-01-01,25,0.4603311732514633,0.5627239850112405,0.4304175982302432,0.4620197146506798,0.2162423836846837
625,TSLA,LSTM,2022-01-01,2024-01-01,26,0.1882427558562944,0.2344970698978042,0.166786500678243,0.1795761643036357,0.2571019178270994
626,TSLA,LSTM,2022-01-01,2024-01-01,27,1.639494776801446,1.986182294535896,1.596510659328256,1.8948117438910768,0.3873777231046664
627,TSLA,LSTM,2022-01-01,2024-01-01,28,0.7523757451495906,0.767932254708423,0.7836562925902779,0.8156813477222704,0.2229777449513568
628,TSLA,LSTM,2022-01-01,2024-01-01,29,1.4493174078890882,1.5376776682961792,1.6092979692958187,1.7120500979054063,0.2293199650096642
629,TSLA,LSTM,2022-01-01,2024-01-01,30,0.4345172936584024,0.474133743034237,0.447034118096962,0.461421461249011,0.2970259313227489
630,TSLA,LSTM,2022-01-01,2024-01-01,31,0.3981078138009177,0.4178869194972832,0.4065140557044615,0.4104640842388484,0.211319458042677
631,TSLA,LSTM,2022-01-01,2024-01-01,32,1.565061323618331,1.839382557256911,1.6313602036734232,1.854863592723018,0.3579799049027716
632,TSLA,LSTM,2022-01-01,2024-01-01,33,0.6618297105779254,0.9904856419566198,0.7663675318852271,0.9824137229296842,0.2390976850316158
633,TSLA,LSTM,2022-01-01,2024-01-01,34,1.826257901471616,1.99608865490441,1.85900265100662,1.978800508259313,0.2289382325221996
634,TSLA,LSTM,2022-01-01,2024-01-01,35,1.0754412204914603,1.6403254105157177,1.4029269998128402,1.4781660880339755,0.3032984663186114
635,TSLA,LSTM,2022-01-01,2024-01-01,36,0.9753362100374904,1.2386967631988195,0.9473108285936328,1.0331941305973906,0.2926185254003126
636,TSLA,LSTM,2022-01-01,2024-01-01,37,1.5728041254409482,2.0192119234454795,1.625393745150551,1.9991790823024136,0.2341097775834995
637,TSLA,LSTM,2022-01-01,2024-01-01,38,1.876025305542483,2.070564577065833,1.8129391667666328,2.028179415311319,0.2453877595485442
638,TSLA,LSTM,2022-01-01,2024-01-01,39,0.3002236029499676,0.3383126159202653,0.2997384547919736,0.2832409600776541,0.2374848680664444
639,TSLA,LSTM,2022-01-01,2024-01-01,40,2.5569324105214144,2.449277482830809,2.261267259873786,2.4953552211435164,0.3829589271312199
640,TSLA,LSTM,2022-01-01,2024-01-01,41,2.532673499426412,2.6055995324099497,2.8833096552639934,3.155338828050366,0.2623422791372845
641,TSLA,LSTM,2022-01-01,2024-01-01,42,2.4161121594384487,2.7357994070857026,2.364949302421796,2.822740420048492,0.2503384688464511
642,TSLA,LSTM,2022-01-01,2024-01-01,43,0.6361164882790196,0.6553021324224078,0.5689787985299142,0.6009531647633662,0.2763819481260569
643,TSLA,LSTM,2022-01-01,2024-01-01,44,0.3748091560557432,0.4163188704807937,0.3739759097850591,0.3910192596586206,0.2399788107977518
644,TSLA,LSTM,2022-01-01,2024-01-01,45,1.3477134345058928,1.920518859982039,1.7657189683177756,1.6580854888275722,0.2501891971959063
645,TSLA,LSTM,2022-01-01,2024-01-01,46,3.0074756371375315,3.5957779477624032,3.125938736437298,3.737974476987009,0.4380248109422141
646,TSLA,LSTM,2022-01-01,2024-01-01,47,3.007172421132151,3.561175611286339,3.0656534178474466,3.3662918950448626,0.379020317573121
647,TSLA,LSTM,2022-01-01,2024-01-01,48,0.2786290272340487,0.2994012101189691,0.2754164236624835,0.2943665867277775,0.2523716397501778
648,TSLA,LSTM,2022-01-01,2024-01-01,49,0.8201673189010233,1.2339139716828302,0.8576592478391591,1.0626874669208954,0.3875204612121852
649,TSLA,LSTM,2022-01-01,2024-01-01,50,0.5234498090892196,0.5440872816330699,0.5283389170988047,0.5402933726699458,0.2425721677527153
650,TSLA,LSTM,2022-09-01,2024-09-01,1,0.396090389456689,0.4292073957332773,0.4379314471590052,0.4463163187987721,0.3073913145446376
651,TSLA,LSTM,2022-09-01,2024-09-01,2,0.4300044782715648,0.5303723209609003,0.474379868613888,0.4964216001879327,0.313749231613827
652,TSLA,LSTM,2022-09-01,2024-09-01,3,0.7083488660331357,0.8633684801500376,0.7690689492833797,0.8466276404965143,0.5534348774168983
653,TSLA,LSTM,2022-09-01,2024-09-01,4,0.2312723913469228,0.2704942535831172,0.245978065991981,0.2523580912889011,0.4078267772405123
654,TSLA,LSTM,2022-09-01,2024-09-01,5,0.8113401536371818,0.9822280636168352,0.8208059032359968,0.9296800281728784,0.2545278359271979
655,TSLA,LSTM,2022-09-01,2024-09-01,6,0.6664861344512427,0.8414232347191585,0.7198969747585905,0.785351091319932,0.422065078145047
656,TSLA,LSTM,2022-09-01,2024-09-01,7,0.4146581800566388,0.4307492476371442,0.4108701951001007,0.4171304035213967,0.2542083045184066
657,TSLA,LSTM,2022-09-01,2024-09-01,8,0.3666205305814293,0.405719564854659,0.3790733522584796,0.3546075507038304,0.2525273187298508
658,TSLA,LSTM,2022-09-01,2024-09-01,9,0.4345484830184032,0.5223546158227927,0.4668170882940771,0.4736778854179767,0.3024420029702175
659,TSLA,LSTM,2022-09-01,2024-09-01,10,0.6649116561848863,0.790877898587915,0.717719522213921,0.783019432121793,0.5343231137663982
660,TSLA,LSTM,2022-09-01,2024-09-01,11,0.217037384121228,0.2503361432129079,0.2212223044406085,0.2338092763854466,0.2316411815180175
661,TSLA,LSTM,2022-09-01,2024-09-01,12,0.4286479575084289,0.5476188633788381,0.4565043399765477,0.4888310088288386,0.2194115914504058
662,TSLA,LSTM,2022-09-01,2024-09-01,13,0.2807482894434334,0.3397856815275019,0.2999213887221524,0.3347685728643264,0.3455598535601065
663,TSLA,LSTM,2022-09-01,2024-09-01,14,0.6056418895087744,0.7445838075602957,0.5784936548100122,0.6629075899900059,0.2857082183140261
664,TSLA,LSTM,2022-09-01,2024-09-01,15,0.5960649017667426,0.7180354346333373,0.6296016383214554,0.6961490756381976,0.351483930784296
665,TSLA,LSTM,2022-09-01,2024-09-01,16,0.3121060523244283,0.3314695112807991,0.3516230295167146,0.3429491667967699,0.5595605179135554
666,TSLA,LSTM,2022-09-01,2024-09-01,17,0.7180299802200002,0.8562112816769601,0.7601231921885908,0.8126540411549329,0.2297355580978776
667,TSLA,LSTM,2022-09-01,2024-09-01,18,0.3054696212683747,0.3784932882288004,0.3308457831648191,0.3641436072047551,0.3594813272154386
668,TSLA,LSTM,2022-09-01,2024-09-01,19,0.2314936236758743,0.2886748632993123,0.2303586929619969,0.3099932950586958,0.5459348580979153
669,TSLA,LSTM,2022-09-01,2024-09-01,20,0.2968712448074819,0.3467877937337978,0.3256632679939493,0.3269862262606445,0.3082503025086882
670,TSLA,LSTM,2022-09-01,2024-09-01,21,0.5339642563406766,0.7547487410444826,0.6929933101934364,0.831379024656125,0.214746540246676
671,TSLA,LSTM,2022-09-01,2024-09-01,22,1.9713896619850024,2.494065908854235,2.085923691517178,2.3423476175976083,0.3613953541632978
672,TSLA,LSTM,2022-09-01,2024-09-01,23,0.2659671564729742,0.3280275652568433,0.3356426913618282,0.3177093749208879,0.2154783571412525
673,TSLA,LSTM,2022-09-01,2024-09-01,24,0.3689412222081795,0.43197205757827,0.3976536924952901,0.4303420089481556,0.4586648972418543
674,TSLA,LSTM,2022-09-01,2024-09-01,25,0.9269735110924188,1.0732835488853605,0.8993942525740362,0.9893707488452886,0.5786395457137586
675,TSLA,LSTM,2022-09-01,2024-09-01,26,0.3732695161913169,0.4103035062436023,0.4218915894313277,0.3907962058538992,0.2956034714005202
676,TSLA,LSTM,2022-09-01,2024-09-01,27,0.3401334390849947,0.420026596847787,0.386858067265298,0.4557814375760852,0.4632922422127237
677,TSLA,LSTM,2022-09-01,2024-09-01,28,0.2870343857017491,0.3373818315550574,0.3178181080853127,0.3324084164557939,0.1826368036184784
678,TSLA,LSTM,2022-09-01,2024-09-01,29,0.3658456278419797,0.4457390229947052,0.3975509677867373,0.4173206604087852,0.2721784542425171
679,TSLA,LSTM,2022-09-01,2024-09-01,30,0.2428974615555819,0.2614170008600995,0.2576316179540901,0.2764667132256261,0.305190082297574
680,TSLA,LSTM,2022-09-01,2024-09-01,31,0.9379115344738383,1.1714637085435615,0.940558194138419,1.0713802926451612,0.521131992810762
681,TSLA,LSTM,2022-09-01,2024-09-01,32,0.2890186181956853,0.3377316596708204,0.3126750762984385,0.319398506536156,0.2048604686733413
682,TSLA,LSTM,2022-09-01,2024-09-01,33,0.6944980886914204,0.8229967775081187,0.7216696093170597,0.7823369783556002,0.4638446594515942
683,TSLA,LSTM,2022-09-01,2024-09-01,34,0.3232426425357321,0.3591504908369637,0.3247083419870759,0.3437689837198345,0.2701636225088447
684,TSLA,LSTM,2022-09-01,2024-09-01,35,0.4088652941204498,0.4413802184842799,0.3983282024609523,0.4125794144603923,0.2265952540709882
685,TSLA,LSTM,2022-09-01,2024-09-01,36,0.3695803875575756,0.3913561866355944,0.4323536565565702,0.4193973942852901,0.1853533945966253
686,TSLA,LSTM,2022-09-01,2024-09-01,37,0.7489743417537801,0.9013358357956678,0.8058687376963858,0.8819319222569479,0.4010925079376343
687,TSLA,LSTM,2022-09-01,2024-09-01,38,0.4817668977705936,0.4976022762714484,0.4469831492102936,0.5065541428314287,0.3307895437620257
688,TSLA,LSTM,2022-09-01,2024-09-01,39,1.0262990890716517,1.153433441174249,0.8911480307602986,1.1055905438329516,0.2742621382601587
689,TSLA,LSTM,2022-09-01,2024-09-01,40,0.3701147669411361,0.4460442900117894,0.3719154357977549,0.3927037937057551,0.355034547464773
690,TSLA,LSTM,2022-09-01,2024-09-01,41,1.2173006271883646,1.3483787378242376,1.2730754864320863,1.3609485255358995,0.2930784593262004
691,TSLA,LSTM,2022-09-01,2024-09-01,42,0.3481171768771045,0.4206485628366181,0.3692228271414043,0.382946211081749,0.3266096803478867
692,TSLA,LSTM,2022-09-01,2024-09-01,43,0.3038027227892003,0.3591141741722373,0.3424618037025412,0.334829255635419,0.2448483662421281
693,TSLA,LSTM,2022-09-01,2024-09-01,44,0.3207454815226687,0.3670195708776514,0.3370300559418614,0.3521341749556701,0.19520870818705
694,TSLA,LSTM,2022-09-01,2024-09-01,45,0.7894542574851456,0.9635507216056416,0.8314403974769659,0.93050817013185,0.2334896679562911
695,TSLA,LSTM,2022-09-01,2024-09-01,46,0.8619290342088565,1.062823255930594,0.9297567795097266,1.018969953211872,0.1787162653812713
696,TSLA,LSTM,2022-09-01,2024-09-01,47,0.3350297081886005,0.3917595682505481,0.360989606441499,0.4436851807877526,0.2802618625089695
697,TSLA,LSTM,2022-09-01,2024-09-01,48,0.4276700400023303,0.5281688785696409,0.4728024067413408,0.5304371428926918,0.1867665143865575
698,TSLA,LSTM,2022-09-01,2024-09-01,49,0.888159449807624,1.0030755130616995,0.9853917559035014,1.008012149096567,0.2718168138192499
699,TSLA,LSTM,2022-09-01,2024-09-01,50,2.61469514316038,3.399796333922963,3.069251482512674,3.218926235676294,0.4262222077360184
700,TSLA,LSTM,2023-05-01,2025-05-01,1,0.7192095395942141,0.9291017340811184,0.7601018075768647,0.7224228121494936,0.3828860906976193
701,TSLA,LSTM,2023-05-01,2025-05-01,2,0.3666054229209757,0.4430730955404089,0.3211836822015223,0.3768855147158481,0.3922390002213833
702,TSLA,LSTM,2023-05-01,2025-05-01,3,0.8028500841892541,0.914823548963387,0.738273938237404,0.8537700152388062,0.4354681359109327
703,TSLA,LSTM,2023-05-01,2025-05-01,4,0.3001087256093617,0.3015672332307151,0.2864196627689447,0.2969200707180573,0.3247007300946878
704,TSLA,LSTM,2023-05-01,2025-05-01,5,1.6409424700559525,1.7372276272817704,1.614486141443855,1.5072897970326675,0.4900278578238463
705,TSLA,LSTM,2023-05-01,2025-05-01,6,0.7129350404398351,0.8076420122935365,0.6462880244792514,0.6687720885744245,0.3991823854903638
706,TSLA,LSTM,2023-05-01,2025-05-01,7,0.6490602019680618,0.7048327455186989,0.6449407579918301,0.6124970537362703,0.4373675097237123
707,TSLA,LSTM,2023-05-01,2025-05-01,8,1.184029979865656,1.3502223980402943,1.1239277525729396,1.1557310350168517,0.4097543996498151
708,TSLA,LSTM,2023-05-01,2025-05-01,9,0.5474466667786748,0.6599706576253985,0.5034585453591941,0.5615369680014689,0.463028590821424
709,TSLA,LSTM,2023-05-01,2025-05-01,10,0.5401905714083218,0.6507014142908243,0.4730783735387672,0.5279366035418895,0.4125242799630046
710,TSLA,LSTM,2023-05-01,2025-05-01,11,0.7235812130397757,0.8290639436522474,0.6999122848909035,0.7371063366981768,0.416995961173351
711,TSLA,LSTM,2023-05-01,2025-05-01,12,1.5616585364545217,1.775463979042821,1.497234383708759,1.538719704292597,0.34315137012644
712,TSLA,LSTM,2023-05-01,2025-05-01,13,0.8820407614948677,0.9810177920423792,0.7872814416167306,0.8562802594637042,0.3887127844036966
713,TSLA,LSTM,2023-05-01,2025-05-01,14,1.2003926442935022,1.212707627269856,1.110208637162261,1.0132678277984415,0.4874361517347415
714,TSLA,LSTM,2023-05-01,2025-05-01,15,0.3382929290656635,0.4133794588742767,0.3269742185600259,0.3604609849073998,0.4192092675171138
715,TSLA,LSTM,2023-05-01,2025-05-01,16,1.2436669614226992,1.3512981503681087,1.289111866237121,1.1173610327269017,0.4293980958292295
716,TSLA,LSTM,2023-05-01,2025-05-01,17,1.0225326862965212,1.1231623184359925,0.9685320927180792,0.9486938738310668,0.3815349227866358
717,TSLA,LSTM,2023-05-01,2025-05-01,18,0.6950891469295123,0.8885933345694844,0.6151958115791504,0.7128315829605207,0.356192519761857
718,TSLA,LSTM,2023-05-01,2025-05-01,19,1.8220615637563191,2.136289755762398,1.7662603663021936,1.6267735778655863,0.3688038017288526
719,TSLA,LSTM,2023-05-01,2025-05-01,20,0.5286619603632763,0.630193177202726,0.4699816576354134,0.5239165992124084,0.3860833341049949
720,TSLA,LSTM,2023-05-01,2025-05-01,21,1.1505092565276784,1.287011781434113,1.086024823558224,1.152467323664977,0.4157387759406272
721,TSLA,LSTM,2023-05-01,2025-05-01,22,0.2985593536063861,0.5082173671822371,0.3869582785528419,0.5513478659650043,0.7431841938732172
722,TSLA,LSTM,2023-05-01,2025-05-01,23,0.3389934483295809,0.3676283174949581,0.3394095702319014,0.3420620559834648,0.426621296353703
723,TSLA,LSTM,2023-05-01,2025-05-01,24,0.8691497788089897,0.917485144642722,0.7571283519636886,0.7341706213361084,0.4305479542330201
724,TSLA,LSTM,2023-05-01,2025-05-01,25,1.2731697943697144,1.4117593207315775,1.2221598488582524,1.229985591370404,0.4452068954488897
725,TSLA,LSTM,2023-05-01,2025-05-01,26,0.5715880744034291,0.6559302673418274,0.5039709935963006,0.5673941338115234,0.4542499889464713
726,TSLA,LSTM,2023-05-01,2025-05-01,27,1.270811341273509,1.436633798405582,1.1785624204150609,1.2242398367339002,0.4425104395865807
727,TSLA,LSTM,2023-05-01,2025-05-01,28,0.5785844094955106,0.5855283949759629,0.5338328290512266,0.50735347002688,0.3966304180612884
728,TSLA,LSTM,2023-05-01,2025-05-01,29,1.2428765564955715,1.4263372052531509,1.1476675701226595,1.2123207103804643,0.3824241864877867
729,TSLA,LSTM,2023-05-01,2025-05-01,30,0.5953979188726382,0.7512488260820762,0.5454219274176005,0.611380865292459,0.4024881568720375
730,TSLA,LSTM,2023-05-01,2025-05-01,31,0.6287585590317086,0.6933851844924624,0.5888469122708667,0.6395649658036568,0.3761281631507517
731,TSLA,LSTM,2023-05-01,2025-05-01,32,0.3460556146871308,0.4230956986747107,0.3449688415919651,0.3742105874089142,0.4163970973501586
732,TSLA,LSTM,2023-05-01,2025-05-01,33,0.5620716041618227,0.474147918148756,0.5342911188715533,0.4542033428614016,0.3941167396560999
733,TSLA,LSTM,2023-05-01,2025-05-01,34,0.3620549357456493,0.4335025134965317,0.3286020711952505,0.3612351678554185,0.3918323827230447
734,TSLA,LSTM,2023-05-01,2025-05-01,35,0.6745750888556021,0.6807489791824329,0.6867865208575608,0.6462391184665344,0.4417195741478584
735,TSLA,LSTM,2023-05-01,2025-05-01,36,0.691165429264369,0.8199814726841402,0.5957911259779574,0.6863293273655757,0.4182151438569512
736,TSLA,LSTM,2023-05-01,2025-05-01,37,1.2070747605984935,1.3261819848290235,1.1410060662454076,1.1188317359398317,0.4801260934715118
737,TSLA,LSTM,2023-05-01,2025-05-01,38,0.5252954264951754,0.6799232174705417,0.5598709528750576,0.5750142483756903,0.3770262774224988
738,TSLA,LSTM,2023-05-01,2025-05-01,39,0.7116552872529989,0.8779763469055208,0.6766818615033635,0.7085925507325859,0.4533795456166179
739,TSLA,LSTM,2023-05-01,2025-05-01,40,0.6238245034336174,0.776293585865041,0.7664852973806792,0.5392334528210417,0.375607194663253
740,TSLA,LSTM,2023-05-01,2025-05-01,41,1.0902913559559078,1.225682932013324,0.9997804231427642,1.0829030728765143,0.4455577312025343
741,TSLA,LSTM,2023-05-01,2025-05-01,42,0.3579817450136823,0.4203307684386926,0.3491531528842831,0.3557573239817778,0.4026833848886701
742,TSLA,LSTM,2023-05-01,2025-05-01,43,0.9930923414829952,1.1293966986220558,0.9148626816693008,1.0023293941165825,0.3403060188814036
743,TSLA,LSTM,2023-05-01,2025-05-01,44,1.0331627226181732,1.196555492669536,0.9569660431712104,0.9933310135585868,0.3813344495225758
744,TSLA,LSTM,2023-05-01,2025-05-01,45,0.876628054278755,0.9297145078670436,0.7566821879882742,0.8651640747677998,0.4104535432627899
745,TSLA,LSTM,2023-05-01,2025-05-01,46,0.8214047927090996,0.9471475210393692,0.752302175042016,0.7350418174741532,0.3880349920346315
746,TSLA,LSTM,2023-05-01,2025-05-01,47,2.2483268914377827,2.49772731475612,2.11123011503514,2.078534112464004,0.2935038122139707
747,TSLA,LSTM,2023-05-01,2025-05-01,48,1.0556556961761083,1.2030963446015832,1.0053371235583397,1.06099418568182,0.4116029223800352
748,TSLA,LSTM,2023-05-01,2025-05-01,49,0.4498331397752174,0.4309270043318551,0.463404876054912,0.4020383632275333,0.4301228044727358
749,TSLA,LSTM,2023-05-01,2025-05-01,50,1.2365191463403844,1.3793167777816362,1.153954371178863,1.1899610539238863,0.3991944258766147
750,TSLA,LSTM,2024-01-01,2026-01-01,1,1.50054853806326,1.4014848379425613,1.3398632781591764,1.3309990738817097,0.3819907506015453
751,TSLA,LSTM,2024-01-01,2026-01-01,2,0.2407632879414619,0.2135038673074318,0.2169547164138479,0.208486380990999,0.4425012564573788
752,TSLA,LSTM,2024-01-01,2026-01-01,3,0.5215766113992263,0.4430928862321223,0.4435030870811806,0.4380901310524263,0.3858080446284324
753,TSLA,LSTM,2024-01-01,2026-01-01,4,0.8221723202857513,0.8010126089784142,0.6883752695327122,0.7697586805942092,0.3963205399621354
754,TSLA,LSTM,2024-01-01,2026-01-01,5,0.7978473870687668,0.8074537618427363,0.7987793559821992,0.7775544053268395,0.5041782785772264
755,TSLA,LSTM,2024-01-01,2026-01-01,6,0.6474746211902843,0.5432046508927727,0.5566160720571861,0.5669974722737104,0.3325083037104153
756,TSLA,LSTM,2024-01-01,2026-01-01,7,0.7520013754341014,0.6734098777838794,0.6740448670171865,0.7137482227456396,0.3128924259748074
757,TSLA,LSTM,2024-01-01,2026-01-01,8,0.2135686658853916,0.19400033123474,0.2269404990714593,0.1870893071345899,0.4309995326934115
758,TSLA,LSTM,2024-01-01,2026-01-01,9,2.0672611575602926,1.896392917284632,1.7780326595557705,1.841526611611708,0.4440886117167805
759,TSLA,LSTM,2024-01-01,2026-01-01,10,1.435272096879496,1.3010249603576616,1.254935156182525,1.2838352194745115,0.3640147055451229
760,TSLA,LSTM,2024-01-01,2026-01-01,11,0.5593635379208137,0.4696839183675926,0.5037023370379351,0.4888724388838122,0.3644619805117908
761,TSLA,LSTM,2024-01-01,2026-01-01,12,0.6197105844145749,0.5774158554823517,0.5397950676034757,0.5271575246453724,0.3162679232999634
762,TSLA,LSTM,2024-01-01,2026-01-01,13,1.2095784941460248,1.0629748307750224,1.0747244590820793,1.0781643275429285,0.4507505386544015
763,TSLA,LSTM,2024-01-01,2026-01-01,14,2.294536125646045,2.140729837495882,2.010907251144439,2.1018886026697703,0.509913262239761
764,TSLA,LSTM,2024-01-01,2026-01-01,15,0.228907249452389,0.2430614162991563,0.1464039934761381,0.1853979720535623,0.3172171798187054
765,TSLA,LSTM,2024-01-01,2026-01-01,16,0.6483557773608816,0.6195772247101575,0.6507081382571939,0.5768149769712876,0.3988713455691505
766,TSLA,LSTM,2024-01-01,2026-01-01,17,1.5344450448241644,1.4190901060076313,1.3445553914199118,1.3777586086254474,0.3354235427238423
767,TSLA,LSTM,2024-01-01,2026-01-01,18,1.0628547678233573,0.9617967756213832,0.9720328539990196,0.963086607728994,0.7543234845892828
768,TSLA,LSTM,2024-01-01,2026-01-01,19,0.7772689497067935,0.7655135164072704,0.6447714377815656,0.6942760173720517,0.4064109200960338
769,TSLA,LSTM,2024-01-01,2026-01-01,20,1.4579172943290768,1.331356767509819,1.3069545636784026,1.3220440475331872,0.3758582508097142
770,TSLA,LSTM,2024-01-01,2026-01-01,21,1.135038093488994,0.9983912256428744,1.0126681287165538,1.0193581407457195,0.6629584472716751
771,TSLA,LSTM,2024-01-01,2026-01-01,22,0.3096091010839126,0.2924466979031329,0.2743266043306637,0.2977753742042315,0.2900312465016432
772,TSLA,LSTM,2024-01-01,2026-01-01,23,0.7266768584385908,0.556687032591031,0.6089039428200667,0.5657267842904509,0.371980525195163
773,TSLA,LSTM,2024-01-01,2026-01-01,24,0.54469616601425,0.6292016990821783,0.5914665680020589,0.5855223339319584,0.2969880164462753
774,TSLA,LSTM,2024-01-01,2026-01-01,25,0.6558445789873507,0.5830983681654466,0.7237812637953308,0.5987346854229765,0.2883545646636187
775,TSLA,LSTM,2024-01-01,2026-01-01,26,1.11610557728,0.9828384762067844,0.973884806616324,0.8935055792506015,0.5344279824802199
776,TSLA,LSTM,2024-01-01,2026-01-01,27,0.4065407069381356,0.3813551941920781,0.3566326860966758,0.3817950027591328,0.3262057616949244
777,TSLA,LSTM,2024-01-01,2026-01-01,28,1.4180576828456626,1.3323604784762628,1.202057920268498,1.2733170495546495,0.2787598398424344
778,TSLA,LSTM,2024-01-01,2026-01-01,29,1.6096498868588376,1.5322816882809012,1.4254829427340237,1.4285094129643137,0.5133163410757944
779,TSLA,LSTM,2024-01-01,2026-01-01,30,1.545581705865769,1.4461997471117016,1.3887424528929044,1.4008351875556346,0.4461444588749438
780,TSLA,LSTM,2024-01-01,2026-01-01,31,0.197961728541914,0.1692607783833293,0.1587239069142327,0.1731820481911893,0.2915386584866106
781,TSLA,LSTM,2024-01-01,2026-01-01,32,0.813434156661568,0.7228370298358482,0.7036183738072761,0.7161394380963416,0.2783504768687634
782,TSLA,LSTM,2024-01-01,2026-01-01,33,1.0542701042615006,0.9164802192860476,0.864663292031605,0.9516891086454604,0.2868779321632406
783,TSLA,LSTM,2024-01-01,2026-01-01,34,0.2047072731003245,0.2805251718081502,0.1921170387915688,0.1982206209278122,0.3586936158535501
784,TSLA,LSTM,2024-01-01,2026-01-01,35,0.6601054027053466,0.5793206058623311,0.5936303391436114,0.6304842918164798,0.3842185761101545
785,TSLA,LSTM,2024-01-01,2026-01-01,36,1.0018867086655237,0.8600432821694874,0.8686373827308286,0.8767928877747679,0.3060702150288199
786,TSLA,LSTM,2024-01-01,2026-01-01,37,1.393256627248701,1.309805437274279,1.181743750760596,1.1261599623026148,0.4416003308756704
787,TSLA,LSTM,2024-01-01,2026-01-01,38,0.8370348146075244,0.8170651961639959,0.7832168749095276,0.7275200746578504,0.4073188217545052
788,TSLA,LSTM,2024-01-01,2026-01-01,39,1.7472906815901037,1.64512936082399,1.5182586589144584,1.536493051820246,0.3390324341048271
789,TSLA,LSTM,2024-01-01,2026-01-01,40,1.3254516011824988,1.1409124301684612,1.1720560434224534,1.142712247143871,0.3955078897005283
790,TSLA,LSTM,2024-01-01,2026-01-01,41,1.2725845189157938,1.1320297333888858,1.044187684597387,1.146892557798141,0.2962508944394778
791,TSLA,LSTM,2024-01-01,2026-01-01,42,1.1318579303961411,1.0820685023823142,1.022624441215649,1.022831785646618,0.4782051789636087
792,TSLA,LSTM,2024-01-01,2026-01-01,43,0.3293544281332782,0.3894697879505311,0.1893660664591083,0.3677554408952592,0.4394258685957196
793,TSLA,LSTM,2024-01-01,2026-01-01,44,2.348474500090791,2.199239584452469,2.0517938395059026,2.1233187165638947,0.3552489335394069
794,TSLA,LSTM,2024-01-01,2026-01-01,45,1.3191898235271975,1.2105695345056946,1.200166182887602,1.2006909903780052,0.3781393323425107
795,TSLA,LSTM,2024-01-01,2026-01-01,46,0.4168985748184668,0.4242315067801808,0.4393278520368699,0.3977788208307691,0.3284503248427715
796,TSLA,LSTM,2024-01-01,2026-01-01,47,1.413665046091196,1.314508591859033,1.1647740889860605,1.178680897572894,0.4508054023410096
797,TSLA,LSTM,2024-01-01,2026-01-01,48,0.8849913694175329,0.8393239566675281,0.752267438977929,0.8419464436213324,0.4509344232342615
798,TSLA,LSTM,2024-01-01,2026-01-01,49,0.8357327080107241,0.757433402283437,0.7496330477087618,0.7739057059220741,0.3525576620127285
799,TSLA,LSTM,2024-01-01,2026-01-01,50,0.5221918406867672,0.5125019730023341,0.4238674880868296,0.4444304087091909,0.3148431496363362
800,CNQ_TO,LSTM,2022-01-01,2024-01-01,1,0.5425992073153172,0.2469334803494536,0.5534376199899362,0.2659735285627969,0.2488992456178724
801,CNQ_TO,LSTM,2022-01-01,2024-01-01,2,0.5160536839955998,0.3690242459531475,0.2953790816505365,0.4007610374330357,0.2228939296966297
802,CNQ_TO,LSTM,2022-01-01,2024-01-01,3,2.052783627784797,2.2964193418130336,2.6713908975003275,2.410785548424752,0.2777368184491003
803,CNQ_TO,LSTM,2022-01-01,2024-01-01,4,8.707655190159969,7.617208026525146,7.696056159334011,8.227068596168117,0.2268533188118892
804,CNQ_TO,LSTM,2022-01-01,2024-01-01,5,0.507045293907541,0.4971955353896997,0.387612322742136,0.5357392395970834,0.2192635974604264
805,CNQ_TO,LSTM,2022-01-01,2024-01-01,6,0.2685773265462769,0.2596737161715465,0.3774998446653243,0.3000140739453222,0.2312036138632549
806,CNQ_TO,LSTM,2022-01-01,2024-01-01,7,2.358688098755384,2.254658662409108,2.1953677397177587,2.5410913965411748,0.2321093006981324
807,CNQ_TO,LSTM,2022-01-01,2024-01-01,8,0.4588182196169184,0.410299625961969,0.4883536551692975,0.5084840926590488,0.2251086929097892
808,CNQ_TO,LSTM,2022-01-01,2024-01-01,9,1.7821759939173138,1.436047858909217,1.444784862356322,1.7471692327595043,0.2415547435750229
809,CNQ_TO,LSTM,2022-01-01,2024-01-01,10,1.606094012659422,1.4727659211670832,1.557876980486811,1.6357696573294027,0.2549422884205657
810,CNQ_TO,LSTM,2022-01-01,2024-01-01,11,0.5355558974204704,0.3258963231226882,0.4269487905596154,0.3284435120318242,0.239353668131856
811,CNQ_TO,LSTM,2022-01-01,2024-01-01,12,1.3665558134669942,1.7462056703994564,1.5004249260779738,1.9721208225274565,0.245100769876027
812,CNQ_TO,LSTM,2022-01-01,2024-01-01,13,0.7054970985738581,0.5821242056774224,0.4725828809524044,0.6052410008527869,0.2492129152536098
813,CNQ_TO,LSTM,2022-01-01,2024-01-01,14,2.9670926600268204,2.39176888951412,2.979762022171862,2.8326699141353457,0.2216529124469617
814,CNQ_TO,LSTM,2022-01-01,2024-01-01,15,2.276118193168661,1.759530708638004,1.2868286579042592,2.061311275436507,0.2287655350945323
815,CNQ_TO,LSTM,2022-01-01,2024-01-01,16,1.010847148011787,0.786052125272364,0.7273922219486649,0.8420191813468151,0.2657437395894788
816,CNQ_TO,LSTM,2022-01-01,2024-01-01,17,1.0710779508231931,0.8474389731754133,0.9016339676979817,0.9794505635585607,0.222772947285339
817,CNQ_TO,LSTM,2022-01-01,2024-01-01,18,0.5746290298797799,0.6124630325590316,0.6170361187901481,0.6756563211035869,0.2603289655718616
818,CNQ_TO,LSTM,2022-01-01,2024-01-01,19,0.440818566393888,0.4555908203325812,0.751725428596559,0.5990515364030987,0.235741166720541
819,CNQ_TO,LSTM,2022-01-01,2024-01-01,20,0.776749193333643,0.6097967384833884,0.6268027799287476,0.7254887174969017,0.2493198187013433
820,CNQ_TO,LSTM,2022-01-01,2024-01-01,21,0.7391291320121646,1.0027335260647634,1.2252867035337276,1.2649321955398802,0.250479632727826
821,CNQ_TO,LSTM,2022-01-01,2024-01-01,22,0.3221259402497399,0.2293005762141246,0.3634803555898375,0.2580624568388434,0.2900219996917395
822,CNQ_TO,LSTM,2022-01-01,2024-01-01,23,0.3684081542961103,0.402217293718805,0.6138417592892988,0.5490323593928927,0.2285273645207721
823,CNQ_TO,LSTM,2022-01-01,2024-01-01,24,2.003023265390146,1.8855351327418777,1.949692908046108,2.07839020431391,0.2592364731829464
824,CNQ_TO,LSTM,2022-01-01,2024-01-01,25,1.1693416206595653,1.1056068299768385,1.3038754892108282,1.0919069009869888,0.2754442439178995
825,CNQ_TO,LSTM,2022-01-01,2024-01-01,26,0.7190306202698441,0.4715982763931918,0.6521928019565438,0.6756145786456661,0.2166327615190566
826,CNQ_TO,LSTM,2022-01-01,2024-01-01,27,1.1666433306886377,1.0668053968524602,1.1257533182891863,1.231317183945608,0.2516063750227204
827,CNQ_TO,LSTM,2022-01-01,2024-01-01,28,0.2739191556391062,0.3391288231257072,0.2751043947684726,0.256912190654978,0.2354050728144023
828,CNQ_TO,LSTM,2022-01-01,2024-01-01,29,1.070352441630492,0.9718062206065194,0.9704928266441852,1.167149912376634,0.243056749935393
829,CNQ_TO,LSTM,2022-01-01,2024-01-01,30,0.2827252212211509,0.3228306570242703,0.3063255091893441,0.3297175981422937,0.2429379776020699
830,CNQ_TO,LSTM,2022-01-01,2024-01-01,31,1.207736183818313,1.0909433022434305,1.1389909663284723,1.314809498259501,0.2828293499946708
831,CNQ_TO,LSTM,2022-01-01,2024-01-01,32,1.5934486057141488,1.501168813019934,1.6869417690430313,1.6941657415042697,0.2568702712555458
832,CNQ_TO,LSTM,2022-01-01,2024-01-01,33,0.4588636440251001,0.2312382973185034,0.3269069402026628,0.3268910229553855,0.2646980130828299
833,CNQ_TO,LSTM,2022-01-01,2024-01-01,34,0.3913190827453993,0.4107554002992851,0.4286895832530547,0.3776254747263614,0.2652137495646601
834,CNQ_TO,LSTM,2022-01-01,2024-01-01,35,2.268132954378931,2.258565373717464,2.213434448483551,2.6836122303171805,0.2388944663015128
835,CNQ_TO,LSTM,2022-01-01,2024-01-01,36,0.7680297200682458,0.5686482160037892,0.584193166682593,0.6632657935157781,0.2628492062682524
836,CNQ_TO,LSTM,2022-01-01,2024-01-01,37,1.2877341449762405,1.1811438862122747,1.2668129224437463,1.36336561780403,0.2621329929881263
837,CNQ_TO,LSTM,2022-01-01,2024-01-01,38,0.2919870191024394,0.2868272697843147,0.3429591709266153,0.2862878165093739,0.2455204646892077
838,CNQ_TO,LSTM,2022-01-01,2024-01-01,39,0.6519268200684809,0.2860627075504482,0.338852170928781,0.2554356835897233,0.239625978832541
839,CNQ_TO,LSTM,2022-01-01,2024-01-01,40,1.7735119867718263,1.422405670871809,1.1051680698292676,1.5333173809308591,0.2660722088642695
840,CNQ_TO,LSTM,2022-01-01,2024-01-01,41,1.2905660851691856,1.0553879203022278,0.6925963104016618,0.8269969101085451,0.2171563504530622
841,CNQ_TO,LSTM,2022-01-01,2024-01-01,42,1.3349409219669048,1.2056246536119852,1.2892144586068792,1.486724916613959,0.2378902258000514
842,CNQ_TO,LSTM,2022-01-01,2024-01-01,43,0.5149629434694154,0.3851793077840846,0.4524179065045355,0.5624022014609963,0.235353408221382
843,CNQ_TO,LSTM,2022-01-01,2024-01-01,44,2.3133587236328608,2.381299717932727,2.174049924029009,2.752038300279364,0.2283915352874017
844,CNQ_TO,LSTM,2022-01-01,2024-01-01,45,1.2766307449222345,1.2663362963519698,1.3402410469249904,1.4114597043817187,0.2322177244491064
845,CNQ_TO,LSTM,2022-01-01,2024-01-01,46,2.718026789990195,2.475548039872389,2.4251464467763104,2.702198587184712,0.2695940233901554
846,CNQ_TO,LSTM,2022-01-01,2024-01-01,47,0.2439906128801191,0.2677859671022093,0.476147876861838,0.4215793189435642,0.2180054403941398
847,CNQ_TO,LSTM,2022-01-01,2024-01-01,48,0.4736220280101041,0.3892087114493737,0.4097409506076355,0.4507336626800027,0.2502353139975963
848,CNQ_TO,LSTM,2022-01-01,2024-01-01,49,1.1854188527488014,0.2211672630336243,0.5904045829795769,0.5311936073415708,0.2533591140680643
849,CNQ_TO,LSTM,2022-01-01,2024-01-01,50,0.7964376538033463,0.9656126141721412,0.972195119047303,1.0515008906192744,0.2423804466463829
850,CNQ_TO,LSTM,2022-09-01,2024-09-01,1,1.827412180013872,1.6028939482806197,0.9363079718549028,1.990868201543847,0.4296725292992565
851,CNQ_TO,LSTM,2022-09-01,2024-09-01,2,0.7885494534050802,0.9297061320797096,0.7900424996389656,0.8969713083494537,0.3263246333801941
852,CNQ_TO,LSTM,2022-09-01,2024-09-01,3,1.0374382043378627,1.260626788259131,1.0789816767086262,1.1551187007057375,0.3315730465280966
853,CNQ_TO,LSTM,2022-09-01,2024-09-01,4,1.6176130194480172,1.7504482250983089,1.408644238044406,1.6143973960650924,0.3281157536199797
854,CNQ_TO,LSTM,2022-09-01,2024-09-01,5,1.6301436847011068,1.9644330210856225,1.5784857295581158,1.845133139240257,0.3738380588981613
855,CNQ_TO,LSTM,2022-09-01,2024-09-01,6,0.8339447990251676,1.3037432797038673,1.1872418334291348,1.3564358050074603,0.3534422443456883
856,CNQ_TO,LSTM,2022-09-01,2024-09-01,7,1.7034511777882668,2.177632960649569,1.942396726075701,1.911152265071103,0.424207986268245
857,CNQ_TO,LSTM,2022-09-01,2024-09-01,8,0.2767526789225561,0.3452183548705387,0.4318438306398863,0.630624407487659,0.5380513406362017
858,CNQ_TO,LSTM,2022-09-01,2024-09-01,9,1.7752834981459422,2.4076901082853457,1.942630281276136,2.260175676371534,0.3448646790202572
859,CNQ_TO,LSTM,2022-09-01,2024-09-01,10,1.2341003847884529,1.396054579145497,1.4602943596814764,1.8277913187449435,0.3361138040640536
860,CNQ_TO,LSTM,2022-09-01,2024-09-01,11,1.260268320279701,1.596183703828529,1.106011700503864,1.2858944298955608,0.3538233936228734
861,CNQ_TO,LSTM,2022-09-01,2024-09-01,12,0.577909337605698,0.8445671298391745,0.657715244064308,0.7436263970243266,0.3494323097722296
862,CNQ_TO,LSTM,2022-09-01,2024-09-01,13,0.9029869070790704,0.9625129656675084,0.8118883054035856,0.9096606784941268,0.3363844582466218
863,CNQ_TO,LSTM,2022-09-01,2024-09-01,14,0.4151250562523256,0.4211913457873112,0.3510547309668853,0.7640407082324613,0.3340013745763687
864,CNQ_TO,LSTM,2022-09-01,2024-09-01,15,0.8138706871538551,0.951362289508996,0.9853677309947,0.8980303442930012,0.3333291237615365
865,CNQ_TO,LSTM,2022-09-01,2024-09-01,16,0.5766258754217498,0.7484789178250749,0.7245565869482429,0.8055045240952889,0.3261493127893605
866,CNQ_TO,LSTM,2022-09-01,2024-09-01,17,1.1671283804484611,1.2753564480424109,1.2452971268698865,1.3792231511881876,0.3609640466303247
867,CNQ_TO,LSTM,2022-09-01,2024-09-01,18,1.2952339851112398,1.4908253603682649,1.4193224848208223,1.458833705009562,0.3376602969732498
868,CNQ_TO,LSTM,2022-09-01,2024-09-01,19,0.3846005922848812,0.4849096888068518,0.3135101997518645,0.3380829219015888,0.3295745264620882
869,CNQ_TO,LSTM,2022-09-01,2024-09-01,20,0.558565616286061,0.6255087767214603,0.5820916963743819,0.6205959445526255,0.3332754591664467
870,CNQ_TO,LSTM,2022-09-01,2024-09-01,21,0.6486485135060173,0.7829662695789644,0.5375401875959044,0.6551692082953356,0.3315389113895247
871,CNQ_TO,LSTM,2022-09-01,2024-09-01,22,1.256668231669176,1.5579666875419709,1.4266970772094056,1.6414733893254778,0.3160578375538342
872,CNQ_TO,LSTM,2022-09-01,2024-09-01,23,2.6411584623684536,3.120649463116892,2.440783774836256,3.13136840266218,0.383547342553205
873,CNQ_TO,LSTM,2022-09-01,2024-09-01,24,1.2472241855476394,1.7016205174964865,1.6583875576639473,1.699516164149872,0.3395895793843538
874,CNQ_TO,LSTM,2022-09-01,2024-09-01,25,0.5032598826889184,0.4174744058712054,0.4099259296727239,0.4063082957920432,0.3437633790186765
875,CNQ_TO,LSTM,2022-09-01,2024-09-01,26,0.3551732151730285,0.3925719530957056,0.4999931287210982,0.3359644789600029,0.4033063789938255
876,CNQ_TO,LSTM,2022-09-01,2024-09-01,27,1.9242499081238444,2.615178356222569,2.197841694700867,2.4073402387184126,0.3488984374160769
877,CNQ_TO,LSTM,2022-09-01,2024-09-01,28,1.0973692116628369,1.5480949668475616,1.1331146120720514,1.2057288473780587,0.3318758751524498
878,CNQ_TO,LSTM,2022-09-01,2024-09-01,29,1.1005491338685347,1.311639818887169,0.6977263837875299,1.3173033871244966,0.3250081351882752
879,CNQ_TO,LSTM,2022-09-01,2024-09-01,30,1.083481024749383,1.2999508530054331,1.2085277474922946,1.2629002576586073,0.3530640057462604
880,CNQ_TO,LSTM,2022-09-01,2024-09-01,31,0.322595158972255,0.4563633838883186,0.5518939643133637,0.4530995241522267,0.3341746829630382
881,CNQ_TO,LSTM,2022-09-01,2024-09-01,32,0.4371704838565378,0.5854646190652237,0.5511959437932344,0.5888931537615993,0.332886048134553
882,CNQ_TO,LSTM,2022-09-01,2024-09-01,33,1.1986102704152293,1.4693462511299482,1.2595887432271715,1.4071760830400777,0.3540346116568221
883,CNQ_TO,LSTM,2022-09-01,2024-09-01,34,0.4367019388520359,0.5185767772512526,0.4866429408277615,0.5339813051403772,0.3380071575694686
884,CNQ_TO,LSTM,2022-09-01,2024-09-01,35,0.3785437057878095,0.7361250579433908,0.5925645789833601,0.4623900507777113,0.3292090255407524
885,CNQ_TO,LSTM,2022-09-01,2024-09-01,36,0.8693464393500118,1.32220509513618,1.1319160907108887,1.2319009890877877,0.4417909588873814
886,CNQ_TO,LSTM,2022-09-01,2024-09-01,37,1.4064841922637508,1.7430424398100248,1.5450014025256642,1.6134717662473503,0.3410854956595713
887,CNQ_TO,LSTM,2022-09-01,2024-09-01,38,0.3828365476388925,0.4024462624877215,0.3823134257183152,0.4002784939462231,0.3498019207644789
888,CNQ_TO,LSTM,2022-09-01,2024-09-01,39,2.209848128241729,2.8553035710166137,2.3852226575784345,2.8042197167902168,0.5322827781448984
889,CNQ_TO,LSTM,2022-09-01,2024-09-01,40,0.3408841482600605,0.4017278407585298,0.420731207719008,0.4006108553620983,0.3383098286166502
890,CNQ_TO,LSTM,2022-09-01,2024-09-01,41,0.6846477328687708,0.6159257035574872,0.6849488662042335,0.7968512400334289,0.3567364152163426
891,CNQ_TO,LSTM,2022-09-01,2024-09-01,42,0.7831090658193892,0.934818422439691,0.9082507255725872,0.9356212525780658,0.338991899590549
892,CNQ_TO,LSTM,2022-09-01,2024-09-01,43,0.6407431760602642,0.7234527097931522,0.6010259511828733,0.6346811770129378,0.3847030673101432
893,CNQ_TO,LSTM,2022-09-01,2024-09-01,44,0.6380580047351169,0.865732904525838,0.8552872857047313,0.8012556886970722,0.3218110792046781
894,CNQ_TO,LSTM,2022-09-01,2024-09-01,45,0.4253748319650772,0.4749379029915488,0.4463047795796923,0.4680778715868903,0.3388115894118773
895,CNQ_TO,LSTM,2022-09-01,2024-09-01,46,1.7426615552204168,2.2496587736107383,2.1527944615582704,2.682927171682986,0.3933624265986116
896,CNQ_TO,LSTM,2022-09-01,2024-09-01,47,0.4404326714083299,0.6465201133500197,0.5022209512771036,0.4883762804923379,0.3355934315370483
897,CNQ_TO,LSTM,2022-09-01,2024-09-01,48,1.951733025105537,2.556421982496609,2.3531655311315864,2.7519690139090747,0.3439219235890104
898,CNQ_TO,LSTM,2022-09-01,2024-09-01,49,1.503750361302195,2.013733932290053,1.6631284423147348,1.8262174951769867,0.3400340219589937
899,CNQ_TO,LSTM,2022-09-01,2024-09-01,50,0.7306688555064507,1.3023274468529786,1.336102488943243,1.3228507746722549,0.3386002505055674
900,CNQ_TO,LSTM,2023-05-01,2025-05-01,1,0.5320985758849314,0.6934841459038235,0.5488369002914159,0.5231340932259958,0.2079856105307052
901,CNQ_TO,LSTM,2023-05-01,2025-05-01,2,0.5638690081709139,0.6855008015274144,0.5659064299354615,0.5663526001073472,0.2081708570092192
902,CNQ_TO,LSTM,2023-05-01,2025-05-01,3,0.4763457210490917,0.5891194634341829,0.4936168178236187,0.4929620246338334,0.2095373824091053
903,CNQ_TO,LSTM,2023-05-01,2025-05-01,4,0.4589540012305898,0.5486818810711018,0.5018091195081735,0.4597152821516404,0.2060680432387471
904,CNQ_TO,LSTM,2023-05-01,2025-05-01,5,1.0247740244333965,1.2729274129958026,0.9878880175927603,1.0237917630682434,0.2117948593616286
905,CNQ_TO,LSTM,2023-05-01,2025-05-01,6,0.252650482029826,0.3299477959090408,0.271423134678001,0.267582531959616,0.2146358184827224
906,CNQ_TO,LSTM,2023-05-01,2025-05-01,7,0.7537269754844266,0.9693466121322424,0.7958912852709588,0.8090002371047577,0.2156724691014206
907,CNQ_TO,LSTM,2023-05-01,2025-05-01,8,0.3749469591736378,0.4439361428853578,0.3541548011908348,0.3649598209347929,0.2119722510068865
908,CNQ_TO,LSTM,2023-05-01,2025-05-01,9,0.2988355584304175,0.332082867969757,0.3162609525178101,0.2987456118338652,0.214039498224576
909,CNQ_TO,LSTM,2023-05-01,2025-05-01,10,0.5565587203813729,0.6255917889234388,0.5363319162095241,0.5718531949763564,0.2101403144965209
910,CNQ_TO,LSTM,2023-05-01,2025-05-01,11,0.9265877577774336,1.171218144856592,0.9136240766006284,0.9379054492401008,0.2068165919894154
911,CNQ_TO,LSTM,2023-05-01,2025-05-01,12,0.5177483297662105,0.8237059055667227,0.60463617980992,0.6473866253275662,0.2070569348907427
912,CNQ_TO,LSTM,2023-05-01,2025-05-01,13,0.5879369180518218,0.8812771975910447,0.5848331750102982,0.6637406427807311,0.215170244777404
913,CNQ_TO,LSTM,2023-05-01,2025-05-01,14,0.6252596426218048,0.8061208649314286,0.6974174819374566,0.7190826618667067,0.2249615610405304
914,CNQ_TO,LSTM,2023-05-01,2025-05-01,15,0.2722454239209907,0.3103983510885577,0.3023319353043385,0.2920003090104551,0.2114442054442259
915,CNQ_TO,LSTM,2023-05-01,2025-05-01,16,0.5870427373245249,0.7160524026239442,0.6710953879163452,0.6462776629845824,0.2264960106707833
916,CNQ_TO,LSTM,2023-05-01,2025-05-01,17,0.333798354912994,0.4588283886544246,0.3467677750670944,0.387836173791467,0.217365618404922
917,CNQ_TO,LSTM,2023-05-01,2025-05-01,18,0.4630696000859143,0.5084889151466266,0.4784961596172879,0.4274408685362651,0.2086741078347014
918,CNQ_TO,LSTM,2023-05-01,2025-05-01,19,0.8650788430166974,1.005698402587832,0.8689488780444675,0.865689983816448,0.2124485201247118
919,CNQ_TO,LSTM,2023-05-01,2025-05-01,20,0.594764070911152,0.7396122963931594,0.6283532168670138,0.6108629306756801,0.2115896818992809
920,CNQ_TO,LSTM,2023-05-01,2025-05-01,21,0.2535990028916518,0.2777831672044565,0.2936156293874754,0.2678165796488597,0.2247683479938371
921,CNQ_TO,LSTM,2023-05-01,2025-05-01,22,0.6277996050569644,0.8114635175961046,0.6320563604960394,0.7352910526624025,0.2674154291192613
922,CNQ_TO,LSTM,2023-05-01,2025-05-01,23,0.2770773707245441,0.2621608823533309,0.2660277738213653,0.2437012951047379,0.2093101879778155
923,CNQ_TO,LSTM,2023-05-01,2025-05-01,24,0.4830657383204693,0.5544458364079555,0.4418335247527724,0.4314548770090035,0.2220411296740109
924,CNQ_TO,LSTM,2023-05-01,2025-05-01,25,0.3211279763612013,0.36095414977687,0.362514421483778,0.3330465838329327,0.2102159764195815
925,CNQ_TO,LSTM,2023-05-01,2025-05-01,26,0.2197701600928588,0.2521933518038259,0.2519800915429402,0.2357977903276466,0.2106164530248324
926,CNQ_TO,LSTM,2023-05-01,2025-05-01,27,0.2629581796539575,0.2807847113415996,0.2970331950209036,0.2585077945452018,0.2137830702658855
927,CNQ_TO,LSTM,2023-05-01,2025-05-01,28,1.1107552034938182,1.4980980207951666,1.1598184009781176,1.1772263752840586,0.2134962775007491
928,CNQ_TO,LSTM,2023-05-01,2025-05-01,29,0.3043178906881826,0.3511467834819629,0.3499424809490365,0.3133836992442609,0.2134030106469721
929,CNQ_TO,LSTM,2023-05-01,2025-05-01,30,0.832698748455011,1.0389166057098516,0.8278130644300454,0.8608331113434715,0.214398316841832
930,CNQ_TO,LSTM,2023-05-01,2025-05-01,31,0.3743235485129681,0.4337669228565398,0.4110361991414366,0.4378946071009462,0.2156730117870836
931,CNQ_TO,LSTM,2023-05-01,2025-05-01,32,0.6918827999399633,0.8478428976158986,0.6549549177641726,0.6684295663905472,0.2066084589420892
932,CNQ_TO,LSTM,2023-05-01,2025-05-01,33,0.7677281424956026,0.955523237024071,0.8764999980844982,0.8082166561516417,0.2088566338781986
933,CNQ_TO,LSTM,2023-05-01,2025-05-01,34,0.2060983167196873,0.4170420069476054,0.3867623994555308,0.330853620275273,0.2204376530761751
934,CNQ_TO,LSTM,2023-05-01,2025-05-01,35,0.8386863956094893,1.002677869434366,0.7691835134956985,0.8523551704156237,0.2318759442039584
935,CNQ_TO,LSTM,2023-05-01,2025-05-01,36,0.4132185475198932,0.4879287134785421,0.4219593576730769,0.4069263720567295,0.2120030404389207
936,CNQ_TO,LSTM,2023-05-01,2025-05-01,37,0.3671790224754003,0.3806419123565716,0.3364960763626419,0.3559816653241689,0.2133608933706271
937,CNQ_TO,LSTM,2023-05-01,2025-05-01,38,0.3697369150299892,0.5132438041721473,0.3400737900723755,0.347741245502162,0.2152897298815869
938,CNQ_TO,LSTM,2023-05-01,2025-05-01,39,0.6880752330883937,0.7960648793328521,0.6409065954304719,0.66505849951398,0.2168438714397402
939,CNQ_TO,LSTM,2023-05-01,2025-05-01,40,0.508337781804228,0.5970676607527439,0.5167265162734767,0.5226394631484641,0.2092129295203088
940,CNQ_TO,LSTM,2023-05-01,2025-05-01,41,0.6518952655206786,0.811121227029277,0.6821000660158673,0.66377525326872,0.2046763489856631
941,CNQ_TO,LSTM,2023-05-01,2025-05-01,42,0.7912282635612097,1.032556869376858,0.7957652146683397,0.837740376607235,0.2040199748247266
942,CNQ_TO,LSTM,2023-05-01,2025-05-01,43,0.5591373209425412,0.6693279535808392,0.5376742242969249,0.554042642819649,0.2115175355445953
943,CNQ_TO,LSTM,2023-05-01,2025-05-01,44,0.2735525890897376,0.3665122769141907,0.2869219594738348,0.2923509526186615,0.2137374890912438
944,CNQ_TO,LSTM,2023-05-01,2025-05-01,45,1.0447468568716507,1.2701790008491485,0.9848977456034592,0.990383637748363,0.2330585055676947
945,CNQ_TO,LSTM,2023-05-01,2025-05-01,46,0.4849310811335069,0.6112371949046058,0.5166817879806705,0.5180622313320963,0.2104027566801701
946,CNQ_TO,LSTM,2023-05-01,2025-05-01,47,0.2252574282080412,0.2656971689972489,0.2541628212310993,0.2384561444185961,0.2130266731135281
947,CNQ_TO,LSTM,2023-05-01,2025-05-01,48,0.466926842659234,0.5705348339489607,0.5005966482467286,0.4843770959143808,0.2082618745791371
948,CNQ_TO,LSTM,2023-05-01,2025-05-01,49,0.5373516298851121,0.8649844743211088,0.5903530674860886,0.5859133732845632,0.2212504166060358
949,CNQ_TO,LSTM,2023-05-01,2025-05-01,50,0.3843780312635517,0.4607223461937822,0.4228244965768774,0.4104859338217448,0.2099648589341176
950,CNQ_TO,LSTM,2024-01-01,2026-01-01,1,0.588510370627965,0.4452593902613258,0.4115495552956767,0.4267807014881962,0.3482775527201512
951,CNQ_TO,LSTM,2024-01-01,2026-01-01,2,2.38906933085618,2.1474515536141427,2.1700344149835984,2.262878673497984,0.335916312024659
952,CNQ_TO,LSTM,2024-01-01,2026-01-01,3,0.8114889262425503,0.782028355763601,0.8663169946913233,0.7987129903012993,0.3311986437675804
953,CNQ_TO,LSTM,2024-01-01,2026-01-01,4,1.6436152665116348,1.3802509145186888,1.397856230759846,1.4918700207007507,0.2929038083559875
954,CNQ_TO,LSTM,2024-01-01,2026-01-01,5,0.6760173008523995,0.6462633188743779,0.724758428960438,0.6139656535771921,0.3475562423559916
955,CNQ_TO,LSTM,2024-01-01,2026-01-01,6,0.7785784296493711,0.7544873993781203,0.8257808363359513,0.780471580094448,0.2874439084954033
956,CNQ_TO,LSTM,2024-01-01,2026-01-01,7,4.529612372518147,3.759747488322894,4.569647808461096,4.601933435598238,0.3119356247018529
957,CNQ_TO,LSTM,2024-01-01,2026-01-01,8,0.9849517537210146,0.93895030236523,1.152061214324123,1.0638035550981433,0.323098289154863
958,CNQ_TO,LSTM,2024-01-01,2026-01-01,9,0.3793928523853393,0.3782303823106582,0.3839294029434215,0.4012224269859,0.2740049400958933
959,CNQ_TO,LSTM,2024-01-01,2026-01-01,10,0.5554737248650996,0.5527515566019736,0.6997456589772614,0.5268448156839026,0.2871483746539704
960,CNQ_TO,LSTM,2024-01-01,2026-01-01,11,0.2630693025288988,0.2459855125108668,0.2587920963152336,0.2529826399855838,0.3226779752296504
961,CNQ_TO,LSTM,2024-01-01,2026-01-01,12,0.3008919096374007,0.2898582565157306,0.2871194510501617,0.2833914522293047,0.3117455540274321
962,CNQ_TO,LSTM,2024-01-01,2026-01-01,13,2.5279044680952545,2.199629852506797,2.3193873354488708,2.2970426374649904,0.274630434784225
963,CNQ_TO,LSTM,2024-01-01,2026-01-01,14,0.927381992601601,0.5236347417000712,0.6287637959402391,0.7811078974350127,0.2864801856239583
964,CNQ_TO,LSTM,2024-01-01,2026-01-01,15,0.859973533553971,0.6970701379860609,0.7013536390810764,0.6887679523280626,0.3218408566898797
965,CNQ_TO,LSTM,2024-01-01,2026-01-01,16,0.3086200010140941,0.2485628964086944,0.2513265991404066,0.2400292096021797,0.2958381793252079
966,CNQ_TO,LSTM,2024-01-01,2026-01-01,17,1.4888264707327832,1.342807677662576,1.4644975928212338,1.408759907251556,0.2938638408387074
967,CNQ_TO,LSTM,2024-01-01,2026-01-01,18,0.3136246930877965,0.3194032672302611,0.335722523841857,0.3381543986660892,0.3188529827942053
968,CNQ_TO,LSTM,2024-01-01,2026-01-01,19,1.3367093749429937,1.2982646231880202,1.4095365508699709,1.3905825758636317,0.3318880020083955
969,CNQ_TO,LSTM,2024-01-01,2026-01-01,20,0.6109973694283282,0.5737748542893966,0.671489175962336,0.6293643787493239,0.3227500768844737
970,CNQ_TO,LSTM,2024-01-01,2026-01-01,21,1.9330786242154496,1.784274661423977,1.7885005709600794,1.6439415766735666,0.3224736862723128
971,CNQ_TO,LSTM,2024-01-01,2026-01-01,22,2.1909265503122644,1.9416782321744253,1.8398642242542032,2.0854035979326664,0.2928716124801035
972,CNQ_TO,LSTM,2024-01-01,2026-01-01,23,1.1000136365506463,1.054079253381527,1.3034547594367338,1.196507682496253,0.3111067879078395
973,CNQ_TO,LSTM,2024-01-01,2026-01-01,24,1.1276256764789858,1.1085591052705617,1.2675562051146216,1.1432528572427816,0.3155808631306518
974,CNQ_TO,LSTM,2024-01-01,2026-01-01,25,0.5985289716946754,0.5323862983497686,0.5983418355520882,0.5986805128704192,0.3257758969870171
975,CNQ_TO,LSTM,2024-01-01,2026-01-01,26,0.463372236884358,0.5243217342046164,0.5008115831738558,0.57765490855669,0.2889785971649705
976,CNQ_TO,LSTM,2024-01-01,2026-01-01,27,2.761457979107983,2.50460362160585,2.6282783268227323,2.688820142334808,0.3703293276583852
977,CNQ_TO,LSTM,2024-01-01,2026-01-01,28,0.9382715456798952,0.8299228788238374,0.7980461873993878,0.9596542753835464,0.3237815529212742
978,CNQ_TO,LSTM,2024-01-01,2026-01-01,29,0.2400942143115456,0.2828109128497352,0.2611786260118544,0.2661259469123733,0.3990774724828531
979,CNQ_TO,LSTM,2024-01-01,2026-01-01,30,1.541701420894711,1.3787049877181632,1.575285376474196,1.5484151822007353,0.3164308993876195
980,CNQ_TO,LSTM,2024-01-01,2026-01-01,31,1.3467121597243097,1.2367368313626628,1.3455478499198803,1.331644176163396,0.3156988308103139
981,CNQ_TO,LSTM,2024-01-01,2026-01-01,32,1.0338906648991075,0.9742915481862264,1.1344232925231503,1.0276089968972089,0.3181808328920599
982,CNQ_TO,LSTM,2024-01-01,2026-01-01,33,0.8459982029696678,0.4877541297592197,0.5434856751955789,0.6641133371342608,0.3453483158632267
983,CNQ_TO,LSTM,2024-01-01,2026-01-01,34,1.195226564676009,1.2311934460764309,1.5316211895976033,1.344941030438747,0.2738730684338532
984,CNQ_TO,LSTM,2024-01-01,2026-01-01,35,0.87975100786734,0.9666895792860054,1.1121811615726394,0.9092730633949596,0.3235937135982751
985,CNQ_TO,LSTM,2024-01-01,2026-01-01,36,0.507866912428524,0.4730507669904389,0.5480321177109682,0.5018260137303778,0.3430590377894469
986,CNQ_TO,LSTM,2024-01-01,2026-01-01,37,0.5563245559769913,0.6235189548436155,0.7816440169350493,0.6386935704988339,0.3128420889901216
987,CNQ_TO,LSTM,2024-01-01,2026-01-01,38,0.8640978550295397,0.8230118216670224,0.8691304130616967,0.8534045507276874,0.2932916433009881
988,CNQ_TO,LSTM,2024-01-01,2026-01-01,39,0.4227480126505563,0.4079019135162675,0.5202317915860223,0.4680544427771908,0.3464513191642296
989,CNQ_TO,LSTM,2024-01-01,2026-01-01,40,0.5570730526822344,0.5422256073906254,0.6541952154539423,0.565489148477234,0.3389944261249092
990,CNQ_TO,LSTM,2024-01-01,2026-01-01,41,0.3510382997035304,0.3370227973410367,0.373409084980285,0.347549308943393,0.2937488989114678
991,CNQ_TO,LSTM,2024-01-01,2026-01-01,42,1.9001120239994205,1.712404061381939,1.8602364777197808,1.895258542836252,0.297733668601153
992,CNQ_TO,LSTM,2024-01-01,2026-01-01,43,0.4255552362420711,0.4167320596373291,0.4481079587437188,0.3686478799454475,0.3400795045441932
993,CNQ_TO,LSTM,2024-01-01,2026-01-01,44,0.8816421953109934,0.8606380819302697,0.91195259728182,0.8891230499920654,0.3074254055658631
994,CNQ_TO,LSTM,2024-01-01,2026-01-01,45,0.7340048378755561,0.7271293699034176,0.670119592540707,0.702568909282496,0.287570881386365
995,CNQ_TO,LSTM,2024-01-01,2026-01-01,46,0.9815758487482013,0.8964649700255941,0.910249395498478,0.8814368708369921,0.3080772708557064
996,CNQ_TO,LSTM,2024-01-01,2026-01-01,47,0.248462311082337,0.2420950277084535,0.2557662205261595,0.2440860616291861,0.3308248645101196
997,CNQ_TO,LSTM,2024-01-01,2026-01-01,48,1.7666494927823353,1.76341963508095,1.8948591179628305,1.848647319266567,0.3477206127080623
998,CNQ_TO,LSTM,2024-01-01,2026-01-01,49,1.0320861991805006,0.94614709926701,1.0966042986977784,1.0504557619669213,0.3152195446919263
999,CNQ_TO,LSTM,2024-01-01,2026-01-01,50,0.8859383211860589,0.8618595740830912,0.9225017161755056,0.8788585534433374,0.3356566665235471
1000,BHP,LSTM,2022-01-01,2024-01-01,1,0.521775900842895,0.5409472250810469,0.565255040484215,0.5459176871170746,0.264555355528234
1001,BHP,LSTM,2022-01-01,2024-01-01,2,0.7851993409232402,0.5007083816027948,0.417511575255744,0.6961371241189639,0.2320311565734667
1002,BHP,LSTM,2022-01-01,2024-01-01,3,0.9408963557678964,1.1329317211326015,1.3255382371578983,1.173476617957897,0.2313808681113844
1003,BHP,LSTM,2022-01-01,2024-01-01,4,0.8828662140243672,0.956616205044242,0.8269956750725991,0.7807970069867562,0.472658219340877
1004,BHP,LSTM,2022-01-01,2024-01-01,5,0.2350889500195684,0.3126161281878413,0.4432225116282692,0.3912986049989008,0.3559249567942618
1005,BHP,LSTM,2022-01-01,2024-01-01,6,1.1383581246508878,1.2789305289572117,1.3289470474685108,1.2310729150175117,0.2593941328730548
1006,BHP,LSTM,2022-01-01,2024-01-01,7,0.5182081681022432,0.7521901186921428,0.8715176016044718,0.6953952153384986,0.3900125240484832
1007,BHP,LSTM,2022-01-01,2024-01-01,8,0.4801030977150575,0.4742556905512255,0.4433575678349592,0.5139722957199393,0.6459959832255399
1008,BHP,LSTM,2022-01-01,2024-01-01,9,0.4746565008059752,0.4862177816384244,0.5144441196651328,0.4915508578901215,0.2444010384696323
1009,BHP,LSTM,2022-01-01,2024-01-01,10,0.6882520325621574,0.7736550417550568,0.8049999433477031,0.7465183516286604,0.232668595345315
1010,BHP,LSTM,2022-01-01,2024-01-01,11,0.7762213775302385,1.04624557262646,1.3999203542857217,1.250376639294838,0.3119002780661021
1011,BHP,LSTM,2022-01-01,2024-01-01,12,0.4897053218378476,0.4656134600799889,0.4873999356101991,0.5387199107474839,0.2911819614523603
1012,BHP,LSTM,2022-01-01,2024-01-01,13,1.2202149609422783,1.4941738208166089,1.4428216338054929,1.523347611585161,0.5814442903773109
1013,BHP,LSTM,2022-01-01,2024-01-01,14,0.4513577097101735,0.5371729398214967,0.6178526074957821,0.5320921354353649,0.2412635590780765
1014,BHP,LSTM,2022-01-01,2024-01-01,15,1.79289713042351,1.8661065035798208,1.894320948170604,1.8200978068338536,0.2657930937104665
1015,BHP,LSTM,2022-01-01,2024-01-01,16,1.3393375128585114,1.4067004643216232,1.4121910237540762,1.4200947513378634,0.2350079340546421
1016,BHP,LSTM,2022-01-01,2024-01-01,17,0.833879795287977,0.8307402740412022,1.0335458542709255,0.835218712718191,0.6039383710789086
1017,BHP,LSTM,2022-01-01,2024-01-01,18,0.874298573025483,0.7915741336253269,0.8212173139850444,0.8431562864127272,0.2539230743119966
1018,BHP,LSTM,2022-01-01,2024-01-01,19,0.8287578494241681,0.8364885475142367,0.8721266436022441,0.8823521546332627,0.2290953101530074
1019,BHP,LSTM,2022-01-01,2024-01-01,20,0.3111385205181164,0.3235768840008572,0.2872262013616342,0.2975546370470664,0.2538469174243921
1020,BHP,LSTM,2022-01-01,2024-01-01,21,0.3933747469211389,0.4048525843165114,0.4161752803478506,0.4059722933710458,0.228890737970048
1021,BHP,LSTM,2022-01-01,2024-01-01,22,1.1739878043597094,0.958019910127872,0.5872422652131432,0.9971281601055862,0.4658660443324244
1022,BHP,LSTM,2022-01-01,2024-01-01,23,1.381613274763959,1.5589911460990693,1.641289713576472,1.554460172762394,0.555181522274107
1023,BHP,LSTM,2022-01-01,2024-01-01,24,0.3520987458096601,0.6999699704390883,0.9611911877441432,0.6985305541926881,0.4333089803094406
1024,BHP,LSTM,2022-01-01,2024-01-01,25,1.3815386066472926,1.4702839644851435,1.4346730414573017,1.467094830643218,0.3305814916043971
1025,BHP,LSTM,2022-01-01,2024-01-01,26,0.3888533937464934,0.4215293834100618,0.4014369051926727,0.4908102402434212,0.5301766758130433
1026,BHP,LSTM,2022-01-01,2024-01-01,27,1.165690642569377,1.172345776594866,1.215741018708043,1.181837801914004,0.3540578062218853
1027,BHP,LSTM,2022-01-01,2024-01-01,28,0.6293707044997692,0.6957681372496014,0.7942657636366557,0.7390682884840297,0.2357198274148655
1028,BHP,LSTM,2022-01-01,2024-01-01,29,0.3239221411559963,0.3393336306432787,0.2451732824233806,0.2717673457419604,0.5499883452528807
1029,BHP,LSTM,2022-01-01,2024-01-01,30,1.5929794280269054,1.6305340029786095,1.656411449039208,1.669428385576651,0.2860369717639724
1030,BHP,LSTM,2022-01-01,2024-01-01,31,1.1269216828669095,1.1250920537641331,1.1975171182904476,1.0865109175624614,0.2888358701255568
1031,BHP,LSTM,2022-01-01,2024-01-01,32,1.0222308207725568,1.0272629916568738,1.0912400143438727,1.1014254914536237,0.4937725095428981
1032,BHP,LSTM,2022-01-01,2024-01-01,33,1.053545820450864,1.0787753178441584,1.0771360964954892,1.089255307175777,0.2353907386133316
1033,BHP,LSTM,2022-01-01,2024-01-01,34,1.4068667295393742,1.4653548243339447,1.48875593149959,1.4787070833519735,0.2378419181526325
1034,BHP,LSTM,2022-01-01,2024-01-01,35,0.7212736096770345,0.6968439353128921,0.6835653347447017,0.7255689458513976,0.2391841780993757
1035,BHP,LSTM,2022-01-01,2024-01-01,36,0.3621351309254387,0.4361081704753285,0.5076909737966631,0.4450541091512046,0.4098561217375788
1036,BHP,LSTM,2022-01-01,2024-01-01,37,1.6054319702124926,1.6880572148224977,1.689886969239306,1.6458616761243896,0.3405559022100713
1037,BHP,LSTM,2022-01-01,2024-01-01,38,1.546433359192229,1.6157307434827763,1.609574477680627,1.624224798473202,0.2280112155787601
1038,BHP,LSTM,2022-01-01,2024-01-01,39,1.5359940660275735,1.621170874844557,1.581389283528152,1.625302140104401,0.2385164690953628
1039,BHP,LSTM,2022-01-01,2024-01-01,40,0.4191420474336955,0.3880851260036625,0.3869209519313416,0.3905852549703789,0.3914719396063324
1040,BHP,LSTM,2022-01-01,2024-01-01,41,0.493290556629437,0.3696790220403136,0.6048127597093695,0.5759012199536502,0.2347276656336014
1041,BHP,LSTM,2022-01-01,2024-01-01,42,1.5055524773559383,1.5272659425282873,1.5976476692799322,1.5648274704217344,0.2659444720597023
1042,BHP,LSTM,2022-01-01,2024-01-01,43,0.5030340181246747,0.4955158885922652,0.5872728990928477,0.4922172277887066,0.2833937026125637
1043,BHP,LSTM,2022-01-01,2024-01-01,44,1.5250862562182357,1.7475294004942752,1.3808354445171145,1.7315494562071363,0.4223281490377166
1044,BHP,LSTM,2022-01-01,2024-01-01,45,0.3277458831441948,0.3439315156886461,0.3931777091902027,0.3940744120233636,0.3195183428150854
1045,BHP,LSTM,2022-01-01,2024-01-01,46,0.6232370324941235,0.5287182400508817,0.5267059799066869,0.502809652296758,0.2322356201035504
1046,BHP,LSTM,2022-01-01,2024-01-01,47,1.8671154610568697,1.931460944579212,1.911055221133667,1.944774444283348,0.2355468329689014
1047,BHP,LSTM,2022-01-01,2024-01-01,48,0.2832541103415728,0.3102013442092665,0.3071941303871793,0.2807891854961775,0.2439317509706143
1048,BHP,LSTM,2022-01-01,2024-01-01,49,0.5382510761316125,0.686718206249968,0.8731939965227679,0.6683746905835661,0.330204013713167
1049,BHP,LSTM,2022-01-01,2024-01-01,50,0.8307961342039532,0.883646489639362,0.922540255768129,0.8923924583267963,0.3700184492408191
1050,BHP,LSTM,2022-09-01,2024-09-01,1,1.9957964252989688,2.5132686286692776,2.023330870065382,2.234150824749825,0.2599955324913401
1051,BHP,LSTM,2022-09-01,2024-09-01,2,1.613739946181453,1.7463833256311276,1.5831758531622255,1.7072013296469912,0.2626135944152728
1052,BHP,LSTM,2022-09-01,2024-09-01,3,0.6609309158403848,0.7649643393923694,0.7931764414474047,0.8840448679985866,0.2572189239186516
1053,BHP,LSTM,2022-09-01,2024-09-01,4,1.348195675330727,1.4656919859231552,1.388701449417565,1.3647139502119972,0.2549224598179013
1054,BHP,LSTM,2022-09-01,2024-09-01,5,2.2008543152599813,2.402065444285155,2.3162473356438085,2.4356603731088904,0.2759393478994965
1055,BHP,LSTM,2022-09-01,2024-09-01,6,0.7032627543876875,0.7445552378895873,0.7284062476766415,0.6740698109507747,0.3124679944921855
1056,BHP,LSTM,2022-09-01,2024-09-01,7,1.5939071451394622,1.7037634299836768,1.619736571113228,1.703480027141939,0.3540173139047396
1057,BHP,LSTM,2022-09-01,2024-09-01,8,1.3933357241507784,1.4997118318733786,1.1496573009614417,1.30326991374191,0.3624980862595472
1058,BHP,LSTM,2022-09-01,2024-09-01,9,1.0766342344605124,1.234400306384158,1.2118256802625085,1.1735813246908384,0.2737633686764067
1059,BHP,LSTM,2022-09-01,2024-09-01,10,0.5480286352706656,0.6830463010792543,0.6788070431634586,0.6332067186541327,0.3567979391130753
1060,BHP,LSTM,2022-09-01,2024-09-01,11,0.7739657861912287,0.9341478613472765,0.5066607846852125,0.7161666125096945,0.2545940586097356
1061,BHP,LSTM,2022-09-01,2024-09-01,12,1.7542555329168563,1.6641933805896796,1.666207135352635,1.8670406222825875,0.363315766122552
1062,BHP,LSTM,2022-09-01,2024-09-01,13,0.7252203308011707,0.7885823448358241,0.8899520707285746,0.9159570647670556,0.2563729564653129
1063,BHP,LSTM,2022-09-01,2024-09-01,14,0.5376131391649028,0.4609632547507283,0.3802451130510959,0.4868616605705538,0.278006800548833
1064,BHP,LSTM,2022-09-01,2024-09-01,15,1.0187723273065976,1.0290138903459378,1.0438203925785987,1.1394111422673907,0.2898487505961949
1065,BHP,LSTM,2022-09-01,2024-09-01,16,1.6605981887140784,1.7983506584753637,1.5133041912462468,1.6766580861990663,0.3373539359656931
1066,BHP,LSTM,2022-09-01,2024-09-01,17,2.539876042420576,2.725979738391176,2.5660146561843606,2.794034208836328,0.3474305522221959
1067,BHP,LSTM,2022-09-01,2024-09-01,18,3.089563784186474,3.710578339482317,3.4917926774770027,3.729630632608198,0.2681377110018823
1068,BHP,LSTM,2022-09-01,2024-09-01,19,0.896311807176343,0.9473899155939476,0.7573922334746306,0.8629897464938198,0.3730445451118871
1069,BHP,LSTM,2022-09-01,2024-09-01,20,0.4509797465364459,0.5311872891117896,0.5629814611433687,0.5465600419881728,0.3299703709087422
1070,BHP,LSTM,2022-09-01,2024-09-01,21,0.4010858443979688,0.658138907066488,0.5190322647006689,0.4792153327041291,0.2559780983342635
1071,BHP,LSTM,2022-09-01,2024-09-01,22,0.60412214923793,0.6687084718449158,0.5988167128430992,0.6140027228446919,0.2658970036363607
1072,BHP,LSTM,2022-09-01,2024-09-01,23,1.885408212086632,1.9654319215751543,2.055242434167365,2.088052255877934,0.2552566418419767
1073,BHP,LSTM,2022-09-01,2024-09-01,24,1.3644664667681246,1.4303621334927703,1.230848189514257,1.3671035573629244,0.2892535593012596
1074,BHP,LSTM,2022-09-01,2024-09-01,25,0.5174250926914918,0.4317765809377129,0.3919955533911036,0.3732809105038609,0.4197519109057953
1075,BHP,LSTM,2022-09-01,2024-09-01,26,1.4720797182456435,1.4936298366668173,1.6008007027338145,1.5905004987302205,0.280064570133721
1076,BHP,LSTM,2022-09-01,2024-09-01,27,1.3276709984345918,1.4816434968900092,1.5674743226682148,1.4589660088225866,0.2887860479661902
1077,BHP,LSTM,2022-09-01,2024-09-01,28,0.3939633188762596,0.5049835940136536,0.4350124769681154,0.486732616338361,0.3205292388424366
1078,BHP,LSTM,2022-09-01,2024-09-01,29,1.2956404567038542,1.2406752240367724,1.0127973578474734,1.4244219290093938,0.2743598612621412
1079,BHP,LSTM,2022-09-01,2024-09-01,30,0.7483923248173856,0.7920564493400337,0.6536750605885662,0.7585443389198443,0.4214694112011811
1080,BHP,LSTM,2022-09-01,2024-09-01,31,3.341659515468318,3.849993887809765,3.516279751171641,3.739120613338826,0.257824759737037
1081,BHP,LSTM,2022-09-01,2024-09-01,32,0.6702879531164105,0.7711134077675793,0.6460089919935803,0.6225340695780093,0.2919044852705066
1082,BHP,LSTM,2022-09-01,2024-09-01,33,2.209579718846721,2.387347800911628,2.4632236727955257,2.451965174015489,0.4530921722455702
1083,BHP,LSTM,2022-09-01,2024-09-01,34,0.930775745776218,0.9142067246327804,0.7014653869109376,0.8784766647061794,0.2603416168263335
1084,BHP,LSTM,2022-09-01,2024-09-01,35,1.0486021354670123,1.5403422928366204,1.5175306593171962,1.33937495511825,0.3915892442521065
1085,BHP,LSTM,2022-09-01,2024-09-01,36,1.8523261328905016,2.0216241818091047,1.9681944317097329,2.0260736754545574,0.2731748922935527
1086,BHP,LSTM,2022-09-01,2024-09-01,37,0.3923650049123098,0.4231636345422529,0.4762223304128802,0.434236160814576,0.252342237448528
1087,BHP,LSTM,2022-09-01,2024-09-01,38,0.8479547482006421,0.8443177813589668,0.8043666119004613,0.8895413168628079,0.2958381385151117
1088,BHP,LSTM,2022-09-01,2024-09-01,39,2.1856405186874985,2.4211365827048,2.120859473173524,2.4203659154278703,0.2605358859673763
1089,BHP,LSTM,2022-09-01,2024-09-01,40,2.1579079697608186,2.353813118974708,2.140780785163107,2.220818879873338,0.2618768386911846
1090,BHP,LSTM,2022-09-01,2024-09-01,41,0.4695835581519547,0.5211889758411791,0.5237577628584437,0.5115536280905201,0.3342202149180523
1091,BHP,LSTM,2022-09-01,2024-09-01,42,0.4133204034067787,0.4407874862071345,0.3628983589102933,0.3682674188893858,0.2660083454214902
1092,BHP,LSTM,2022-09-01,2024-09-01,43,1.0366190518903815,1.1619060250277522,1.024156162084775,1.1553862529403591,0.2536562162878066
1093,BHP,LSTM,2022-09-01,2024-09-01,44,1.7514396264748864,1.93631717668961,1.76191662008387,2.239288355357229,0.2603265408506319
1094,BHP,LSTM,2022-09-01,2024-09-01,45,0.5853234543460074,0.481593687728314,0.5633713064757362,0.4637043783299439,0.2889803267768495
1095,BHP,LSTM,2022-09-01,2024-09-01,46,1.4074780040727215,1.4657120680954576,1.3206707787735623,1.5533301245350042,0.5691332940372339
1096,BHP,LSTM,2022-09-01,2024-09-01,47,2.684364353802585,3.216125333040522,2.6781412391955914,3.0917686777729108,0.3512065878515557
1097,BHP,LSTM,2022-09-01,2024-09-01,48,0.7074014465313974,1.3234910278615917,1.4232942095453598,1.2977271289229504,0.2529092861950728
1098,BHP,LSTM,2022-09-01,2024-09-01,49,1.8765040394556247,2.129022570072402,1.835377987131496,1.998101457888291,0.3261931282672574
1099,BHP,LSTM,2022-09-01,2024-09-01,50,0.8597923503569863,1.190563383654905,1.3639060694177545,1.3009583181141815,0.5423552575219458
1100,BHP,LSTM,2023-05-01,2025-05-01,1,1.444967232073159,1.8806942308301235,1.3004447728992756,1.4219724187653089,0.3356450772225415
1101,BHP,LSTM,2023-05-01,2025-05-01,2,0.8629533348704637,1.108082410127615,0.828169913448177,0.8350273845670628,0.2819424547221694
1102,BHP,LSTM,2023-05-01,2025-05-01,3,0.3499421456099811,0.4328148957248754,0.40658275311062,0.3394288094355591,0.2998764109707287
1103,BHP,LSTM,2023-05-01,2025-05-01,4,0.8482758660757673,1.053545480755362,0.7806749688584361,0.787313502901944,0.2937600394335707
1104,BHP,LSTM,2023-05-01,2025-05-01,5,1.1927854943103624,1.470769184310817,1.1200749385917088,1.1003815220418005,0.3119960382847006
1105,BHP,LSTM,2023-05-01,2025-05-01,6,0.844328844708265,1.1516420572014792,0.8691955000343738,0.8724732224799829,0.2958289723411051
1106,BHP,LSTM,2023-05-01,2025-05-01,7,1.1008538357869884,1.5046707038715477,1.1113232841515,1.061439689125046,0.2868179650709915
1107,BHP,LSTM,2023-05-01,2025-05-01,8,0.7546485310903701,0.921499108457856,0.6747756428074806,0.6226663837686537,0.30928448087092
1108,BHP,LSTM,2023-05-01,2025-05-01,9,0.4463645955395769,0.5219551136006406,0.4532280273694886,0.4208566039892841,0.3210810576689146
1109,BHP,LSTM,2023-05-01,2025-05-01,10,1.1543315693370306,1.4667706272751608,1.087478246262059,1.063871880112408,0.3143360641179338
1110,BHP,LSTM,2023-05-01,2025-05-01,11,0.5954483951725501,0.7637265130478429,0.5350876150491392,0.5531326337240136,0.3158365729221284
1111,BHP,LSTM,2023-05-01,2025-05-01,12,0.4591219413400463,0.5326266164875981,0.4946067732548546,0.4385429627045689,0.3138390733997102
1112,BHP,LSTM,2023-05-01,2025-05-01,13,1.1846696479441994,1.515884366321513,1.149540014805035,1.1339653569265469,0.3102544703728764
1113,BHP,LSTM,2023-05-01,2025-05-01,14,0.8193453487810459,0.9588191147211628,0.736711117036659,0.7835757020830453,0.3020939797366568
1114,BHP,LSTM,2023-05-01,2025-05-01,15,0.4965161009123507,0.6025685328422616,0.5133600265929994,0.4946223420667894,0.3009766366585382
1115,BHP,LSTM,2023-05-01,2025-05-01,16,0.9002958475763324,1.2357634867940874,0.8603220537414968,0.8630389404876161,0.3157410371085494
1116,BHP,LSTM,2023-05-01,2025-05-01,17,1.0331027665811716,1.24946247252829,0.9522814396433668,0.949599314415965,0.306229576210589
1117,BHP,LSTM,2023-05-01,2025-05-01,18,0.5128453341652387,0.5402837289560682,0.4742541605672665,0.3813547023055683,0.301748807736301
1118,BHP,LSTM,2023-05-01,2025-05-01,19,0.4823251071060497,0.5737308478175871,0.4652505003245515,0.4569331525121285,0.2989744074779123
1119,BHP,LSTM,2023-05-01,2025-05-01,20,0.5467810941858131,0.7456994246843947,0.5958416223683893,0.5515680165294249,0.3029980818785732
1120,BHP,LSTM,2023-05-01,2025-05-01,21,0.8457847340959643,1.0123831674817338,0.6948499213979769,0.7515892100013906,0.2954290386809775
1121,BHP,LSTM,2023-05-01,2025-05-01,22,0.9446751387219392,1.21052928280877,0.8882634325221379,0.8883672656317635,0.3052403064751925
1122,BHP,LSTM,2023-05-01,2025-05-01,23,1.1665208033428955,1.5399725178093462,1.1320337072867463,1.142870184830335,0.2975810013495933
1123,BHP,LSTM,2023-05-01,2025-05-01,24,0.5846205724508498,0.7189283160817379,0.5730896645853542,0.5500484580516842,0.3076338545723898
1124,BHP,LSTM,2023-05-01,2025-05-01,25,1.0877696966372743,1.2623175164899512,0.8477156201488183,0.9282155499311154,0.2900780636173778
1125,BHP,LSTM,2023-05-01,2025-05-01,26,1.033270713279752,1.302816544900691,1.0068990277338046,0.9962304665818588,0.3043610963180769
1126,BHP,LSTM,2023-05-01,2025-05-01,27,0.8355592399979349,1.0647283030551806,0.8125882967232989,0.7727144506023612,0.2994022956630162
1127,BHP,LSTM,2023-05-01,2025-05-01,28,1.904109328455176,2.7644570481147954,1.8029517737989147,1.9580576395551403,0.351325053466256
1128,BHP,LSTM,2023-05-01,2025-05-01,29,0.7547750896131313,0.8394910128654774,0.6745795837405337,0.7010737289953252,0.2994510665435747
1129,BHP,LSTM,2023-05-01,2025-05-01,30,0.9451611941956384,1.186418747013858,0.8532185779448039,0.8417195077624868,0.297053275748483
1130,BHP,LSTM,2023-05-01,2025-05-01,31,0.4660623746253566,0.6051968526188319,0.4663673291945582,0.4734277834549417,0.2973882922802985
1131,BHP,LSTM,2023-05-01,2025-05-01,32,1.105785441199966,1.3623828328521432,1.0341276399966453,1.0155780745887892,0.3208768826313976
1132,BHP,LSTM,2023-05-01,2025-05-01,33,1.117504985772816,1.4888995179153353,1.0932382729180692,1.0818066264417758,0.3007241417068458
1133,BHP,LSTM,2023-05-01,2025-05-01,34,0.6573589162346584,0.789984923849467,0.5756873947183849,0.5381014273444192,0.3025626719778626
1134,BHP,LSTM,2023-05-01,2025-05-01,35,0.6446854052317501,0.8489506106828868,0.6920978266968402,0.5914314221480726,0.3034192810557818
1135,BHP,LSTM,2023-05-01,2025-05-01,36,0.5495009690869465,0.6778108031751573,0.5641889353106178,0.5355293938330896,0.3078860227548989
1136,BHP,LSTM,2023-05-01,2025-05-01,37,0.8709548776192461,1.064560931222386,0.8150019029667751,0.7794837187729864,0.3004518732809044
1137,BHP,LSTM,2023-05-01,2025-05-01,38,1.1627864397290515,1.4456458207322682,0.9972274163613764,1.0395360083059269,0.3012667615949784
1138,BHP,LSTM,2023-05-01,2025-05-01,39,0.4756633966855438,0.5706115547458291,0.4684732216721833,0.4250486548573868,0.3093102229817472
1139,BHP,LSTM,2023-05-01,2025-05-01,40,1.0093441781269348,1.3300295325303308,0.9330961709738204,0.9660951553378798,0.3012389201005083
1140,BHP,LSTM,2023-05-01,2025-05-01,41,0.9890895187238296,1.223349518737825,0.9717480578054448,0.942303124818289,0.3009689907979413
1141,BHP,LSTM,2023-05-01,2025-05-01,42,1.2550629008035563,1.586259719292977,1.106827614049538,1.1463692926198774,0.3162122101653077
1142,BHP,LSTM,2023-05-01,2025-05-01,43,1.1369510644915444,1.4374594118676178,1.0420593587529812,0.987103769817502,0.2890949306300016
1143,BHP,LSTM,2023-05-01,2025-05-01,44,0.5978266358492467,0.6797476003608831,0.5073574052285089,0.5504906373251518,0.3116661733698248
1144,BHP,LSTM,2023-05-01,2025-05-01,45,0.9847239122019168,1.235921915289631,0.929589042693876,0.9471741630396028,0.3164294165907786
1145,BHP,LSTM,2023-05-01,2025-05-01,46,0.6015542438314928,0.7332542023003837,0.62458322049086,0.6462162164013696,0.3026246022001335
1146,BHP,LSTM,2023-05-01,2025-05-01,47,0.7376649981812026,0.9048320090689242,0.7019801707631025,0.6673274143886447,0.3074149719614062
1147,BHP,LSTM,2023-05-01,2025-05-01,48,0.8790125760226755,1.2611535041578554,1.003395885388355,0.9238321652396732,0.3072644482433415
1148,BHP,LSTM,2023-05-01,2025-05-01,49,1.1701607452017042,1.3160668022822346,1.1054279572260663,1.0389089557861473,0.2942210280821403
1149,BHP,LSTM,2023-05-01,2025-05-01,50,1.4314151298823186,2.1473163042322803,1.486817347398243,1.4556448232527734,0.2922463720751246
1150,BHP,LSTM,2024-01-01,2026-01-01,1,0.6456054621940791,0.6655658058099543,0.7130593183999647,0.6159132183897795,0.1964015070455353
1151,BHP,LSTM,2024-01-01,2026-01-01,2,0.8658740917883142,0.9307409242713356,0.9066685348636933,0.878017906910972,0.1967486313929591
1152,BHP,LSTM,2024-01-01,2026-01-01,3,0.5346986936590041,0.5612601822773766,0.5576660680289683,0.5259366746334196,0.216787097915519
1153,BHP,LSTM,2024-01-01,2026-01-01,4,0.8786469926108466,0.9473951565635002,0.9105856596618508,0.8949718646820473,0.2467585678175867
1154,BHP,LSTM,2024-01-01,2026-01-01,5,0.2883512520569796,0.2948053797237003,0.2879852382527473,0.2842711009808616,0.1961424542958165
1155,BHP,LSTM,2024-01-01,2026-01-01,6,0.3972112241384026,0.4060570992472754,0.3951135350197244,0.3852179667496112,0.2133166451909771
1156,BHP,LSTM,2024-01-01,2026-01-01,7,0.6027185158869912,0.6558619907671788,0.6248912295941165,0.6072059625675925,0.2301245037010386
1157,BHP,LSTM,2024-01-01,2026-01-01,8,0.3773392215778606,0.3737860134386106,0.3652347774532646,0.3252836844364147,0.2374555013771828
1158,BHP,LSTM,2024-01-01,2026-01-01,9,0.4560077949209668,0.4128684187232341,0.4203454768763144,0.4079909600777376,0.2193715844418182
1159,BHP,LSTM,2024-01-01,2026-01-01,10,1.0606884659391251,1.026938001152534,0.9981999342021848,1.1230681166052665,0.2128727020794705
1160,BHP,LSTM,2024-01-01,2026-01-01,11,0.4560697967606263,0.4919320935016314,0.509265411890053,0.4883133798852867,0.2017749794122267
1161,BHP,LSTM,2024-01-01,2026-01-01,12,0.7313045311412688,0.8249625175637485,0.7789614487730142,0.7851057495922614,0.2109095701950406
1162,BHP,LSTM,2024-01-01,2026-01-01,13,0.5861865758017746,0.6101804488112736,0.5400876662027599,0.5462906618072438,0.1990405784001849
1163,BHP,LSTM,2024-01-01,2026-01-01,14,0.7134225395341888,0.7781523787405558,0.8265817461666096,0.7508870899365531,0.1976322915911524
1164,BHP,LSTM,2024-01-01,2026-01-01,15,0.7692364090141277,0.8180478130644437,0.8048735911828301,0.7742516705268745,0.1961161967485319
1165,BHP,LSTM,2024-01-01,2026-01-01,16,0.4707598174254875,0.5014096095592702,0.4919541399657718,0.4762562911052378,0.1954866545523472
1166,BHP,LSTM,2024-01-01,2026-01-01,17,0.7655769692069097,0.840732176957649,0.8291508825208772,0.7963009845419812,0.2063887330664755
1167,BHP,LSTM,2024-01-01,2026-01-01,18,0.3545763706655924,0.3941834372260447,0.36536448310623,0.4103746932219718,0.2122054571101986
1168,BHP,LSTM,2024-01-01,2026-01-01,19,1.3587819392259135,1.3684779770897095,1.2660778568045288,1.2205998046460764,0.1953430088786442
1169,BHP,LSTM,2024-01-01,2026-01-01,20,0.7494901810516691,0.8270297918814473,0.8258217833035103,0.7712160545633856,0.2046701503845457
1170,BHP,LSTM,2024-01-01,2026-01-01,21,0.7316027113837895,0.7597237931975117,0.7869170612899418,0.7619045159605183,0.1990920892636165
1171,BHP,LSTM,2024-01-01,2026-01-01,22,0.8499665843316937,0.909187338102164,0.871322454280322,0.8601528745919161,0.1995331966056808
1172,BHP,LSTM,2024-01-01,2026-01-01,23,0.7083758623463264,0.8129326824520023,0.7558743567112521,0.7662831988334567,0.1967049657426003
1173,BHP,LSTM,2024-01-01,2026-01-01,24,0.2821265306382357,0.279255592455899,0.2596885099348048,0.2546529846826263,0.1994465856283863
1174,BHP,LSTM,2024-01-01,2026-01-01,25,0.7432691641373365,0.8421136671833171,0.8794899889118379,0.7847260020815392,0.2147083733094099
1175,BHP,LSTM,2024-01-01,2026-01-01,26,0.6153243903714037,0.6509710973302087,0.6285108528237046,0.626742894402417,0.2353700319593797
1176,BHP,LSTM,2024-01-01,2026-01-01,27,0.3213919365280243,0.3442421706625287,0.3175741857172728,0.3155497707352904,0.2000448645695212
1177,BHP,LSTM,2024-01-01,2026-01-01,28,0.7219575675283584,0.7865544607705826,0.7265532574307548,0.7173104263915502,0.198008473614635
1178,BHP,LSTM,2024-01-01,2026-01-01,29,0.2926697694985801,0.2532294053356494,0.2193455657745361,0.3074503138585288,0.2004521862608071
1179,BHP,LSTM,2024-01-01,2026-01-01,30,0.465159104689238,0.5026230143527196,0.4766386899913851,0.4599994764612932,0.2688406217610611
1180,BHP,LSTM,2024-01-01,2026-01-01,31,0.4045873578623759,0.4130453203940041,0.4048213297096936,0.3984629928911593,0.2233258455832832
1181,BHP,LSTM,2024-01-01,2026-01-01,32,0.4482351095641727,0.4562969623702961,0.4353858603718816,0.4396828025829464,0.2031375474881813
1182,BHP,LSTM,2024-01-01,2026-01-01,33,1.0998752732890449,1.158159703375727,1.136621213062283,1.1321141560081658,0.223037074975883
1183,BHP,LSTM,2024-01-01,2026-01-01,34,0.6812405295543045,0.7240523354626748,0.7158207773779625,0.7213568726807315,0.2218327663432499
1184,BHP,LSTM,2024-01-01,2026-01-01,35,0.4170055680774053,0.5791438303919357,0.4660833520421466,0.3609608068202894,0.1954331431004721
1185,BHP,LSTM,2024-01-01,2026-01-01,36,0.3960804074237729,0.4118563237723357,0.3803050366856739,0.3803567837305847,0.2033016420376059
1186,BHP,LSTM,2024-01-01,2026-01-01,37,0.976481863217443,0.9936573363697044,0.9230781296288922,0.9525137876842952,0.2042819978747522
1187,BHP,LSTM,2024-01-01,2026-01-01,38,0.5276593949670748,0.4647099867642444,0.3405758482744898,0.4151047474250325,0.2394032299512679
1188,BHP,LSTM,2024-01-01,2026-01-01,39,0.5552293591637134,0.58294349210668,0.5914631781475413,0.5788728598950678,0.212126203228402
1189,BHP,LSTM,2024-01-01,2026-01-01,40,0.6319526123300676,0.6974807712917465,0.696575131866625,0.6552809504076278,0.2199073968723151
1190,BHP,LSTM,2024-01-01,2026-01-01,41,0.3325546337519726,0.3148723961272578,0.3204265243514995,0.2938339010992342,0.2290373934052715
1191,BHP,LSTM,2024-01-01,2026-01-01,42,0.6534951878996679,0.6671462532991662,0.6827061963527016,0.6662282042991632,0.2383424074094366
1192,BHP,LSTM,2024-01-01,2026-01-01,43,0.7934871102242584,0.8532962095064288,0.8136200857610085,0.8353659546928319,0.2979663851844736
1193,BHP,LSTM,2024-01-01,2026-01-01,44,0.4578336088729675,0.3773041279333932,0.3734887233424373,0.4517625029799339,0.2400125640400341
1194,BHP,LSTM,2024-01-01,2026-01-01,45,0.5337552345376152,0.5721784655214502,0.5615814920931196,0.5418146622710581,0.200851779895849
1195,BHP,LSTM,2024-01-01,2026-01-01,46,0.6274739272831544,0.6551741507207045,0.5890236246863669,0.5830267303332797,0.2619870998026238
1196,BHP,LSTM,2024-01-01,2026-01-01,47,0.4741761723007139,0.5026747123911149,0.4748053676483617,0.4609397366057654,0.1967369490548297
1197,BHP,LSTM,2024-01-01,2026-01-01,48,0.3121905795920323,0.3746352649600381,0.4222546373076709,0.4162399142160541,0.1945823471793246
1198,BHP,LSTM,2024-01-01,2026-01-01,49,0.4489035995355322,0.4603508517856926,0.444060957751114,0.4371423488742751,0.2027287622424859
1199,BHP,LSTM,2024-01-01,2026-01-01,50,0.7720741709125568,0.8906574112340795,1.1225931035508518,1.0593940850337649,0.2348683176767413
1200,BMO,LSTM,2022-01-01,2024-01-01,1,0.3801890258515477,0.3729285172559932,0.3789721225222173,0.3815767996483178,0.2457711561852535
1201,BMO,LSTM,2022-01-01,2024-01-01,2,0.5268127409850443,0.5356942145594935,0.5480177607517469,0.5302264155197755,0.2405885592328615
1202,BMO,LSTM,2022-01-01,2024-01-01,3,0.4515602990470876,0.5160099331668702,0.5354531423987665,0.4798706467177396,0.2385084169161245
1203,BMO,LSTM,2022-01-01,2024-01-01,4,0.2692209969345214,0.2627350097393943,0.2722596954929074,0.2697305208088555,0.2392319932348645
1204,BMO,LSTM,2022-01-01,2024-01-01,5,0.2825306423792628,0.2733011423401687,0.2972791126319933,0.2916699390755729,0.2423518340927879
1205,BMO,LSTM,2022-01-01,2024-01-01,6,0.4661441764869821,0.4807154876535114,0.4968986546656863,0.4860406676614939,0.2524150189595254
1206,BMO,LSTM,2022-01-01,2024-01-01,7,0.4662278007926848,0.357113291615578,0.307773050094474,0.3683960397906386,0.24059138566758
1207,BMO,LSTM,2022-01-01,2024-01-01,8,0.9807153548211108,0.936130214952116,0.9799050503781924,1.0161621367355624,0.3243176589036134
1208,BMO,LSTM,2022-01-01,2024-01-01,9,0.2586796884553878,0.2554169142430695,0.2522664461955379,0.2611148664095778,0.2492318570503633
1209,BMO,LSTM,2022-01-01,2024-01-01,10,0.4014739134536897,0.3298619330410034,0.3465197967515536,0.3555761873027657,0.2332804836746828
1210,BMO,LSTM,2022-01-01,2024-01-01,11,0.2936617058192533,0.2789711143098182,0.3314619532982195,0.3045570146051243,0.2549775339548613
1211,BMO,LSTM,2022-01-01,2024-01-01,12,0.8010181347334797,0.7841292949254118,0.8854631287028474,0.9110957214122392,0.2399429434324885
1212,BMO,LSTM,2022-01-01,2024-01-01,13,0.4402913189181862,0.4182813339009904,0.4366052972473758,0.4652389021831124,0.2853515257436079
1213,BMO,LSTM,2022-01-01,2024-01-01,14,0.382138314434905,0.3965493944056787,0.4144614709106789,0.4049949796334426,0.2270095495591097
1214,BMO,LSTM,2022-01-01,2024-01-01,15,0.5747014977387149,0.5427840515946895,0.5557969823582406,0.5349255233251973,0.2293183225410477
1215,BMO,LSTM,2022-01-01,2024-01-01,16,0.508032561285946,0.5167256288199422,0.5218573806192853,0.5347846540987508,0.2346366516537423
1216,BMO,LSTM,2022-01-01,2024-01-01,17,0.9604620372207612,0.9010431386585416,0.9023752704400716,0.950367458999836,0.2660366849894864
1217,BMO,LSTM,2022-01-01,2024-01-01,18,0.3585263683172411,0.3659977159002699,0.3699602620914844,0.3603567260031283,0.2562358313666849
1218,BMO,LSTM,2022-01-01,2024-01-01,19,0.4098897430916255,0.4182315523266807,0.4236033972098234,0.4270837091247689,0.2361453075891349
1219,BMO,LSTM,2022-01-01,2024-01-01,20,0.4751450466239201,0.4747040583221923,0.4895751963205668,0.5137153004374256,0.2325488734814087
1220,BMO,LSTM,2022-01-01,2024-01-01,21,0.4183847913388807,0.4051478638665398,0.4011774779476592,0.4130264062828802,0.3060033082919834
1221,BMO,LSTM,2022-01-01,2024-01-01,22,0.3502839146282019,0.3131867291638906,0.2988221237556679,0.3265048997801424,0.2337354112045392
1222,BMO,LSTM,2022-01-01,2024-01-01,23,0.373580432083596,0.3925641442930321,0.3990827978894207,0.4023417221499527,0.2778426691303289
1223,BMO,LSTM,2022-01-01,2024-01-01,24,0.6137664767668267,0.5859357452205434,0.5735072024877119,0.586327753381226,0.2478824561949605
1224,BMO,LSTM,2022-01-01,2024-01-01,25,0.2545112257695912,0.2601066729797798,0.2462704330558076,0.2575621141719683,0.2385272179188077
1225,BMO,LSTM,2022-01-01,2024-01-01,26,0.2625311673102277,0.2611093414502622,0.2647805955998694,0.2553846665175432,0.2268302472062609
1226,BMO,LSTM,2022-01-01,2024-01-01,27,0.5047627261630818,0.4995511780729528,0.5296958928118605,0.5017730581710356,0.243540126358855
1227,BMO,LSTM,2022-01-01,2024-01-01,28,0.4129162669834921,0.4309785571466246,0.4453041521244013,0.4301604701062055,0.2340579651844165
1228,BMO,LSTM,2022-01-01,2024-01-01,29,0.3011062700444473,0.254227566863464,0.2746482979817148,0.2653117145486542,0.233202567483437
1229,BMO,LSTM,2022-01-01,2024-01-01,30,0.3462489069548418,0.3471000834910187,0.3524638848935486,0.345478790280571,0.2384627607297876
1230,BMO,LSTM,2022-01-01,2024-01-01,31,0.4226429033766389,0.413150075248902,0.4033017725779749,0.4177469915698332,0.2608646977269891
1231,BMO,LSTM,2022-01-01,2024-01-01,32,0.7387535721420804,0.7193244681254968,0.7515352555361839,0.7712473881686103,0.2505343020627433
1232,BMO,LSTM,2022-01-01,2024-01-01,33,0.5609775077365166,0.5663309116710861,0.5577268628550403,0.5772377668810013,0.3388282597971246
1233,BMO,LSTM,2022-01-01,2024-01-01,34,0.4451969466411884,0.4258700177082553,0.422999265284501,0.433033481507821,0.2274254374837415
1234,BMO,LSTM,2022-01-01,2024-01-01,35,0.437009101970952,0.4362754196122373,0.4219519675698025,0.427410709640632,0.2532395794225696
1235,BMO,LSTM,2022-01-01,2024-01-01,36,0.4790881543576943,0.4707798033722979,0.4620197043881852,0.4766943624122875,0.2599679474481442
1236,BMO,LSTM,2022-01-01,2024-01-01,37,0.3243775589341896,0.3148360633239131,0.3061862474690833,0.3122463993122668,0.3070529908739354
1237,BMO,LSTM,2022-01-01,2024-01-01,38,0.298909714123196,0.2985301546136649,0.2952983394849912,0.295033829488961,0.2411536172181434
1238,BMO,LSTM,2022-01-01,2024-01-01,39,0.5364072870022714,0.5887835693322644,0.5930342754865974,0.5476819668283478,0.2641051644124728
1239,BMO,LSTM,2022-01-01,2024-01-01,40,0.4058294456543098,0.439038559173264,0.4256661897477559,0.4516074440116555,0.3030845923959823
1240,BMO,LSTM,2022-01-01,2024-01-01,41,0.3962167961254512,0.2884944680657798,0.2883932864135319,0.3408009657446073,0.3206634171908483
1241,BMO,LSTM,2022-01-01,2024-01-01,42,0.5548629629079895,0.5494799711803974,0.5639357064950559,0.5689329320026548,0.2330610551739616
1242,BMO,LSTM,2022-01-01,2024-01-01,43,0.3257510628380265,0.3241022390540978,0.3320758337316971,0.3343083672159417,0.2361053276603072
1243,BMO,LSTM,2022-01-01,2024-01-01,44,0.3440681167695666,0.347563250101348,0.3522461105014638,0.3533149960170481,0.2477586939151047
1244,BMO,LSTM,2022-01-01,2024-01-01,45,0.4849827975475074,0.4852801932578633,0.48017736638758,0.4875143571037881,0.2300138158433825
1245,BMO,LSTM,2022-01-01,2024-01-01,46,0.4213140891872345,0.415728006674095,0.431610759248355,0.4204528013889458,0.2302598875170918
1246,BMO,LSTM,2022-01-01,2024-01-01,47,0.3830394896794814,0.399382883290387,0.3834958808512123,0.3456967238890413,0.229607054587303
1247,BMO,LSTM,2022-01-01,2024-01-01,48,0.3124684417546997,0.3204126665179539,0.289674174762784,0.3123051947768506,0.2274598170853917
1248,BMO,LSTM,2022-01-01,2024-01-01,49,0.3800677901715669,0.3936716415986926,0.4093629321065328,0.3932204794594287,0.2286477491089114
1249,BMO,LSTM,2022-01-01,2024-01-01,50,0.3641325136626441,0.3924548033738149,0.3886993102058049,0.3697904418294373,0.2351299498630105
1250,BMO,LSTM,2022-09-01,2024-09-01,1,0.5238914566096582,0.5411938111943738,0.4158816988694305,0.60807841984343,0.2792087981529255
1251,BMO,LSTM,2022-09-01,2024-09-01,2,0.8648203279641524,1.0121667755884294,0.8970620644367409,1.0660801540365366,0.2624590160408743
1252,BMO,LSTM,2022-09-01,2024-09-01,3,0.3777571557188049,0.4111450740727235,0.3718623246427247,0.4360681407925107,0.2559928792151144
1253,BMO,LSTM,2022-09-01,2024-09-01,4,3.190515312742484,3.622998459479698,3.1747662890483404,3.775659304636582,0.285588034182229
1254,BMO,LSTM,2022-09-01,2024-09-01,5,0.663895664131938,0.750929381848012,0.6659514775640252,0.7973946652454809,0.2529637545958426
1255,BMO,LSTM,2022-09-01,2024-09-01,6,0.4550362032470804,0.4863032903192588,0.4353668898915356,0.5116103693445168,0.2462182184256533
1256,BMO,LSTM,2022-09-01,2024-09-01,7,0.4881652433034597,0.555193365696351,0.509437614756296,0.5840217131003929,0.2607192596626509
1257,BMO,LSTM,2022-09-01,2024-09-01,8,0.6705968576861995,0.7524615329209009,0.6725213717767348,0.7869464776292026,0.2627252981988714
1258,BMO,LSTM,2022-09-01,2024-09-01,9,0.6583862231157716,0.7497795236901883,0.6418247158201095,0.7737707265852245,0.2514283932158101
1259,BMO,LSTM,2022-09-01,2024-09-01,10,0.4844410299948184,0.5301596571281348,0.4742863800405736,0.5646770118095428,0.2547028398296591
1260,BMO,LSTM,2022-09-01,2024-09-01,11,0.5441570960161943,0.6206435099677886,0.581877709881156,0.6765317733688935,0.2438863384330863
1261,BMO,LSTM,2022-09-01,2024-09-01,12,0.375993550180413,0.377841729746846,0.3671114248408552,0.4166784095794052,0.2399930284801611
1262,BMO,LSTM,2022-09-01,2024-09-01,13,0.4288144622456257,0.478609030959531,0.5020443987090569,0.6246894867708488,0.263320096705172
1263,BMO,LSTM,2022-09-01,2024-09-01,14,0.546438722358968,0.5693533667859232,0.5308326670154572,0.7932540520677963,0.2522448397757436
1264,BMO,LSTM,2022-09-01,2024-09-01,15,0.2740291576284622,0.2982817656155737,0.275529761814375,0.3380422201038921,0.2501506223052759
1265,BMO,LSTM,2022-09-01,2024-09-01,16,2.1480452461940382,2.6002456331785395,2.322065092517101,2.755009507631068,0.2494867248642817
1266,BMO,LSTM,2022-09-01,2024-09-01,17,1.1095265713060052,1.2333289154031335,1.0357633294984276,1.2890498013753733,0.259249952810933
1267,BMO,LSTM,2022-09-01,2024-09-01,18,0.5139470427160849,0.6180607179519177,0.5267735169066321,0.6255307948419616,0.2521249678605809
1268,BMO,LSTM,2022-09-01,2024-09-01,19,0.3910530990922993,0.4508290679581997,0.3999090105335069,0.4716574808060008,0.2625986766471851
1269,BMO,LSTM,2022-09-01,2024-09-01,20,0.4042949340252944,0.4907915545544778,0.4401434838489086,0.5066565868573002,0.2699179626924451
1270,BMO,LSTM,2022-09-01,2024-09-01,21,0.4809457065661466,0.5702960357276295,0.4175553268847705,0.5125370285561782,0.2549688918409087
1271,BMO,LSTM,2022-09-01,2024-09-01,22,0.4284821263256625,0.4770569719347828,0.4490573237121841,0.5268227164283082,0.2626902216533757
1272,BMO,LSTM,2022-09-01,2024-09-01,23,0.6876292861682625,0.8775662787255897,0.7864732515219751,0.9374005542076812,0.243310897056188
1273,BMO,LSTM,2022-09-01,2024-09-01,24,0.3636935683011091,0.3776412126916091,0.3374677196776598,0.4016552667108691,0.2585049453157991
1274,BMO,LSTM,2022-09-01,2024-09-01,25,0.7199422600577622,0.699868925333892,0.4984407026742632,0.7532393965259698,0.2586202836778961
1275,BMO,LSTM,2022-09-01,2024-09-01,26,0.6280552100064308,0.7602035343400999,0.6755712234396627,0.7275854742917027,0.2856515470969448
1276,BMO,LSTM,2022-09-01,2024-09-01,27,0.8656746539687722,0.9878669866355771,0.8903986248099265,1.0352766325423786,0.2492325076987517
1277,BMO,LSTM,2022-09-01,2024-09-01,28,1.9375417218982096,2.1665253735947885,1.901658100765717,2.3012808882527067,0.2545598220752334
1278,BMO,LSTM,2022-09-01,2024-09-01,29,0.6964692776990143,0.6983822233142687,0.5953842980875443,0.8086065386091369,0.2505748359902183
1279,BMO,LSTM,2022-09-01,2024-09-01,30,0.635455816162273,0.6917247140938558,0.6104194585433907,0.7497928879168648,0.2669076620796989
1280,BMO,LSTM,2022-09-01,2024-09-01,31,1.0384916953758714,1.2343329140452493,0.9507351865843172,1.0813587565269525,0.2682079336907291
1281,BMO,LSTM,2022-09-01,2024-09-01,32,0.3117132510699293,0.3510468013342669,0.3192473022023166,0.3865802446306363,0.254570514025194
1282,BMO,LSTM,2022-09-01,2024-09-01,33,0.2641421226742817,0.2935462059000053,0.2657745575723372,0.3075599176394338,0.2704294898852781
1283,BMO,LSTM,2022-09-01,2024-09-01,34,2.288428226508126,2.465117763229929,2.132167374317673,2.4229837286332123,0.2408684028955765
1284,BMO,LSTM,2022-09-01,2024-09-01,35,0.4422420443173557,0.5587503989406051,0.5192113553161587,0.5343601240157807,0.241738908887782
1285,BMO,LSTM,2022-09-01,2024-09-01,36,0.6066111665966085,0.7859111046973855,0.6796947059059923,0.7535108635878407,0.2609336675755078
1286,BMO,LSTM,2022-09-01,2024-09-01,37,0.4970448166297588,0.5589911827482618,0.4994440981408119,0.5907095381793332,0.2604283083681867
1287,BMO,LSTM,2022-09-01,2024-09-01,38,0.3302333069943532,0.3432067660291829,0.3165054363179123,0.3998659199413493,0.2659306825552985
1288,BMO,LSTM,2022-09-01,2024-09-01,39,0.9704232691834052,1.148619692088055,0.8790398998989521,1.1590132393642971,0.2748127408461001
1289,BMO,LSTM,2022-09-01,2024-09-01,40,0.7135377209794513,0.7869434807953583,0.705861677722512,0.8648570009012805,0.2605065216503469
1290,BMO,LSTM,2022-09-01,2024-09-01,41,0.3365026490996795,0.3907632134116888,0.3574444989751715,0.3817444372431008,0.2661233437917007
1291,BMO,LSTM,2022-09-01,2024-09-01,42,0.5864646479680518,0.6441933122400596,0.5766987552992265,0.6862721893371558,0.2474872327153678
1292,BMO,LSTM,2022-09-01,2024-09-01,43,0.2188771691851958,0.259533194744544,0.2410393676994695,0.2901840363896917,0.2798970570593109
1293,BMO,LSTM,2022-09-01,2024-09-01,44,1.0939560853488035,1.1546772115980122,1.0289210889058629,1.3598186963352632,0.2712632737946494
1294,BMO,LSTM,2022-09-01,2024-09-01,45,0.3893977833574205,0.4294700268170142,0.3982803635454903,0.4581371419020419,0.2476630946585691
1295,BMO,LSTM,2022-09-01,2024-09-01,46,0.6420075066347889,0.6972746232102959,0.7307860764137963,0.8476590858651425,0.2596025754895668
1296,BMO,LSTM,2022-09-01,2024-09-01,47,1.4772636199446592,1.698874300667014,1.4568021074744932,1.8288123076003584,0.2483780811568598
1297,BMO,LSTM,2022-09-01,2024-09-01,48,0.5252791462300163,0.5587362582849104,0.5228286205823903,0.5830682722034328,0.2537345919341314
1298,BMO,LSTM,2022-09-01,2024-09-01,49,1.4916926077229082,1.6071750516574776,1.425552696414746,1.7102748603191689,0.2550919273815292
1299,BMO,LSTM,2022-09-01,2024-09-01,50,0.2324446541533705,0.2350482710528117,0.2167519325668464,0.2524431163510197,0.2601755342253212
1300,BMO,LSTM,2023-05-01,2025-05-01,1,0.282411490591938,0.6569793387370249,0.438343793191691,0.3467613279361614,0.2382762345383559
1301,BMO,LSTM,2023-05-01,2025-05-01,2,0.7483759739154757,1.2503685152054425,0.749752378235193,0.936122924295152,0.2535119451426106
1302,BMO,LSTM,2023-05-01,2025-05-01,3,0.2367022509353758,0.2966588609637636,0.3271464526878422,0.3384087376341427,0.2841786456291543
1303,BMO,LSTM,2023-05-01,2025-05-01,4,0.7204846083783922,0.9376213200935122,0.632561540646489,0.74440068413018,0.3772465794125076
1304,BMO,LSTM,2023-05-01,2025-05-01,5,0.4062194199935653,0.6462393068878763,0.4008436583117074,0.5055996907764482,0.2303226580046879
1305,BMO,LSTM,2023-05-01,2025-05-01,6,0.2568184658444132,0.3209951433969694,0.3291067854908305,0.354174799470503,0.2318403826766276
1306,BMO,LSTM,2023-05-01,2025-05-01,7,0.644786887232368,0.9551917952744936,0.7195771384396941,0.7893311232780432,0.266078891524578
1307,BMO,LSTM,2023-05-01,2025-05-01,8,0.9986217797467624,1.6175561532328495,1.0598512277627214,1.2455602782565691,0.2351725838944644
1308,BMO,LSTM,2023-05-01,2025-05-01,9,0.2976661982046504,0.4530115311056485,0.3279591997670845,0.3838207821357345,0.2730231687254164
1309,BMO,LSTM,2023-05-01,2025-05-01,10,0.6869975645409261,0.976963061568217,0.7355012170671307,0.8380216261563014,0.2462571942055618
1310,BMO,LSTM,2023-05-01,2025-05-01,11,1.4736763433540767,2.1877351026184786,1.2275060796859822,1.551265094244796,0.2324788399266807
1311,BMO,LSTM,2023-05-01,2025-05-01,12,0.2786297286870364,0.5067236078710318,0.3143021776880724,0.4013447667429271,0.238293347134061
1312,BMO,LSTM,2023-05-01,2025-05-01,13,1.0410822569397993,1.7577962026828615,1.2789289042072445,1.644232621880026,0.2904477826287978
1313,BMO,LSTM,2023-05-01,2025-05-01,14,0.392854955793767,0.7634543761207526,0.5068303797800714,0.5096989078792064,0.2633399863472129
1314,BMO,LSTM,2023-05-01,2025-05-01,15,1.2070320454694194,1.8753576869273487,1.328626914754247,1.426186982695857,0.2881699183965891
1315,BMO,LSTM,2023-05-01,2025-05-01,16,1.1672947837589691,1.859531115031644,1.132988250768484,1.38083467897658,0.4561415903631377
1316,BMO,LSTM,2023-05-01,2025-05-01,17,0.2301986044103446,0.2668742447435495,0.2685980083915151,0.2860509840827278,0.2932105063568093
1317,BMO,LSTM,2023-05-01,2025-05-01,18,0.5788455576166259,0.969980392530894,0.6296102497231654,0.7879962481422662,0.2868902170674101
1318,BMO,LSTM,2023-05-01,2025-05-01,19,0.6753398151381909,0.920229113597282,0.602360108263067,0.7149624214716278,0.2570677464705338
1319,BMO,LSTM,2023-05-01,2025-05-01,20,0.226384530099628,0.2827559238310945,0.2870619238524838,0.2941750314725508,0.2504518576688672
1320,BMO,LSTM,2023-05-01,2025-05-01,21,0.246368768650016,0.3238087297543364,0.2811733209951213,0.3127654081771797,0.2353836325140566
1321,BMO,LSTM,2023-05-01,2025-05-01,22,0.4959695145650662,0.6765945449954642,0.4732204114134219,0.5478503837392198,0.2513818315835517
1322,BMO,LSTM,2023-05-01,2025-05-01,23,0.6686967216853388,1.2167617390193632,0.6706554728025306,0.9468880366641697,0.2561245862573159
1323,BMO,LSTM,2023-05-01,2025-05-01,24,1.1073997243039129,1.7582191638852114,1.1810936417001323,1.5644454945413249,0.3285939117465911
1324,BMO,LSTM,2023-05-01,2025-05-01,25,0.3047899831772774,0.2862221598276024,0.2905277350914685,0.2856502063069281,0.2435757416360425
1325,BMO,LSTM,2023-05-01,2025-05-01,26,0.4171332517790407,0.8077581104776438,0.6405522205795777,0.6346999846505577,0.3126212997375573
1326,BMO,LSTM,2023-05-01,2025-05-01,27,0.6374295871694999,1.0365510867910634,0.6580605334869373,0.8297496389759085,0.2418383121452482
1327,BMO,LSTM,2023-05-01,2025-05-01,28,0.4748707592204438,0.7112635607111537,0.5371339366125288,0.5725945301091464,0.2953736569483525
1328,BMO,LSTM,2023-05-01,2025-05-01,29,0.5755805555996354,1.0702247306454309,0.6404923872055125,0.7162871476984363,0.2647556409690536
1329,BMO,LSTM,2023-05-01,2025-05-01,30,0.5296781294028234,0.8921058093215798,0.5476426677352445,0.6693822998744214,0.2323137294467689
1330,BMO,LSTM,2023-05-01,2025-05-01,31,1.3695551144421612,2.428959314323049,1.551419553669861,1.650288083749415,0.4704306940564833
1331,BMO,LSTM,2023-05-01,2025-05-01,32,1.2181247613415318,1.794507270675707,1.3064266435715224,1.6126325231051248,0.2559800972347536
1332,BMO,LSTM,2023-05-01,2025-05-01,33,1.4041892460670864,2.2734720193357343,1.5618208998392795,1.808027110296963,0.2659357129668199
1333,BMO,LSTM,2023-05-01,2025-05-01,34,0.5435976907165257,0.7751998612901052,0.6294946601396537,0.6516751196851405,0.236722026290051
1334,BMO,LSTM,2023-05-01,2025-05-01,35,0.2796800398824264,0.3536149028704071,0.291913936581372,0.3494619995663682,0.3072798757141263
1335,BMO,LSTM,2023-05-01,2025-05-01,36,0.2689295879910076,0.3596253463699557,0.288904597032071,0.3119809454160885,0.2283417875102514
1336,BMO,LSTM,2023-05-01,2025-05-01,37,0.7322225107889163,1.1982552392296906,0.7252169978813237,0.8480700029069045,0.3252749998862851
1337,BMO,LSTM,2023-05-01,2025-05-01,38,0.8483602229868624,1.3690590703125989,0.9284698920636684,1.0787485290696055,0.3555756238270996
1338,BMO,LSTM,2023-05-01,2025-05-01,39,0.5123908743910052,0.795459386761636,0.5222823478799918,0.6647308259922645,0.2492162432517389
1339,BMO,LSTM,2023-05-01,2025-05-01,40,0.233439489786094,0.2873313042444358,0.2718237595648324,0.2958055059318016,0.304974991278552
1340,BMO,LSTM,2023-05-01,2025-05-01,41,0.3702635678369275,0.3974023357706263,0.3639017755109037,0.3821572694969305,0.2560954513310029
1341,BMO,LSTM,2023-05-01,2025-05-01,42,1.3397807435767588,2.1522681446958734,1.3467012986188025,1.6776232781106024,0.2455483072757711
1342,BMO,LSTM,2023-05-01,2025-05-01,43,0.2345737427844901,0.3126357290780892,0.2709768038138629,0.2914838299670164,0.2461400632928749
1343,BMO,LSTM,2023-05-01,2025-05-01,44,0.8694662209210268,1.2796475804144751,0.8274712334686292,1.1850921122942562,0.2615790683947063
1344,BMO,LSTM,2023-05-01,2025-05-01,45,0.2434588804449633,0.3045154526894668,0.3019054507037104,0.3018108850736479,0.2578454086899732
1345,BMO,LSTM,2023-05-01,2025-05-01,46,0.2275122657020147,0.2879695999441576,0.2754941052337377,0.3350768343334008,0.2756983505346517
1346,BMO,LSTM,2023-05-01,2025-05-01,47,0.4273976214494647,0.5912804624998563,0.4970094270825442,0.5384145556124743,0.2736421603890473
1347,BMO,LSTM,2023-05-01,2025-05-01,48,0.8137670915116677,1.0498936108591772,0.6121874766607636,0.7762048033298125,0.2593396856656603
1348,BMO,LSTM,2023-05-01,2025-05-01,49,0.4394368712085214,0.6275347528846756,0.4609039543980467,0.5606752595211749,0.2429019555246987
1349,BMO,LSTM,2023-05-01,2025-05-01,50,0.6818307352887669,1.4687335845878229,1.1116595769069353,1.237439959242354,0.2421523520310856
1350,BMO,LSTM,2024-01-01,2026-01-01,1,2.4207123558292984,2.650588747872382,2.8354395234332737,2.2980642155306112,0.2892639571834821
1351,BMO,LSTM,2024-01-01,2026-01-01,2,1.416506772539685,1.432674254925686,1.372949833824595,1.355650631596942,0.2670854124432786
1352,BMO,LSTM,2024-01-01,2026-01-01,3,0.6685166107894558,0.740315657963724,0.6082055658647357,0.5982038989887809,0.3032801328098016
1353,BMO,LSTM,2024-01-01,2026-01-01,4,0.6297999318204479,0.778899797175444,0.7993563736017149,0.788013865376265,0.2817109821800108
1354,BMO,LSTM,2024-01-01,2026-01-01,5,0.2601446173353205,0.2443071884389157,0.2656612728682161,0.2358136386532029,0.2952953692426487
1355,BMO,LSTM,2024-01-01,2026-01-01,6,0.5214110641191104,0.5315806632052961,0.4433654364220937,0.4974531537939393,0.2685203448236144
1356,BMO,LSTM,2024-01-01,2026-01-01,7,0.6750022322765576,0.7110617844721921,0.5802745099090247,0.5702828551661007,0.2646400254233633
1357,BMO,LSTM,2024-01-01,2026-01-01,8,1.0579509851193505,1.074587023762868,0.949933325068497,0.9497274568722256,0.267027104822857
1358,BMO,LSTM,2024-01-01,2026-01-01,9,1.3573048766119984,1.397463426923845,1.279083189586843,1.346946692974806,0.2742903924773816
1359,BMO,LSTM,2024-01-01,2026-01-01,10,0.2794472729501163,0.3121140425955335,0.2520126395130721,0.3255266509157046,0.2895715452214438
1360,BMO,LSTM,2024-01-01,2026-01-01,11,0.7562514949417547,0.7683968726394467,0.7419125174107718,0.6720151858289082,0.2684629953313519
1361,BMO,LSTM,2024-01-01,2026-01-01,12,0.6950065763229861,0.8459340418357472,0.7503308255467087,0.7260535562986156,0.3083064883764033
1362,BMO,LSTM,2024-01-01,2026-01-01,13,0.958411719282825,1.092389417648016,0.906154595215792,0.854088382646242,0.267411862430758
1363,BMO,LSTM,2024-01-01,2026-01-01,14,0.4283404138312116,0.2901508747461154,0.2621713674469562,0.5328425358838704,0.2780902632766482
1364,BMO,LSTM,2024-01-01,2026-01-01,15,1.0158055817465366,0.9755819708534234,1.1282216849536215,0.9014681940660824,0.2747048079319842
1365,BMO,LSTM,2024-01-01,2026-01-01,16,0.2764545740272273,0.2662399389349048,0.3946233012582995,0.3238573571384018,0.265810274342691
1366,BMO,LSTM,2024-01-01,2026-01-01,17,0.3686378527699793,0.3966397042425387,0.4151285304974106,0.3834573733172017,0.2707739492960046
1367,BMO,LSTM,2024-01-01,2026-01-01,18,0.3508639561215789,0.2965928901565579,0.4499054424174465,0.244831583315821,0.3058525099456891
1368,BMO,LSTM,2024-01-01,2026-01-01,19,0.4039524790693799,0.4465135838066627,0.4336877331617749,0.4467917344363992,0.2922044787071641
1369,BMO,LSTM,2024-01-01,2026-01-01,20,1.4568131750284894,1.4727691414043396,1.3912598825242184,1.3821993461430555,0.2701595313981813
1370,BMO,LSTM,2024-01-01,2026-01-01,21,1.3305508275947682,1.2143217141490104,1.2645497888857582,1.3124082631177665,0.2637094719366176
1371,BMO,LSTM,2024-01-01,2026-01-01,22,0.6023323267931411,0.629134306663508,0.570728112599825,0.5020026712341653,0.3064682072877487
1372,BMO,LSTM,2024-01-01,2026-01-01,23,1.178244929210708,1.0252411824256324,1.1444350314150722,0.9775601515574146,0.263754222026314
1373,BMO,LSTM,2024-01-01,2026-01-01,24,1.2508189133134362,1.463326333242836,1.5385158218736887,1.4350548522100768,0.2800826541769106
1374,BMO,LSTM,2024-01-01,2026-01-01,25,0.4992414380313241,0.3113392060614862,0.3198480770641413,0.3532616219582803,0.2662010520738519
1375,BMO,LSTM,2024-01-01,2026-01-01,26,0.532480492520861,0.4927776608314551,0.5083099998815508,0.611011459726838,0.2820925049464993
1376,BMO,LSTM,2024-01-01,2026-01-01,27,0.2004248210436687,0.2372165264566739,0.2750248724733979,0.249409087956998,0.2663047094400602
1377,BMO,LSTM,2024-01-01,2026-01-01,28,0.8585837369445711,1.0419441121872124,0.6676942315795114,0.8312162138599407,0.2763704613162572
1378,BMO,LSTM,2024-01-01,2026-01-01,29,1.4401900833292738,1.680704031064287,0.9874351821299304,1.7494399782337446,0.2747700945288984
1379,BMO,LSTM,2024-01-01,2026-01-01,30,0.9550876904788284,1.0670202307479255,1.0682070422947636,0.9167597638853918,0.316647431807614
1380,BMO,LSTM,2024-01-01,2026-01-01,31,1.4254368888302154,1.4570949615126116,1.6382149599071822,1.6315089417566295,0.3439974021307575
1381,BMO,LSTM,2024-01-01,2026-01-01,32,1.0574584278775403,1.0875894232367431,0.9593740410855984,0.9792108053162925,0.2884573927868454
1382,BMO,LSTM,2024-01-01,2026-01-01,33,0.3257694266329271,0.3572569092531318,0.3465896180803542,0.3307158514974102,0.2647683620545606
1383,BMO,LSTM,2024-01-01,2026-01-01,34,0.9146146776448196,0.9141382721289694,0.8490470013877854,0.8194969656217763,0.2664915171303675
1384,BMO,LSTM,2024-01-01,2026-01-01,35,0.25670058315501,0.2775988913524562,0.2502767482978931,0.2233788204067328,0.2778287733879519
1385,BMO,LSTM,2024-01-01,2026-01-01,36,0.2950951598428736,0.4653843668979572,0.4467992166208538,0.4124504495974319,0.2674477313657832
1386,BMO,LSTM,2024-01-01,2026-01-01,37,1.8985198176268503,2.084225650065611,2.043627074167038,1.9598061472499195,0.2722656257994202
1387,BMO,LSTM,2024-01-01,2026-01-01,38,2.090265567482992,2.292570226090508,2.03799164294944,2.0131806172687656,0.2717231953247601
1388,BMO,LSTM,2024-01-01,2026-01-01,39,0.2440931307068136,0.2772407444246325,0.2689903640376629,0.2372613538037603,0.268205349014883
1389,BMO,LSTM,2024-01-01,2026-01-01,40,0.364904257581694,0.5828546924929239,0.2204306387400777,0.2248167822455064,0.3443898029321439
1390,BMO,LSTM,2024-01-01,2026-01-01,41,0.736939602231734,0.8401691425158349,0.8406406839117897,0.7197982699427512,0.2640748389339741
1391,BMO,LSTM,2024-01-01,2026-01-01,42,0.5310110687835393,0.5227580153766348,0.4870340549903255,0.4947358472853214,0.2816351726001134
1392,BMO,LSTM,2024-01-01,2026-01-01,43,1.1337466643390923,1.085112669789582,1.101887220436048,0.960291533669108,0.2799467906247043
1393,BMO,LSTM,2024-01-01,2026-01-01,44,0.5114452266459293,0.6258926744907491,0.6998125824219436,0.4954268158818745,0.279284139105615
1394,BMO,LSTM,2024-01-01,2026-01-01,45,1.4704798395179997,1.6179685053315502,1.5085688877762695,1.5747428299305652,0.318466091992383
1395,BMO,LSTM,2024-01-01,2026-01-01,46,0.8217711990492198,0.9746553860468496,1.0086010057913863,0.6924310402075015,0.2740921921879828
1396,BMO,LSTM,2024-01-01,2026-01-01,47,1.1619565526096594,1.228890923930529,1.188600808649688,1.1035193816617934,0.2749243553588695
1397,BMO,LSTM,2024-01-01,2026-01-01,48,1.0215668298822858,1.274648040079804,1.4148101184855282,1.537602208903181,0.2760325245837629
1398,BMO,LSTM,2024-01-01,2026-01-01,49,0.4971175730684692,0.5529014267643801,0.3318144897179629,0.3432245438955733,0.3252201061570586
1399,BMO,LSTM,2024-01-01,2026-01-01,50,0.789587116871083,0.4389941905793467,0.3415676341577457,0.3285666183657553,0.2752639884582554
1400,V,LSTM,2022-01-01,2024-01-01,1,3.3320666620679136,3.4410870791667536,3.545071418448104,3.592347496000128,0.2270084603386605
1401,V,LSTM,2022-01-01,2024-01-01,2,1.344348459390507,0.519266755226174,0.5888473502138895,1.2477322701354483,0.2007198093706447
1402,V,LSTM,2022-01-01,2024-01-01,3,4.705199351680228,4.7520542854320444,4.963001674201506,5.128000841610984,0.2411821812563025
1403,V,LSTM,2022-01-01,2024-01-01,4,2.535667486604723,2.576390625929529,2.794012182345617,2.8191957723254446,0.3385037992641876
1404,V,LSTM,2022-01-01,2024-01-01,5,1.8230735629187496,1.8331822687405328,1.6989756092151531,1.754599582630703,0.2426954726485419
1405,V,LSTM,2022-01-01,2024-01-01,6,2.177373267915952,1.8360792678760296,1.49546405453895,2.006998890473486,0.2937929434030042
1406,V,LSTM,2022-01-01,2024-01-01,7,0.5024814146239239,0.1988872935062604,0.4711509515886714,0.1185663808434467,0.2235202577035337
1407,V,LSTM,2022-01-01,2024-01-01,8,0.7597187060580268,0.8958369301459839,1.0110669731509296,0.8709756928765626,0.2332844677080305
1408,V,LSTM,2022-01-01,2024-01-01,9,0.3717046840841736,0.2715991742759996,0.4028862590854145,0.3494093326509008,0.2696439137018988
1409,V,LSTM,2022-01-01,2024-01-01,10,2.051863040171588,2.2738934083785804,2.453822783031332,2.263588031231658,0.2444992463332536
1410,V,LSTM,2022-01-01,2024-01-01,11,0.4175426905856245,0.186480280399739,0.1411688261665734,0.1944673342473059,0.3539754778430318
1411,V,LSTM,2022-01-01,2024-01-01,12,0.7835039518267722,0.7913579939761949,0.792799844797231,0.9790619226075968,0.2089055633442172
1412,V,LSTM,2022-01-01,2024-01-01,13,1.6549933932752268,1.8969872174756173,1.743756360265874,1.7274847794176462,0.194277894486046
1413,V,LSTM,2022-01-01,2024-01-01,14,0.5921959591141733,0.2826720938323444,0.5709899278454328,0.618181925123473,0.4260416664097638
1414,V,LSTM,2022-01-01,2024-01-01,15,2.5200104066960174,2.7065151991757417,2.807396499917996,2.6334444290719614,0.2264233801232873
1415,V,LSTM,2022-01-01,2024-01-01,16,4.450700799735313,4.735799298475675,4.756566696178132,4.827364248626604,0.272941679605287
1416,V,LSTM,2022-01-01,2024-01-01,17,5.4618327536876095,5.639313483204291,6.30519862908641,5.872822161048648,0.2830776390613252
1417,V,LSTM,2022-01-01,2024-01-01,18,1.117956575430815,1.0455617529059915,1.1516204787445086,0.9889891280730656,0.2491172608569143
1418,V,LSTM,2022-01-01,2024-01-01,19,1.0680874636424664,1.101334306956412,1.3365378041979057,1.332529914974945,0.3275465610785034
1419,V,LSTM,2022-01-01,2024-01-01,20,0.4994184549730763,0.6020873286144375,0.492752014313048,0.5140661985041369,0.2673981420316471
1420,V,LSTM,2022-01-01,2024-01-01,21,1.0446760826937778,1.1887875572128714,1.302806140067683,1.2270936629258835,0.2105839071171548
1421,V,LSTM,2022-01-01,2024-01-01,22,3.1640171033522075,2.5028907075699123,1.579389597913078,2.810584599052685,0.2160881987418837
1422,V,LSTM,2022-01-01,2024-01-01,23,3.064089584528913,3.000005997764689,3.0341339751960668,2.681296941426088,0.2134069154533923
1423,V,LSTM,2022-01-01,2024-01-01,24,0.912831135662896,0.8151670316152563,0.5523244880359549,0.5702873901119244,0.2550952494158173
1424,V,LSTM,2022-01-01,2024-01-01,25,1.7539550087983438,1.99940365881626,1.953831896033291,1.9512846977593887,0.1984619462896839
1425,V,LSTM,2022-01-01,2024-01-01,26,1.96266079648856,2.1367305515742228,2.067849729655606,2.0934333924029325,0.2643645576299448
1426,V,LSTM,2022-01-01,2024-01-01,27,3.529142137383209,3.5217226262581374,3.651245423214989,3.69121235688236,0.3869986843314743
1427,V,LSTM,2022-01-01,2024-01-01,28,1.3993613837798868,1.4683872422522546,1.615780899900713,1.6383404713088796,0.2099750523471353
1428,V,LSTM,2022-01-01,2024-01-01,29,2.4782791758517213,2.51365528585904,2.644252961506384,2.6890272622143443,0.2636243903742749
1429,V,LSTM,2022-01-01,2024-01-01,30,3.736275192523431,3.922323597217465,3.93858899509936,3.938585279452615,0.2544996122710573
1430,V,LSTM,2022-01-01,2024-01-01,31,2.316483598561873,2.515810215950755,2.529055375041321,2.396954088993612,0.289426581656749
1431,V,LSTM,2022-01-01,2024-01-01,32,3.8349871584255473,3.978900164468755,4.13993952447364,4.177305396806476,0.3513278292225717
1432,V,LSTM,2022-01-01,2024-01-01,33,2.180414339141128,2.429782038954833,2.31997993766454,2.439819749913734,0.2374883961546622
1433,V,LSTM,2022-01-01,2024-01-01,34,1.96164882477516,2.0730766522751685,2.13012492550816,2.215094457849329,0.2752355262554128
1434,V,LSTM,2022-01-01,2024-01-01,35,2.36342235683525,2.423154968056695,2.3804028632081224,2.385996898101008,0.2844945483490355
1435,V,LSTM,2022-01-01,2024-01-01,36,0.4219452623400697,0.4344533355323145,0.4473234275385145,0.5021970078821915,0.2622102452687597
1436,V,LSTM,2022-01-01,2024-01-01,37,0.8708441789907551,0.726593697911596,0.8420541170046976,0.6423948383684168,0.3697838856765909
1437,V,LSTM,2022-01-01,2024-01-01,38,0.7975454481753851,0.9621827019263072,1.0816873095119028,0.9739539012686058,0.2009606606955364
1438,V,LSTM,2022-01-01,2024-01-01,39,2.226072590054037,2.136390355762916,2.3704826607209144,2.29578237513596,0.1993660985048746
1439,V,LSTM,2022-01-01,2024-01-01,40,1.3923336643692474,1.4099509675172517,1.541931213201963,1.539428375100336,0.221429536019568
1440,V,LSTM,2022-01-01,2024-01-01,41,1.0566808135729358,1.2552493014030806,1.179477729456028,1.1427489606674948,0.2392319563546043
1441,V,LSTM,2022-01-01,2024-01-01,42,3.0656481135754654,3.303620861308957,3.490886682292531,3.326315930673455,0.5110800014560342
1442,V,LSTM,2022-01-01,2024-01-01,43,0.9904450213227776,0.984594863170578,0.9070079344956916,0.957359420081358,0.2384916172570045
1443,V,LSTM,2022-01-01,2024-01-01,44,0.6165656620017925,0.6826676071991897,0.6697259279655283,0.7670533494816224,0.2110972883006818
1444,V,LSTM,2022-01-01,2024-01-01,45,2.430643187084017,2.3874401263482525,2.5418812300234053,2.576334062465184,0.238882014682746
1445,V,LSTM,2022-01-01,2024-01-01,46,2.5663003492394694,2.5238263182087763,2.542027516649659,2.681403508256464,0.2145652399152594
1446,V,LSTM,2022-01-01,2024-01-01,47,2.9151765308788056,3.035873006962664,3.0766513958197743,3.1219365075623697,0.2555264857811684
1447,V,LSTM,2022-01-01,2024-01-01,48,0.8860988005692606,0.9376515036171342,0.9915389321603338,0.9021551248666044,0.1988539049279762
1448,V,LSTM,2022-01-01,2024-01-01,49,3.080621189199748,3.2366712062197727,3.285849453047668,3.3080395471222546,0.2653088313918437
1449,V,LSTM,2022-01-01,2024-01-01,50,1.6676866727834416,1.9702711955009768,1.7909935432286073,1.7667967416832335,0.2107953353402061
1450,V,LSTM,2022-09-01,2024-09-01,1,1.0848324513889176,1.3189247966871265,0.8431974107682899,1.042524515009735,0.2408139490999004
1451,V,LSTM,2022-09-01,2024-09-01,2,0.9596901983654882,0.8171428481730125,0.8430176545193359,0.7651571364022172,0.2253535867515454
1452,V,LSTM,2022-09-01,2024-09-01,3,0.292802976802869,0.2959070457698318,0.3564460652193937,0.3083173407394822,0.2109021741158901
1453,V,LSTM,2022-09-01,2024-09-01,4,0.5202298309243926,0.4925785682704119,0.4793686264349576,0.4058016490541019,0.2127478369612473
1454,V,LSTM,2022-09-01,2024-09-01,5,0.3948157828397106,0.3952906755368173,0.3282368346356763,0.3544418512004015,0.2880005200135648
1455,V,LSTM,2022-09-01,2024-09-01,6,1.323436113566896,1.2930731186859143,1.0648633360595847,1.0903533617561083,0.2173945411310113
1456,V,LSTM,2022-09-01,2024-09-01,7,1.2604762565115395,1.2274893529404105,1.174173875902648,1.0807642528619057,0.2533957387469607
1457,V,LSTM,2022-09-01,2024-09-01,8,1.409251107578834,1.436030394886855,1.517567051459206,1.2556846188180306,0.214330575195286
1458,V,LSTM,2022-09-01,2024-09-01,9,0.8221393610841798,0.8551142536536034,0.7727264667946482,0.7546038173793562,0.2363259485964766
1459,V,LSTM,2022-09-01,2024-09-01,10,0.8712766469204725,0.7708592331216323,0.7788542968679079,0.7324010996797367,0.2266923413239666
1460,V,LSTM,2022-09-01,2024-09-01,11,0.5308608408592338,0.3297297222044475,0.2888894960773175,0.2822742875383168,0.2124762090381999
1461,V,LSTM,2022-09-01,2024-09-01,12,1.0153819789748757,1.2945706720479913,0.944804965432654,1.1175508063423416,0.2174274168768024
1462,V,LSTM,2022-09-01,2024-09-01,13,0.3138210324332784,0.2782641923265214,0.3568138566223425,0.3138770033267878,0.2206538781866381
1463,V,LSTM,2022-09-01,2024-09-01,14,1.412366051552892,1.0568861405432055,1.059456206606706,1.0537134225178575,0.2096732745745627
1464,V,LSTM,2022-09-01,2024-09-01,15,0.5455012076253491,0.5459317510452774,0.4953586360405732,0.5487078527040818,0.220448971073784
1465,V,LSTM,2022-09-01,2024-09-01,16,0.9571832118096578,0.8980870411605848,0.8851447903755794,0.767471737947668,0.2115310421810393
1466,V,LSTM,2022-09-01,2024-09-01,17,1.205732498511927,1.1522759218836234,1.052752561318928,1.0851023322679714,0.2346369565550755
1467,V,LSTM,2022-09-01,2024-09-01,18,0.6085948422636769,0.8418806813070249,0.654873193566619,0.8138966667083825,0.2126780141986014
1468,V,LSTM,2022-09-01,2024-09-01,19,1.333179293917652,1.096267050087271,1.0391417414441362,0.9314724719288056,0.2266117209825542
1469,V,LSTM,2022-09-01,2024-09-01,20,0.5897661140704517,0.5762725317514223,0.4923325335861557,0.5004229795860442,0.2741116855638349
1470,V,LSTM,2022-09-01,2024-09-01,21,0.6597387119611132,0.7392532717205731,0.69947088111662,0.7325559401561694,0.2179573200211546
1471,V,LSTM,2022-09-01,2024-09-01,22,0.71016687922172,0.6895384774539415,0.6168583044739993,0.6069336092793173,0.2114243010034014
1472,V,LSTM,2022-09-01,2024-09-01,23,0.7295966517000197,0.6750367635016069,0.7354309375251672,0.7607678416221051,0.2517141810429945
1473,V,LSTM,2022-09-01,2024-09-01,24,0.3731134338367864,0.2819496469623868,0.2953017679517374,0.4117449971901445,0.2422629736402086
1474,V,LSTM,2022-09-01,2024-09-01,25,0.9140548756221156,0.7271534512241689,0.2949658272204508,0.6371049526617122,0.2196155400659573
1475,V,LSTM,2022-09-01,2024-09-01,26,0.714905217201138,0.264261786877808,0.670197910442276,0.4040454706349319,0.209771740494622
1476,V,LSTM,2022-09-01,2024-09-01,27,0.4524748051696527,0.4417680396065158,0.4504697136735218,0.4096326599562398,0.2096218276427976
1477,V,LSTM,2022-09-01,2024-09-01,28,1.97340078038342,2.0813954541823536,1.7284131077753953,1.7818588060456082,0.2148154882652138
1478,V,LSTM,2022-09-01,2024-09-01,29,0.9068340916631228,0.8659573011244729,0.7186615383999622,0.8193205811859772,0.2131219412747911
1479,V,LSTM,2022-09-01,2024-09-01,30,0.4480593017251085,0.4988730205449539,0.443549702247913,0.4264779038377774,0.2373726839457857
1480,V,LSTM,2022-09-01,2024-09-01,31,0.534156336040622,0.6309888174672367,0.4584988065088148,0.6840768022050303,0.3226680264915723
1481,V,LSTM,2022-09-01,2024-09-01,32,1.2403286536231597,1.0815348460218432,1.053386509508028,1.0829103531318425,0.2160683826344307
1482,V,LSTM,2022-09-01,2024-09-01,33,0.3861281678400085,0.292861718495835,0.2728700252667747,0.2803204731179788,0.2736363441242779
1483,V,LSTM,2022-09-01,2024-09-01,34,1.9004734873311613,1.7393687432305276,1.750567896408845,1.5108177684338202,0.2158418580088049
1484,V,LSTM,2022-09-01,2024-09-01,35,0.3854636517792665,0.4152905090116781,0.3918027247334648,0.3837208488629462,0.2118831510183862
1485,V,LSTM,2022-09-01,2024-09-01,36,0.5687588748660471,0.6373236468482836,0.5167593244838272,0.5139502351726382,0.2100146725538651
1486,V,LSTM,2022-09-01,2024-09-01,37,0.8854027887791354,0.7513967566150458,0.8094266820320865,0.7216248323907963,0.2112030463129584
1487,V,LSTM,2022-09-01,2024-09-01,38,0.3372408986699864,0.3208497612494924,0.3100078817993668,0.3073317529224871,0.216703766811346
1488,V,LSTM,2022-09-01,2024-09-01,39,0.3388317595538996,0.3173429516445525,0.3090172626242046,0.3113624586461787,0.2219757010294445
1489,V,LSTM,2022-09-01,2024-09-01,40,0.5103083179669544,0.4712561235531696,0.5464974954032836,0.3468730618977544,0.2126341538455724
1490,V,LSTM,2022-09-01,2024-09-01,41,2.1245505739534964,1.9020770646635503,1.8694193406273447,1.659964833455594,0.2302663982622482
1491,V,LSTM,2022-09-01,2024-09-01,42,0.4058542419213569,0.4377587989193698,0.4073077985250078,0.4030504900544785,0.2158429823502897
1492,V,LSTM,2022-09-01,2024-09-01,43,0.6796234713418169,0.5478530801134206,0.5453798900037491,0.5247979000730804,0.2403588668749282
1493,V,LSTM,2022-09-01,2024-09-01,44,0.9514748307948544,0.8777373602959666,0.7142831743773814,0.8909159612013757,0.2100324676419049
1494,V,LSTM,2022-09-01,2024-09-01,45,1.1486863640294285,1.1226112007380666,1.030926495932355,1.0089346779082324,0.2156710978192861
1495,V,LSTM,2022-09-01,2024-09-01,46,0.404131499707798,0.4215201158992409,0.34902066667716,0.341336498912899,0.2293248599697172
1496,V,LSTM,2022-09-01,2024-09-01,47,0.8279536531206659,0.8364998504418532,0.7178951096309089,0.6883564519166095,0.2291874922139617
1497,V,LSTM,2022-09-01,2024-09-01,48,0.4882149999515233,0.3167305122751973,0.3107706238719196,0.4231358259718509,0.2093262747507476
1498,V,LSTM,2022-09-01,2024-09-01,49,0.5722108060891269,0.7188651663472274,0.5434834822740825,0.5246394439032159,0.2182060484415472
1499,V,LSTM,2022-09-01,2024-09-01,50,0.9040306278790928,0.8932039654564236,0.9627325965107651,0.916880796904636,0.2118467637850374
1500,V,LSTM,2023-05-01,2025-05-01,1,0.8351024887046193,1.5595822351385225,1.0678050777905277,1.0145851638296823,0.3118820802908216
1501,V,LSTM,2023-05-01,2025-05-01,2,1.1765447974542438,1.90383382365276,1.3168796624731705,1.4232587242594694,0.281713006724815
1502,V,LSTM,2023-05-01,2025-05-01,3,0.5434667643880757,0.8419906171112282,0.7406685208408507,0.6907311765619436,0.2258161529015856
1503,V,LSTM,2023-05-01,2025-05-01,4,0.5666004880310641,0.72190677271144,0.5810203637368272,0.5359508266523593,0.2259525155643455
1504,V,LSTM,2023-05-01,2025-05-01,5,0.368656638712009,0.470752619543024,0.433871647169546,0.4556535262679874,0.2501226284664989
1505,V,LSTM,2023-05-01,2025-05-01,6,0.5802850302848733,1.0111684827430611,0.5781678850529213,0.6128880248543082,0.2287201075100894
1506,V,LSTM,2023-05-01,2025-05-01,7,0.4738423738399884,0.808602543642665,0.4685982909584514,0.5608508382076933,0.2487604990364404
1507,V,LSTM,2023-05-01,2025-05-01,8,0.2820099049618713,0.4375915457845274,0.3228047787002563,0.3589547121906519,0.2503784561386284
1508,V,LSTM,2023-05-01,2025-05-01,9,0.3974595815002338,0.7467292322806942,0.3998686775398782,0.4826713259471943,0.2398319913983067
1509,V,LSTM,2023-05-01,2025-05-01,10,0.7509984066734352,1.2195956964253432,0.693396730960026,0.812920994039663,0.2479186705708976
1510,V,LSTM,2023-05-01,2025-05-01,11,0.2353442064695955,0.322088915549285,0.2792668357360713,0.2714678230131063,0.2858924591647175
1511,V,LSTM,2023-05-01,2025-05-01,12,0.7318890742246997,1.0956727490385465,0.8506384008141554,0.9891087806373592,0.2240792074628422
1512,V,LSTM,2023-05-01,2025-05-01,13,0.2264653893741388,0.2925825437052649,0.2831688668889115,0.3505112453950808,0.2626002478873096
1513,V,LSTM,2023-05-01,2025-05-01,14,0.4539750397466521,0.771825472630111,0.5789670295776704,0.4965492019535156,0.2389324368736073
1514,V,LSTM,2023-05-01,2025-05-01,15,0.2237048815424884,0.3719492404377028,0.2686625064003875,0.2748406467576967,0.2417969397742551
1515,V,LSTM,2023-05-01,2025-05-01,16,0.2841867053544816,0.5212386294275779,0.3396416321986279,0.3525271710965095,0.2368286275796753
1516,V,LSTM,2023-05-01,2025-05-01,17,0.3125637771785648,0.3111238210169125,0.4038124483079002,0.3315516606868961,0.2237628309988719
1517,V,LSTM,2023-05-01,2025-05-01,18,1.6043604393872408,2.552826552072835,1.8098904032528007,1.8925462411687253,0.2442009312911313
1518,V,LSTM,2023-05-01,2025-05-01,19,0.8746130152115107,1.137342297401582,0.7652460395055898,0.8677501972751278,0.2629603554374226
1519,V,LSTM,2023-05-01,2025-05-01,20,0.2100940884563227,0.3102067399326629,0.2692613676746897,0.2651967922326692,0.2574717295915905
1520,V,LSTM,2023-05-01,2025-05-01,21,0.7845160633462103,1.257004672450813,0.8265882943968589,0.5923512482130545,0.2235390195709018
1521,V,LSTM,2023-05-01,2025-05-01,22,1.301033212875585,1.842549397327517,1.2503984884088917,1.4191008702719914,0.4129306868953724
1522,V,LSTM,2023-05-01,2025-05-01,23,0.8590911286483492,1.3717461592791862,0.8287261595522312,0.9697579213892834,0.2307880255640974
1523,V,LSTM,2023-05-01,2025-05-01,24,0.4441023239866734,0.7953616960870259,0.4492445739738571,0.4665986830572733,0.2286133735631656
1524,V,LSTM,2023-05-01,2025-05-01,25,0.4372025478789211,0.9243848726961494,0.6677499569329578,0.6170929673913922,0.2368185453103588
1525,V,LSTM,2023-05-01,2025-05-01,26,1.4699894523342292,2.56156814095706,1.7744080793267176,1.7718120035136915,0.2490593018381194
1526,V,LSTM,2023-05-01,2025-05-01,27,0.3148313938478743,0.5479085191630244,0.3315175408733464,0.3783578294464942,0.2233695041106612
1527,V,LSTM,2023-05-01,2025-05-01,28,0.5998161627121537,0.9880548709445682,0.7522589406823172,0.7561284131072783,0.233094626841367
1528,V,LSTM,2023-05-01,2025-05-01,29,1.2081000477083552,2.1864709823100394,1.3228681117588763,1.4135489190339603,0.2339254700725197
1529,V,LSTM,2023-05-01,2025-05-01,30,0.218636008752497,0.4380018092690548,0.26288290948853,0.2603344715068471,0.2435662450376284
1530,V,LSTM,2023-05-01,2025-05-01,31,0.8639815003062876,1.4129446567955806,1.1059673158489824,1.1470060794900006,0.2267616407529331
1531,V,LSTM,2023-05-01,2025-05-01,32,0.8092141601327035,1.2491726913079009,0.9680710820441508,1.0748104946948718,0.2325826357066288
1532,V,LSTM,2023-05-01,2025-05-01,33,0.5220515102757866,0.803369002343589,0.5539341758077904,0.6678329563062342,0.2534632491721107
1533,V,LSTM,2023-05-01,2025-05-01,34,0.216206976987022,0.2468950069035371,0.2722433368956971,0.2428661172645217,0.2362449524977419
1534,V,LSTM,2023-05-01,2025-05-01,35,0.9222470752894066,1.5523274479789049,1.0339230715527796,1.066542817624344,0.2258836769149183
1535,V,LSTM,2023-05-01,2025-05-01,36,0.2500190043993263,0.4255553964785236,0.272161478270348,0.2903450766948151,0.2377386060824068
1536,V,LSTM,2023-05-01,2025-05-01,37,0.5065076848954049,1.028655298103275,0.542468585124284,0.5968636861864955,0.2514743745833195
1537,V,LSTM,2023-05-01,2025-05-01,38,0.6377486372317085,1.2685849385525283,1.2195859480369908,0.8430343811482526,0.3712914546329476
1538,V,LSTM,2023-05-01,2025-05-01,39,0.5139233855195379,0.7494776141082692,0.6739068079105517,0.4225232806441873,0.2731515345760344
1539,V,LSTM,2023-05-01,2025-05-01,40,0.4444569447010373,0.702827652058006,0.5036716482693837,0.5588045591182672,0.2243578750368068
1540,V,LSTM,2023-05-01,2025-05-01,41,0.4916170016431136,1.0836259396401693,0.6551002683622204,0.6735345735394023,0.2252530465196363
1541,V,LSTM,2023-05-01,2025-05-01,42,0.5597525043267609,0.8529168855603347,0.6598730912098463,0.6627136541628,0.2291832182482208
1542,V,LSTM,2023-05-01,2025-05-01,43,0.6497341676609383,1.2056374676053283,0.6269900149059362,0.8384641467218148,0.2276036610269799
1543,V,LSTM,2023-05-01,2025-05-01,44,0.5842333567695588,0.7494375749002932,0.6488659472668709,0.6583765643514932,0.2257736401175438
1544,V,LSTM,2023-05-01,2025-05-01,45,1.0257656973345493,1.8148332580423177,1.0822887417794684,1.2307828474340636,0.2268674514275515
1545,V,LSTM,2023-05-01,2025-05-01,46,0.987518794183826,1.7253529228632354,1.1208611702881597,1.1499227754303472,0.245717304947889
1546,V,LSTM,2023-05-01,2025-05-01,47,0.3965653109297947,0.4764964997948797,0.4544717456273332,0.4214757292603979,0.2273549855066331
1547,V,LSTM,2023-05-01,2025-05-01,48,0.2939089587871319,0.2954409005083087,0.262377205279607,0.2400537219246418,0.2274264538270397
1548,V,LSTM,2023-05-01,2025-05-01,49,0.3603701504310793,0.5678223452621667,0.4003887636539782,0.481228195075951,0.2264097383776178
1549,V,LSTM,2023-05-01,2025-05-01,50,0.2606561648632943,0.4122871635189002,0.4201975261332449,0.3543567755806779,0.3202262062632285
1550,V,LSTM,2024-01-01,2026-01-01,1,0.4010438700837604,0.5727635733852303,0.3816285488898341,0.5061790821080153,0.1947947303031539
1551,V,LSTM,2024-01-01,2026-01-01,2,0.3902909160365193,0.3894606090379297,0.4028100611544787,0.4014132853704488,0.195005995912075
1552,V,LSTM,2024-01-01,2026-01-01,3,0.3879397167704724,0.4668850179608297,0.4561747709823765,0.491429559203956,0.1937511330847961
1553,V,LSTM,2024-01-01,2026-01-01,4,0.801201365094914,0.8638759799536838,0.8040906633594471,0.8333465264334214,0.1953747589819475
1554,V,LSTM,2024-01-01,2026-01-01,5,0.8492929605863894,0.9314376312745204,0.8134067287421534,0.8638017516503916,0.1945843653772268
1555,V,LSTM,2024-01-01,2026-01-01,6,0.6630563169095798,0.6315234409217918,0.6169121971744046,0.6114035919955528,0.1935696060525316
1556,V,LSTM,2024-01-01,2026-01-01,7,0.3732465026900232,0.3815584486580919,0.3670199757388985,0.3637749949399273,0.1946762825344619
1557,V,LSTM,2024-01-01,2026-01-01,8,0.954755573488246,0.9978126749094643,1.102580773892367,1.0819775511286938,0.2043672075920977
1558,V,LSTM,2024-01-01,2026-01-01,9,0.8367475396251672,0.8579681279394357,0.7972654215447657,0.883983726950759,0.1936781671714393
1559,V,LSTM,2024-01-01,2026-01-01,10,0.4435302908294957,0.4668672311463127,0.4175253275168385,0.4469743895968487,0.1950880901264955
1560,V,LSTM,2024-01-01,2026-01-01,11,0.8556523853696036,0.8984103753235192,0.8884405682680534,0.8676659337123224,0.1928421557092074
1561,V,LSTM,2024-01-01,2026-01-01,12,0.4746919937610167,0.4079194834760353,0.3409008332567185,0.4279483644947161,0.2074116271089614
1562,V,LSTM,2024-01-01,2026-01-01,13,0.2978077038582873,0.3177243242475294,0.3046456721323779,0.3159772414142509,0.1934222241471469
1563,V,LSTM,2024-01-01,2026-01-01,14,0.5093045951677101,0.5118948778568844,0.536445543633473,0.4731434380580095,0.199186952779405
1564,V,LSTM,2024-01-01,2026-01-01,15,0.6061132765584436,0.644135839664327,0.5827167486713744,0.5884861076501114,0.1974541658734431
1565,V,LSTM,2024-01-01,2026-01-01,16,0.3637523309967266,0.3599913078416388,0.4045484703041219,0.3582241661762277,0.2011766496128257
1566,V,LSTM,2024-01-01,2026-01-01,17,0.6481351557843154,0.6503011747680607,0.6729038193206405,0.6476288894831475,0.1970697634255099
1567,V,LSTM,2024-01-01,2026-01-01,18,0.3588521111597315,0.4396314647655564,0.3387923199632007,0.4083649961762552,0.1954497014617526
1568,V,LSTM,2024-01-01,2026-01-01,19,0.3527068501720954,0.34265707471723,0.346841702557408,0.3536872856600239,0.204919318092101
1569,V,LSTM,2024-01-01,2026-01-01,20,0.3464301629511225,0.3486669126072105,0.357949563140549,0.3505654002419126,0.1944775053325421
1570,V,LSTM,2024-01-01,2026-01-01,21,0.4782691428007324,0.4603392110027946,0.5349236565238714,0.4755956818023535,0.1975318924632373
1571,V,LSTM,2024-01-01,2026-01-01,22,0.4485116830045046,0.4550624758465822,0.4053958930638476,0.429162443186497,0.2086717620563818
1572,V,LSTM,2024-01-01,2026-01-01,23,0.3510641981117546,0.3335412605573728,0.3301975847542923,0.3226478208533855,0.1950897443605529
1573,V,LSTM,2024-01-01,2026-01-01,24,0.5559487841123427,0.5905110781092608,0.5723309917300331,0.5488444565924344,0.1972763943758443
1574,V,LSTM,2024-01-01,2026-01-01,25,0.443939691723649,0.4134112754830115,0.2499328235709502,0.3600148737420462,0.1957745138053592
1575,V,LSTM,2024-01-01,2026-01-01,26,1.1487124098077577,1.1523739325357265,1.1542992223259316,1.1588563931844515,0.2050821028774997
1576,V,LSTM,2024-01-01,2026-01-01,27,0.9908331391806188,1.0359929529668812,0.9434996607757876,0.9667007191261509,0.2079069710291736
1577,V,LSTM,2024-01-01,2026-01-01,28,0.3241219753956347,0.3595273901463025,0.3233648607053293,0.328175775996614,0.1938499808288332
1578,V,LSTM,2024-01-01,2026-01-01,29,0.555456935441709,0.6485279351404869,0.6427842097010378,0.5952025648504072,0.1946117938094163
1579,V,LSTM,2024-01-01,2026-01-01,30,0.3940373443532123,0.4174220426190579,0.4182760141087951,0.4288772245668114,0.1948220190804332
1580,V,LSTM,2024-01-01,2026-01-01,31,0.2912756380744091,0.3050132926224091,0.3095317184558515,0.2983191176954702,0.1940638522571578
1581,V,LSTM,2024-01-01,2026-01-01,32,0.7697987097992587,0.7955186263571571,0.7279952879054994,0.776297782048601,0.1983152720186934
1582,V,LSTM,2024-01-01,2026-01-01,33,2.4190682426350443,2.009455318595489,2.266307061453815,2.253520634613877,0.2799959064427109
1583,V,LSTM,2024-01-01,2026-01-01,34,0.4149047039932351,0.4360746343265957,0.4474741540014489,0.459274256315314,0.1948619293157753
1584,V,LSTM,2024-01-01,2026-01-01,35,0.4597251800401149,0.5581234330768361,0.546102789227995,0.5503908863937645,0.1960668342701952
1585,V,LSTM,2024-01-01,2026-01-01,36,0.7322102710540843,0.6928218380155442,0.7286146729929193,0.7105325647516039,0.1938800855708668
1586,V,LSTM,2024-01-01,2026-01-01,37,0.3177171676623937,0.301505396511193,0.3236452542848762,0.3568780888346099,0.1970086870865365
1587,V,LSTM,2024-01-01,2026-01-01,38,0.2916250118869973,0.3252032145187685,0.3024016547483041,0.3078535728113608,0.2036356206458664
1588,V,LSTM,2024-01-01,2026-01-01,39,0.6541756736059292,0.7068784428829515,0.6481353959079448,0.6854607592873493,0.1988717032441899
1589,V,LSTM,2024-01-01,2026-01-01,40,0.3982120194554982,0.3456689208840398,0.3408620332329151,0.3733433324669411,0.1934616777437338
1590,V,LSTM,2024-01-01,2026-01-01,41,0.4187894015636997,0.3984146698588415,0.3755364933488068,0.4127826209413843,0.1938238889750521
1591,V,LSTM,2024-01-01,2026-01-01,42,0.6724086734876709,0.7448843287264404,0.6596016008221054,0.69613073223697,0.1937612026920091
1592,V,LSTM,2024-01-01,2026-01-01,43,0.7069614445325325,0.6881054320226412,0.6130770315615115,0.6817535214317829,0.1941259562339033
1593,V,LSTM,2024-01-01,2026-01-01,44,0.521321574493243,0.5845378912561885,0.4627381054562879,0.6386486722987281,0.1951421095761317
1594,V,LSTM,2024-01-01,2026-01-01,45,0.3836172376910363,0.2911161605886326,0.3092991569620644,0.2953665345172332,0.1955637802083166
1595,V,LSTM,2024-01-01,2026-01-01,46,0.5664451996658211,0.655745102918192,0.6255798785518799,0.5761206172683379,0.1932167937316862
1596,V,LSTM,2024-01-01,2026-01-01,47,0.3559143462561994,0.3616512925646183,0.3558950513822735,0.388031271831412,0.1966309841130074
1597,V,LSTM,2024-01-01,2026-01-01,48,0.5854370453670025,0.6207243616705105,0.5156145777977685,0.5862681654252251,0.1931321258170677
1598,V,LSTM,2024-01-01,2026-01-01,49,1.159012179943878,1.3958445461841884,1.1882362317379769,1.2465056677603763,0.197329675714315
1599,V,LSTM,2024-01-01,2026-01-01,50,0.4523430100716783,0.455333241852461,0.3863456307224415,0.4081294960035501,0.1972311478752005
1600,L_TO,LSTM,2022-01-01,2024-01-01,1,1.177312595510214,0.6871855471097554,0.3608259156122699,0.7083131708279963,0.2428638527484704
1601,L_TO,LSTM,2022-01-01,2024-01-01,2,0.7650781318061933,0.8577549949521891,0.7313393243095807,0.7192728397309212,0.2394516468057148
1602,L_TO,LSTM,2022-01-01,2024-01-01,3,2.2361124135049506,1.3274263140140068,0.615628040096329,1.2138041591271396,0.2733204549694044
1603,L_TO,LSTM,2022-01-01,2024-01-01,4,0.4278268853848307,0.3651228226548775,0.3719403147777711,0.3151555238220443,0.2064532712769574
1604,L_TO,LSTM,2022-01-01,2024-01-01,5,0.4573210052706263,0.5111544123930911,0.5418282210085277,0.4535114300403488,0.2265445803330435
1605,L_TO,LSTM,2022-01-01,2024-01-01,6,0.435226777877913,0.4489644856349017,0.4764155504182597,0.4356131999685767,0.2154078809121958
1606,L_TO,LSTM,2022-01-01,2024-01-01,7,0.829550001584743,0.7835348319345103,0.7471371407933004,0.7457568470148526,0.206235691880957
1607,L_TO,LSTM,2022-01-01,2024-01-01,8,0.3339841983416703,0.2956171853551745,0.3930690359719377,0.2848740886219556,0.2442266453981355
1608,L_TO,LSTM,2022-01-01,2024-01-01,9,0.6258676758367727,0.5061102836787309,0.4496538140542462,0.5602338041359595,0.2105250711233473
1609,L_TO,LSTM,2022-01-01,2024-01-01,10,1.0468514865673435,1.0240453076337008,0.9843733721910488,0.9488778773195444,0.2008705670727358
1610,L_TO,LSTM,2022-01-01,2024-01-01,11,0.3750379821981387,0.3964815715861355,0.3582195160973482,0.3345750279658237,0.2612910959735056
1611,L_TO,LSTM,2022-01-01,2024-01-01,12,1.503854298123498,1.6733533511098695,1.4282999731173145,1.613665050937028,0.2687986164714464
1612,L_TO,LSTM,2022-01-01,2024-01-01,13,0.3426687928006009,0.3468810353295498,0.3654674246472248,0.3382124549624032,0.1945625429347703
1613,L_TO,LSTM,2022-01-01,2024-01-01,14,0.3009672354154152,0.314590133242717,0.3141072073143632,0.297492805097058,0.2062602851742367
1614,L_TO,LSTM,2022-01-01,2024-01-01,15,1.0287345004693802,1.1254379561472707,1.047431821880226,0.9897188449253,0.2008027168711323
1615,L_TO,LSTM,2022-01-01,2024-01-01,16,0.413167339958398,0.4407111168166735,0.4424330917682304,0.4255361109873318,0.2105202299631187
1616,L_TO,LSTM,2022-01-01,2024-01-01,17,0.488527880302569,0.4933216075945237,0.5200397774458805,0.4853665528103785,0.2230926162735588
1617,L_TO,LSTM,2022-01-01,2024-01-01,18,0.517212081898445,0.568672862409381,0.559385346265915,0.5450640564646564,0.2191352927982306
1618,L_TO,LSTM,2022-01-01,2024-01-01,19,0.5239935257505798,0.393865521095894,0.6303174194967295,0.374242036503147,0.2610174176482225
1619,L_TO,LSTM,2022-01-01,2024-01-01,20,0.7316787945135289,0.6240582210430742,0.6687650947744945,0.5810961835353604,0.2187281193895201
1620,L_TO,LSTM,2022-01-01,2024-01-01,21,0.820616666432289,0.8379894361078716,1.2271332612075372,1.1056612272070478,0.2196385821578869
1621,L_TO,LSTM,2022-01-01,2024-01-01,22,0.939438485941456,0.9142854842477502,0.7777167472577892,0.8845552923779898,0.2613874215199128
1622,L_TO,LSTM,2022-01-01,2024-01-01,23,0.6332651082271459,0.7249369281212454,0.5537887824194225,0.5323162651996644,0.2010578226027182
1623,L_TO,LSTM,2022-01-01,2024-01-01,24,1.198508243076625,1.2808805857771437,1.3201921606617402,1.2194814186375036,0.1935287034808729
1624,L_TO,LSTM,2022-01-01,2024-01-01,25,0.3954837187434948,0.4378350361529551,0.4172736100130609,0.3602739482631057,0.2220287166456048
1625,L_TO,LSTM,2022-01-01,2024-01-01,26,0.3741197476333471,0.3627410949542651,0.3537560260398507,0.3289186523194731,0.1940936059782325
1626,L_TO,LSTM,2022-01-01,2024-01-01,27,0.8350190966134857,0.8777240578545978,0.8081663836898493,0.8085440818874704,0.2025275459134705
1627,L_TO,LSTM,2022-01-01,2024-01-01,28,0.7266153358429424,0.746735128910671,0.6885099873828154,0.6232184509170863,0.1969984164196672
1628,L_TO,LSTM,2022-01-01,2024-01-01,29,0.3737282934206383,0.376193120011038,0.3647307906198904,0.3615758975599718,0.2175225466876119
1629,L_TO,LSTM,2022-01-01,2024-01-01,30,0.3505865679177727,0.350574100672908,0.3559075970835616,0.3272545202628323,0.1923215021012334
1630,L_TO,LSTM,2022-01-01,2024-01-01,31,0.3938423327277636,0.4105974318497333,0.4237613984600845,0.3659022483952178,0.1986086040434959
1631,L_TO,LSTM,2022-01-01,2024-01-01,32,0.6886243678376256,0.722861244253747,0.9091553134522182,0.6809558986215339,0.2407362661941918
1632,L_TO,LSTM,2022-01-01,2024-01-01,33,0.4531863544493085,0.4635852250904607,0.6069480564187454,0.4109293836812469,0.2040937461433558
1633,L_TO,LSTM,2022-01-01,2024-01-01,34,0.3717938178052205,0.3599575198179827,0.3642913164030262,0.3440347786790175,0.2026362818232291
1634,L_TO,LSTM,2022-01-01,2024-01-01,35,0.5070544876050537,0.5849018994160138,0.5368060999920204,0.5119783631999028,0.2024286123019553
1635,L_TO,LSTM,2022-01-01,2024-01-01,36,0.4416869931848514,0.423707427350335,0.4782943271804074,0.4177064960442596,0.2043007167874284
1636,L_TO,LSTM,2022-01-01,2024-01-01,37,0.9468463629960202,0.9416673578862428,0.9185165270740284,0.8671636812215254,0.2134331308611369
1637,L_TO,LSTM,2022-01-01,2024-01-01,38,0.3739918961915661,0.384849283190431,0.3617390857830691,0.3504652611816666,0.2211972512405325
1638,L_TO,LSTM,2022-01-01,2024-01-01,39,0.6278672061149658,0.4033649550131054,0.3010222118767289,0.3752484391207148,0.2046969855033864
1639,L_TO,LSTM,2022-01-01,2024-01-01,40,0.5554413717393111,0.3620082002392645,0.3578590069876678,0.3218206474103763,0.2372780753459133
1640,L_TO,LSTM,2022-01-01,2024-01-01,41,0.997178379171052,0.8724433643797436,0.9146268105752364,0.9410891843464716,0.1982314386821282
1641,L_TO,LSTM,2022-01-01,2024-01-01,42,0.4155183943853171,0.4297998617113357,0.4259708392374086,0.3822125357254053,0.1950796505707376
1642,L_TO,LSTM,2022-01-01,2024-01-01,43,0.7363773731031473,0.7329169793750758,0.5218174012694484,0.5562200728649539,0.2091319210295147
1643,L_TO,LSTM,2022-01-01,2024-01-01,44,0.9315765516863336,0.8295609443252697,0.7167808025619917,0.7861452043938263,0.211149539171688
1644,L_TO,LSTM,2022-01-01,2024-01-01,45,0.4753846182645975,0.3384015714260891,0.3720284464609885,0.321528207134845,0.1983788526866508
1645,L_TO,LSTM,2022-01-01,2024-01-01,46,1.144217706028911,1.1693921157582785,1.044161257460295,1.0757622376434874,0.2074712710066494
1646,L_TO,LSTM,2022-01-01,2024-01-01,47,0.7320227189211245,0.5750613674837016,0.7070779560893652,0.5069977402051422,0.2087288310045075
1647,L_TO,LSTM,2022-01-01,2024-01-01,48,0.3980717529019162,0.3860045267333707,0.3880811088751464,0.3730688157299063,0.2236120396359278
1648,L_TO,LSTM,2022-01-01,2024-01-01,49,0.9567198067269876,0.5973909371364297,0.2656142868128613,0.4462345303824312,0.1999368671171534
1649,L_TO,LSTM,2022-01-01,2024-01-01,50,0.3822952448074828,0.3628262911495481,0.3746263488125942,0.3566865629578048,0.2125804129149003
1650,L_TO,LSTM,2022-09-01,2024-09-01,1,3.665264230635087,3.303104734899331,2.5009883153560217,3.2232265027109306,0.3433276851271906
1651,L_TO,LSTM,2022-09-01,2024-09-01,2,0.4870067943429106,0.2665150228428065,0.5490150262766023,0.5356499192725754,0.581770302964641
1652,L_TO,LSTM,2022-09-01,2024-09-01,3,1.2778548169592403,1.224234561775118,1.0373939750813577,0.8974220282227657,0.4712482253009843
1653,L_TO,LSTM,2022-09-01,2024-09-01,4,0.9807261620628168,0.340727994420093,0.2895809393326024,0.2337680941062624,0.4561670129901932
1654,L_TO,LSTM,2022-09-01,2024-09-01,5,0.9445578411740528,1.0070398932645424,1.032792995433384,0.7910783358043555,0.2860802295714094
1655,L_TO,LSTM,2022-09-01,2024-09-01,6,0.5318070777779078,0.5047128899281476,0.3878959919966926,0.3196611116262796,0.6246414662596094
1656,L_TO,LSTM,2022-09-01,2024-09-01,7,0.2662662528682589,0.2628331198370608,0.3206860867227867,0.2338075563325646,0.3837213782462615
1657,L_TO,LSTM,2022-09-01,2024-09-01,8,1.78563191372223,1.8776002823640248,1.88749698815064,1.4388465696647907,0.5149392428164219
1658,L_TO,LSTM,2022-09-01,2024-09-01,9,0.4530119439429112,0.3825515533787505,0.3218672282584184,0.3143183589396831,0.3542925841373023
1659,L_TO,LSTM,2022-09-01,2024-09-01,10,0.3351520632760823,0.266533692599682,0.366412665063375,0.3743428374014134,0.3543606713897156
1660,L_TO,LSTM,2022-09-01,2024-09-01,11,1.3637789249837384,1.205067787771588,1.4730067948988814,1.0187085885863854,0.268024373642897
1661,L_TO,LSTM,2022-09-01,2024-09-01,12,2.465869086197875,2.7724599474674965,2.3814363012366537,2.2244280151057327,0.4883060516776386
1662,L_TO,LSTM,2022-09-01,2024-09-01,13,0.2456789506573015,0.4451409936353748,0.729515436511459,0.6818616991170027,0.6802942483204084
1663,L_TO,LSTM,2022-09-01,2024-09-01,14,1.6586640056476345,1.211697964689182,0.7752811808282635,1.2500568342929157,0.687014514169373
1664,L_TO,LSTM,2022-09-01,2024-09-01,15,0.5502160937822567,0.5886450347363565,0.4919671063259936,0.4299603513191388,0.3713448721426524
1665,L_TO,LSTM,2022-09-01,2024-09-01,16,1.9327643676635,2.1701323991671586,2.1312070607772364,1.83407972752252,0.6244218681454207
1666,L_TO,LSTM,2022-09-01,2024-09-01,17,1.8151086731197583,1.5024321391512354,1.5428052077438934,1.3589057265465183,0.392002532082402
1667,L_TO,LSTM,2022-09-01,2024-09-01,18,0.4550251340211077,0.3737604552398171,0.3123386692681272,0.4232095792590893,0.5718861212316267
1668,L_TO,LSTM,2022-09-01,2024-09-01,19,0.7509287100317124,0.7179555940703065,0.9056925633098054,0.74809617585467,0.4027968318301778
1669,L_TO,LSTM,2022-09-01,2024-09-01,20,0.5455479041385575,0.4642191106305823,0.4342833390229502,0.424751719419531,0.3216114100909832
1670,L_TO,LSTM,2022-09-01,2024-09-01,21,0.7598541509042767,0.3750209531607699,0.4271146498321053,0.2387454822442864,0.5050783660803164
1671,L_TO,LSTM,2022-09-01,2024-09-01,22,0.3690618865640793,0.4871571105320412,0.4976418053774085,0.3285105838419295,0.3816530460998442
1672,L_TO,LSTM,2022-09-01,2024-09-01,23,1.102593233143769,1.1909399271056518,0.7250417393075275,1.1855192796213991,0.3724575624941446
1673,L_TO,LSTM,2022-09-01,2024-09-01,24,2.2998058273197564,2.2448652463410217,2.1796223652591875,1.9090548438309236,0.4115942635359589
1674,L_TO,LSTM,2022-09-01,2024-09-01,25,0.991167120866424,0.362531903966681,0.3151260494649983,0.4502660083033956,0.4744525143612004
1675,L_TO,LSTM,2022-09-01,2024-09-01,26,0.3969558724537131,0.7104368879546377,0.4749252575731529,0.6778568275510333,0.622116197219237
1676,L_TO,LSTM,2022-09-01,2024-09-01,27,1.9664953834468009,2.493098548628405,1.989169694929278,1.948215081344697,0.6206090269326515
1677,L_TO,LSTM,2022-09-01,2024-09-01,28,2.145964881456574,1.988363441974416,1.444685839208597,1.3793312807770477,0.7536723958936267
1678,L_TO,LSTM,2022-09-01,2024-09-01,29,4.674350759408823,3.877104689592728,3.5908940032605283,3.90182589038248,0.7831380253577152
1679,L_TO,LSTM,2022-09-01,2024-09-01,30,0.9377169568849288,0.9364350253516266,1.0146751832618228,0.8187740292113163,0.5317001100028781
1680,L_TO,LSTM,2022-09-01,2024-09-01,31,0.4756275482412014,0.407321818047917,0.5106380450310071,0.6128322540908582,0.7734231281403424
1681,L_TO,LSTM,2022-09-01,2024-09-01,32,1.445405962005494,1.593339538267127,1.6007653838324505,1.2794159631046496,0.3233816723113602
1682,L_TO,LSTM,2022-09-01,2024-09-01,33,1.1700430924391805,1.3972472933008349,1.190195947426406,1.0795964321706115,0.3839239575156472
1683,L_TO,LSTM,2022-09-01,2024-09-01,34,0.7787116052179173,0.9563520392112588,0.9108043700322652,0.7381141931719419,0.3290722157400368
1684,L_TO,LSTM,2022-09-01,2024-09-01,35,0.8542475162622166,0.83476875525078,1.1589592978830567,0.9988584006293306,0.4677468706533703
1685,L_TO,LSTM,2022-09-01,2024-09-01,36,0.7583443253181666,0.728410836615835,0.8703832000080821,0.7018547307287674,0.4270849566314121
1686,L_TO,LSTM,2022-09-01,2024-09-01,37,4.427540054902285,4.576981100147081,4.7025189352486825,3.656398873984055,0.634149511816942
1687,L_TO,LSTM,2022-09-01,2024-09-01,38,1.2627133651823093,1.6442657571446009,1.7962147441803584,1.2570334207963842,0.5365106037522261
1688,L_TO,LSTM,2022-09-01,2024-09-01,39,0.5183829235079699,0.4459752912233928,0.3657205767574243,0.3166918456152642,0.3551977560012926
1689,L_TO,LSTM,2022-09-01,2024-09-01,40,1.5378998055362163,1.8650573867702864,1.945044650724441,1.481585494017175,0.3973251303235545
1690,L_TO,LSTM,2022-09-01,2024-09-01,41,0.3780369394509689,0.4416252949245429,0.4512728791378439,0.255546524946246,0.3800531219678112
1691,L_TO,LSTM,2022-09-01,2024-09-01,42,0.9069141037006015,0.8721015372809837,1.14943520197692,0.8188085662230192,0.4519995866821329
1692,L_TO,LSTM,2022-09-01,2024-09-01,43,0.9583849323768908,1.5492751024761915,0.704432456553967,1.6147864881253091,0.3101629705581038
1693,L_TO,LSTM,2022-09-01,2024-09-01,44,0.6283446570368898,1.0389822971244744,0.8906093901763633,0.6449905021111566,0.5148370483445018
1694,L_TO,LSTM,2022-09-01,2024-09-01,45,0.2909927797133574,0.2758114753130002,0.3449155989937189,0.3205503247017601,0.4985362719455868
1695,L_TO,LSTM,2022-09-01,2024-09-01,46,2.0116923711249344,1.9849189266872336,2.1501578651565683,2.4499846488156662,0.4592774728578191
1696,L_TO,LSTM,2022-09-01,2024-09-01,47,1.1521689521078078,1.3270938677092308,1.0928642034091274,0.8694230103601073,0.5304969438182673
1697,L_TO,LSTM,2022-09-01,2024-09-01,48,3.199285768340969,3.7290531629639982,3.836610646528264,3.899114291508064,0.6662216905835437
1698,L_TO,LSTM,2022-09-01,2024-09-01,49,2.3724339773150214,2.2516752348232987,2.447872587066836,2.065939193901302,0.4376809401339539
1699,L_TO,LSTM,2022-09-01,2024-09-01,50,3.623698176218791,4.472249261382632,4.932639651306116,3.904922025173837,0.7504038195000783
1700,L_TO,LSTM,2023-05-01,2025-05-01,1,0.5352001787877455,0.544316181967636,0.5533199280689295,0.57987932422228,0.2730403170270748
1701,L_TO,LSTM,2023-05-01,2025-05-01,2,0.6162121468182845,0.6548998211700068,0.7901787108038297,0.6430598608696084,0.2785031305022751
1702,L_TO,LSTM,2023-05-01,2025-05-01,3,0.6692309206204391,0.6362793791196382,0.6271487921447766,0.6476885096546532,0.2625466875971678
1703,L_TO,LSTM,2023-05-01,2025-05-01,4,0.4657658470170109,0.5030236039629415,0.505590524308936,0.5286098299910507,0.2299135291674323
1704,L_TO,LSTM,2023-05-01,2025-05-01,5,0.2505083288453106,0.3550240834433095,0.4483316020435948,0.3657013455310921,0.2962694287083432
1705,L_TO,LSTM,2023-05-01,2025-05-01,6,0.9145582082647818,0.917570993604036,0.9520537547567668,0.8822872315042123,0.2401366831636868
1706,L_TO,LSTM,2023-05-01,2025-05-01,7,0.8582285792821855,0.787575199134236,0.8334073318603591,0.814373147754745,0.2514662142198894
1707,L_TO,LSTM,2023-05-01,2025-05-01,8,1.3335028391469923,1.2768867625452558,1.4028432077802782,1.3496893535383088,0.2857169349416433
1708,L_TO,LSTM,2023-05-01,2025-05-01,9,0.2972483646518097,0.3164922890619628,0.3962873023084856,0.3664156853447879,0.2666133666717737
1709,L_TO,LSTM,2023-05-01,2025-05-01,10,0.4296703550762591,0.4558637622831477,0.4954039526585203,0.4132383012357581,0.2398142712779101
1710,L_TO,LSTM,2023-05-01,2025-05-01,11,0.9650212328038656,0.8915933027552586,0.986104860508669,0.933025302741318,0.2376719012757894
1711,L_TO,LSTM,2023-05-01,2025-05-01,12,0.9669532779376114,0.8252707926815047,0.8331358356519482,0.9181578713054708,0.2411839828339924
1712,L_TO,LSTM,2023-05-01,2025-05-01,13,0.1937477006994713,0.2071837736988943,0.1989355221379776,0.1744163341955177,0.2382643439402006
1713,L_TO,LSTM,2023-05-01,2025-05-01,14,0.4650091645031657,0.5847192743095747,0.5511705374466305,0.4354330227966667,0.2352557377008086
1714,L_TO,LSTM,2023-05-01,2025-05-01,15,1.4505744615085046,1.422710198613382,1.5508237703751582,1.3983236297318755,0.2229808030486634
1715,L_TO,LSTM,2023-05-01,2025-05-01,16,0.8593582841796297,0.8063183255389144,0.7755022062795219,0.7712344887934989,0.225410313569006
1716,L_TO,LSTM,2023-05-01,2025-05-01,17,0.175442838281636,0.1705904091834884,0.2220289540635726,0.1776190648226726,0.2617432327179762
1717,L_TO,LSTM,2023-05-01,2025-05-01,18,0.2543588064743833,0.3326722836862743,0.2518403120639569,0.2903766726458089,0.2859187276400806
1718,L_TO,LSTM,2023-05-01,2025-05-01,19,1.2771892354374714,1.1788466805139708,1.1662433836824322,1.2047361913556354,0.225665340207489
1719,L_TO,LSTM,2023-05-01,2025-05-01,20,0.9099751754362744,0.8694627761255019,0.8719741570790903,0.885283804546425,0.2752868146421482
1720,L_TO,LSTM,2023-05-01,2025-05-01,21,0.2267600466289427,0.272245237649334,0.2780807310338724,0.2151374140552334,0.2556908042154026
1721,L_TO,LSTM,2023-05-01,2025-05-01,22,1.1617470750356933,1.1183555047817892,1.334554373847905,1.1482660239102789,0.2238446935552766
1722,L_TO,LSTM,2023-05-01,2025-05-01,23,0.8441584124250373,0.1130699155297825,0.1388092314882648,0.196109815735519,0.2323625044581272
1723,L_TO,LSTM,2023-05-01,2025-05-01,24,1.0895092977630236,1.0861159711712978,1.211882426514242,1.1705902875001075,0.2463152316480319
1724,L_TO,LSTM,2023-05-01,2025-05-01,25,0.5272925666608013,0.5570791274122018,0.5591234171280961,0.5550046762512392,0.2250931808124649
1725,L_TO,LSTM,2023-05-01,2025-05-01,26,0.994786846635008,0.9464640948290334,1.0004329156765766,0.9629295614101973,0.2363328463501544
1726,L_TO,LSTM,2023-05-01,2025-05-01,27,0.6149848263219733,0.5893748601616694,0.6166112151374247,0.5972457468817077,0.271358616086506
1727,L_TO,LSTM,2023-05-01,2025-05-01,28,0.275234952748161,0.2301307923374352,0.2341338392640033,0.3574355430686854,0.2255275719125175
1728,L_TO,LSTM,2023-05-01,2025-05-01,29,0.5700701737074729,0.5287278221862197,0.4763089298960863,0.2851154188959935,0.3601686108906317
1729,L_TO,LSTM,2023-05-01,2025-05-01,30,0.4496755073623303,0.3980810102644577,0.4484712030004679,0.4369332726034212,0.2556010368748492
1730,L_TO,LSTM,2023-05-01,2025-05-01,31,1.1901383903918483,1.117868073524395,1.148581000784086,1.2008071748844251,0.2381280755218596
1731,L_TO,LSTM,2023-05-01,2025-05-01,32,0.6334664189216673,0.5449217010363956,0.3844420972877417,0.53930515007807,0.2406986473742009
1732,L_TO,LSTM,2023-05-01,2025-05-01,33,0.4944236386749991,0.5016093288084122,0.4692049850339691,0.5077108805616369,0.2593936627931124
1733,L_TO,LSTM,2023-05-01,2025-05-01,34,0.33674020033815,0.4548380634113033,0.7832551051517335,0.5885289687080266,0.2337601130639542
1734,L_TO,LSTM,2023-05-01,2025-05-01,35,0.7979186106531782,0.9152581713642236,1.1266039573791131,0.8456080461829908,0.2248414930181882
1735,L_TO,LSTM,2023-05-01,2025-05-01,36,0.994660832254095,0.9088678732550028,0.9676559652207978,0.929828266290722,0.2964270383694828
1736,L_TO,LSTM,2023-05-01,2025-05-01,37,0.3748733350411201,0.5317914309099635,0.7046683045471873,0.4995867427969439,0.2505811045821892
1737,L_TO,LSTM,2023-05-01,2025-05-01,38,0.8889550504165319,0.801150598832292,0.8040702176965014,0.8619625712657019,0.2554636067976925
1738,L_TO,LSTM,2023-05-01,2025-05-01,39,0.5097768269502929,0.5607383700015196,0.5921875871743386,0.5524956723784917,0.2527776844930134
1739,L_TO,LSTM,2023-05-01,2025-05-01,40,0.9009060704690798,0.8868413837858528,0.9441892229991128,0.8975241396196919,0.2605041583409986
1740,L_TO,LSTM,2023-05-01,2025-05-01,41,1.1267875332564603,1.0137193187676392,1.0943740248883211,1.0823757220797656,0.2492205677165217
1741,L_TO,LSTM,2023-05-01,2025-05-01,42,1.3246025859205288,1.178399006757228,1.228826991217532,1.2982072811025214,0.2997044406858742
1742,L_TO,LSTM,2023-05-01,2025-05-01,43,0.3628190136702784,0.4399036660813754,0.5514813996576357,0.4687694040858526,0.2322159565702493
1743,L_TO,LSTM,2023-05-01,2025-05-01,44,0.91411936046136,0.8457936700912714,0.858530595910657,0.8030615361822778,0.2276255635649481
1744,L_TO,LSTM,2023-05-01,2025-05-01,45,0.5660604540213022,0.6061117330208521,0.7334794453734442,0.6208324127620076,0.2653718047448947
1745,L_TO,LSTM,2023-05-01,2025-05-01,46,0.4182484394948591,0.3712742809697897,0.3736431418249527,0.3254368320060248,0.2555736452293458
1746,L_TO,LSTM,2023-05-01,2025-05-01,47,0.7869436348398264,0.7227061407004574,0.8304680753066889,0.7977389280566041,0.2475760609435494
1747,L_TO,LSTM,2023-05-01,2025-05-01,48,0.5988486124421142,0.5632204353399914,0.6278423885756443,0.6213894186809504,0.2397707723040776
1748,L_TO,LSTM,2023-05-01,2025-05-01,49,0.5245046274970959,0.4815166723989508,0.4649851037567595,0.4947584313274543,0.2469382008724575
1749,L_TO,LSTM,2023-05-01,2025-05-01,50,1.013242056771494,0.8473622690372972,0.9207580628905402,0.847351425792185,0.2272308246176023
1750,L_TO,LSTM,2024-01-01,2026-01-01,1,3.8847700604535778,3.846200693068525,3.0000397587998626,3.857014365014549,0.2104784676237772
1751,L_TO,LSTM,2024-01-01,2026-01-01,2,1.672807215979887,1.8908377183670608,1.633210033050689,1.5430166636886402,0.2158228012089842
1752,L_TO,LSTM,2024-01-01,2026-01-01,3,0.7343563652975167,0.8181428011524114,0.5191361961208424,0.8469968334550781,0.1993152016753475
1753,L_TO,LSTM,2024-01-01,2026-01-01,4,1.440132428223747,1.7938359363742704,1.2715679582555592,1.4346244740599965,0.2194202649781404
1754,L_TO,LSTM,2024-01-01,2026-01-01,5,2.455335853221695,2.780443740575945,2.4322388168207225,2.6058187798778785,0.2024740573442505
1755,L_TO,LSTM,2024-01-01,2026-01-01,6,1.367452725283294,1.827543348996179,1.5276037383187908,1.2777594527857328,0.2084264835038922
1756,L_TO,LSTM,2024-01-01,2026-01-01,7,1.8870984721626824,2.832584124266833,2.2023369120115315,2.0757957800158024,0.2016391966121787
1757,L_TO,LSTM,2024-01-01,2026-01-01,8,1.966886297950644,2.165327302545581,1.630285953016172,1.6018715609019103,0.2012025991777035
1758,L_TO,LSTM,2024-01-01,2026-01-01,9,3.0036242957189465,3.444318437332323,2.867598723162488,3.2966956926542967,0.2066756442193433
1759,L_TO,LSTM,2024-01-01,2026-01-01,10,1.8167257219063568,2.296368213398404,1.9427280707026304,2.100447500132992,0.2190643094488193
1760,L_TO,LSTM,2024-01-01,2026-01-01,11,0.98096793758573,1.5054293404854069,1.165530471704559,1.3484440409756309,0.2021899344289046
1761,L_TO,LSTM,2024-01-01,2026-01-01,12,5.332147251287208,7.083875120984436,4.614887463409285,6.140772205669935,0.2050725154330544
1762,L_TO,LSTM,2024-01-01,2026-01-01,13,6.312537244433885,6.910392620418939,5.63058623183181,6.324583777878084,0.2040815248670838
1763,L_TO,LSTM,2024-01-01,2026-01-01,14,1.945344707030637,1.0424512983444731,1.0469289679581435,1.5114706972745102,0.2031796524999074
1764,L_TO,LSTM,2024-01-01,2026-01-01,15,2.906682074091568,2.8323406241404845,3.122224419413349,2.554730284852864,0.2013712704456217
1765,L_TO,LSTM,2024-01-01,2026-01-01,16,2.7402544440450503,3.2535302978613205,2.1931439796838337,2.857884502925627,0.2040590816724141
1766,L_TO,LSTM,2024-01-01,2026-01-01,17,2.427576536489937,2.068868464656972,1.8618022869469533,2.385209309062885,0.2004191324254791
1767,L_TO,LSTM,2024-01-01,2026-01-01,18,1.4807081722645028,1.6419707685976783,1.394868395958496,1.3470007069770615,0.2122175339819101
1768,L_TO,LSTM,2024-01-01,2026-01-01,19,0.768051784575531,1.0911535663543936,0.6204308862817287,0.9190621594334486,0.2048164716918863
1769,L_TO,LSTM,2024-01-01,2026-01-01,20,1.0254799235208076,1.3001411993422582,1.1595373288481334,1.1564456902810711,0.2367381091962299
1770,L_TO,LSTM,2024-01-01,2026-01-01,21,2.149188242908328,2.302969149897166,1.729268524359464,2.0839949202073877,0.2069215030033786
1771,L_TO,LSTM,2024-01-01,2026-01-01,22,5.283658162011778,5.798914240843635,4.5455280914386496,5.106624740769935,0.2059033853038277
1772,L_TO,LSTM,2024-01-01,2026-01-01,23,1.804829284093734,0.8137733322619004,1.2181318951120546,0.7068337972739476,0.19906233480757
1773,L_TO,LSTM,2024-01-01,2026-01-01,24,1.272034921226073,1.6202186132216942,1.509132920185804,1.2445365543023452,0.2243969279466214
1774,L_TO,LSTM,2024-01-01,2026-01-01,25,2.138138626523196,2.439776689510246,1.803525264642095,2.0669220602029554,0.2186909234168329
1775,L_TO,LSTM,2024-01-01,2026-01-01,26,0.7046219536769602,0.807164174611258,0.6093848957303512,0.6975041669250573,0.1996402949131882
1776,L_TO,LSTM,2024-01-01,2026-01-01,27,4.336938882179151,4.635772829710381,3.7006238422415527,4.136880735371673,0.2056826990775518
1777,L_TO,LSTM,2024-01-01,2026-01-01,28,3.056028020677494,2.1002262779493885,2.117027620734614,2.3010672320434047,0.2550343449699948
1778,L_TO,LSTM,2024-01-01,2026-01-01,29,1.7651969087768715,0.9293116250639992,1.41887557123771,1.1301931947358836,0.2059484075784902
1779,L_TO,LSTM,2024-01-01,2026-01-01,30,0.6035913986692588,0.624108874206034,0.6549659768168786,0.6570376262280389,0.1996850922858203
1780,L_TO,LSTM,2024-01-01,2026-01-01,31,0.8569875566829763,1.0107647988599984,0.6689271774769001,0.8018653739697742,0.2070738111597788
1781,L_TO,LSTM,2024-01-01,2026-01-01,32,3.0000376874374504,3.046734936012124,3.305196024091801,3.1057275521777763,0.2178342874594911
1782,L_TO,LSTM,2024-01-01,2026-01-01,33,1.2536431160349484,1.807856319384484,1.3043314461582212,1.0320924441379886,0.2065877815853226
1783,L_TO,LSTM,2024-01-01,2026-01-01,34,1.858100964456899,3.4599520286235,3.55608666378051,3.506334183006665,0.208414718581016
1784,L_TO,LSTM,2024-01-01,2026-01-01,35,1.226088541827757,1.874381992628132,1.8580862417811463,1.1183444940229956,0.2414708387234627
1785,L_TO,LSTM,2024-01-01,2026-01-01,36,0.5922733768311786,0.8949324893098709,0.6216400525834108,0.7491849543729804,0.2003874641855676
1786,L_TO,LSTM,2024-01-01,2026-01-01,37,5.458900201906356,5.47625641351383,2.94726866659454,4.877949431522945,0.1987718870618721
1787,L_TO,LSTM,2024-01-01,2026-01-01,38,5.739715935223925,6.469204518155356,4.935421006309638,5.532024558646626,0.201830917758229
1788,L_TO,LSTM,2024-01-01,2026-01-01,39,1.8805807725120705,1.859147719801864,1.732333617979814,1.5341096614545686,0.2005401770717897
1789,L_TO,LSTM,2024-01-01,2026-01-01,40,4.04467951677217,4.468815521145566,3.691263062942973,4.203031785719476,0.2029228716672251
1790,L_TO,LSTM,2024-01-01,2026-01-01,41,1.481560346733796,1.556205959303522,1.553396226115006,1.6807115293755868,0.2028966498116031
1791,L_TO,LSTM,2024-01-01,2026-01-01,42,0.9837969992062842,1.2887252865551435,1.2956818046312364,1.2476050028335377,0.2002614416639619
1792,L_TO,LSTM,2024-01-01,2026-01-01,43,1.2976388727316135,1.6617277726219808,1.702303242608527,1.481464118958333,0.2111829945717867
1793,L_TO,LSTM,2024-01-01,2026-01-01,44,1.825571104560022,1.7622487285327362,1.216710495553596,1.269061103622259,0.2013233054513727
1794,L_TO,LSTM,2024-01-01,2026-01-01,45,3.670095585579358,3.692710225243064,2.8329894997513114,3.082539035955201,0.2025156015842922
1795,L_TO,LSTM,2024-01-01,2026-01-01,46,1.3115183289199597,1.3106778712187022,0.5523159287827327,0.7786879051065644,0.2588081484240748
1796,L_TO,LSTM,2024-01-01,2026-01-01,47,1.978099575891216,2.0086313120601083,1.9395619396383463,2.201982287228857,0.2228405848700606
1797,L_TO,LSTM,2024-01-01,2026-01-01,48,1.952284126863601,2.1615834158040435,1.7698586091663646,2.0914634890668395,0.2008218547868087
1798,L_TO,LSTM,2024-01-01,2026-01-01,49,1.9524351620116975,1.4418069896392158,1.2871618196279335,1.2713043074468164,0.2139414782811905
1799,L_TO,LSTM,2024-01-01,2026-01-01,50,1.6448241056644033,1.829017879102767,1.5150154910038365,1.517251111703023,0.2133524030144589
1800,USO,LSTM,2022-01-01,2024-01-01,1,0.9465753314134293,0.9811519741532693,0.9375233891549559,1.1292177107339931,0.24937622879185523
1801,USO,LSTM,2022-01-01,2024-01-01,2,0.9780471448436453,0.8298588795095444,0.8719316592480956,1.036569297761185,0.21802855506653201
1802,USO,LSTM,2022-01-01,2024-01-01,3,1.7682466591778105,1.6749638967810148,1.4336717374223908,1.6526074935300257,0.21879425826296353
1803,USO,LSTM,2022-01-01,2024-01-01,4,0.3757462990843526,0.36397575988555164,0.45531747783633975,0.4008666961453707,0.23493842019897257
1804,USO,LSTM,2022-01-01,2024-01-01,5,1.5468135961825538,1.7154611440145884,2.1488671985083356,2.0071031579763767,0.21978455227610594
1805,USO,LSTM,2022-01-01,2024-01-01,6,0.9483959575523057,0.8382250193600793,0.7494773517861835,0.9911326053146445,0.22182053988640515
1806,USO,LSTM,2022-01-01,2024-01-01,7,0.5552590096976697,0.47865187558325467,0.35738240865535803,0.5500002909454803,0.32008709527109125
1807,USO,LSTM,2022-01-01,2024-01-01,8,0.3827113515952789,0.3661349965532458,0.37325881364086927,0.3464867093981173,0.24508687087298828
1808,USO,LSTM,2022-01-01,2024-01-01,9,2.1278252311336416,2.1844307564007797,2.121814348243002,2.3175948629285847,0.21871662441589199
1809,USO,LSTM,2022-01-01,2024-01-01,10,0.2676811375826706,0.2563143537330958,0.2773262034846807,0.2829814386836119,0.24014331015188706
1810,USO,LSTM,2022-01-01,2024-01-01,11,0.2426504105415226,0.3044928638368436,0.28417118064958213,0.30080275862670514,0.31661354224760385
1811,USO,LSTM,2022-01-01,2024-01-01,12,0.29821084721542446,0.22603703610071194,0.4262789016058095,0.3239591891523042,0.24610700335413815
1812,USO,LSTM,2022-01-01,2024-01-01,13,0.33718816399442514,0.3644403036634769,0.4070968153138102,0.358461948574909,0.2173866159208285
1813,USO,LSTM,2022-01-01,2024-01-01,14,0.354996442219105,0.33881378645337334,0.28134458055923756,0.35358693504866495,0.22793135343251134
1814,USO,LSTM,2022-01-01,2024-01-01,15,1.0979333297237586,1.0669439365827662,1.0001724254276532,1.1691446843632065,0.2185090680716794
1815,USO,LSTM,2022-01-01,2024-01-01,16,0.8263327086502599,0.8692521496749244,0.918349318435915,0.9731474107268394,0.22485961600039847
1816,USO,LSTM,2022-01-01,2024-01-01,17,1.005869999840901,1.0471774336610105,1.1266117207292246,1.1414700032070333,0.24666803894057454
1817,USO,LSTM,2022-01-01,2024-01-01,18,0.23129464426603105,0.2237903915753868,0.24753335826794287,0.22184271077551068,0.22849044893704548
1818,USO,LSTM,2022-01-01,2024-01-01,19,0.3304139950123914,0.3294396493646809,0.2778497060072466,0.3339072660020854,0.23167841518261303
1819,USO,LSTM,2022-01-01,2024-01-01,20,1.4112219040245435,1.494865561766639,1.6442411686755518,1.635022810938523,0.21955241387876484
1820,USO,LSTM,2022-01-01,2024-01-01,21,0.7675243295009041,0.7078121570051509,0.8272383409738687,0.8036235780455883,0.28548939626587755
1821,USO,LSTM,2022-01-01,2024-01-01,22,0.28712564264907253,0.28023646972230737,0.30158646779219667,0.29511055029050737,0.31664368956635347
1822,USO,LSTM,2022-01-01,2024-01-01,23,0.39723873067614607,0.4237195833747857,0.4070817259360235,0.4707425643575351,0.2179579747229312
1823,USO,LSTM,2022-01-01,2024-01-01,24,0.25866619512123573,0.254043711769473,0.2737753758518456,0.2715652506874937,0.23331708179734484
1824,USO,LSTM,2022-01-01,2024-01-01,25,0.8124690918918926,0.8130648853072406,0.8755318590803534,0.9037891568881925,0.243130095378014
1825,USO,LSTM,2022-01-01,2024-01-01,26,0.48387637664155286,0.4692996178791579,0.5014574290935855,0.5035874794352351,0.2280417623803937
1826,USO,LSTM,2022-01-01,2024-01-01,27,1.3296980883341356,1.4010148589521836,1.7007517417781624,1.5864620606089275,0.21980664045033615
1827,USO,LSTM,2022-01-01,2024-01-01,28,1.1699070952812365,1.3561241874237142,1.2825482493621059,1.2807300170999554,0.23113788003275226
1828,USO,LSTM,2022-01-01,2024-01-01,29,0.28831256714126763,0.24579697696397973,0.28199656072890494,0.25136598181547787,0.2171460336210037
1829,USO,LSTM,2022-01-01,2024-01-01,30,1.67006797683745,1.6615912566988391,1.9328724688510053,1.9387578504241085,0.25085102217133787
1830,USO,LSTM,2022-01-01,2024-01-01,31,0.3474096951522834,0.35568148319035314,0.4721123378127986,0.45325839035101584,0.29868991178108256
1831,USO,LSTM,2022-01-01,2024-01-01,32,0.6869314752029254,0.6673539879474952,0.7058616801488872,0.7322271656459722,0.22597934399232036
1832,USO,LSTM,2022-01-01,2024-01-01,33,0.5831811239452025,0.7055905439549736,0.9621747236760567,0.7366737608377002,0.22258532810326245
1833,USO,LSTM,2022-01-01,2024-01-01,34,0.2842229745983996,0.2707113851592686,0.29971637574462695,0.2764218583075752,0.2236371319856294
1834,USO,LSTM,2022-01-01,2024-01-01,35,0.34306072985114966,0.3216701198469107,0.32860064950904705,0.3376317255968981,0.2514283814626708
1835,USO,LSTM,2022-01-01,2024-01-01,36,0.7268314639718928,0.7796571743606537,0.8784489973891574,0.8900546725763024,0.24517355569845373
1836,USO,LSTM,2022-01-01,2024-01-01,37,0.6811985036425922,0.7151046287307118,0.7692284129108002,0.7615092718083858,0.25156969850456046
1837,USO,LSTM,2022-01-01,2024-01-01,38,1.713282370442308,1.8750093205017733,2.090190793857969,1.8354426797364376,0.22093591476202712
1838,USO,LSTM,2022-01-01,2024-01-01,39,0.35509332483227274,0.32216985263012976,0.3243435135740841,0.37257002345682383,0.217432994175719
1839,USO,LSTM,2022-01-01,2024-01-01,40,0.7468621509674366,0.6226695629623019,0.6405188138049039,0.7146459077427207,0.22024726219823182
1840,USO,LSTM,2022-01-01,2024-01-01,41,0.2557347232602862,0.25771789624322466,0.26515365222979986,0.26414675028212387,0.24494030733305916
1841,USO,LSTM,2022-01-01,2024-01-01,42,0.23210647195123552,0.2284243410798671,0.23567030367855496,0.24638671945553714,0.2209291450845773
1842,USO,LSTM,2022-01-01,2024-01-01,43,0.5857300291376077,0.6577156504242075,0.5527463280375658,0.589672206538877,0.22500588095425936
1843,USO,LSTM,2022-01-01,2024-01-01,44,0.2890187520620027,0.29228804873264536,0.268451617908015,0.32769998658317806,0.22430314089079426
1844,USO,LSTM,2022-01-01,2024-01-01,45,2.168450317936905,2.281704194878073,2.6801433736345723,2.5536704424174856,0.2488358957290232
1845,USO,LSTM,2022-01-01,2024-01-01,46,1.0684462599541718,1.0429848223017122,1.3329644559260263,1.120732241079059,0.23110720353510858
1846,USO,LSTM,2022-01-01,2024-01-01,47,0.7732911101265416,0.8666625896995925,0.8801445600171705,0.9057306232483665,0.3011314486977475
1847,USO,LSTM,2022-01-01,2024-01-01,48,0.44009537062950016,0.5096257713399528,0.45238507356475743,0.5901199881933304,0.21874935172877089
1848,USO,LSTM,2022-01-01,2024-01-01,49,0.9931507089995708,1.0158635382975276,0.9817999768785444,1.0739352365639487,0.2609875453663338
1849,USO,LSTM,2022-01-01,2024-01-01,50,1.9629144847908286,1.9811168425041064,2.2867184845818036,2.145943781183882,0.2604386708219201
1850,USO,LSTM,2022-09-01,2024-09-01,1,0.675893007468158,0.5875882352865114,0.5414079500807731,0.6492095754794138,0.30383674392080917
1851,USO,LSTM,2022-09-01,2024-09-01,2,3.6882985955346808,4.221575984342328,4.5762263900189994,4.323301467305789,0.5332625289069249
1852,USO,LSTM,2022-09-01,2024-09-01,3,1.4707169068674082,1.5152813541841266,1.6748349701618697,1.6617309935510378,0.6496951912086674
1853,USO,LSTM,2022-09-01,2024-09-01,4,2.9281340233881537,2.6910511053543953,2.5296633021498582,2.5704246317883004,0.7454389690753318
1854,USO,LSTM,2022-09-01,2024-09-01,5,0.5514107887317256,0.5849774212035829,0.5633878463351076,0.5229828252866477,0.29947259539283316
1855,USO,LSTM,2022-09-01,2024-09-01,6,1.0348333946288675,1.2645426767354908,1.4677280439345546,1.4137522507114264,0.3011434493393907
1856,USO,LSTM,2022-09-01,2024-09-01,7,3.03507137724144,3.338605776829883,3.5746405538298327,3.1901150002092042,0.7646217208320922
1857,USO,LSTM,2022-09-01,2024-09-01,8,1.3394222285012227,1.4932185700363227,1.6149910544080603,1.440910867041701,0.3646819124583774
1858,USO,LSTM,2022-09-01,2024-09-01,9,1.1273411714625114,1.2189098833128718,1.2319017216159673,1.1732917997769918,0.2991967059108772
1859,USO,LSTM,2022-09-01,2024-09-01,10,0.5084642236725538,0.5726605816383665,0.5398820552582622,0.4987032874278612,0.3108409378002498
1860,USO,LSTM,2022-09-01,2024-09-01,11,0.4220144476509024,0.4283027259701084,0.4023059025384383,0.4050599239045944,0.40118569631129386
1861,USO,LSTM,2022-09-01,2024-09-01,12,2.200750676591668,2.877532375518777,3.336540122325219,3.452123993675655,0.593190211091178
1862,USO,LSTM,2022-09-01,2024-09-01,13,0.5957686576206921,1.0228894646530404,1.1188269372203048,1.0773760322991806,0.3051769893846958
1863,USO,LSTM,2022-09-01,2024-09-01,14,0.4551710491637023,0.438310510448713,0.4492831260201705,0.44091631120015845,0.35929536711504234
1864,USO,LSTM,2022-09-01,2024-09-01,15,0.6561484944098862,0.7497586778595826,0.646643035565865,0.6059633803943435,0.5418028689917199
1865,USO,LSTM,2022-09-01,2024-09-01,16,0.9011313366805817,1.0144977296473394,1.020418591483451,0.9979484288407148,0.3273690015462829
1866,USO,LSTM,2022-09-01,2024-09-01,17,1.8470261254002829,1.9000536515296775,2.0482284016887156,1.8517831496478534,0.45545517827317034
1867,USO,LSTM,2022-09-01,2024-09-01,18,0.8408884719667237,0.9076544907778937,0.9142853606181718,0.9752027331325568,0.517354932204788
1868,USO,LSTM,2022-09-01,2024-09-01,19,1.8275455816152477,1.8705101598699323,1.8146374251633453,1.8196032851240955,0.3083368437809158
1869,USO,LSTM,2022-09-01,2024-09-01,20,1.5899603080817217,1.8234715310255494,1.828672143583238,1.730747536114775,0.7137142079934357
1870,USO,LSTM,2022-09-01,2024-09-01,21,0.6191717813743459,0.6361853126322466,0.6835567913842198,0.6405318997667024,0.3205804143505941
1871,USO,LSTM,2022-09-01,2024-09-01,22,0.536563668482119,0.5821272277345668,0.6118040237610122,0.567181945034737,0.3038629953511374
1872,USO,LSTM,2022-09-01,2024-09-01,23,1.1674590764574766,1.0984976824712716,0.8824240416042743,1.1052663619386716,0.32204872344747193
1873,USO,LSTM,2022-09-01,2024-09-01,24,2.0761332404795763,2.581200289835238,2.557823239050764,2.3312075905079968,0.3452028550233801
1874,USO,LSTM,2022-09-01,2024-09-01,25,0.9008444335193084,0.7205910117849224,0.44933396507126416,0.7647495866212676,0.3686063282615119
1875,USO,LSTM,2022-09-01,2024-09-01,26,1.3053969356063988,1.6589402516089475,1.752060777480897,1.7037175396518194,0.4067161399021778
1876,USO,LSTM,2022-09-01,2024-09-01,27,0.664762159429757,0.8573563877377578,0.7187367028433687,0.7535582243368874,0.3896222031611311
1877,USO,LSTM,2022-09-01,2024-09-01,28,0.6169861649515821,0.7307765659567343,0.6999182067454996,0.6599667107046199,0.30753789934970904
1878,USO,LSTM,2022-09-01,2024-09-01,29,0.450247538001718,0.48665445135342356,0.5256364790804094,0.44532804921932495,0.34857748322387144
1879,USO,LSTM,2022-09-01,2024-09-01,30,1.4292810180057025,1.5796412395747916,1.6132867618348097,1.4766928002198334,0.29186659010730986
1880,USO,LSTM,2022-09-01,2024-09-01,31,3.4605485658020485,3.713155633834143,4.028064051249417,3.7581114338651807,0.4867985624472141
1881,USO,LSTM,2022-09-01,2024-09-01,32,0.7218505709712244,0.860933372035393,0.8025797508134705,0.7534500179754909,0.3512865849821569
1882,USO,LSTM,2022-09-01,2024-09-01,33,2.439357637362405,2.6633770483998207,2.7745981255117296,2.6580504526230495,0.34331423225395113
1883,USO,LSTM,2022-09-01,2024-09-01,34,0.6915467651259068,0.7762873834123466,0.8628734732861577,0.7581369108484848,0.4296909214848276
1884,USO,LSTM,2022-09-01,2024-09-01,35,1.1729870114332521,0.8802822205319247,0.5513173931463826,0.886497934204689,0.3966841608740433
1885,USO,LSTM,2022-09-01,2024-09-01,36,0.7580757719280178,0.823657886305914,0.8419810916790461,0.7629398421980426,0.29880796296408896
1886,USO,LSTM,2022-09-01,2024-09-01,37,1.051384356099425,1.052614287263684,1.2475524087434666,1.1256303125700573,0.45634352835856695
1887,USO,LSTM,2022-09-01,2024-09-01,38,1.120611953303587,0.9579809107874434,0.9453583254952265,1.1354880330165447,0.2994328960372495
1888,USO,LSTM,2022-09-01,2024-09-01,39,0.5625033026920974,0.6534209725900887,0.6437466619165133,0.6493288754203185,0.33133688865008837
1889,USO,LSTM,2022-09-01,2024-09-01,40,1.5454075875696793,1.6034604618489112,1.7775284403750058,1.5368966703388527,0.4552661858790305
1890,USO,LSTM,2022-09-01,2024-09-01,41,2.94375953830655,2.900295991321704,2.8242472536267322,2.764940503954638,0.5733708024094575
1891,USO,LSTM,2022-09-01,2024-09-01,42,0.7562750428715588,0.8121572023013812,0.8627809846845221,0.8506500311927696,0.3348127074301544
1892,USO,LSTM,2022-09-01,2024-09-01,43,0.4383369756415061,0.4554183828488525,0.4832283088230386,0.4251212189947858,0.3001757776238205
1893,USO,LSTM,2022-09-01,2024-09-01,44,2.4973519163338134,2.703228834416899,2.698068009809268,2.844046440398412,0.31549519790311487
1894,USO,LSTM,2022-09-01,2024-09-01,45,0.4994913842967969,0.5418581690751133,0.532029249261489,0.4829257025004016,0.3367486694887303
1895,USO,LSTM,2022-09-01,2024-09-01,46,1.0898968023467803,1.3473462581620053,1.458666308546443,1.7771796301642655,0.35077757937595117
1896,USO,LSTM,2022-09-01,2024-09-01,47,2.8470820531739243,3.130276760644065,3.1079583921109504,3.032986826630971,0.3056490725033199
1897,USO,LSTM,2022-09-01,2024-09-01,48,2.6595799007317265,3.0587847519885902,2.8691201661074848,3.2698121927396007,0.35927246651019173
1898,USO,LSTM,2022-09-01,2024-09-01,49,0.981111481106194,1.0936937879472108,1.2001577278452409,1.0838198736801772,0.294249891618441
1899,USO,LSTM,2022-09-01,2024-09-01,50,0.8750662357226293,1.303424624525496,1.624078499065155,1.5115608298178882,0.37615980774296687
1900,USO,LSTM,2023-05-01,2025-05-01,1,0.6802115910856233,0.8339419139883626,0.6987715187974886,0.7263544043998007,0.25285435112981725
1901,USO,LSTM,2023-05-01,2025-05-01,2,0.5419223411868054,0.635441360779473,0.5426422261720073,0.5753184933136735,0.25069735684995054
1902,USO,LSTM,2023-05-01,2025-05-01,3,0.45441248483821656,0.5061055727797664,0.48141339162726227,0.5213739629847141,0.29162475096324014
1903,USO,LSTM,2023-05-01,2025-05-01,4,0.5512466998517855,0.6159427421990149,0.5029074869041448,0.5199937312431772,0.23089486586250046
1904,USO,LSTM,2023-05-01,2025-05-01,5,0.6192409286597604,0.7570234670433158,0.7039567780798508,0.6730713354705519,0.26830513208485307
1905,USO,LSTM,2023-05-01,2025-05-01,6,0.9461082106411755,1.227407410521684,0.9680391315378115,1.0376172766575913,0.32765070675938013
1906,USO,LSTM,2023-05-01,2025-05-01,7,0.834921792725052,1.0267161915521568,0.8328202950436903,0.9000034191878599,0.2785761637298082
1907,USO,LSTM,2023-05-01,2025-05-01,8,1.4066007223465202,1.7075319189302294,1.4044172502739338,1.4989533870161167,0.2880373847074638
1908,USO,LSTM,2023-05-01,2025-05-01,9,0.2445531798294538,0.27315017941683745,0.2567969611573888,0.2679423376785895,0.25620842690487305
1909,USO,LSTM,2023-05-01,2025-05-01,10,0.7864828900440919,0.937014685777125,0.7540059157817434,0.7968966069787654,0.2844071359244086
1910,USO,LSTM,2023-05-01,2025-05-01,11,0.2688795103419161,0.31559265457600577,0.2807365719665402,0.293249873986901,0.2642238287640549
1911,USO,LSTM,2023-05-01,2025-05-01,12,0.18450571360284462,0.2245898970891738,0.196556071859307,0.21882602250301536,0.24247819087447112
1912,USO,LSTM,2023-05-01,2025-05-01,13,0.7061631778494312,0.829336504275569,0.7458606545501859,0.7815671939009929,0.23454254913813782
1913,USO,LSTM,2023-05-01,2025-05-01,14,0.4443912082332432,0.45750685904280824,0.3865975049949552,0.4187314779975712,0.2406507531756488
1914,USO,LSTM,2023-05-01,2025-05-01,15,0.20081094712087436,0.21562506097607623,0.21903894061903162,0.21037893667522703,0.24036901842084485
1915,USO,LSTM,2023-05-01,2025-05-01,16,0.5164757291109178,0.6192766904876312,0.5063403565037164,0.5457692803857761,0.26077970575055776
1916,USO,LSTM,2023-05-01,2025-05-01,17,0.19290487742863577,0.20980170113866495,0.20673756958781558,0.20789069622936418,0.23969049933886283
1917,USO,LSTM,2023-05-01,2025-05-01,18,0.8106298557278737,1.0083331044004393,0.8499570639892408,0.9097285864798256,0.2665358203100867
1918,USO,LSTM,2023-05-01,2025-05-01,19,0.21590685394979967,0.2229585982978293,0.22156078158335657,0.21165628362097064,0.22809390290923715
1919,USO,LSTM,2023-05-01,2025-05-01,20,0.2055579948643478,0.2244177962437993,0.19822673537903934,0.20611411369806446,0.26681862573490034
1920,USO,LSTM,2023-05-01,2025-05-01,21,0.5157142108892372,0.5809249699493857,0.45339464907437477,0.5106222135635403,0.24155072842137784
1921,USO,LSTM,2023-05-01,2025-05-01,22,0.3579604431488256,0.4096875956319602,0.34888581275710484,0.3630732156572188,0.24258581544243865
1922,USO,LSTM,2023-05-01,2025-05-01,23,0.30177722722664285,0.35662329319970715,0.32600163432873597,0.33332592807240424,0.23819959884195194
1923,USO,LSTM,2023-05-01,2025-05-01,24,0.7939606314547454,0.91606746956404,0.7674222524136552,0.8789509581136685,0.33152231916871033
1924,USO,LSTM,2023-05-01,2025-05-01,25,0.31998770918097585,0.3217560574402956,0.24552615743230966,0.28128855824034416,0.21669433865844287
1925,USO,LSTM,2023-05-01,2025-05-01,26,0.39052895240788815,0.4501220260990198,0.3884262749426285,0.40697078399541564,0.2759639062893988
1926,USO,LSTM,2023-05-01,2025-05-01,27,0.2791855602801222,0.3147303779448794,0.2960320853977763,0.28551334495208036,0.259057932541362
1927,USO,LSTM,2023-05-01,2025-05-01,28,0.3893601317679304,0.4536936390453581,0.4193442139362735,0.4203371293076491,0.30088761614461274
1928,USO,LSTM,2023-05-01,2025-05-01,29,0.9218812852539676,1.0378009719845513,0.8082509003046021,0.9768828207859249,0.29673358303734937
1929,USO,LSTM,2023-05-01,2025-05-01,30,0.752692157685501,0.9277893805997005,0.69897764586066,0.7901924378106159,0.22778485504772622
1930,USO,LSTM,2023-05-01,2025-05-01,31,0.603708637381047,0.7391761005380654,0.5785792699839761,0.6136399315589354,0.2136706268499715
1931,USO,LSTM,2023-05-01,2025-05-01,32,0.30935723798802806,0.3543138592721265,0.31825810686508826,0.3105996826576695,0.26320896373683017
1932,USO,LSTM,2023-05-01,2025-05-01,33,0.8094726127575794,0.9977436154825541,0.8166914489258061,0.902431357772093,0.22178318786106316
1933,USO,LSTM,2023-05-01,2025-05-01,34,0.5874163889163743,0.7263452021169076,0.5822416643435477,0.5839358638913744,0.22684577192634064
1934,USO,LSTM,2023-05-01,2025-05-01,35,0.44915772439006446,0.5850406019598737,0.48242601922200823,0.48139824970834305,0.268682890798017
1935,USO,LSTM,2023-05-01,2025-05-01,36,0.6399745525718396,0.7944230095460804,0.6604171477023066,0.7022458458663051,0.2798318021267603
1936,USO,LSTM,2023-05-01,2025-05-01,37,0.4936633558116192,0.5635578882469462,0.526167094304181,0.5531925916546274,0.2562174209849987
1937,USO,LSTM,2023-05-01,2025-05-01,38,0.2597852743874157,0.3009191340538689,0.30208625579459264,0.28206983765717736,0.25160396739540475
1938,USO,LSTM,2023-05-01,2025-05-01,39,0.6606011510251267,0.7874989234648924,0.644690333572991,0.6820459086393027,0.27545377066953314
1939,USO,LSTM,2023-05-01,2025-05-01,40,0.5657339793726561,0.6888937064386946,0.57026062683119,0.6331745801907416,0.22427708394177825
1940,USO,LSTM,2023-05-01,2025-05-01,41,0.6737036372930151,0.8086933392860431,0.716137800855859,0.7414665710661984,0.28706286551915305
1941,USO,LSTM,2023-05-01,2025-05-01,42,0.4835670489479981,0.5718439496249788,0.4997282050503732,0.5219848162638218,0.2672552026761117
1942,USO,LSTM,2023-05-01,2025-05-01,43,0.3824379418251479,0.4677428216152889,0.40086790891507595,0.41814145325266155,0.2429490893429839
1943,USO,LSTM,2023-05-01,2025-05-01,44,0.5459083301862103,0.5955082930715512,0.5061560395892181,0.567786099738764,0.28871731623698704
1944,USO,LSTM,2023-05-01,2025-05-01,45,0.7236439390456719,0.818342212670252,0.6986665614886521,0.7237279127530558,0.3611791648075726
1945,USO,LSTM,2023-05-01,2025-05-01,46,0.5497072348972984,0.6130956405320553,0.5067476368339222,0.5665409428522132,0.22302995570965597
1946,USO,LSTM,2023-05-01,2025-05-01,47,0.29475780478953095,0.33292956737687396,0.30354408491018586,0.3011409024304885,0.23579910672338264
1947,USO,LSTM,2023-05-01,2025-05-01,48,0.6237454117328272,0.8697379445649819,0.7982447407924712,0.804690013959608,0.27656560669091135
1948,USO,LSTM,2023-05-01,2025-05-01,49,1.1626827345294832,1.4830071966357516,1.1745816991528437,1.2639476759854393,0.2738977685068471
1949,USO,LSTM,2023-05-01,2025-05-01,50,0.2488604256744447,0.29506524155914776,0.28331205221411937,0.2905264406192383,0.25291223536688834
1950,USO,LSTM,2024-01-01,2026-01-01,1,2.7607257157637632,2.057935768841415,2.063741246810776,1.9991149640664239,0.31932594036747897
1951,USO,LSTM,2024-01-01,2026-01-01,2,1.695851392427937,1.3327063124381244,1.341574888205679,1.2150144082085672,0.34044588501730527
1952,USO,LSTM,2024-01-01,2026-01-01,3,0.7245515238146073,0.5946069576898132,0.7021858336018809,0.6248849902853962,0.2524810161633741
1953,USO,LSTM,2024-01-01,2026-01-01,4,1.5684664651891689,1.2140601835842673,1.3550367901790454,1.079439688793499,0.27915455260384403
1954,USO,LSTM,2024-01-01,2026-01-01,5,2.543951459758025,2.041614989682747,2.265116892002343,1.890714488048941,0.24665466227137559
1955,USO,LSTM,2024-01-01,2026-01-01,6,0.46619011321249204,0.3321349284605501,0.3515779007328966,0.29598571931999484,0.36749847925078716
1956,USO,LSTM,2024-01-01,2026-01-01,7,2.7190385746014574,2.0816152822397975,2.124857815959088,1.8410097628062394,0.39023084146068276
1957,USO,LSTM,2024-01-01,2026-01-01,8,0.4995138159066225,0.35466208306753244,0.4312036564180123,0.3311570310896504,0.44198052994604503
1958,USO,LSTM,2024-01-01,2026-01-01,9,2.6126560192008155,2.08734751886926,2.171268160763098,1.877253904780889,0.2496089738170733
1959,USO,LSTM,2024-01-01,2026-01-01,10,1.1597271777725218,0.9372412959930846,0.9247829941178091,0.8550278882436981,0.25026802093342354
1960,USO,LSTM,2024-01-01,2026-01-01,11,1.4654889378409282,1.2178940763018211,1.1736233096811162,1.0708728038315287,0.25567386514102564
1961,USO,LSTM,2024-01-01,2026-01-01,12,3.2059375853446817,2.465494777728338,2.700427257844954,2.419319131923873,0.4269715578107606
1962,USO,LSTM,2024-01-01,2026-01-01,13,1.2945967015742967,1.0091636452380852,1.2401920891284235,1.0356051572095109,0.2655092380057452
1963,USO,LSTM,2024-01-01,2026-01-01,14,0.5372140192839927,0.3786080308792264,0.4959447213543294,0.33345643635422917,0.27712191937906744
1964,USO,LSTM,2024-01-01,2026-01-01,15,3.2019084704066687,2.491416990176578,2.6358623614514323,2.326085885389345,0.28289202385195217
1965,USO,LSTM,2024-01-01,2026-01-01,16,0.6078007412364648,0.4899533390346471,0.4725610554211121,0.4022321655119347,0.29164963070754085
1966,USO,LSTM,2024-01-01,2026-01-01,17,1.8390234218591346,1.4299234788084196,1.5283482713853898,1.2987558811487088,0.256825436981562
1967,USO,LSTM,2024-01-01,2026-01-01,18,0.40188584056253135,0.294689870589677,0.31136642949874765,0.2624979328294262,0.33200952467285844
1968,USO,LSTM,2024-01-01,2026-01-01,19,2.298062086855344,1.7912009374309181,1.8781676090222665,1.6446989409357025,0.24209003680790447
1969,USO,LSTM,2024-01-01,2026-01-01,20,3.2490377286392613,2.597637152935558,2.740754823501865,2.336036236366904,0.24209077373536525
1970,USO,LSTM,2024-01-01,2026-01-01,21,0.7836114344957007,0.5857688076666178,0.44309870842263543,0.5145759373231354,0.28003364394931296
1971,USO,LSTM,2024-01-01,2026-01-01,22,0.4947259715276888,0.36076003446925825,0.43005995955010035,0.3274201056445409,0.26758767776451403
1972,USO,LSTM,2024-01-01,2026-01-01,23,0.3595821925905912,0.28627053013068293,0.3002549911718875,0.23783378566203936,0.30696432308779037
1973,USO,LSTM,2024-01-01,2026-01-01,24,2.081066493767183,1.6009110590170526,1.7628778746379306,1.5454805969593224,0.2512525632156215
1974,USO,LSTM,2024-01-01,2026-01-01,25,1.300290894967248,0.984698079126814,0.7795359195558639,0.8888524991171801,0.251126775208022
1975,USO,LSTM,2024-01-01,2026-01-01,26,0.4920902656582294,0.35697772169865377,0.45262293934795134,0.345698977289482,0.5003169933708926
1976,USO,LSTM,2024-01-01,2026-01-01,27,0.4857697442724513,0.3466459397609063,0.37987703548322044,0.3118520943032986,0.4421475249354753
1977,USO,LSTM,2024-01-01,2026-01-01,28,3.595426031397841,2.732485269760685,3.091511737297721,2.5484660673693558,0.36029824710429664
1978,USO,LSTM,2024-01-01,2026-01-01,29,0.9115653035430098,0.6417112052028102,0.544742693140918,0.6108346848760182,0.26656803031552856
1979,USO,LSTM,2024-01-01,2026-01-01,30,1.1084260707304072,0.9313196814445883,0.8647244290546051,0.7915971828502326,0.28580330556973904
1980,USO,LSTM,2024-01-01,2026-01-01,31,2.9458398766313065,2.354786772939313,2.537870810367541,2.0867500010790296,0.26568426681129353
1981,USO,LSTM,2024-01-01,2026-01-01,32,1.7739175094818826,1.467598655797239,1.4393509465719827,1.2994547215497667,0.25062291064974296
1982,USO,LSTM,2024-01-01,2026-01-01,33,1.6849385232116445,1.3712945417406464,1.5225056786854998,1.263612520363709,0.28180294490325597
1983,USO,LSTM,2024-01-01,2026-01-01,34,0.8714308954924476,0.6788880721178912,0.5974442218122413,0.5581633279749568,0.29593926389715525
1984,USO,LSTM,2024-01-01,2026-01-01,35,0.516101030901639,0.46598217434242767,0.4978546832426189,0.3762451549316314,0.25341387418606753
1985,USO,LSTM,2024-01-01,2026-01-01,36,0.6944389296377659,0.6051574073076847,0.6433581802636203,0.5342433436291582,0.26550955298797857
1986,USO,LSTM,2024-01-01,2026-01-01,37,1.9393625245651656,1.5453089716039674,1.5318222038975955,1.3599434618903046,0.25160131861459617
1987,USO,LSTM,2024-01-01,2026-01-01,38,1.960739613338601,1.4332263513200412,1.3876087269384771,1.3427731590195255,0.24726324235215763
1988,USO,LSTM,2024-01-01,2026-01-01,39,1.267038938565547,1.0539729268098557,0.8485857777847123,0.8710194855549599,0.24772991444799325
1989,USO,LSTM,2024-01-01,2026-01-01,40,1.1073078928731162,0.8843609303581482,0.8105174749028045,0.7511644652971912,0.2536000954489618
1990,USO,LSTM,2024-01-01,2026-01-01,41,2.2725896527220115,1.8592343418525732,2.032766014494005,1.6421302004539466,0.30038964202191143
1991,USO,LSTM,2024-01-01,2026-01-01,42,0.45792015673640046,0.33474763242576067,0.3257150689421855,0.2710755388218558,0.2602610224339675
1992,USO,LSTM,2024-01-01,2026-01-01,43,0.3078883399315219,0.25783757230323295,0.26741864144231264,0.23593540117175058,0.2831902819927592
1993,USO,LSTM,2024-01-01,2026-01-01,44,1.0249364143773103,0.7908729520570352,0.9198484776043543,0.8364218103626471,0.293744533745779
1994,USO,LSTM,2024-01-01,2026-01-01,45,0.5917229361055217,0.4856673544135394,0.4667571236233168,0.4388967058421776,0.25604666607779714
1995,USO,LSTM,2024-01-01,2026-01-01,46,1.5848458059981851,1.2870747199197987,1.4114444464696188,1.2651553358554735,0.25843316597310206
1996,USO,LSTM,2024-01-01,2026-01-01,47,3.8159057489452843,3.094211805869453,3.2083032713386332,2.902883528777255,0.3062867186328692
1997,USO,LSTM,2024-01-01,2026-01-01,48,2.386357541105976,2.1595395410773945,2.70211167867311,1.8978210131905044,0.2989525498564979
1998,USO,LSTM,2024-01-01,2026-01-01,49,0.4376038918433894,0.3388003690302972,0.3623047138560358,0.3143573889147973,0.2556448006995921
1999,USO,LSTM,2024-01-01,2026-01-01,50,0.5670858664023001,0.5314128241169844,0.5545880915740233,0.4888557584767502,0.25886171823337917
