,Stock,Type,Start Date,End Date,Seed,Open,High,Low,Close,Volume
0,^GSPTSE,LSTM,2022-01-01,2024-01-01,1,0.199977269012398,0.2089635050502923,0.193365195932003,0.2234840191728099,0.1776478549376461
1,^GSPTSE,LSTM,2022-01-01,2024-01-01,2,0.2262379969563376,0.2047910583536208,0.2542904397263855,0.2741075709065401,0.1791568941706577
2,^GSPTSE,LSTM,2022-01-01,2024-01-01,3,0.1467936924630221,0.1688190806544006,0.159047851758344,0.1788701558105712,0.1722061239497002
3,^GSPTSE,LSTM,2022-01-01,2024-01-01,4,0.1588661617510471,0.1864681940088449,0.1802231198688057,0.1975953265591625,0.1709987336630019
4,^GSPTSE,LSTM,2022-01-01,2024-01-01,5,0.2152782239944126,0.2514454079273551,0.3169975629531688,0.3108767935760068,0.1721756858426626
5,^GSPTSE,LSTM,2022-01-01,2024-01-01,6,0.1672534752844146,0.1968493492577048,0.1847361701633802,0.2210590253976093,0.1754075828132788
6,^GSPTSE,LSTM,2022-01-01,2024-01-01,7,0.1998482798327961,0.2284494549739085,0.2860024495803512,0.2691583186856693,0.178424102299966
7,^GSPTSE,LSTM,2022-01-01,2024-01-01,8,0.1585652838696235,0.184259702627129,0.1780314386545821,0.1954973553623962,0.1735876339317489
8,^GSPTSE,LSTM,2022-01-01,2024-01-01,9,0.234021872062005,0.2496916262049295,0.2865611967157095,0.2515850851330645,0.1733069865413573
9,^GSPTSE,LSTM,2022-01-01,2024-01-01,10,0.1723630213348654,0.2041906368100252,0.1925247135571805,0.2313829083246571,0.1728114238048949
10,^GSPTSE,LSTM,2022-01-01,2024-01-01,11,0.1549270443562031,0.198290121840428,0.172687952507691,0.2082043666738452,0.1726988756104056
11,^GSPTSE,LSTM,2022-01-01,2024-01-01,12,0.2397491147021174,0.2840521957916195,0.2590592841656166,0.3069708510101122,0.1779094379690138
12,^GSPTSE,LSTM,2022-01-01,2024-01-01,13,0.1502210411943988,0.1686141105315494,0.1599520516183649,0.1851176822469137,0.1790112302604024
13,^GSPTSE,LSTM,2022-01-01,2024-01-01,14,0.1625341556524367,0.1748151684250648,0.1669738431696658,0.1783628161239314,0.1746313258579046
14,^GSPTSE,LSTM,2022-01-01,2024-01-01,15,0.2281074596130016,0.2842917667891931,0.3137465269256238,0.2553069958725785,0.1722661508068295
15,^GSPTSE,LSTM,2022-01-01,2024-01-01,16,0.1707934438886116,0.1922154056197913,0.1787123635378853,0.2098574613131631,0.1742597495664073
16,^GSPTSE,LSTM,2022-01-01,2024-01-01,17,0.1638862967694351,0.1690546579138076,0.1594848069135857,0.1780003902230217,0.1719975549824391
17,^GSPTSE,LSTM,2022-01-01,2024-01-01,18,0.1596298344890297,0.1891793154736253,0.1715295134720482,0.2065055683999058,0.1719771878886224
18,^GSPTSE,LSTM,2022-01-01,2024-01-01,19,0.1572528513405911,0.1831318412878841,0.1603780534921846,0.2208252834577965,0.1744839304745094
19,^GSPTSE,LSTM,2022-01-01,2024-01-01,20,0.1666567697962206,0.1846578915576262,0.1709476463033023,0.1877020721303534,0.1790378964973955
20,^GSPTSE,LSTM,2022-01-01,2024-01-01,21,0.1693001563277683,0.1959017978591367,0.1900854955371932,0.2168318768692601,0.1741611145426089
21,^GSPTSE,LSTM,2022-01-01,2024-01-01,22,0.1506442594925592,0.1699585418306395,0.1612090655693247,0.196574388256643,0.1743768586536638
22,^GSPTSE,LSTM,2022-01-01,2024-01-01,23,0.1679467311296544,0.1951241918246559,0.18060060660219,0.2080154581138392,0.1774929126387158
23,^GSPTSE,LSTM,2022-01-01,2024-01-01,24,0.1702703548963605,0.1988355046879295,0.2955954716193937,0.2387882384932998,0.1740806807475478
24,^GSPTSE,LSTM,2022-01-01,2024-01-01,25,0.2467089359086395,0.2491825281344806,0.2631488551567214,0.2944542600949483,0.1741829882379151
25,^GSPTSE,LSTM,2022-01-01,2024-01-01,26,0.153251457418684,0.1727111102679562,0.1550050697370985,0.1872203183058297,0.1747897134889088
26,^GSPTSE,LSTM,2022-01-01,2024-01-01,27,0.1760838998897881,0.1921418814059168,0.1837055028812549,0.2053022361460796,0.1763258184112808
27,^GSPTSE,LSTM,2022-01-01,2024-01-01,28,0.2208186301035189,0.232845051815197,0.2625286382569022,0.2554241851104309,0.1704329440169681
28,^GSPTSE,LSTM,2022-01-01,2024-01-01,29,0.1912689711826512,0.2298963268961727,0.2171518989654241,0.2586398165154185,0.1791116937043138
29,^GSPTSE,LSTM,2022-01-01,2024-01-01,30,0.1635922276714912,0.1874848815692343,0.1772642039898418,0.1918859388627117,0.175568706776719
30,^GSPTSE,LSTM,2022-01-01,2024-01-01,31,0.174072807685754,0.1991629896881613,0.1789161312046092,0.2095145830979763,0.1744421071982482
31,^GSPTSE,LSTM,2022-01-01,2024-01-01,32,0.2037617455924142,0.2357396931429679,0.1833566096036935,0.2305174183948631,0.1762565176803082
32,^GSPTSE,LSTM,2022-01-01,2024-01-01,33,0.1783590461324048,0.1802804988164433,0.1885387615757715,0.1907064643492751,0.1708183107894656
33,^GSPTSE,LSTM,2022-01-01,2024-01-01,34,0.2321769118269226,0.2302468760397741,0.222679391096807,0.2187140397872209,0.1781347618852376
34,^GSPTSE,LSTM,2022-01-01,2024-01-01,35,0.156584534317616,0.1855575044094776,0.1803846714091308,0.2089287075290549,0.170813293471997
35,^GSPTSE,LSTM,2022-01-01,2024-01-01,36,0.178571194923698,0.195932246217243,0.1867258688945419,0.2095208110348036,0.175848786515968
36,^GSPTSE,LSTM,2022-01-01,2024-01-01,37,0.1963694408971798,0.2059543786911315,0.2153817496932792,0.2236598862401853,0.1744564258056107
37,^GSPTSE,LSTM,2022-01-01,2024-01-01,38,0.2802637956331162,0.2699879445239159,0.3219357657779766,0.330119861131204,0.174316081016831
38,^GSPTSE,LSTM,2022-01-01,2024-01-01,39,0.2012681356420383,0.2092004887519677,0.1992148412013255,0.2105201585148471,0.1731295565798042
39,^GSPTSE,LSTM,2022-01-01,2024-01-01,40,0.1544702907766969,0.1843129112422797,0.1886051084143864,0.2307587694549096,0.1748716434932548
40,^GSPTSE,LSTM,2022-01-01,2024-01-01,41,0.1698672451587577,0.1943160904850717,0.1718529493376366,0.1934949219613883,0.1746078974895624
41,^GSPTSE,LSTM,2022-01-01,2024-01-01,42,0.1734032669534587,0.1923149955800791,0.1958653680287128,0.2113832990858141,0.1695436523538064
42,^GSPTSE,LSTM,2022-01-01,2024-01-01,43,0.1829004375099257,0.2137953915424232,0.2049578421132731,0.2399163274611203,0.1747933265279252
43,^GSPTSE,LSTM,2022-01-01,2024-01-01,44,0.1667911498697114,0.2010072502838261,0.1777092589102581,0.2107498296863718,0.1747980807429189
44,^GSPTSE,LSTM,2022-01-01,2024-01-01,45,0.1733776528723996,0.2908857657319599,0.2036231472272648,0.2666332696283036,0.171318102004654
45,^GSPTSE,LSTM,2022-01-01,2024-01-01,46,0.1530220582312657,0.1669297371510442,0.2098661266491332,0.2393112904578365,0.1796604081255958
46,^GSPTSE,LSTM,2022-01-01,2024-01-01,47,0.2595327790033446,0.2622078622625863,0.222912272183335,0.3140202236300969,0.172742960714062
47,^GSPTSE,LSTM,2022-01-01,2024-01-01,48,0.1905265259050431,0.1830499235834819,0.1807688938070764,0.1869334054779049,0.1734261108638503
48,^GSPTSE,LSTM,2022-01-01,2024-01-01,49,0.1642528568323255,0.1825477519077442,0.2017400059111276,0.2064731534778259,0.1768994691930136
49,^GSPTSE,LSTM,2022-01-01,2024-01-01,50,0.2494476682248635,0.2795010902778326,0.3932674377204029,0.3455733543189775,0.1831372917111474
50,^GSPTSE,LSTM,2022-09-01,2024-09-01,1,0.2174829607761858,0.2266805176289064,0.2267164309384479,0.2540664608477376,0.2668289677937398
51,^GSPTSE,LSTM,2022-09-01,2024-09-01,2,0.2491727184173095,0.2813715149155805,0.2550409171426846,0.2471512972292303,0.2661689075469665
52,^GSPTSE,LSTM,2022-09-01,2024-09-01,3,0.399901270560617,0.3946962000291206,0.3234232418160659,0.3988929367643532,0.2644136910909048
53,^GSPTSE,LSTM,2022-09-01,2024-09-01,4,0.2770622945668262,0.2352561277089659,0.3060199293962146,0.2705528650796834,0.265044463104678
54,^GSPTSE,LSTM,2022-09-01,2024-09-01,5,0.2364982881157324,0.2363456917380863,0.2191222648212182,0.2497351654313871,0.2668091624376181
55,^GSPTSE,LSTM,2022-09-01,2024-09-01,6,0.2333080403379545,0.2426083797187952,0.2536641131195599,0.2713206383551995,0.2667715349773354
56,^GSPTSE,LSTM,2022-09-01,2024-09-01,7,0.2507830303417976,0.2479464415502556,0.2646175565239986,0.2653131082771062,0.2721602832799969
57,^GSPTSE,LSTM,2022-09-01,2024-09-01,8,0.2931538783758096,0.345491141862081,0.29936715851313,0.3399695015628584,0.2610653300572367
58,^GSPTSE,LSTM,2022-09-01,2024-09-01,9,0.2469094818492514,0.2430404654161873,0.2410396831892231,0.2751326453308704,0.2723997884710407
59,^GSPTSE,LSTM,2022-09-01,2024-09-01,10,0.2357903253615333,0.2495241862803328,0.2364695648555168,0.2479914346579587,0.2809777050069348
60,^GSPTSE,LSTM,2022-09-01,2024-09-01,11,0.2197492931628966,0.2279426275967521,0.2385363241323404,0.2537570566954299,0.2641107211237087
61,^GSPTSE,LSTM,2022-09-01,2024-09-01,12,0.2835696730114742,0.3344933168562284,0.2706603989529837,0.307545747596751,0.2685059574853068
62,^GSPTSE,LSTM,2022-09-01,2024-09-01,13,0.4855377173610478,0.5449331591682552,0.4252945491375892,0.4857907905534666,0.2689294703671817
63,^GSPTSE,LSTM,2022-09-01,2024-09-01,14,0.237590185324325,0.2558387440063743,0.3188867520876873,0.2960010681258443,0.2931538880853027
64,^GSPTSE,LSTM,2022-09-01,2024-09-01,15,0.2243219157568705,0.2471416269607072,0.2257895313727367,0.2389593350937137,0.2641214352080201
65,^GSPTSE,LSTM,2022-09-01,2024-09-01,16,0.2314216067705409,0.329185241977397,0.2474620691667137,0.3515423660622974,0.2669212095340114
66,^GSPTSE,LSTM,2022-09-01,2024-09-01,17,0.273581383250716,0.2685572960487742,0.2846400172196678,0.2768005458994743,0.271063066104419
67,^GSPTSE,LSTM,2022-09-01,2024-09-01,18,0.2505810689078118,0.2333138182147389,0.2222107229232366,0.2461854858152947,0.2712973454458366
68,^GSPTSE,LSTM,2022-09-01,2024-09-01,19,0.2218398777309342,0.2621403286668135,0.2393592724855921,0.3054775681985952,0.2644048887832801
69,^GSPTSE,LSTM,2022-09-01,2024-09-01,20,0.3491683552894035,0.3435537700569421,0.3124436673883869,0.324175797051406,0.2685378068939976
70,^GSPTSE,LSTM,2022-09-01,2024-09-01,21,0.2115900538057269,0.2101107677631363,0.2171313934493065,0.2653979474776671,0.265563333400043
71,^GSPTSE,LSTM,2022-09-01,2024-09-01,22,0.2536623717701278,0.2298628339134749,0.2548482672923486,0.2590469859267897,0.2725087838704614
72,^GSPTSE,LSTM,2022-09-01,2024-09-01,23,0.3532708590334451,0.2747949905676164,0.2943756333800592,0.2716413302253953,0.2984341320393865
73,^GSPTSE,LSTM,2022-09-01,2024-09-01,24,0.3462723238043955,0.3834033193628022,0.3559582586746825,0.4388289247172662,0.2634356947357637
74,^GSPTSE,LSTM,2022-09-01,2024-09-01,25,0.2993381714866933,0.2705150853977487,0.2314491200494047,0.2977740805804378,0.267877984563678
75,^GSPTSE,LSTM,2022-09-01,2024-09-01,26,0.2168490792043545,0.2197106063916243,0.2225230665215129,0.2443079631481922,0.2937746146372623
76,^GSPTSE,LSTM,2022-09-01,2024-09-01,27,0.3015920195230613,0.349473383300791,0.3094264692356961,0.3453839113371806,0.2680468404979357
77,^GSPTSE,LSTM,2022-09-01,2024-09-01,28,0.8605659385230541,0.8228463968203017,0.7419486759472675,0.7679119794838323,0.2710161699608174
78,^GSPTSE,LSTM,2022-09-01,2024-09-01,29,0.2465448665974452,0.251942496283015,0.2496599935269262,0.2786780915681842,0.2647333240203869
79,^GSPTSE,LSTM,2022-09-01,2024-09-01,30,0.3446704654619593,0.3704744478054564,0.4022829472449495,0.4047755249369343,0.3220477774569774
80,^GSPTSE,LSTM,2022-09-01,2024-09-01,31,0.4215846004650616,0.4412417300253512,0.4115408463149267,0.3934954240745238,0.3011548822660593
81,^GSPTSE,LSTM,2022-09-01,2024-09-01,32,0.2214972475659603,0.2744581289016608,0.2656986458942812,0.2916556176728317,0.2718414496972393
82,^GSPTSE,LSTM,2022-09-01,2024-09-01,33,0.3442419088541916,0.3439246381550545,0.3954102231655417,0.3950868566566837,0.2646423562836186
83,^GSPTSE,LSTM,2022-09-01,2024-09-01,34,0.2779564630050667,0.2694957504916594,0.2748194336782996,0.2804450575532313,0.2685067468204676
84,^GSPTSE,LSTM,2022-09-01,2024-09-01,35,0.2440332579553548,0.2452442669179524,0.2462630450887444,0.2659842605605598,0.2660683116303271
85,^GSPTSE,LSTM,2022-09-01,2024-09-01,36,0.2431228522129267,0.3078145040004447,0.2737178008396157,0.2629570329517173,0.2712394928951289
86,^GSPTSE,LSTM,2022-09-01,2024-09-01,37,0.2741376235462325,0.2996004161828867,0.2339095856524527,0.2442019098477252,0.2654692204311863
87,^GSPTSE,LSTM,2022-09-01,2024-09-01,38,0.2711425979702656,0.2208603790233224,0.222232743647744,0.2729055941541657,0.2649480117216207
88,^GSPTSE,LSTM,2022-09-01,2024-09-01,39,0.2956711695818343,0.2351755303228654,0.2515878971048428,0.2678160752974166,0.2656553943247948
89,^GSPTSE,LSTM,2022-09-01,2024-09-01,40,0.3287408872639712,0.3682463586027001,0.279598728788859,0.3987646471743229,0.3117677894647724
90,^GSPTSE,LSTM,2022-09-01,2024-09-01,41,0.2363006187318247,0.2822140577142288,0.2483975804239875,0.2587085699588251,0.2700245890782988
91,^GSPTSE,LSTM,2022-09-01,2024-09-01,42,0.2998989326481207,0.322563924602312,0.3146871421590349,0.3454961656812064,0.2630216430143788
92,^GSPTSE,LSTM,2022-09-01,2024-09-01,43,0.2153307988541273,0.2301311129523382,0.239352908929161,0.2627338849594481,0.2619979033871846
93,^GSPTSE,LSTM,2022-09-01,2024-09-01,44,0.1959400338970398,0.2122423955502829,0.2130849054484646,0.2230486655086413,0.2690438535026547
94,^GSPTSE,LSTM,2022-09-01,2024-09-01,45,0.2551676533334868,0.2943730737749288,0.2800614432528753,0.2708569548974325,0.2634174721503077
95,^GSPTSE,LSTM,2022-09-01,2024-09-01,46,0.3764112907864534,0.2826750789932705,0.2187603528804429,0.2445428227293027,0.2732881339654062
96,^GSPTSE,LSTM,2022-09-01,2024-09-01,47,0.2409586436934183,0.2224435351840607,0.2339995442896713,0.2615109425443794,0.2649972868748261
97,^GSPTSE,LSTM,2022-09-01,2024-09-01,48,0.4387881387962831,0.4631537183391495,0.4078040243406702,0.5579233512157155,0.2640751390910531
98,^GSPTSE,LSTM,2022-09-01,2024-09-01,49,0.3107659643266095,0.3214763476757246,0.3064543668905681,0.3245388622949201,0.2732147503370895
99,^GSPTSE,LSTM,2022-09-01,2024-09-01,50,0.4415729196427958,0.5280290504606797,0.5171690691141158,0.5358851861977147,0.2659945421975293
100,^GSPTSE,LSTM,2023-05-01,2025-05-01,1,0.2470751515538099,0.2850077127727048,0.3072603816992574,0.280196108741558,0.291234950272392
101,^GSPTSE,LSTM,2023-05-01,2025-05-01,2,0.2521167821547485,0.2710953567021966,0.3233091064425915,0.2843866399968976,0.2993417622767579
102,^GSPTSE,LSTM,2023-05-01,2025-05-01,3,0.2537304921989853,0.3173715233703562,0.3197970557059802,0.2839182621560745,0.3109123334858336
103,^GSPTSE,LSTM,2023-05-01,2025-05-01,4,0.233382536507625,0.2761011870603295,0.2897281143241982,0.2754482383078748,0.2960449638996922
104,^GSPTSE,LSTM,2023-05-01,2025-05-01,5,0.2767914291368422,0.3141080657967936,0.3233693043678999,0.3306125407499907,0.3077394925511539
105,^GSPTSE,LSTM,2023-05-01,2025-05-01,6,0.29606678949725,0.3458193071735412,0.3587974164905148,0.3407284160130307,0.3166108633935701
106,^GSPTSE,LSTM,2023-05-01,2025-05-01,7,0.2519772716965852,0.2683741329271974,0.3157378208784649,0.2801044050644086,0.3119474589193319
107,^GSPTSE,LSTM,2023-05-01,2025-05-01,8,0.340256910656974,0.3616318285427732,0.3562822841338088,0.2905954650620184,0.3301092905776834
108,^GSPTSE,LSTM,2023-05-01,2025-05-01,9,0.2853579935607827,0.3438460832811663,0.3525086397080716,0.3327416198834933,0.3563369740001025
109,^GSPTSE,LSTM,2023-05-01,2025-05-01,10,0.2223025165542633,0.250588877409065,0.2830131784512195,0.2668626259785217,0.314695966019453
110,^GSPTSE,LSTM,2023-05-01,2025-05-01,11,0.258182159606802,0.2716689099737795,0.304175279252967,0.2723093418375262,0.3030443349223497
111,^GSPTSE,LSTM,2023-05-01,2025-05-01,12,0.3015700473240107,0.4603177922716128,0.321290034614438,0.3571956354381121,0.3004302262366928
112,^GSPTSE,LSTM,2023-05-01,2025-05-01,13,0.2622321873352674,0.3193467306315689,0.3197520563733533,0.2861973537324957,0.3172193915319871
113,^GSPTSE,LSTM,2023-05-01,2025-05-01,14,0.3225804988793687,0.3747680929662764,0.4082007367596899,0.4133477434122282,0.3117217336361656
114,^GSPTSE,LSTM,2023-05-01,2025-05-01,15,0.4466211741093427,0.6516005505779262,0.4040857621396057,0.4452344452939806,0.317562023790878
115,^GSPTSE,LSTM,2023-05-01,2025-05-01,16,0.2504394219749725,0.2635656793632412,0.3097778538413995,0.2754071191402883,0.307614402692993
116,^GSPTSE,LSTM,2023-05-01,2025-05-01,17,0.2697641406739476,0.3167768052715286,0.3114942885987011,0.2937994993685601,0.3077414274429093
117,^GSPTSE,LSTM,2023-05-01,2025-05-01,18,0.3100187094175136,0.28952424938439,0.3504953352387964,0.2868247344566605,0.3120279763348419
118,^GSPTSE,LSTM,2023-05-01,2025-05-01,19,0.2980943766908278,0.326763110789343,0.382926874793603,0.3314096488747559,0.2914198427389486
119,^GSPTSE,LSTM,2023-05-01,2025-05-01,20,0.2963975448031945,0.3666541993961304,0.3651000362553696,0.3458071212104417,0.3043750778884281
120,^GSPTSE,LSTM,2023-05-01,2025-05-01,21,0.2398931234851914,0.2751006890003047,0.2920185101427291,0.2806539759468256,0.3400922005395489
121,^GSPTSE,LSTM,2023-05-01,2025-05-01,22,0.4517918354878589,0.629180637100048,0.4233394960740658,0.4426887023376872,0.3237563652064603
122,^GSPTSE,LSTM,2023-05-01,2025-05-01,23,0.2608437096204012,0.2699897963720902,0.3001569285472905,0.2783222905837093,0.2983976949281375
123,^GSPTSE,LSTM,2023-05-01,2025-05-01,24,0.2479890369100501,0.280219825429912,0.3083504400331412,0.290008801151017,0.2923682751998156
124,^GSPTSE,LSTM,2023-05-01,2025-05-01,25,0.2418868756273923,0.289636347540078,0.3268287032879385,0.2899061239853169,0.2915395284508509
125,^GSPTSE,LSTM,2023-05-01,2025-05-01,26,0.2514235640130864,0.2717650112832848,0.2936000415732661,0.2707527780309839,0.2953297387074644
126,^GSPTSE,LSTM,2023-05-01,2025-05-01,27,0.3484193176958123,0.463232190310723,0.4539869136010466,0.3605800322129193,0.3303507105480611
127,^GSPTSE,LSTM,2023-05-01,2025-05-01,28,0.370622110748736,0.5357959283699779,0.350120090198106,0.4471975819376692,0.3001932463451069
128,^GSPTSE,LSTM,2023-05-01,2025-05-01,29,0.2282610868600649,0.2753789086141044,0.297743539846785,0.294982237586141,0.3041664772623125
129,^GSPTSE,LSTM,2023-05-01,2025-05-01,30,0.2298855799237407,0.2567064968561924,0.2768049999738975,0.2604650875030316,0.3009370206840371
130,^GSPTSE,LSTM,2023-05-01,2025-05-01,31,0.2367417997665653,0.2691020788519493,0.2839049191334351,0.2657665327730777,0.2984036465621165
131,^GSPTSE,LSTM,2023-05-01,2025-05-01,32,0.274165665760679,0.2786420630951468,0.2874866808454804,0.2688319244925917,0.2993044300865307
132,^GSPTSE,LSTM,2023-05-01,2025-05-01,33,0.236449317610765,0.2941071379067966,0.3014747323679066,0.289604526560254,0.3218063309190083
133,^GSPTSE,LSTM,2023-05-01,2025-05-01,34,0.2598865805388674,0.2700954198361724,0.2974743803881962,0.2750291978586536,0.3127047701962448
134,^GSPTSE,LSTM,2023-05-01,2025-05-01,35,0.3730490317401472,0.3930014018538586,0.3526745216042389,0.3544550898894377,0.2980208344686271
135,^GSPTSE,LSTM,2023-05-01,2025-05-01,36,0.3371467858727855,0.5249354195317862,0.3501879207734708,0.3521353024486399,0.2929783471906887
136,^GSPTSE,LSTM,2023-05-01,2025-05-01,37,0.2607281647570652,0.3838664500310448,0.3190707895973971,0.3049694548230823,0.3022168152908809
137,^GSPTSE,LSTM,2023-05-01,2025-05-01,38,0.2389652679072042,0.2605959908209395,0.2763850908549276,0.2752574160988132,0.3012745519835572
138,^GSPTSE,LSTM,2023-05-01,2025-05-01,39,0.2480804467097463,0.2922521068444237,0.300960097196158,0.2808116144039032,0.2913084692690143
139,^GSPTSE,LSTM,2023-05-01,2025-05-01,40,0.2816322744344547,0.3454187474951012,0.3598108649178804,0.3725337766536474,0.2992876207462274
140,^GSPTSE,LSTM,2023-05-01,2025-05-01,41,0.2337974509006164,0.2774696971990902,0.2866565121669258,0.2649198689782638,0.30880228179851
141,^GSPTSE,LSTM,2023-05-01,2025-05-01,42,0.2257155082022217,0.2587328009543292,0.3018921457821668,0.2598319846511849,0.3077261124374951
142,^GSPTSE,LSTM,2023-05-01,2025-05-01,43,0.2188177637886063,0.2666209125917154,0.2820830911309854,0.2649651610093043,0.3178756968561717
143,^GSPTSE,LSTM,2023-05-01,2025-05-01,44,0.2329959800684494,0.2699157579332183,0.2830861967229957,0.2673741586031353,0.290874889864657
144,^GSPTSE,LSTM,2023-05-01,2025-05-01,45,0.2414543707063976,0.3071011209841731,0.31851183484266,0.3105556333922457,0.3180347534495581
145,^GSPTSE,LSTM,2023-05-01,2025-05-01,46,0.257683324742759,0.2846636078561941,0.3054813770882505,0.2816754196971925,0.3279698764533542
146,^GSPTSE,LSTM,2023-05-01,2025-05-01,47,0.2362603820938319,0.3139210251686241,0.2858825135828256,0.2803644187998019,0.2961881008858875
147,^GSPTSE,LSTM,2023-05-01,2025-05-01,48,0.2332583708806033,0.2915348015310035,0.2825744801306607,0.283735691222669,0.2988330272820505
148,^GSPTSE,LSTM,2023-05-01,2025-05-01,49,0.2986896077681897,0.3625232470670625,0.3672654319760007,0.3309738373479755,0.3128355129039097
149,^GSPTSE,LSTM,2023-05-01,2025-05-01,50,0.3746859371219645,0.5492403160268622,0.4320854951376998,0.3803884513142855,0.3124972518096803
150,^GSPTSE,LSTM,2024-01-01,2026-01-01,1,0.6388002159373434,0.9407782204306694,0.7909126002994937,0.819482114691622,0.1728690021508682
151,^GSPTSE,LSTM,2024-01-01,2026-01-01,2,0.402881311546608,0.5224124364914294,0.3001255672680353,0.3451335952315439,0.1653121965179853
152,^GSPTSE,LSTM,2024-01-01,2026-01-01,3,0.3202449239460818,0.2165833412901768,0.1570185328892149,0.3941858212776185,0.1646291210403999
153,^GSPTSE,LSTM,2024-01-01,2026-01-01,4,0.1915313603535699,0.2188033218108614,0.2392833611969617,0.2578633565047357,0.1634811079834481
154,^GSPTSE,LSTM,2024-01-01,2026-01-01,5,0.5022722854894476,0.6509376970578435,0.7072625578244867,0.6843906278614467,0.1680359303122773
155,^GSPTSE,LSTM,2024-01-01,2026-01-01,6,0.168216179855388,0.2069607899492549,0.169043730055093,0.1844646332279522,0.1633902514212983
156,^GSPTSE,LSTM,2024-01-01,2026-01-01,7,0.6230333123581342,0.6713937773633093,0.6000523027837246,0.5721034179253098,0.1665116747353487
157,^GSPTSE,LSTM,2024-01-01,2026-01-01,8,0.4875829969877141,0.555861480107567,0.6098706580862535,0.561446112566707,0.1707676135798082
158,^GSPTSE,LSTM,2024-01-01,2026-01-01,9,0.1733541671500146,0.1826122211930828,0.1372041172187699,0.1616819304522858,0.165982136316493
159,^GSPTSE,LSTM,2024-01-01,2026-01-01,10,0.1374350385537422,0.2619322325804735,0.1337316177835144,0.1851577442746041,0.1656660916813746
160,^GSPTSE,LSTM,2024-01-01,2026-01-01,11,0.161269063030826,0.1347437454402055,0.1483519164825778,0.1449337342012303,0.1732257803043595
161,^GSPTSE,LSTM,2024-01-01,2026-01-01,12,0.2743320698330657,0.3386524739934128,0.2627669597618234,0.2577670399385569,0.1639347181257676
162,^GSPTSE,LSTM,2024-01-01,2026-01-01,13,0.1359954122527006,0.1415041047002214,0.1392161093843253,0.1477099426554651,0.163373738513805
163,^GSPTSE,LSTM,2024-01-01,2026-01-01,14,0.1695679706822731,0.1738731822057118,0.1461729535465173,0.1673499850200472,0.1635645407605383
164,^GSPTSE,LSTM,2024-01-01,2026-01-01,15,0.1359316903475529,0.1479108945976487,0.1643859731166447,0.1480579638658986,0.1644693398741952
165,^GSPTSE,LSTM,2024-01-01,2026-01-01,16,0.1752165129021217,0.1248091432528859,0.1472832279606842,0.1415024058996546,0.1638661190194309
166,^GSPTSE,LSTM,2024-01-01,2026-01-01,17,0.1320458999263805,0.1350852990715249,0.1462972117884199,0.147321258100491,0.1676965402099671
167,^GSPTSE,LSTM,2024-01-01,2026-01-01,18,0.4684487345366172,0.3866621280959886,0.5005266957358868,0.3699307073009,0.2283054719621805
168,^GSPTSE,LSTM,2024-01-01,2026-01-01,19,0.3403460467262066,0.2446275149436412,0.1382760392041661,0.4340745314517361,0.1664269552534404
169,^GSPTSE,LSTM,2024-01-01,2026-01-01,20,0.3341076658000554,0.3092339762498979,0.3204222980445578,0.3040969680689048,0.1724506953511689
170,^GSPTSE,LSTM,2024-01-01,2026-01-01,21,0.2902718431309544,0.4204106582665287,0.4822889900983204,0.3541472680491382,0.1627747769171368
171,^GSPTSE,LSTM,2024-01-01,2026-01-01,22,0.6684404966010616,0.6106232790473857,0.7299406452551074,0.5169169997437708,0.1801469962436672
172,^GSPTSE,LSTM,2024-01-01,2026-01-01,23,0.2360475687453147,0.1692818761606959,0.2114579760861616,0.1531989295149358,0.164867519377794
173,^GSPTSE,LSTM,2024-01-01,2026-01-01,24,0.2524194958532815,0.2108381464323014,0.2075825085373311,0.231922502525174,0.1656425330722705
174,^GSPTSE,LSTM,2024-01-01,2026-01-01,25,1.1161249604126369,1.3070409995176853,0.9097200754896824,1.0987504535257098,0.1665104143750858
175,^GSPTSE,LSTM,2024-01-01,2026-01-01,26,0.1797804069126679,0.1501004668383107,0.2251000602958364,0.2053785242437525,0.168614530967449
176,^GSPTSE,LSTM,2024-01-01,2026-01-01,27,0.3165777784680104,0.3367299950315474,0.3804431272576926,0.2434644143596876,0.1643850766923627
177,^GSPTSE,LSTM,2024-01-01,2026-01-01,28,0.1286406463047097,0.154633119540072,0.1402349579645707,0.1549921499610334,0.1663162834241884
178,^GSPTSE,LSTM,2024-01-01,2026-01-01,29,0.3572763563460368,0.7603624598524958,0.407673110050554,0.5029948421682757,0.189505978488346
179,^GSPTSE,LSTM,2024-01-01,2026-01-01,30,0.2556435914746524,0.2761082497310914,0.413694585196774,0.3586343706266849,0.1825331704184197
180,^GSPTSE,LSTM,2024-01-01,2026-01-01,31,0.6517208650487987,0.7368661687570813,0.6265584763880186,0.7584578783236705,0.163157390051316
181,^GSPTSE,LSTM,2024-01-01,2026-01-01,32,0.1448073991917086,0.1579079528174811,0.2415989218282593,0.1825189407538765,0.1647105299973789
182,^GSPTSE,LSTM,2024-01-01,2026-01-01,33,0.4106928608982918,0.4463721923030888,0.3824360360408774,0.3881787125130415,0.1659130023731792
183,^GSPTSE,LSTM,2024-01-01,2026-01-01,34,0.1532895909103888,0.1845312033908537,0.136438214736556,0.1561617247463468,0.1630330228476945
184,^GSPTSE,LSTM,2024-01-01,2026-01-01,35,0.5049878766056545,0.398625891130433,0.2098436785779227,0.2818611732175234,0.1700340981277313
185,^GSPTSE,LSTM,2024-01-01,2026-01-01,36,0.1810650477475303,0.1787188024533429,0.2490939956221316,0.2551623114484394,0.1808001210598568
186,^GSPTSE,LSTM,2024-01-01,2026-01-01,37,0.2520459922356263,0.3966390191128539,0.292052688880105,0.2067236905939473,0.1762436722611454
187,^GSPTSE,LSTM,2024-01-01,2026-01-01,38,0.1656471737558163,0.1311031474815601,0.2535300131809289,0.1794072051213739,0.1899803202887729
188,^GSPTSE,LSTM,2024-01-01,2026-01-01,39,0.3938850947552446,0.358668339015196,0.4090514325972702,0.4176339039611184,0.1632520175389248
189,^GSPTSE,LSTM,2024-01-01,2026-01-01,40,0.4856466972114359,0.9730761029815403,0.7706999163714293,0.576208005972215,0.1634176826793905
190,^GSPTSE,LSTM,2024-01-01,2026-01-01,41,0.2560148987025289,0.2845082397688374,0.2245236827777477,0.1836876887548089,0.1721241421485176
191,^GSPTSE,LSTM,2024-01-01,2026-01-01,42,0.1374661803743922,0.2060760561471136,0.1471555295974385,0.1547440810557813,0.1640128815468157
192,^GSPTSE,LSTM,2024-01-01,2026-01-01,43,0.3659834226232971,0.3569605664208314,0.3649881476650354,0.4659093661184839,0.1716094151055218
193,^GSPTSE,LSTM,2024-01-01,2026-01-01,44,0.1314145833201211,0.1250994107425052,0.1363991857122053,0.1451060470329993,0.165562505455705
194,^GSPTSE,LSTM,2024-01-01,2026-01-01,45,1.1500369002199406,1.295867282660481,1.2699641827191763,0.8844374391335075,0.2298687237034726
195,^GSPTSE,LSTM,2024-01-01,2026-01-01,46,0.3216059950478783,0.5284377156086687,0.5924688953622869,0.736635737916966,0.1758267980457147
196,^GSPTSE,LSTM,2024-01-01,2026-01-01,47,0.1860223508442673,0.2302403589990294,0.5626274819282889,0.3206814589473797,0.1673833954062469
197,^GSPTSE,LSTM,2024-01-01,2026-01-01,48,0.2097180119296259,0.151630763524792,0.3648246326731138,0.1458046143880169,0.1638555631409972
198,^GSPTSE,LSTM,2024-01-01,2026-01-01,49,0.1584716000495231,0.231564664685359,0.1794120737313969,0.1724347101473236,0.1644383696737628
199,^GSPTSE,LSTM,2024-01-01,2026-01-01,50,0.8444067161168146,1.1533471961717658,1.0374353181932796,0.9493862873776404,0.1752217397911634
200,SLV,LSTM,2022-01-01,2024-01-01,1,0.2698776349992184,0.2480879683817535,0.2615443631138232,0.2814690136850797,0.2706962640588713
201,SLV,LSTM,2022-01-01,2024-01-01,2,0.359803990186187,0.2626687060579595,0.3124678725007747,0.287780317007997,0.2524254043574894
202,SLV,LSTM,2022-01-01,2024-01-01,3,0.7866184531183698,0.3626941431229258,0.5436033109003067,0.2521451652637316,0.2579955580519346
203,SLV,LSTM,2022-01-01,2024-01-01,4,0.4520065349329725,0.3531078956148418,0.2798784168733624,0.3153602899792924,0.2669783117511352
204,SLV,LSTM,2022-01-01,2024-01-01,5,0.2456062797323637,0.2823528837661799,0.3420132884196766,0.357377190543454,0.259471305155126
205,SLV,LSTM,2022-01-01,2024-01-01,6,0.3614714794419458,0.2713189498801113,0.4473362619924522,0.2992596849885627,0.261489049201544
206,SLV,LSTM,2022-01-01,2024-01-01,7,0.8457264579512495,0.2797074632906191,0.3140683100735972,0.3982480868667002,0.2742004351990664
207,SLV,LSTM,2022-01-01,2024-01-01,8,0.2270933684534295,0.2316481591452354,0.2569506047377585,0.2629523071281583,0.2590296600170373
208,SLV,LSTM,2022-01-01,2024-01-01,9,0.2499813584499327,0.2517751933534956,0.2568300889171487,0.2574013553233641,0.2701510897792514
209,SLV,LSTM,2022-01-01,2024-01-01,10,0.2328226617863727,0.2262663220586938,0.2519441325277901,0.2318686036742801,0.2780524909177099
210,SLV,LSTM,2022-01-01,2024-01-01,11,0.2822593522540942,0.2390844162318899,0.398358867032532,0.3232354437961235,0.2597389345407691
211,SLV,LSTM,2022-01-01,2024-01-01,12,0.3422089244352502,0.6131238088731996,0.34208221716921,0.3710495195309906,0.2641771000239392
212,SLV,LSTM,2022-01-01,2024-01-01,13,0.2868612456413801,0.2869957400467048,0.2809561749315417,0.2960870060560602,0.2619594080594516
213,SLV,LSTM,2022-01-01,2024-01-01,14,0.4084159590826229,0.2832106976227396,0.2466006328707604,0.2735463049589675,0.2632123578838914
214,SLV,LSTM,2022-01-01,2024-01-01,15,0.7095767657185338,0.5378003839585082,0.5261019436029065,0.4477851529538268,0.2617663316879435
215,SLV,LSTM,2022-01-01,2024-01-01,16,0.2570104873274015,0.2451966502053862,0.2530133423505243,0.255727329517868,0.2585790475018217
216,SLV,LSTM,2022-01-01,2024-01-01,17,0.2829325782171405,0.2803435339197322,0.4170881461119767,0.3147278209396708,0.2592307304052342
217,SLV,LSTM,2022-01-01,2024-01-01,18,0.2720050232725416,0.2745661706810222,0.3263303558593672,0.2762453893922343,0.2759024630925704
218,SLV,LSTM,2022-01-01,2024-01-01,19,0.2631361795425035,0.2738974378576624,0.3223562815576914,0.3244566528262246,0.2531560221712656
219,SLV,LSTM,2022-01-01,2024-01-01,20,0.2372201160265713,0.2519101719792024,0.2591696367093656,0.2642380349627982,0.2689899487488936
220,SLV,LSTM,2022-01-01,2024-01-01,21,0.249928412788554,0.2439445589017314,0.2407227856808748,0.255826471003415,0.2588519298914995
221,SLV,LSTM,2022-01-01,2024-01-01,22,0.321915822053712,0.2655618870902015,0.4133174733390473,0.2741010157566515,0.2553434761952468
222,SLV,LSTM,2022-01-01,2024-01-01,23,0.2335998671700347,0.282423493571997,0.3346659839212026,0.3811428378893438,0.2593688250422247
223,SLV,LSTM,2022-01-01,2024-01-01,24,0.2750082084207378,0.2508694889267712,0.3196631725246353,0.3023752965526771,0.4740579082550186
224,SLV,LSTM,2022-01-01,2024-01-01,25,0.4169823227856881,0.3102878711551427,0.2340973862262266,0.4021817785845464,0.2655038006023308
225,SLV,LSTM,2022-01-01,2024-01-01,26,0.254384139807252,0.2416167352318019,0.2490685447087529,0.2548005639876934,0.2567477829409056
226,SLV,LSTM,2022-01-01,2024-01-01,27,0.2629695418037016,0.2627348747484464,0.2870269306736698,0.2865308052000951,0.2870998694666936
227,SLV,LSTM,2022-01-01,2024-01-01,28,0.2355859306350045,0.2559372408838974,0.2615506456273141,0.3037036203462298,0.2644251120863863
228,SLV,LSTM,2022-01-01,2024-01-01,29,0.2465523455662723,0.2508404980566774,0.2600065130570565,0.2585320093334361,0.2602319492300599
229,SLV,LSTM,2022-01-01,2024-01-01,30,0.3506542472666217,0.3050417228403927,0.2628666559179383,0.2443336771168793,0.2745002338111909
230,SLV,LSTM,2022-01-01,2024-01-01,31,0.374459152096059,0.434065548514033,0.3318871320778767,0.286758173137433,0.2653188335180908
231,SLV,LSTM,2022-01-01,2024-01-01,32,0.2800655199252753,0.2952558591628603,0.279284233604581,0.2926069506060889,0.2835290205257774
232,SLV,LSTM,2022-01-01,2024-01-01,33,0.3170272455373054,0.320225568070596,0.2718050446669147,0.3202303702676191,0.2555518627787408
233,SLV,LSTM,2022-01-01,2024-01-01,34,0.2706997904985619,0.2512528698546243,0.2577806195722303,0.2726210638036323,0.2566077169825119
234,SLV,LSTM,2022-01-01,2024-01-01,35,0.4081399503611832,0.3156537810380759,0.2574695275309046,0.3270385202599005,0.2703620226460908
235,SLV,LSTM,2022-01-01,2024-01-01,36,0.2265664822145404,0.2937758525776051,0.3799124087813978,0.3181705986121557,0.276920693030372
236,SLV,LSTM,2022-01-01,2024-01-01,37,0.221001764452466,0.2404669816226914,0.2353797203794292,0.2344596046777788,0.260599114447668
237,SLV,LSTM,2022-01-01,2024-01-01,38,0.3024570032199914,0.2480474458567873,0.2526593315884158,0.2548718008818225,0.2707929868116062
238,SLV,LSTM,2022-01-01,2024-01-01,39,0.3184757821941009,0.2833015102751923,0.3581501528368214,0.2754379666231619,0.2641296909886427
239,SLV,LSTM,2022-01-01,2024-01-01,40,0.3363281961244993,0.245182878703867,0.2436268558349207,0.2579662951954443,0.2576591913845513
240,SLV,LSTM,2022-01-01,2024-01-01,41,0.2612134956891787,0.2608021283688754,0.2669561684423042,0.2642344881120423,0.2822873470615931
241,SLV,LSTM,2022-01-01,2024-01-01,42,0.2520613784673738,0.2451393446299944,0.2461233800607069,0.2533020219911581,0.2692162052018559
242,SLV,LSTM,2022-01-01,2024-01-01,43,0.2448799509820255,0.2507875686646971,0.2576491819058928,0.3021553864007699,0.2666673836459685
243,SLV,LSTM,2022-01-01,2024-01-01,44,0.2835823941516307,0.2839329127380655,0.3005251816859288,0.295118190374971,0.2644360276634195
244,SLV,LSTM,2022-01-01,2024-01-01,45,0.2503094420208288,0.2519497740997878,0.2966849573060748,0.2939140875465329,0.2746840586644595
245,SLV,LSTM,2022-01-01,2024-01-01,46,0.4232232704496658,0.2517250694377373,0.2360186552080361,0.2858676232586769,0.2699433497198932
246,SLV,LSTM,2022-01-01,2024-01-01,47,0.3190026902902138,0.2978950316454014,0.2689838227067768,0.2680069519454031,0.2701165244253003
247,SLV,LSTM,2022-01-01,2024-01-01,48,0.3133676464200504,0.2897847379241836,0.2770495273180607,0.2917279303641751,0.2632611044310222
248,SLV,LSTM,2022-01-01,2024-01-01,49,0.4769787392708166,0.2807836509987906,0.3292670544316887,0.2771496467868702,0.2657937397353387
249,SLV,LSTM,2022-01-01,2024-01-01,50,0.3206840880866398,0.2650427248241231,0.3096446408126875,0.2766676425700577,0.2614472398454206
250,SLV,LSTM,2022-09-01,2024-09-01,1,0.3868496950665194,0.4664482014253043,0.5485231952225861,0.2956375627030602,0.2409299135288058
251,SLV,LSTM,2022-09-01,2024-09-01,2,0.295594155564283,0.3704822485903822,0.2699914927026955,0.3459944831175873,0.2420638903463366
252,SLV,LSTM,2022-09-01,2024-09-01,3,0.463453333092479,0.4849326801742962,0.3308691651938072,0.3423395045961531,0.2489058279601904
253,SLV,LSTM,2022-09-01,2024-09-01,4,0.5798092778200105,0.4338761132066581,0.3939306905370225,0.3461708729590871,0.241811546824063
254,SLV,LSTM,2022-09-01,2024-09-01,5,0.5765733901377234,0.5395050125693892,0.5513400997907749,0.5442267986673309,0.2458350849145507
255,SLV,LSTM,2022-09-01,2024-09-01,6,0.3723768884283781,0.3241952439564797,0.277263722333561,0.2829039611062015,0.2389266448956589
256,SLV,LSTM,2022-09-01,2024-09-01,7,0.3513162942445313,0.3622528833939425,0.3188213633989384,0.313765437784848,0.2498085214528262
257,SLV,LSTM,2022-09-01,2024-09-01,8,0.4573950689879598,0.4625818576977265,0.3558069570247957,0.4019230850643725,0.241210845921068
258,SLV,LSTM,2022-09-01,2024-09-01,9,0.5679672739964938,0.5595140355599224,0.4051847137030148,0.5005832840417823,0.2668652623645768
259,SLV,LSTM,2022-09-01,2024-09-01,10,0.3148127645170211,0.3451139092385963,0.2706704875552307,0.3101043648160767,0.2443185469171956
260,SLV,LSTM,2022-09-01,2024-09-01,11,0.3500917320946535,0.3304436768158533,0.2775160743406293,0.2969883803605128,0.2634298364113137
261,SLV,LSTM,2022-09-01,2024-09-01,12,0.6045929529304729,0.7715138264337321,0.4394138103902708,0.5316217566484439,0.2516599288906965
262,SLV,LSTM,2022-09-01,2024-09-01,13,0.4679341317650524,0.3597212533791562,0.2963890121345131,0.3285027051884032,0.2384490002786601
263,SLV,LSTM,2022-09-01,2024-09-01,14,0.3769843285202794,0.5060357255190386,0.696669760445953,0.4226521064107136,0.2428153925359313
264,SLV,LSTM,2022-09-01,2024-09-01,15,0.4481455658739643,0.4611493158860674,0.503792881186915,0.3657238878848433,0.2415452353249295
265,SLV,LSTM,2022-09-01,2024-09-01,16,0.3415881928629169,0.3430992060630641,0.299866488229753,0.3148016407513536,0.2425033237606714
266,SLV,LSTM,2022-09-01,2024-09-01,17,0.4410356738137361,0.4152695756511514,0.4387118224715229,0.3694660067071719,0.2564152376787141
267,SLV,LSTM,2022-09-01,2024-09-01,18,0.4290097331917494,0.4903610614610921,0.4397771709255565,0.4121689248596183,0.2666398080693736
268,SLV,LSTM,2022-09-01,2024-09-01,19,0.3918736363064324,0.4272418511204917,0.344855598446383,0.3375003429756336,0.2481389081047873
269,SLV,LSTM,2022-09-01,2024-09-01,20,0.3291227497766246,0.3581353216603336,0.3407049616295479,0.3169238724323741,0.2548819489909972
270,SLV,LSTM,2022-09-01,2024-09-01,21,0.671677695436936,0.3726862405823553,0.4610887741916749,0.3484938339059529,0.2398302986009577
271,SLV,LSTM,2022-09-01,2024-09-01,22,0.6704364092287975,0.6661872716988702,0.670757122846162,0.6630940171628511,0.2532089827448396
272,SLV,LSTM,2022-09-01,2024-09-01,23,0.4001457291444697,0.3642678689195186,0.3305440067997776,0.3581275515205022,0.2758188241019574
273,SLV,LSTM,2022-09-01,2024-09-01,24,0.6922336291677749,0.5506276082027518,0.3821523453882408,0.298826161446493,0.2416484813775032
274,SLV,LSTM,2022-09-01,2024-09-01,25,0.3319117909295871,0.389743005277411,0.6316718513014997,0.3254064664758793,0.2431187825748076
275,SLV,LSTM,2022-09-01,2024-09-01,26,0.5685187990261731,0.5873387459356877,0.4080851699018792,0.4794632673239438,0.244043607125308
276,SLV,LSTM,2022-09-01,2024-09-01,27,0.4076461336470483,0.3655700881348046,0.3376971599964559,0.2946208874356318,0.2512224291100435
277,SLV,LSTM,2022-09-01,2024-09-01,28,0.4113485251083584,0.3438873754752888,0.3649695131964191,0.2932042391214466,0.2474706537223214
278,SLV,LSTM,2022-09-01,2024-09-01,29,0.497105391997786,0.4644633923904036,0.2977996530803022,0.5532590666514371,0.2492801271626152
279,SLV,LSTM,2022-09-01,2024-09-01,30,0.4587145751192928,0.3926647663113859,0.442750438937519,0.4337182368226719,0.2412498511416895
280,SLV,LSTM,2022-09-01,2024-09-01,31,0.4053691026816729,0.4426729840798481,0.2881961974277061,0.2864543927097571,0.2464414854696786
281,SLV,LSTM,2022-09-01,2024-09-01,32,0.3349450683181145,0.3534577611974432,0.2965426404976928,0.3087678946421474,0.2413904593858734
282,SLV,LSTM,2022-09-01,2024-09-01,33,0.3586576265876603,0.3761150880653553,0.3597267530962413,0.3493424069324223,0.2619221168530008
283,SLV,LSTM,2022-09-01,2024-09-01,34,0.344043361930585,0.3906027085612728,0.3568098576304844,0.3463146673149653,0.2405936944947932
284,SLV,LSTM,2022-09-01,2024-09-01,35,0.3678777956213646,0.3628888337724435,0.5227451013500468,0.4416977543972428,0.2456524143260489
285,SLV,LSTM,2022-09-01,2024-09-01,36,0.3070590417031408,0.3343359898199822,0.2788348652884319,0.2760818458736701,0.2423978786775988
286,SLV,LSTM,2022-09-01,2024-09-01,37,0.3954395430084217,0.4680216189282641,0.3967912268915216,0.3151726708473442,0.2516093729295876
287,SLV,LSTM,2022-09-01,2024-09-01,38,0.3185863528455278,0.4502378009228266,0.5462898124393009,0.3197927501427232,0.2450512372430447
288,SLV,LSTM,2022-09-01,2024-09-01,39,0.3662580172551337,0.3417390217979985,0.3132122488639175,0.2874202337359995,0.2900393863452284
289,SLV,LSTM,2022-09-01,2024-09-01,40,0.315674000327335,0.5350149731457561,0.5494817347810279,0.3521475654286766,0.2645329933178728
290,SLV,LSTM,2022-09-01,2024-09-01,41,0.5813105953884513,0.5767453702499029,0.7359759261459801,0.6971511503249732,0.2462783105536791
291,SLV,LSTM,2022-09-01,2024-09-01,42,0.4152619282680805,0.3911321186830272,0.3473442050150258,0.3097621253974176,0.2784350437662709
292,SLV,LSTM,2022-09-01,2024-09-01,43,0.3490815495959299,0.3816290282823462,0.2884384980539274,0.3208649662008476,0.2515541782381483
293,SLV,LSTM,2022-09-01,2024-09-01,44,0.3106087266169976,0.3713093043442483,0.3594748240337808,0.2721055149718007,0.2499581370599319
294,SLV,LSTM,2022-09-01,2024-09-01,45,0.3486900115611517,0.3529772324562411,0.3041001778493735,0.3080891550855289,0.2722738404445248
295,SLV,LSTM,2022-09-01,2024-09-01,46,0.3330773014482889,0.378131748037245,0.4136402922273947,0.5401145415807995,0.2526516927184519
296,SLV,LSTM,2022-09-01,2024-09-01,47,0.5066669396907151,0.6064296752289774,0.4089307070768888,0.3615097247864925,0.2400487298032869
297,SLV,LSTM,2022-09-01,2024-09-01,48,0.4044247884082684,0.3637391953597499,0.2887229651304625,0.3535946309206505,0.2456347841798432
298,SLV,LSTM,2022-09-01,2024-09-01,49,0.7139090602044492,0.4038092035846854,0.6356014039203156,0.5570244278000126,0.3207071830903295
299,SLV,LSTM,2022-09-01,2024-09-01,50,0.491433532494878,0.6636641594845968,1.1084733309390542,0.8053389135778138,0.2427482038885083
300,SLV,LSTM,2023-05-01,2025-05-01,1,0.2490237702942698,0.3425263511738816,0.3506460726048852,0.2766269425153988,0.2105647450600026
301,SLV,LSTM,2023-05-01,2025-05-01,2,0.2927808118918001,0.2783579077621675,0.2684542350494633,0.2621088715484349,0.2089388391137503
302,SLV,LSTM,2023-05-01,2025-05-01,3,0.2961845770764704,0.3236400309107674,0.3409506631170512,0.342782992562906,0.2110523416696033
303,SLV,LSTM,2023-05-01,2025-05-01,4,0.2331432053482108,0.2679833407596438,0.2778107210673775,0.3178269322150013,0.2065138445184817
304,SLV,LSTM,2023-05-01,2025-05-01,5,0.3402080265297639,0.3938257833931161,0.3224178295483136,0.3386547648495331,0.2092088593087103
305,SLV,LSTM,2023-05-01,2025-05-01,6,0.332476796828636,0.4549452006448934,0.407381304087437,0.4124415890922979,0.207123839254375
306,SLV,LSTM,2023-05-01,2025-05-01,7,0.2274542989672243,0.2498113876656872,0.2682990063853822,0.2564763275607365,0.207112386371968
307,SLV,LSTM,2023-05-01,2025-05-01,8,0.4019826031741064,0.5221261959037279,0.3956239190552867,0.3734387026998262,0.2059309509223994
308,SLV,LSTM,2023-05-01,2025-05-01,9,0.2351854523128544,0.2612390873141288,0.254603137975533,0.2622078192259873,0.2120418048113628
309,SLV,LSTM,2023-05-01,2025-05-01,10,0.3756413232977716,0.3550202251228059,0.2748408554167877,0.3327250516930972,0.2098574368858158
310,SLV,LSTM,2023-05-01,2025-05-01,11,0.6318004280079619,0.5782413561958599,0.5659561314143144,0.5166129514272462,0.220325071930915
311,SLV,LSTM,2023-05-01,2025-05-01,12,0.3773699861964183,0.5643802721108326,0.3031922362647548,0.4281366981507465,0.228076780184998
312,SLV,LSTM,2023-05-01,2025-05-01,13,0.2875417326038053,0.2870400751427888,0.3199619061692246,0.3084460039267792,0.2093055888650431
313,SLV,LSTM,2023-05-01,2025-05-01,14,0.3261393788401169,0.258727166495715,0.2460736198453255,0.2551368452172354,0.2098801191378283
314,SLV,LSTM,2023-05-01,2025-05-01,15,0.2509711044039605,0.2831853525563383,0.270888977316651,0.2812706478130257,0.2051274363467591
315,SLV,LSTM,2023-05-01,2025-05-01,16,0.2417686169962943,0.3323021023109658,0.2772440172945969,0.3220581063761989,0.2179477592903915
316,SLV,LSTM,2023-05-01,2025-05-01,17,0.2837279710651301,0.2860198725376032,0.3083400452228157,0.2708975482583596,0.2164459121183661
317,SLV,LSTM,2023-05-01,2025-05-01,18,0.3327764007733194,0.3385870476797827,0.3224794422958463,0.346362992746243,0.2103234198693963
318,SLV,LSTM,2023-05-01,2025-05-01,19,0.2370185076768376,0.2540505523933881,0.2468550942520453,0.257978100738912,0.2058871567999988
319,SLV,LSTM,2023-05-01,2025-05-01,20,0.2657205634845797,0.2809828478250085,0.269584502673622,0.274542055290787,0.2076074840232709
320,SLV,LSTM,2023-05-01,2025-05-01,21,0.2179796172864922,0.3896659192246154,0.4398559018480424,0.317148561392818,0.2196192062297375
321,SLV,LSTM,2023-05-01,2025-05-01,22,0.4481699310010043,0.3889469935956764,0.291344850962958,0.3055602124083535,0.2113651979547155
322,SLV,LSTM,2023-05-01,2025-05-01,23,0.2421244008341723,0.3221311735493832,0.2510026835740416,0.3017471736937334,0.2163431450966038
323,SLV,LSTM,2023-05-01,2025-05-01,24,0.3012279481090135,0.2998693982449679,0.2671857203997709,0.2859060634898522,0.2225675911805477
324,SLV,LSTM,2023-05-01,2025-05-01,25,0.5228640934783821,0.3293882366804725,0.2635600122375898,0.3593585973887311,0.2052444363064684
325,SLV,LSTM,2023-05-01,2025-05-01,26,0.2499840537564994,0.2637341307196239,0.2515940463538588,0.2571302785020167,0.2213113839980911
326,SLV,LSTM,2023-05-01,2025-05-01,27,0.3509320622279417,0.4693369725854608,0.3990943665049997,0.4494157182514873,0.20909914423383
327,SLV,LSTM,2023-05-01,2025-05-01,28,0.2154625463128061,0.2513746624842009,0.2469555892301787,0.2543565297987931,0.2219598647275726
328,SLV,LSTM,2023-05-01,2025-05-01,29,0.5112613031004472,0.5839310668207571,0.3587268987905888,0.6814263655769538,0.2103751586368995
329,SLV,LSTM,2023-05-01,2025-05-01,30,0.3156763465854156,0.3220806595520127,0.2895899511327505,0.314033272999211,0.2096237656898628
330,SLV,LSTM,2023-05-01,2025-05-01,31,0.25135595148628,0.277320926052627,0.3295151638401253,0.3250244539727654,0.2081104405431253
331,SLV,LSTM,2023-05-01,2025-05-01,32,0.3588001871901374,0.3254961960668112,0.3077574504131664,0.3517004368877126,0.2314909572079795
332,SLV,LSTM,2023-05-01,2025-05-01,33,0.3561948388672731,0.279451780384601,0.2608663816160034,0.3131003102895766,0.2227593371024774
333,SLV,LSTM,2023-05-01,2025-05-01,34,0.2596217400749256,0.2889589866937755,0.2515374704613413,0.2586185011484268,0.2084788275566524
334,SLV,LSTM,2023-05-01,2025-05-01,35,0.2630667969899765,0.256261782750471,0.2539820594730442,0.3086023382717636,0.2086448026692944
335,SLV,LSTM,2023-05-01,2025-05-01,36,0.2302145316551696,0.2403305327522499,0.24077453235013,0.2492044616671551,0.2052802110320285
336,SLV,LSTM,2023-05-01,2025-05-01,37,0.2464199260919469,0.2654501339453191,0.2762010471463451,0.2603241740100378,0.20933998458737
337,SLV,LSTM,2023-05-01,2025-05-01,38,0.2457121350921211,0.2680234611217846,0.2638505201298303,0.2614419637233368,0.2272041585748041
338,SLV,LSTM,2023-05-01,2025-05-01,39,0.436677941711676,0.4763818074932953,0.4135831640428485,0.4154825898215318,0.2044838519932946
339,SLV,LSTM,2023-05-01,2025-05-01,40,0.2357063725004869,0.2532326754654561,0.2780842462128641,0.2682067085849374,0.2044770690315264
340,SLV,LSTM,2023-05-01,2025-05-01,41,0.6400866417226592,0.6746977795096614,0.5387774888931967,0.7087699714691956,0.2782948342816168
341,SLV,LSTM,2023-05-01,2025-05-01,42,0.2711500978190397,0.2849445170380243,0.3086111655956672,0.3152064906207903,0.2118866043756402
342,SLV,LSTM,2023-05-01,2025-05-01,43,0.3251700726478258,0.3933909468494183,0.3031617622805773,0.2912420876582643,0.2056468187102128
343,SLV,LSTM,2023-05-01,2025-05-01,44,0.2271534641721438,0.2992358626164786,0.2860846144489566,0.2532021094935401,0.2120083177463609
344,SLV,LSTM,2023-05-01,2025-05-01,45,0.2371640985815651,0.3101986753692865,0.3022279699560274,0.2961018017228229,0.2131414345389868
345,SLV,LSTM,2023-05-01,2025-05-01,46,0.2461201297703751,0.3102495953188728,0.4278576582107711,0.5902327111330261,0.2059935105971871
346,SLV,LSTM,2023-05-01,2025-05-01,47,0.2248625876082112,0.246742383629457,0.2500684930202461,0.2583964890436753,0.2067854999771221
347,SLV,LSTM,2023-05-01,2025-05-01,48,0.2764339709748453,0.3345692325035354,0.3455612835277136,0.3153597900044009,0.2121036704363383
348,SLV,LSTM,2023-05-01,2025-05-01,49,0.2860513008508453,0.2836760121962672,0.2974437596657882,0.2886581040482172,0.2090982261060837
349,SLV,LSTM,2023-05-01,2025-05-01,50,0.2781048302008698,0.2344661887028828,0.2649807504547923,0.256303046024336,0.2224709747408003
350,SLV,LSTM,2024-01-01,2026-01-01,1,0.1735916829584383,0.2887822104196959,0.270313458750745,0.1495132853282578,0.359965796393766
351,SLV,LSTM,2024-01-01,2026-01-01,2,0.1928533465976337,0.2315829184947319,0.1966926477537908,0.2036259991893765,0.26972027085749
352,SLV,LSTM,2024-01-01,2026-01-01,3,0.0771143253987713,0.082930896393678,0.0796806593874389,0.0889370163345261,0.2109540613715916
353,SLV,LSTM,2024-01-01,2026-01-01,4,0.287927203055688,0.3293350291564547,0.44243368893347,0.334253516107865,0.2245637474083607
354,SLV,LSTM,2024-01-01,2026-01-01,5,0.2141423387146311,0.1815560055105669,0.1552312374885572,0.2174038276678167,0.2184057441484912
355,SLV,LSTM,2024-01-01,2026-01-01,6,0.2591036878544968,0.2508050250720324,0.1584667733064413,0.1149770659136613,0.3485613582268815
356,SLV,LSTM,2024-01-01,2026-01-01,7,0.145165907458773,0.1550921794515889,0.1343795924914902,0.1433063256991113,0.221250955395552
357,SLV,LSTM,2024-01-01,2026-01-01,8,0.190561713974507,0.1761212861000726,0.2536373419893853,0.2021144530471443,0.2589529959693706
358,SLV,LSTM,2024-01-01,2026-01-01,9,0.1834852751537387,0.1760727756937699,0.1497871882561406,0.1961156540733605,0.2326562669199499
359,SLV,LSTM,2024-01-01,2026-01-01,10,0.1092452955557139,0.1220578179615249,0.1312300482179212,0.1218454389645013,0.2536773543579242
360,SLV,LSTM,2024-01-01,2026-01-01,11,0.1182785141090839,0.1486787632530667,0.1379982440515849,0.1515040326849058,0.2125500957078503
361,SLV,LSTM,2024-01-01,2026-01-01,12,0.2012026794777258,0.2714294655505463,0.2214201627826427,0.241527850757502,0.2195063098393649
362,SLV,LSTM,2024-01-01,2026-01-01,13,0.1647810933501401,0.2047208153430567,0.1389637993873716,0.125535410248725,0.2458300813845111
363,SLV,LSTM,2024-01-01,2026-01-01,14,0.0834714674816846,0.0920492183598817,0.1557860206167682,0.0923707676291895,0.2319108216586936
364,SLV,LSTM,2024-01-01,2026-01-01,15,0.1235382869975165,0.1620467138810742,0.1548883842584612,0.1611992983294585,0.2370287296323311
365,SLV,LSTM,2024-01-01,2026-01-01,16,0.0925490033872208,0.1095000736964345,0.1073926629948409,0.1387835644737733,0.1973497536044594
366,SLV,LSTM,2024-01-01,2026-01-01,17,0.1206934924639236,0.1694098193661076,0.1209870416674716,0.1336126649683706,0.2263629625591773
367,SLV,LSTM,2024-01-01,2026-01-01,18,0.1113442473506393,0.1180407116639912,0.1238629324345974,0.1162278568662897,0.1957513018937471
368,SLV,LSTM,2024-01-01,2026-01-01,19,0.1385793238831477,0.1673961136411849,0.1775142066130672,0.166023555265404,0.2179991109019304
369,SLV,LSTM,2024-01-01,2026-01-01,20,0.2284644025166866,0.2404104611928723,0.2201354674759467,0.2239213002650917,0.2364193906345555
370,SLV,LSTM,2024-01-01,2026-01-01,21,0.3577069218446606,0.3155333006548372,0.3219897060558357,0.3528989519384898,0.2670827152973776
371,SLV,LSTM,2024-01-01,2026-01-01,22,0.2593647198624894,0.2336199656683517,0.1974191380122212,0.2059346611838568,0.1987621100299784
372,SLV,LSTM,2024-01-01,2026-01-01,23,0.3594381399362128,0.3112026966663227,0.3133252615592921,0.2482729033626358,0.2277188692576774
373,SLV,LSTM,2024-01-01,2026-01-01,24,0.0949461911877491,0.0845039419661099,0.0813246469332966,0.0892897170945336,0.2443387217105584
374,SLV,LSTM,2024-01-01,2026-01-01,25,0.1012006186979069,0.1384768332960265,0.2285292953873943,0.1406238328740646,0.2476846352067751
375,SLV,LSTM,2024-01-01,2026-01-01,26,0.1075418814021845,0.1581074168490952,0.0945693761202229,0.1215939330610658,0.2147748008509496
376,SLV,LSTM,2024-01-01,2026-01-01,27,0.305391323770017,0.2757761612539018,0.2711520807822496,0.2734204373198317,0.2081031752154437
377,SLV,LSTM,2024-01-01,2026-01-01,28,0.2352827981882428,0.3252498609627606,0.2650227806001601,0.3219622688023177,0.2472793472748742
378,SLV,LSTM,2024-01-01,2026-01-01,29,0.0842244244843535,0.1001424016173445,0.1270260240745667,0.0980539558729701,0.2695905707062193
379,SLV,LSTM,2024-01-01,2026-01-01,30,0.2866914017319241,0.3733859434589882,0.3770953526697761,0.3465958527472136,0.2059508873267005
380,SLV,LSTM,2024-01-01,2026-01-01,31,0.253685234375744,0.2437524457983879,0.2857294803947099,0.3132453165272452,0.2422313853138002
381,SLV,LSTM,2024-01-01,2026-01-01,32,0.1521326723079,0.144013496738844,0.1180055044376848,0.1332012179602952,0.2478014268236424
382,SLV,LSTM,2024-01-01,2026-01-01,33,0.275643673249143,0.2886674865989222,0.302297184962754,0.3027207920438727,0.2402738884217248
383,SLV,LSTM,2024-01-01,2026-01-01,34,0.0882239263870395,0.1039874643500359,0.0838400289909778,0.1366648804655362,0.2661824550979976
384,SLV,LSTM,2024-01-01,2026-01-01,35,0.0745046228960686,0.1119842978929661,0.1696070839037096,0.1163760587851119,0.2156526427617431
385,SLV,LSTM,2024-01-01,2026-01-01,36,0.1130534617355262,0.1360865138853979,0.0918006736738588,0.1220436184205439,0.2482583901523609
386,SLV,LSTM,2024-01-01,2026-01-01,37,0.366361826317891,0.4077151731454335,0.4069017838202031,0.3944108721979654,0.2530962685906517
387,SLV,LSTM,2024-01-01,2026-01-01,38,0.276374827692636,0.2767535577663418,0.2432436788658613,0.2865777651850911,0.2517953871209833
388,SLV,LSTM,2024-01-01,2026-01-01,39,0.0765914088016218,0.0877514732962656,0.0799331444770543,0.1191283010303907,0.2246708286323344
389,SLV,LSTM,2024-01-01,2026-01-01,40,0.0916092544933837,0.1050593808488504,0.0814627925563887,0.1017632736459565,0.2170761042307458
390,SLV,LSTM,2024-01-01,2026-01-01,41,0.1498506127308266,0.2233596773355268,0.2464492884592332,0.1598521103775716,0.2746504712557272
391,SLV,LSTM,2024-01-01,2026-01-01,42,0.0839478445075484,0.1056419271247765,0.1132943674673482,0.1007758225159041,0.2465811780505113
392,SLV,LSTM,2024-01-01,2026-01-01,43,0.193490878080108,0.2622576646851705,0.1955265338804404,0.2064408013529944,0.2826346325295885
393,SLV,LSTM,2024-01-01,2026-01-01,44,0.0965078721500442,0.1353694786680772,0.1760544561268946,0.115398106760939,0.2159911568019889
394,SLV,LSTM,2024-01-01,2026-01-01,45,0.0920492291289764,0.104269127137092,0.0964902506617151,0.0983482884667621,0.2044353175504779
395,SLV,LSTM,2024-01-01,2026-01-01,46,0.1960967045263875,0.2238375106585636,0.1979427774995606,0.1748319161082979,0.3042237604476994
396,SLV,LSTM,2024-01-01,2026-01-01,47,0.2118784089115211,0.2282078856165663,0.2260915539445264,0.1857668568584215,0.248319512582505
397,SLV,LSTM,2024-01-01,2026-01-01,48,0.1052993396469589,0.122782968817251,0.111554267224889,0.0925522451685006,0.2167763132548452
398,SLV,LSTM,2024-01-01,2026-01-01,49,0.1423623151888543,0.1030484926433304,0.1515343343177981,0.1406626706318108,0.2378563688952946
399,SLV,LSTM,2024-01-01,2026-01-01,50,0.279929216492748,0.2442879236508406,0.1702951792945773,0.2084267272989031,0.2385804643308479
400,MSFT,LSTM,2022-01-01,2024-01-01,1,0.4385051117173536,0.3301274028840287,0.4794515532228357,0.3148214752540417,0.2003412865063063
401,MSFT,LSTM,2022-01-01,2024-01-01,2,1.3909659915953974,0.8373493060476167,0.5614440952942915,1.0930830446191342,0.2100402592347118
402,MSFT,LSTM,2022-01-01,2024-01-01,3,0.4260806491817798,1.9281616843880285,2.85493883518526,2.096204569024799,0.2172723401549639
403,MSFT,LSTM,2022-01-01,2024-01-01,4,0.3994716906947875,0.4071212956609346,0.3899753682583559,0.3527816415096225,0.2051662195126569
404,MSFT,LSTM,2022-01-01,2024-01-01,5,0.3165531546652924,0.6178277652061989,0.4628654823727795,0.520546818199518,0.2032377806080375
405,MSFT,LSTM,2022-01-01,2024-01-01,6,1.4757113490814031,1.2046080553750629,0.9905489980758274,1.2585028377727805,0.2035606482907971
406,MSFT,LSTM,2022-01-01,2024-01-01,7,1.5559082016112538,0.3481986622279859,0.4075336024318907,0.4809030973701402,0.2040676028204252
407,MSFT,LSTM,2022-01-01,2024-01-01,8,0.2282330871215458,0.2592439521243572,0.7237452184210427,0.3527975652296657,0.2025471765417037
408,MSFT,LSTM,2022-01-01,2024-01-01,9,0.3810417046419791,0.4844560516453121,0.3794828389159398,0.420131247484554,0.2020442333200812
409,MSFT,LSTM,2022-01-01,2024-01-01,10,0.4118390536836018,0.5233305434394109,1.1778324642120714,0.6287237765862812,0.1997689043543565
410,MSFT,LSTM,2022-01-01,2024-01-01,11,0.4234180534164929,0.8539559071767657,0.9113654822277572,0.787580304652041,0.1998721754138845
411,MSFT,LSTM,2022-01-01,2024-01-01,12,0.4152707522439273,0.319260759849003,0.299323904944181,0.4940946466029059,0.2037474338329957
412,MSFT,LSTM,2022-01-01,2024-01-01,13,0.4477871383392491,0.2655527325248745,0.4903603430002858,0.2771008523696858,0.2044236628571292
413,MSFT,LSTM,2022-01-01,2024-01-01,14,1.018473453680536,0.3174944405833541,0.3248016504899004,0.3061716016883051,0.2121409580938112
414,MSFT,LSTM,2022-01-01,2024-01-01,15,1.8355587376210163,1.880262019480884,1.0585766581600498,1.225284978039199,0.2125548917596786
415,MSFT,LSTM,2022-01-01,2024-01-01,16,1.3400776901077125,1.3989425959714328,1.4954394676334417,1.280227842886957,0.2102303766240622
416,MSFT,LSTM,2022-01-01,2024-01-01,17,0.8422057208809338,0.983678174796808,0.9832247008549304,1.0994691795336238,0.2050699007112849
417,MSFT,LSTM,2022-01-01,2024-01-01,18,0.8504996658787015,0.8276932997141248,0.9596052973310828,0.7156345598542903,0.2043428071469417
418,MSFT,LSTM,2022-01-01,2024-01-01,19,0.4232805693196497,0.4215662759055936,0.2999094212700754,0.3103456134543766,0.2016179517880107
419,MSFT,LSTM,2022-01-01,2024-01-01,20,0.3084995532752609,0.2885779706277503,0.3206550165514638,0.2531615304754588,0.2012524225313048
420,MSFT,LSTM,2022-01-01,2024-01-01,21,0.2322496016631191,0.2810798909143003,0.4513693016714155,0.2349215524833128,0.199776137647624
421,MSFT,LSTM,2022-01-01,2024-01-01,22,3.4171804548910143,2.63551817104402,0.3074010161044949,2.0760403617776664,0.2141461886086864
422,MSFT,LSTM,2022-01-01,2024-01-01,23,0.8004361694125228,0.98828493040502,0.8213431136314145,0.5378580685424024,0.2156736652380455
423,MSFT,LSTM,2022-01-01,2024-01-01,24,0.2779238369127412,0.4346293019784258,0.7790453399441798,0.3480437457542897,0.2118744316952188
424,MSFT,LSTM,2022-01-01,2024-01-01,25,0.2268059020245903,0.6366220969590712,0.9947487453451224,0.4053443991509065,0.2095946001753142
425,MSFT,LSTM,2022-01-01,2024-01-01,26,0.2172588911866562,0.2735698897422271,0.2732103992950697,0.2732152948955976,0.2002842554359008
426,MSFT,LSTM,2022-01-01,2024-01-01,27,0.5570517883012931,1.1384028990454669,1.514229111300671,1.4932818644306445,0.2026869609942712
427,MSFT,LSTM,2022-01-01,2024-01-01,28,0.2840246427689885,0.5575030087657907,0.7908829226321525,0.723099694217567,0.2042041004107634
428,MSFT,LSTM,2022-01-01,2024-01-01,29,0.358267494904561,0.4601825868201821,0.91126650537855,0.2432943135226798,0.2315398133249185
429,MSFT,LSTM,2022-01-01,2024-01-01,30,1.424780496444975,0.6097858845514516,1.5939860688195868,1.0473246665506288,0.216643978396292
430,MSFT,LSTM,2022-01-01,2024-01-01,31,1.0753322568651351,1.2337414197687104,1.297133472482888,0.7727418804919536,0.2029958412640489
431,MSFT,LSTM,2022-01-01,2024-01-01,32,0.5937071618175923,0.346236270301951,0.5999471299726308,0.6238275770048463,0.2050047272943463
432,MSFT,LSTM,2022-01-01,2024-01-01,33,0.5861217580596859,0.7377244802850077,0.7485785842031605,0.649967383313848,0.2032896278572706
433,MSFT,LSTM,2022-01-01,2024-01-01,34,0.3049750021775214,0.3218481674216052,0.3799445277665783,0.2981123356076754,0.2024344103046346
434,MSFT,LSTM,2022-01-01,2024-01-01,35,0.568784687517947,0.8317239086411643,0.7626131086333385,0.5144502137040721,0.2057400260887738
435,MSFT,LSTM,2022-01-01,2024-01-01,36,0.3913793701426282,1.2248219196545411,0.6383072988409304,0.5322291490411004,0.2037244737837057
436,MSFT,LSTM,2022-01-01,2024-01-01,37,0.4126111904710567,1.00138511539999,0.6832522705149605,1.0659024607692742,0.2035655195700132
437,MSFT,LSTM,2022-01-01,2024-01-01,38,0.7944177484839704,0.7057478272817423,1.0299006175501833,0.8854786512581783,0.2135291319548562
438,MSFT,LSTM,2022-01-01,2024-01-01,39,0.581298119001661,0.7423784654211885,0.9468660593283096,0.7359941388464605,0.2270656568955396
439,MSFT,LSTM,2022-01-01,2024-01-01,40,0.9624697623686832,1.3097505025223013,1.21473388359504,1.2597517906453484,0.2122140139842122
440,MSFT,LSTM,2022-01-01,2024-01-01,41,0.2677141931632833,0.689573584048846,0.3858925796717841,0.3512737229522943,0.2019671690488304
441,MSFT,LSTM,2022-01-01,2024-01-01,42,0.4896945006923799,0.363142209896191,0.7400067188043217,0.6441979230682625,0.2183105138501543
442,MSFT,LSTM,2022-01-01,2024-01-01,43,0.4073998348434398,0.5388947737075739,0.5384169502951766,0.3024443027558861,0.2147063985081213
443,MSFT,LSTM,2022-01-01,2024-01-01,44,0.4458841477591919,0.4574550113565553,0.4872421792208519,0.4194200682399758,0.2062888853513494
444,MSFT,LSTM,2022-01-01,2024-01-01,45,0.690441229120873,0.7245062642831979,1.2308561578324937,0.6358245106133935,0.2114105722414806
445,MSFT,LSTM,2022-01-01,2024-01-01,46,0.7869250568492789,0.3534429982105847,0.3187343087074849,0.3196252457384985,0.2042157382901408
446,MSFT,LSTM,2022-01-01,2024-01-01,47,0.5249658396658106,0.4373951718470014,0.7434710182007139,0.2375231170797982,0.2016059425261835
447,MSFT,LSTM,2022-01-01,2024-01-01,48,0.2485992161263244,0.4973299756477349,0.364631512418333,0.6011863592668926,0.208377934928889
448,MSFT,LSTM,2022-01-01,2024-01-01,49,0.6560490909654112,0.8603462857939455,0.4796733940496125,0.4603959352742927,0.2005283315138429
449,MSFT,LSTM,2022-01-01,2024-01-01,50,0.8555493903634575,0.7960227225191957,0.9071978181458888,0.7771061656591411,0.2009685102794307
450,MSFT,LSTM,2022-09-01,2024-09-01,1,0.1596907096354068,0.1618143111757498,0.1924723197884296,0.1889940485193569,0.2699263060958501
451,MSFT,LSTM,2022-09-01,2024-09-01,2,0.2076293894567482,0.2023846155047731,0.2290879254842031,0.2831537260665303,0.2652294175489737
452,MSFT,LSTM,2022-09-01,2024-09-01,3,0.1926617616102682,0.1986525409791731,0.2454751895641534,0.2530341368327458,0.277880370502075
453,MSFT,LSTM,2022-09-01,2024-09-01,4,0.2712886636552981,0.3045075007453753,0.2586038082674126,0.3826195238523827,0.2686715754748276
454,MSFT,LSTM,2022-09-01,2024-09-01,5,0.2448457471782814,0.5687853010164058,0.5585178173067062,0.5159669392266517,0.2681941624470191
455,MSFT,LSTM,2022-09-01,2024-09-01,6,0.2295387386805075,0.2285024947491108,0.2054433760612553,0.2451917616780065,0.2610570334025918
456,MSFT,LSTM,2022-09-01,2024-09-01,7,0.1851565112576336,0.1712823737655238,0.2192197657991082,0.2182799794448986,0.2612066461135015
457,MSFT,LSTM,2022-09-01,2024-09-01,8,0.2577467428026903,0.2630981102245379,0.2163251294005802,0.2761626974135659,0.2748095643575405
458,MSFT,LSTM,2022-09-01,2024-09-01,9,0.2274411790689789,0.2299932706254624,0.2421399923941938,0.2865949084438719,0.2623594535895911
459,MSFT,LSTM,2022-09-01,2024-09-01,10,0.2938945447343138,0.4462883000851395,0.3539494390471079,0.4400633350527005,0.2667299813217407
460,MSFT,LSTM,2022-09-01,2024-09-01,11,0.2095732683503316,0.2160311456100917,0.1938291811078905,0.2227547832391771,0.2944762013823558
461,MSFT,LSTM,2022-09-01,2024-09-01,12,0.2107939849417337,0.2626566121372137,0.2078621650700362,0.2256833228617046,0.2664714836070068
462,MSFT,LSTM,2022-09-01,2024-09-01,13,0.2105228410434,0.204741302615979,0.2133176952050699,0.2285456747331991,0.2710515523901766
463,MSFT,LSTM,2022-09-01,2024-09-01,14,0.217537255890431,0.2717133895414434,0.1876298403922628,0.3067315693988153,0.2618025585257056
464,MSFT,LSTM,2022-09-01,2024-09-01,15,0.2226326570487153,0.234946816346898,0.2176747545996873,0.2954593895468977,0.270736618535585
465,MSFT,LSTM,2022-09-01,2024-09-01,16,0.2213401821943516,0.1854861424888265,0.2174654911084904,0.2219071749589791,0.2831543079113884
466,MSFT,LSTM,2022-09-01,2024-09-01,17,0.2242557801800403,0.2243824910860923,0.2327885532850077,0.230987451609316,0.2660679581203566
467,MSFT,LSTM,2022-09-01,2024-09-01,18,0.2579725979729972,0.2458827547133598,0.2927182751881885,0.3157923942978777,0.2695483555076678
468,MSFT,LSTM,2022-09-01,2024-09-01,19,0.486636748966035,0.4556047902664291,0.4946781695293895,0.4992661426712471,0.2613341557042583
469,MSFT,LSTM,2022-09-01,2024-09-01,20,0.2166616764610102,0.228944759575338,0.2535720793707607,0.2670913706211356,0.2652101824449163
470,MSFT,LSTM,2022-09-01,2024-09-01,21,0.368530280641886,0.4914285135878481,0.4229464300663267,0.44655770530998,0.2680592196647246
471,MSFT,LSTM,2022-09-01,2024-09-01,22,0.4826144255884971,0.5045127515739337,0.4518030542961108,0.5744316921807311,0.2674948494032571
472,MSFT,LSTM,2022-09-01,2024-09-01,23,0.1885447539349656,0.4816029016144629,0.1922170018017152,0.3659942877587591,0.2671939653849835
473,MSFT,LSTM,2022-09-01,2024-09-01,24,0.2629181871288946,0.2090091349094613,0.4269850462946301,0.2807445422762149,0.283887606881274
474,MSFT,LSTM,2022-09-01,2024-09-01,25,0.1830632643181565,0.2897454931899206,0.3112196146670923,0.248445743722957,0.2630581848875727
475,MSFT,LSTM,2022-09-01,2024-09-01,26,0.2283768955778062,0.2239121248852475,0.2025413178477643,0.2163915688629653,0.2717073428592199
476,MSFT,LSTM,2022-09-01,2024-09-01,27,0.2079103593266142,0.2321279039908742,0.2068948328064461,0.2427409829786175,0.2645978412108608
477,MSFT,LSTM,2022-09-01,2024-09-01,28,0.415659810557142,0.5129866682749192,0.4166931301971966,0.5493129550846608,0.2828473329565512
478,MSFT,LSTM,2022-09-01,2024-09-01,29,0.2416986647678132,0.3913483787459814,0.2868994393598201,0.3553562554978708,0.2664513381960762
479,MSFT,LSTM,2022-09-01,2024-09-01,30,0.2644177413560762,0.2990788285788099,0.2844226609268174,0.3446376448138002,0.2665073187407637
480,MSFT,LSTM,2022-09-01,2024-09-01,31,0.2810852241700557,0.3469246338961938,0.3880083834687792,0.4425482524257726,0.2714048052363297
481,MSFT,LSTM,2022-09-01,2024-09-01,32,0.246092000171024,0.2225813344158002,0.2831668847866965,0.2368067829957607,0.2640995357631281
482,MSFT,LSTM,2022-09-01,2024-09-01,33,0.2693883491843749,0.2011075603690998,0.1936073041232003,0.2415929902954576,0.275180649775914
483,MSFT,LSTM,2022-09-01,2024-09-01,34,0.1936035765209192,0.1861411775242183,0.210154106871176,0.2757808703907726,0.2669808202246504
484,MSFT,LSTM,2022-09-01,2024-09-01,35,0.2353480241780044,0.1869114849049797,0.1780003939095109,0.2094911223486949,0.2683096059221087
485,MSFT,LSTM,2022-09-01,2024-09-01,36,0.244336227228268,0.2405596213220129,0.2101458602701455,0.2508873434395521,0.2702014668613771
486,MSFT,LSTM,2022-09-01,2024-09-01,37,0.1857146786016288,0.2036653827377345,0.176556301811091,0.2010267480402888,0.2735423180084663
487,MSFT,LSTM,2022-09-01,2024-09-01,38,0.34538513507723,0.3406346037386625,0.2782869901630667,0.3866362579207072,0.2649782132960838
488,MSFT,LSTM,2022-09-01,2024-09-01,39,0.2090289667914276,0.2165192650603715,0.2195771131385648,0.2218691115790559,0.2727917302626476
489,MSFT,LSTM,2022-09-01,2024-09-01,40,0.186135245813796,0.1823094793814648,0.2546078913562346,0.2987085629740134,0.276249690544781
490,MSFT,LSTM,2022-09-01,2024-09-01,41,0.3619393184218987,0.2061752887309919,0.6474575576907269,0.589080786644219,0.2641495705914535
491,MSFT,LSTM,2022-09-01,2024-09-01,42,0.3267176563257289,0.3997282915387269,0.3548075139524705,0.50597803215286,0.2631399108217761
492,MSFT,LSTM,2022-09-01,2024-09-01,43,0.2034883992808737,0.1991078294290429,0.2485806996909893,0.3185182364335144,0.2729840748535347
493,MSFT,LSTM,2022-09-01,2024-09-01,44,0.241819947576502,0.1971166413314286,0.1882193114466482,0.2341445040550906,0.2673424241072024
494,MSFT,LSTM,2022-09-01,2024-09-01,45,0.2152490769559448,0.2535518167779812,0.2275264353022396,0.2513213160712849,0.2822778222159591
495,MSFT,LSTM,2022-09-01,2024-09-01,46,0.2181589229284291,0.2802686367721572,0.2466361892603688,0.2518241435462144,0.2600507668571128
496,MSFT,LSTM,2022-09-01,2024-09-01,47,0.3368452283574282,0.3586583705349545,0.2892912716314011,0.4678399789625389,0.2683161484926397
497,MSFT,LSTM,2022-09-01,2024-09-01,48,0.2712375329598911,0.3377203776290889,0.3455440358600594,0.2869787426606353,0.2621903468642221
498,MSFT,LSTM,2022-09-01,2024-09-01,49,0.4525813920959615,0.2697696119476668,0.3954309191068738,0.4415568590975248,0.2639719508236903
499,MSFT,LSTM,2022-09-01,2024-09-01,50,0.3145834212495869,0.4739593597856066,0.5029510780134238,0.5612007238288319,0.2705853574032003
500,MSFT,LSTM,2023-05-01,2025-05-01,1,0.3240596892638903,0.4776125906692842,0.3087128659779976,0.3897033577826725,0.3115974225950849
501,MSFT,LSTM,2023-05-01,2025-05-01,2,0.3704559740883231,0.4800319996291832,0.3048947930933524,0.4126791410658654,0.3199408337646934
502,MSFT,LSTM,2023-05-01,2025-05-01,3,0.2709787706334616,0.3727532391034654,0.2734361191384472,0.3264400321173105,0.3298549527674518
503,MSFT,LSTM,2023-05-01,2025-05-01,4,0.3390460935476208,0.3991560175237704,0.3440568261117525,0.3907346508611801,0.3238035185284159
504,MSFT,LSTM,2023-05-01,2025-05-01,5,0.344555859933691,0.4359588433791952,0.3048853167961796,0.3941046458673933,0.319508092131982
505,MSFT,LSTM,2023-05-01,2025-05-01,6,0.2907490987677179,0.3432700019091257,0.288574716717756,0.3309457107619664,0.3193831433277766
506,MSFT,LSTM,2023-05-01,2025-05-01,7,0.3129009291966119,0.3613010665559022,0.2954444909659366,0.333460202008744,0.3160026436421264
507,MSFT,LSTM,2023-05-01,2025-05-01,8,0.3964949356851922,0.4286557094702515,0.4748397230369582,0.5032520648358237,0.3085478277424121
508,MSFT,LSTM,2023-05-01,2025-05-01,9,0.2924785418850267,0.325678538109457,0.2954308805647609,0.3220145313693843,0.316943303670036
509,MSFT,LSTM,2023-05-01,2025-05-01,10,0.3364050597444217,0.3602175055406251,0.3253518752741648,0.3719548347503146,0.3215598764185742
510,MSFT,LSTM,2023-05-01,2025-05-01,11,0.324261884154967,0.4694846818614875,0.3059002823005101,0.4089172138256286,0.3130938241562972
511,MSFT,LSTM,2023-05-01,2025-05-01,12,0.3220058984561835,0.4147039620573103,0.3087386919050964,0.3735723138514353,0.3195554307535073
512,MSFT,LSTM,2023-05-01,2025-05-01,13,0.3180086549252867,0.3787559388939322,0.3094740290962988,0.3626270388115735,0.3116720989823163
513,MSFT,LSTM,2023-05-01,2025-05-01,14,0.3286518658364323,0.3790692946285328,0.2775303548635138,0.3395863278162087,0.3122037217692768
514,MSFT,LSTM,2023-05-01,2025-05-01,15,0.2655940606488447,0.3186103050257097,0.2857959723045525,0.3258312643435114,0.3113888631518489
515,MSFT,LSTM,2023-05-01,2025-05-01,16,0.3475265535919325,0.4301410791526878,0.3200662177216383,0.4300094125837152,0.3115952764007145
516,MSFT,LSTM,2023-05-01,2025-05-01,17,0.3042051854681465,0.3889251807091878,0.2873298989044355,0.3521624238613099,0.3201510818689814
517,MSFT,LSTM,2023-05-01,2025-05-01,18,0.2960774091082327,0.4031369038131804,0.293190863434698,0.3694603126156066,0.3193398405490276
518,MSFT,LSTM,2023-05-01,2025-05-01,19,0.3161895526262702,0.387739235433947,0.2894251778831828,0.3919598032672604,0.3086104786731384
519,MSFT,LSTM,2023-05-01,2025-05-01,20,0.3127625087978032,0.4192790378412857,0.2775776954777746,0.3468203276228651,0.3207914374510715
520,MSFT,LSTM,2023-05-01,2025-05-01,21,0.3114251698177759,0.3823072549078432,0.283654454569838,0.3407481698974217,0.3148849412813144
521,MSFT,LSTM,2023-05-01,2025-05-01,22,0.3044026368968672,0.3736719062913706,0.294003401940419,0.344731003337051,0.3154332119802412
522,MSFT,LSTM,2023-05-01,2025-05-01,23,0.2919147788987537,0.4314317234456706,0.3495902581328935,0.4064332479802388,0.3147863384527178
523,MSFT,LSTM,2023-05-01,2025-05-01,24,0.3212688632250701,0.3650764191386819,0.3737728440443947,0.4572395966698239,0.3252246287313959
524,MSFT,LSTM,2023-05-01,2025-05-01,25,0.2775708212493653,0.38197159112177,0.2613756737609786,0.3572197180326536,0.315652880229969
525,MSFT,LSTM,2023-05-01,2025-05-01,26,0.286202947050632,0.4053523882789209,0.2828161293560578,0.3364130684310319,0.3097477326807382
526,MSFT,LSTM,2023-05-01,2025-05-01,27,0.3045955791603302,0.3922821673107639,0.2712227213101394,0.34443160491412,0.314198648848337
527,MSFT,LSTM,2023-05-01,2025-05-01,28,0.3833128823923011,0.4116551943095086,0.3777666120194268,0.4040024813653408,0.3113930064526892
528,MSFT,LSTM,2023-05-01,2025-05-01,29,0.2950676113640196,0.4356643308379677,0.2769732629848647,0.3464715154649327,0.3112211869339659
529,MSFT,LSTM,2023-05-01,2025-05-01,30,0.2842517267730149,0.3690391400774174,0.2654568844292393,0.3325337181623569,0.3200607006357706
530,MSFT,LSTM,2023-05-01,2025-05-01,31,0.2932416644456374,0.3729569916974988,0.3398316863847561,0.3319612294028901,0.3279778932379793
531,MSFT,LSTM,2023-05-01,2025-05-01,32,0.317073969984833,0.3721344023917965,0.3157010890247941,0.3583730147892364,0.315274705515112
532,MSFT,LSTM,2023-05-01,2025-05-01,33,0.5284224440351967,0.4928865798187101,0.5301061616199371,0.55172615109909,0.317781118305209
533,MSFT,LSTM,2023-05-01,2025-05-01,34,0.3167594567740706,0.3794246823477377,0.3256167225181655,0.3705282786639918,0.316202097088683
534,MSFT,LSTM,2023-05-01,2025-05-01,35,0.344849537997442,0.3910818115344955,0.3633693232039471,0.3726500771266691,0.3170552314225693
535,MSFT,LSTM,2023-05-01,2025-05-01,36,0.2809387116995302,0.4023319868343145,0.2681849919785235,0.3331702319729879,0.3209790622743245
536,MSFT,LSTM,2023-05-01,2025-05-01,37,0.4014738107913302,0.4598228085911955,0.3919568256659619,0.41523073543709,0.3121971929454107
537,MSFT,LSTM,2023-05-01,2025-05-01,38,0.2792982266441937,0.3481244469797852,0.2714556977938957,0.340535114542974,0.3185017789980974
538,MSFT,LSTM,2023-05-01,2025-05-01,39,0.4472699310093814,0.4978062997439034,0.3562613625718086,0.4247725774854435,0.3159581546352718
539,MSFT,LSTM,2023-05-01,2025-05-01,40,0.3723090201465718,0.3658152663008053,0.2881729322006259,0.3138827167034028,0.319450750112163
540,MSFT,LSTM,2023-05-01,2025-05-01,41,0.3924668957845267,0.3904336494172409,0.4178325338333448,0.4539848704973755,0.3259718325954599
541,MSFT,LSTM,2023-05-01,2025-05-01,42,0.3978564602188897,0.4690904480770823,0.3933869179352721,0.4476739311626559,0.3123304216540244
542,MSFT,LSTM,2023-05-01,2025-05-01,43,0.3140977462504428,0.3775754951815195,0.285900994645185,0.3403311348157555,0.3206047535653882
543,MSFT,LSTM,2023-05-01,2025-05-01,44,0.2929622253229713,0.3949576646921258,0.2745740884954071,0.3460977598065625,0.3126634245689112
544,MSFT,LSTM,2023-05-01,2025-05-01,45,0.3065717518563146,0.3792530347673817,0.2750244095741793,0.3329930041725117,0.3109051228929337
545,MSFT,LSTM,2023-05-01,2025-05-01,46,0.3078165593056327,0.4232154975492443,0.275169108147456,0.3321332175606923,0.3203164443669988
546,MSFT,LSTM,2023-05-01,2025-05-01,47,0.3093748302277218,0.3956686784902029,0.2818103268269185,0.3742266658208554,0.3124935992150324
547,MSFT,LSTM,2023-05-01,2025-05-01,48,0.3224506550564704,0.5088466816743739,0.3360315197803076,0.3944927564929585,0.3131059025214223
548,MSFT,LSTM,2023-05-01,2025-05-01,49,0.2974500462191279,0.3587110843884049,0.3003044585039115,0.3321905079095916,0.3140914977291248
549,MSFT,LSTM,2023-05-01,2025-05-01,50,0.3638489481511577,0.4483154935989307,0.2864549389052738,0.3702132025800456,0.315350886473888
550,MSFT,LSTM,2024-01-01,2026-01-01,1,0.4501592701154933,0.3537231626435717,0.7933755696021596,0.518649805687534,0.1800588296395999
551,MSFT,LSTM,2024-01-01,2026-01-01,2,0.6870028359209239,0.5562000190921228,0.6372194005964332,0.805223947437737,0.1865878475713226
552,MSFT,LSTM,2024-01-01,2026-01-01,3,0.3688157548945374,0.3350487337595127,0.4549927058605524,0.5104627362286032,0.183799068621268
553,MSFT,LSTM,2024-01-01,2026-01-01,4,0.389996617070912,0.3352667002262859,0.4530583220043586,0.4997889435205797,0.1937780697473355
554,MSFT,LSTM,2024-01-01,2026-01-01,5,0.3780017061420397,0.4316045918395333,0.4305865847003072,0.4925829242359125,0.1809958013343683
555,MSFT,LSTM,2024-01-01,2026-01-01,6,0.439839382557042,0.5218767094132711,0.7521756943605664,0.7379418955793714,0.1795425606404377
556,MSFT,LSTM,2024-01-01,2026-01-01,7,0.4308364264112251,0.3502928074997106,0.4839324327816122,0.5610243062737579,0.1882784167659344
557,MSFT,LSTM,2024-01-01,2026-01-01,8,0.6108709461462871,0.5423968455983537,0.7016466679141498,0.7098882815927158,0.191345121545548
558,MSFT,LSTM,2024-01-01,2026-01-01,9,0.3794323186741989,0.3270991116322383,0.4259395361004242,0.4839884057219142,0.1833641456818726
559,MSFT,LSTM,2024-01-01,2026-01-01,10,0.5114535065222169,0.3981253161649232,0.6610765522882218,0.705187850889037,0.1870892073701393
560,MSFT,LSTM,2024-01-01,2026-01-01,11,0.5756900928404267,0.3794034636897987,0.4392872067236861,0.4884585717565285,0.1821109671536147
561,MSFT,LSTM,2024-01-01,2026-01-01,12,0.3427175947008629,0.392458204421201,0.4859476782033998,0.5173148382949979,0.1810457322642195
562,MSFT,LSTM,2024-01-01,2026-01-01,13,0.4604033679146856,0.4590216142118127,0.4593626491941358,0.5085556757706038,0.185100758910833
563,MSFT,LSTM,2024-01-01,2026-01-01,14,0.737859596212756,0.6407063168426407,1.0357541262881955,0.7406901075350248,0.1833221778550924
564,MSFT,LSTM,2024-01-01,2026-01-01,15,0.7755226773585079,0.6015009270241791,0.8967959034564954,0.6653223037629822,0.1850760381327002
565,MSFT,LSTM,2024-01-01,2026-01-01,16,0.4962329957689179,0.9024597367439074,0.7436553727061224,1.463469875330237,0.1929490613406686
566,MSFT,LSTM,2024-01-01,2026-01-01,17,0.5375361009081098,0.4623127128576382,0.5205011145845491,0.5995274423576344,0.1868832730423396
567,MSFT,LSTM,2024-01-01,2026-01-01,18,0.6133531029693514,0.6690153676811296,0.7432327969516009,0.6525038958521399,0.1977756905899827
568,MSFT,LSTM,2024-01-01,2026-01-01,19,0.5053447532057719,0.3682050468874499,0.4825335784354789,0.5395740170321303,0.1837084215026578
569,MSFT,LSTM,2024-01-01,2026-01-01,20,0.4295751468696916,0.3624118747291461,0.4369915933364357,0.4785058841670325,0.1923079949375337
570,MSFT,LSTM,2024-01-01,2026-01-01,21,0.7023292603050254,0.6712957514975755,0.6644373609399121,0.5645999672637851,0.1835758262043041
571,MSFT,LSTM,2024-01-01,2026-01-01,22,0.3921554088847874,0.400297754242377,0.4220551748238648,0.46862939903622,0.183834939363986
572,MSFT,LSTM,2024-01-01,2026-01-01,23,0.3429223150301424,0.3140352472697772,0.4437688325889637,0.5022830002465195,0.1862284975249255
573,MSFT,LSTM,2024-01-01,2026-01-01,24,0.5287118817372058,0.337205940807513,0.4494689398759508,0.4782398683212049,0.1967163183042217
574,MSFT,LSTM,2024-01-01,2026-01-01,25,0.5539494930032621,0.3595827648053771,0.4461278185978755,0.5435447457377219,0.1840789121802941
575,MSFT,LSTM,2024-01-01,2026-01-01,26,0.4845556017566513,0.5486533541694074,0.7257908937194318,1.0656591231293842,0.2081097473938144
576,MSFT,LSTM,2024-01-01,2026-01-01,27,0.3480482484406045,0.315696037340579,0.4100718694454313,0.4839264148117866,0.1858350942627063
577,MSFT,LSTM,2024-01-01,2026-01-01,28,0.4317356338057992,0.4829074395275012,0.520907950571648,0.5750441647954835,0.1810199832749535
578,MSFT,LSTM,2024-01-01,2026-01-01,29,0.7434756973134489,0.9375037352548014,0.880669317408326,1.0514817972075892,0.1787335961250147
579,MSFT,LSTM,2024-01-01,2026-01-01,30,0.4103934292381733,0.3558280984438465,0.4370784358307992,0.4785005389255283,0.1942585484533966
580,MSFT,LSTM,2024-01-01,2026-01-01,31,0.4356390459942244,0.3766416350367298,0.4783339350105747,0.4397287865159531,0.1844609461136592
581,MSFT,LSTM,2024-01-01,2026-01-01,32,0.348587147191928,0.3292455318426052,0.4528982450508543,0.497363540832042,0.1912989094873
582,MSFT,LSTM,2024-01-01,2026-01-01,33,0.3844980850584067,0.3158575397333974,0.4423110246466591,0.4664297506136277,0.1912272789003681
583,MSFT,LSTM,2024-01-01,2026-01-01,34,0.7477458581155777,0.6276036239444356,0.6663312490211303,0.641632810208746,0.1976095170141403
584,MSFT,LSTM,2024-01-01,2026-01-01,35,0.3537373976178724,0.3597640104626774,0.527324599337713,0.4825805469246137,0.1840395215821127
585,MSFT,LSTM,2024-01-01,2026-01-01,36,0.3368337654094291,0.3088055079970107,0.458210002955996,0.4935065698953133,0.1820581679476078
586,MSFT,LSTM,2024-01-01,2026-01-01,37,0.3694668928147799,0.351958375999075,0.4460876271773837,0.5296293753240946,0.1880155821618385
587,MSFT,LSTM,2024-01-01,2026-01-01,38,0.4859754149463952,0.5585787661912491,0.7267566231917965,0.5780723586808917,0.1928631562038045
588,MSFT,LSTM,2024-01-01,2026-01-01,39,0.5159319968187687,0.3784689571491438,0.5170934424489796,0.6822249693599146,0.185737089219274
589,MSFT,LSTM,2024-01-01,2026-01-01,40,0.408325098337961,0.3368302924292533,0.4446508739766845,0.5105924621651791,0.1807549113797733
590,MSFT,LSTM,2024-01-01,2026-01-01,41,0.7814203794242259,0.5041193204088111,0.8725662458834933,0.9396962036686176,0.1891351715492736
591,MSFT,LSTM,2024-01-01,2026-01-01,42,0.3687424019568285,0.3465318599725239,0.4568884300389252,0.4839099080371947,0.1868127393472805
592,MSFT,LSTM,2024-01-01,2026-01-01,43,0.4581215506390936,0.4226264049438209,0.518830840930187,0.5957542810143055,0.1863003111885493
593,MSFT,LSTM,2024-01-01,2026-01-01,44,0.3578549976086335,0.3685474878678517,0.4711588611490756,0.4867931101857233,0.1835424312729794
594,MSFT,LSTM,2024-01-01,2026-01-01,45,0.4657827837358075,0.4481512497872771,0.5852528713185831,0.5840946839904119,0.1849533341598074
595,MSFT,LSTM,2024-01-01,2026-01-01,46,0.4675255943003139,0.4556383109306549,0.5449552811337861,0.5200818751497558,0.1857717122979465
596,MSFT,LSTM,2024-01-01,2026-01-01,47,0.3761290250679026,0.312747928721425,0.4254041609139481,0.4945532094772217,0.1828145539360119
597,MSFT,LSTM,2024-01-01,2026-01-01,48,0.8931987920652624,0.750208022632546,0.8203518314767901,0.7122063413870212,0.1817272050016175
598,MSFT,LSTM,2024-01-01,2026-01-01,49,0.7732940488872524,0.7055966694211352,1.0162070719554213,1.1021823097779817,0.2092923030222178
599,MSFT,LSTM,2024-01-01,2026-01-01,50,0.5164947052382218,0.3803999141199349,0.4706381057959617,0.5088069938925377,0.1811529580404089
600,TSLA,LSTM,2022-01-01,2024-01-01,1,0.2829051256243736,0.3105059497039305,0.2470252253618461,0.3385410919923859,0.2208803249212875
601,TSLA,LSTM,2022-01-01,2024-01-01,2,0.2192796746165447,0.2299736007846466,0.2409521410414545,0.2475718498367825,0.2226731424259251
602,TSLA,LSTM,2022-01-01,2024-01-01,3,0.3109664991101498,0.6251391206328436,0.6579438769937919,0.5962905687192317,0.2219571555110478
603,TSLA,LSTM,2022-01-01,2024-01-01,4,0.2407642530556685,0.2361987733653872,0.3050079902166352,0.2665603704528938,0.2215727899212028
604,TSLA,LSTM,2022-01-01,2024-01-01,5,0.2450607218846367,0.2662594013432793,0.2479597092194488,0.2912351837659815,0.2201878134999128
605,TSLA,LSTM,2022-01-01,2024-01-01,6,0.275769579306155,0.314785161044475,0.2724809013105554,0.424254867079488,0.220831145573714
606,TSLA,LSTM,2022-01-01,2024-01-01,7,0.3623981445711847,0.3146866571318298,0.2313699705094628,0.3984142824187978,0.2329193818365316
607,TSLA,LSTM,2022-01-01,2024-01-01,8,0.4004105390236863,0.5974449676204718,0.5671538947710176,0.661279205171732,0.2242982607876339
608,TSLA,LSTM,2022-01-01,2024-01-01,9,0.4629416572071544,0.5880601505105447,0.3543849649043876,0.5810136246289259,0.2232974455270927
609,TSLA,LSTM,2022-01-01,2024-01-01,10,0.2242754061771514,0.2358109918578474,0.2239087365590537,0.2550894528272974,0.2209552057746303
610,TSLA,LSTM,2022-01-01,2024-01-01,11,0.5417912357685272,0.6886448568078758,0.7853189327806778,0.7371922078916754,0.2215045277512948
611,TSLA,LSTM,2022-01-01,2024-01-01,12,0.3477107785158096,0.3800567789763722,0.4316434909828175,0.4527606951753227,0.2210406959319334
612,TSLA,LSTM,2022-01-01,2024-01-01,13,0.3263593338757958,0.2833317145453086,0.3099009302118547,0.3476418174457144,0.2412081785055932
613,TSLA,LSTM,2022-01-01,2024-01-01,14,0.3844929087944769,0.4048103578864461,0.2706498867703872,0.3415353586932149,0.2617015514594383
614,TSLA,LSTM,2022-01-01,2024-01-01,15,0.837355040238425,0.9022959867724216,0.8249253374078306,0.8085363023301408,0.2187387275619848
615,TSLA,LSTM,2022-01-01,2024-01-01,16,0.2178780060957365,0.2827091461921029,0.244925367182583,0.2867274265689914,0.2205401688460319
616,TSLA,LSTM,2022-01-01,2024-01-01,17,0.2588232632413433,0.3005011565104782,0.2855470984950494,0.3857011081380663,0.221314220242929
617,TSLA,LSTM,2022-01-01,2024-01-01,18,0.2669328608371222,0.4005808845605642,0.2558436221264527,0.415171217743987,0.2217761338437439
618,TSLA,LSTM,2022-01-01,2024-01-01,19,0.5614746324406472,0.4721445984392193,0.5017193826272689,0.585171198298188,0.2230527038506283
619,TSLA,LSTM,2022-01-01,2024-01-01,20,0.2104299078560386,0.2286520121259848,0.2238780821896562,0.2471196271074661,0.2212932356376743
620,TSLA,LSTM,2022-01-01,2024-01-01,21,0.2357860382837859,0.2446555315797015,0.3158125965117769,0.2770875412378765,0.2593985333903135
621,TSLA,LSTM,2022-01-01,2024-01-01,22,0.7837372854317748,0.8224650040086454,0.6263051120276381,0.8230100777919906,0.2260098760386732
622,TSLA,LSTM,2022-01-01,2024-01-01,23,0.2068455366831976,0.2503086092556955,0.2239476894819541,0.2603513394088122,0.2192404929012965
623,TSLA,LSTM,2022-01-01,2024-01-01,24,0.2379670567355113,0.3579606403777995,0.3474517084062581,0.4603164349368812,0.2348923541431518
624,TSLA,LSTM,2022-01-01,2024-01-01,25,0.2550146576515545,0.3394394357624023,0.3274761883331216,0.2789031032585263,0.2214222165689842
625,TSLA,LSTM,2022-01-01,2024-01-01,26,0.1905491418319953,0.2124563892944455,0.2209995513682489,0.2565345812305064,0.2247161180801814
626,TSLA,LSTM,2022-01-01,2024-01-01,27,0.2505429319493151,0.3858359185934358,0.299963967704933,0.4008564466522293,0.2293941368884872
627,TSLA,LSTM,2022-01-01,2024-01-01,28,0.2666838241582275,0.2401088668324839,0.3056862784488474,0.2997902239457778,0.2236384351101421
628,TSLA,LSTM,2022-01-01,2024-01-01,29,0.3671986295842947,0.3431168027357344,0.5301590581650336,0.4990487390229957,0.2200644983274178
629,TSLA,LSTM,2022-01-01,2024-01-01,30,0.2311871529767211,0.3780555513517802,0.2493455281390192,0.2801441802410808,0.2307077631546792
630,TSLA,LSTM,2022-01-01,2024-01-01,31,0.2198531275620833,0.244029887251877,0.250011084733618,0.2492463105598787,0.2222796732812489
631,TSLA,LSTM,2022-01-01,2024-01-01,32,0.277445462144781,0.362885962764899,0.4024090930376555,0.4007780404517121,0.2305507540452905
632,TSLA,LSTM,2022-01-01,2024-01-01,33,0.2031055623649011,0.3169391998199437,0.2358075401187961,0.3330395878617497,0.2302992543195499
633,TSLA,LSTM,2022-01-01,2024-01-01,34,0.418698070489836,0.4005312917273081,0.4353372955940982,0.4393401525203974,0.2244517254837346
634,TSLA,LSTM,2022-01-01,2024-01-01,35,0.2137579642712813,0.4191841031744105,0.3710593487888295,0.382939809365763,0.221307476800092
635,TSLA,LSTM,2022-01-01,2024-01-01,36,0.3010572027857279,0.4464752824134506,0.3048074721564092,0.2948099870633972,0.2396618780065801
636,TSLA,LSTM,2022-01-01,2024-01-01,37,0.2758625733243248,0.4241646873870864,0.3137535873812256,0.4374225428465756,0.2201937745154476
637,TSLA,LSTM,2022-01-01,2024-01-01,38,0.4633197256892842,0.4263799658063586,0.3360795982265628,0.4668873175789501,0.218246769542181
638,TSLA,LSTM,2022-01-01,2024-01-01,39,0.2071934957576995,0.2668941063149089,0.2591329780056692,0.2701411947761178,0.2214931037736592
639,TSLA,LSTM,2022-01-01,2024-01-01,40,0.8658421353652401,0.6774860709697483,0.5954180010192919,0.5221186742845987,0.2404003341524648
640,TSLA,LSTM,2022-01-01,2024-01-01,41,0.4161756393499954,0.2559576272331272,0.7348228990544461,0.6295048206634107,0.218679551728306
641,TSLA,LSTM,2022-01-01,2024-01-01,42,0.557991748291343,0.5908997655449538,0.3991526683619295,0.7316916262121649,0.2188994079445905
642,TSLA,LSTM,2022-01-01,2024-01-01,43,0.2389577509179563,0.2277521647247905,0.2323120997447413,0.2530913394572293,0.2229195018102518
643,TSLA,LSTM,2022-01-01,2024-01-01,44,0.1993373685764547,0.2289633149591769,0.2203025144421221,0.2389558514460162,0.2280196561929093
644,TSLA,LSTM,2022-01-01,2024-01-01,45,0.202764599432821,0.3873995917541077,0.3966776658785618,0.2638504686782402,0.2200783703083706
645,TSLA,LSTM,2022-01-01,2024-01-01,46,0.2696057292516635,0.387989040467713,0.3104560783413247,0.4401635887201472,0.2242819836980869
646,TSLA,LSTM,2022-01-01,2024-01-01,47,0.6464376337222385,0.8421763756026543,0.6627744346812751,0.5532504423561949,0.2379979465398194
647,TSLA,LSTM,2022-01-01,2024-01-01,48,0.2728220552557249,0.2690943725505468,0.257882527702506,0.2860521659315899,0.2233256642680078
648,TSLA,LSTM,2022-01-01,2024-01-01,49,0.2365626913147127,0.3436356887783477,0.2492966087459649,0.2857407309773278,0.2352491575755126
649,TSLA,LSTM,2022-01-01,2024-01-01,50,0.2136909333500967,0.228520276379737,0.2306572264005628,0.2417314300439173,0.2249922291810608
650,TSLA,LSTM,2022-09-01,2024-09-01,1,0.1900564870056294,0.2056727596313907,0.2146539609805599,0.2263137028806227,0.2106630590753116
651,TSLA,LSTM,2022-09-01,2024-09-01,2,0.1859536574104452,0.2149811420407614,0.2079124088255229,0.2269070116873515,0.1985883757725647
652,TSLA,LSTM,2022-09-01,2024-09-01,3,0.2148862958281669,0.2842681010628962,0.2286294853370655,0.2841291750843074,0.2481268934990328
653,TSLA,LSTM,2022-09-01,2024-09-01,4,0.1735614667483742,0.2073357389286044,0.1946295153823042,0.2064991748734243,0.2257289888771152
654,TSLA,LSTM,2022-09-01,2024-09-01,5,0.2251563751768333,0.2715905235004289,0.2457808595321517,0.2859547240662714,0.2005772571752562
655,TSLA,LSTM,2022-09-01,2024-09-01,6,0.1948687999261768,0.2312148937215065,0.214501615342549,0.2374418938552511,0.2430984963644044
656,TSLA,LSTM,2022-09-01,2024-09-01,7,0.2057171244136633,0.2338509559728887,0.2177632796294912,0.2355669201548171,0.2016973327326396
657,TSLA,LSTM,2022-09-01,2024-09-01,8,0.190537093780965,0.2207142384609874,0.2041967602241394,0.2294580239108729,0.1952739050030222
658,TSLA,LSTM,2022-09-01,2024-09-01,9,0.1854109782328935,0.2108596064649091,0.2025098143734444,0.2125950389310162,0.201056660693111
659,TSLA,LSTM,2022-09-01,2024-09-01,10,0.1759572093529314,0.2098393170867875,0.1919728383860946,0.2117690601188672,0.265726492859309
660,TSLA,LSTM,2022-09-01,2024-09-01,11,0.1703986043744603,0.1995964718218904,0.1919008067726721,0.2065022678766522,0.193981724429966
661,TSLA,LSTM,2022-09-01,2024-09-01,12,0.1825747537023878,0.244358026696946,0.2103924806077093,0.2174544725325171,0.1927658731610522
662,TSLA,LSTM,2022-09-01,2024-09-01,13,0.1870478990007836,0.2311407461580688,0.2050378516802166,0.2418573499314585,0.2148130772940941
663,TSLA,LSTM,2022-09-01,2024-09-01,14,0.2231584553318648,0.2612325673715309,0.2172396475021819,0.2497882906370863,0.2016667543896332
664,TSLA,LSTM,2022-09-01,2024-09-01,15,0.1880562191065408,0.2241783801940532,0.2066416315998268,0.2376338402353898,0.2084506231253672
665,TSLA,LSTM,2022-09-01,2024-09-01,16,0.1734631308186294,0.1923934373123565,0.1928244115046973,0.201466024222836,0.2448270470087048
666,TSLA,LSTM,2022-09-01,2024-09-01,17,0.2344520886731994,0.2325668373620823,0.2315305810174859,0.2560526254985934,0.1905262475715972
667,TSLA,LSTM,2022-09-01,2024-09-01,18,0.1736470836923984,0.2046240193669878,0.1888362959881441,0.207145980433278,0.2227385920228259
668,TSLA,LSTM,2022-09-01,2024-09-01,19,0.1661619286225395,0.2019146652354981,0.1924226719940013,0.2118272484939831,0.2485679957678257
669,TSLA,LSTM,2022-09-01,2024-09-01,20,0.175770972762922,0.2090274729299431,0.1926443232369415,0.2083258097013303,0.2067005275967725
670,TSLA,LSTM,2022-09-01,2024-09-01,21,0.1722981244197881,0.223240770444306,0.2241358927569608,0.279824394639493,0.2110581124519141
671,TSLA,LSTM,2022-09-01,2024-09-01,22,0.272439273967561,0.3379451896408076,0.2890408255729374,0.3298452605880641,0.2019103622553942
672,TSLA,LSTM,2022-09-01,2024-09-01,23,0.1758943668236438,0.2074630933579038,0.2014009804133542,0.2061181264813819,0.198307534931466
673,TSLA,LSTM,2022-09-01,2024-09-01,24,0.1778461908926349,0.2088317910379769,0.1956159944412349,0.2118473716320825,0.2348376158513544
674,TSLA,LSTM,2022-09-01,2024-09-01,25,0.2424960146138261,0.250801857730117,0.2181512969294702,0.2525455694144523,0.2474128548860536
675,TSLA,LSTM,2022-09-01,2024-09-01,26,0.18695759169644,0.2080388608007082,0.2098191404060534,0.2165764088447755,0.2040412378067228
676,TSLA,LSTM,2022-09-01,2024-09-01,27,0.1771018162565072,0.2086580788637961,0.1941455759744812,0.2286477313372085,0.2401699861958846
677,TSLA,LSTM,2022-09-01,2024-09-01,28,0.173395251891388,0.2084810959622591,0.1908599318869043,0.2077882493783025,0.1882153780280509
678,TSLA,LSTM,2022-09-01,2024-09-01,29,0.1696909052195043,0.2098242390774638,0.2059617892719619,0.214185330913376,0.197701678964004
679,TSLA,LSTM,2022-09-01,2024-09-01,30,0.1849886835224792,0.2157256367789934,0.2034132760242477,0.21842808833856,0.2042140564880949
680,TSLA,LSTM,2022-09-01,2024-09-01,31,0.2230517183509242,0.2880612483633043,0.2223949126699568,0.2699180699279309,0.2479594343786673
681,TSLA,LSTM,2022-09-01,2024-09-01,32,0.1798695407411139,0.2110479175439567,0.1975373098113884,0.2118843726025354,0.1932942976155466
682,TSLA,LSTM,2022-09-01,2024-09-01,33,0.1851325641277399,0.231636086659591,0.2014490885061839,0.2254159213118956,0.2306780497875152
683,TSLA,LSTM,2022-09-01,2024-09-01,34,0.1848178441620528,0.2065573487369791,0.1920295210583207,0.2119082756403979,0.2000998537058906
684,TSLA,LSTM,2022-09-01,2024-09-01,35,0.1937494997464394,0.2106280422679134,0.1964663904774573,0.2135123733213437,0.1956063559727158
685,TSLA,LSTM,2022-09-01,2024-09-01,36,0.1885744069181371,0.213959365312506,0.2082329828622748,0.2243752362067843,0.1934366021637538
686,TSLA,LSTM,2022-09-01,2024-09-01,37,0.2074304447902237,0.2342918865062561,0.2381470345702018,0.2592382527164555,0.2181537333623983
687,TSLA,LSTM,2022-09-01,2024-09-01,38,0.202348398545723,0.2226889133692786,0.1942227310958757,0.2355518379278661,0.2166314012420633
688,TSLA,LSTM,2022-09-01,2024-09-01,39,0.2642761553539056,0.2794240802901369,0.211239016841579,0.2778477969937702,0.1958924845920087
689,TSLA,LSTM,2022-09-01,2024-09-01,40,0.1875673258391131,0.2306227464473977,0.1961175706474623,0.2154304432370291,0.2192123838490938
690,TSLA,LSTM,2022-09-01,2024-09-01,41,0.2453323689552287,0.2440943685806076,0.2662909238324653,0.2790185610804058,0.1888028719744641
691,TSLA,LSTM,2022-09-01,2024-09-01,42,0.1790019774761875,0.2122683172098252,0.1976305747886024,0.2136699292240682,0.2068110468280193
692,TSLA,LSTM,2022-09-01,2024-09-01,43,0.1696128572529535,0.1986800085588896,0.1948300151805983,0.2067927768170981,0.2021083233483245
693,TSLA,LSTM,2022-09-01,2024-09-01,44,0.1817810965869636,0.2109709799352567,0.1975082037311803,0.2164267689206002,0.1890077460644028
694,TSLA,LSTM,2022-09-01,2024-09-01,45,0.2103173246012118,0.2675251798006832,0.227494495533762,0.2758853971980348,0.1893632894831943
695,TSLA,LSTM,2022-09-01,2024-09-01,46,0.2002276012754291,0.2345884385519551,0.2197986041671001,0.2539809736577453,0.1997184853659047
696,TSLA,LSTM,2022-09-01,2024-09-01,47,0.1935919612477439,0.2280740837845102,0.2175147274861834,0.2563360981459979,0.1943530800677676
697,TSLA,LSTM,2022-09-01,2024-09-01,48,0.195693767414936,0.232452664801287,0.2072604672769914,0.242665569487788,0.1834837851468865
698,TSLA,LSTM,2022-09-01,2024-09-01,49,0.2199662862924317,0.2373548538027649,0.2578913585122209,0.2608886619449366,0.202643836892428
699,TSLA,LSTM,2022-09-01,2024-09-01,50,0.2349423417277889,0.3457128135875019,0.3228887175162674,0.3395180851544219,0.1890912871171575
700,TSLA,LSTM,2023-05-01,2025-05-01,1,0.3133275952832015,0.424193658392631,0.3526736562390786,0.3379431616338109,0.2921450589769916
701,TSLA,LSTM,2023-05-01,2025-05-01,2,0.3328819144116504,0.3133440782442293,0.3590624091534921,0.3316604854046472,0.2978555208805237
702,TSLA,LSTM,2023-05-01,2025-05-01,3,0.3244183976906584,0.3884944681557992,0.293657331645704,0.369789688660501,0.317279740071363
703,TSLA,LSTM,2023-05-01,2025-05-01,4,0.3035270026460961,0.2954151575312068,0.2702185869841867,0.2958012149015621,0.2895873199871415
704,TSLA,LSTM,2023-05-01,2025-05-01,5,0.3425759902577125,0.3952344009754192,0.5821851258527064,0.4810412279833612,0.3199208203321361
705,TSLA,LSTM,2023-05-01,2025-05-01,6,0.2986980662686426,0.3188824269844196,0.3093044715004869,0.3114773793463634,0.3100284570756932
706,TSLA,LSTM,2023-05-01,2025-05-01,7,0.3145805298260349,0.347933466958293,0.3187121862602887,0.3161534338629356,0.312598139597625
707,TSLA,LSTM,2023-05-01,2025-05-01,8,0.3866224432671769,0.4521518428619654,0.3558107585577952,0.4002352195696293,0.3221336796124008
708,TSLA,LSTM,2023-05-01,2025-05-01,9,0.3142022562336436,0.3334290512000791,0.316372433801233,0.3231788339169759,0.315781644424526
709,TSLA,LSTM,2023-05-01,2025-05-01,10,0.3173582248121025,0.3616787173857393,0.2865728645791154,0.3186163496263419,0.3158694425122418
710,TSLA,LSTM,2023-05-01,2025-05-01,11,0.3297911548144815,0.3435530345659789,0.3236990301240969,0.3515408191511372,0.306356122036317
711,TSLA,LSTM,2023-05-01,2025-05-01,12,0.4243791408440118,0.4402557147568345,0.4117251661466451,0.4486503462531813,0.2950066540094637
712,TSLA,LSTM,2023-05-01,2025-05-01,13,0.3690652809579602,0.47060827283425,0.3186401450499956,0.3965761006539112,0.3095392099334344
713,TSLA,LSTM,2023-05-01,2025-05-01,14,0.433003045419172,0.4380538786090175,0.3948674410014154,0.3665820108501684,0.3339361713597996
714,TSLA,LSTM,2023-05-01,2025-05-01,15,0.3481654029456525,0.3215994400593935,0.339685099519254,0.3442643146730518,0.3047907950163244
715,TSLA,LSTM,2023-05-01,2025-05-01,16,0.541315794398042,0.6529750665393361,0.5627232610318667,0.5053524825252479,0.3162643936175347
716,TSLA,LSTM,2023-05-01,2025-05-01,17,0.3312506299957469,0.3501992080883995,0.3274993847633422,0.3415582121632048,0.3111129164366193
717,TSLA,LSTM,2023-05-01,2025-05-01,18,0.3780868609714463,0.5182726950294839,0.3162211185629178,0.3910164874068429,0.3028860771440803
718,TSLA,LSTM,2023-05-01,2025-05-01,19,0.376051438092446,0.5054489503690953,0.4015883477570461,0.3683064564948576,0.289472589567303
719,TSLA,LSTM,2023-05-01,2025-05-01,20,0.3356375327498124,0.3843143717751396,0.2968029521577051,0.3346231854369939,0.3026561664970592
720,TSLA,LSTM,2023-05-01,2025-05-01,21,0.3229592373005384,0.3940591853344343,0.3398657943764407,0.3923636879364862,0.3138466287605574
721,TSLA,LSTM,2023-05-01,2025-05-01,22,0.3221568965155134,0.3110856972991058,0.310352287308655,0.3298591332554311,0.3749994157916546
722,TSLA,LSTM,2023-05-01,2025-05-01,23,0.3514387833210436,0.3027979274856219,0.2760824031963603,0.2866321612402626,0.3113059733020613
723,TSLA,LSTM,2023-05-01,2025-05-01,24,0.3213203399202773,0.3304413734835205,0.3034058142695165,0.3246171933895624,0.3154568855756948
724,TSLA,LSTM,2023-05-01,2025-05-01,25,0.3731857694594737,0.4550763802012852,0.3694188883006444,0.4287451177620989,0.316434172191656
725,TSLA,LSTM,2023-05-01,2025-05-01,26,0.3477496253992866,0.4207070793415546,0.302404682397711,0.3773475733078146,0.3177172190289324
726,TSLA,LSTM,2023-05-01,2025-05-01,27,0.3576335686423753,0.4058351798145312,0.3213860304166762,0.3510030534820925,0.3137126960805624
727,TSLA,LSTM,2023-05-01,2025-05-01,28,0.2926686164506245,0.2994665263749745,0.3001964483501073,0.299969412003625,0.3018840203530938
728,TSLA,LSTM,2023-05-01,2025-05-01,29,0.4116299475678182,0.540638487312448,0.3770844796493645,0.4372186290417352,0.30005118152541
729,TSLA,LSTM,2023-05-01,2025-05-01,30,0.2943110494276482,0.3807243333784466,0.2788341143425451,0.3276016817283164,0.3068127382834533
730,TSLA,LSTM,2023-05-01,2025-05-01,31,0.3236805618320014,0.3373607434472467,0.3127576730500065,0.3495535085671012,0.3127356109571484
731,TSLA,LSTM,2023-05-01,2025-05-01,32,0.407762198298452,0.3398504647660893,0.3652257741082249,0.3529391966327127,0.3124492683618993
732,TSLA,LSTM,2023-05-01,2025-05-01,33,0.363542774218742,0.3184387064081412,0.371121837344893,0.3296112818354529,0.3063094736652741
733,TSLA,LSTM,2023-05-01,2025-05-01,34,0.2838617706347122,0.3166316175176769,0.2677721433549928,0.2964060511863672,0.3077926311403769
734,TSLA,LSTM,2023-05-01,2025-05-01,35,0.2952236921144518,0.3111286910566259,0.3061598711707597,0.2969474080138815,0.3144359763552586
735,TSLA,LSTM,2023-05-01,2025-05-01,36,0.3286550247521024,0.3900316738001187,0.2684700768800555,0.3498030357790426,0.310885049466591
736,TSLA,LSTM,2023-05-01,2025-05-01,37,0.3438956424518974,0.380261267691626,0.3358954883673568,0.3441039022464959,0.3231822652551597
737,TSLA,LSTM,2023-05-01,2025-05-01,38,0.3256162059091007,0.3322655124373807,0.3426076925034899,0.3366247244780391,0.308925972981179
738,TSLA,LSTM,2023-05-01,2025-05-01,39,0.3148862885053046,0.4648855092828795,0.3272605491847757,0.3452863495314902,0.3139366230403112
739,TSLA,LSTM,2023-05-01,2025-05-01,40,0.2859316428145481,0.2633009952756946,0.2927417628369472,0.2960925667523074,0.3037753919260223
740,TSLA,LSTM,2023-05-01,2025-05-01,41,0.3896785504834834,0.4580474559883786,0.354000577647556,0.3746889841310922,0.3249227455112847
741,TSLA,LSTM,2023-05-01,2025-05-01,42,0.3037290257509339,0.308619517277433,0.2962020164680037,0.3082496335812465,0.3096906290325248
742,TSLA,LSTM,2023-05-01,2025-05-01,43,0.3941808060676631,0.444547379645963,0.3824312189629677,0.4549688327761083,0.3007283985230697
743,TSLA,LSTM,2023-05-01,2025-05-01,44,0.3619782214681917,0.4412767147169936,0.3201344488775366,0.373761149708564,0.3011499794112322
744,TSLA,LSTM,2023-05-01,2025-05-01,45,0.4018585987202689,0.4003416802684935,0.3272128401389577,0.3965229255026077,0.3088874025429003
745,TSLA,LSTM,2023-05-01,2025-05-01,46,0.4119893161074881,0.5545267497481786,0.3759582299020717,0.3943347500726853,0.3124033034262804
746,TSLA,LSTM,2023-05-01,2025-05-01,47,0.5402150576522666,0.6717724086803002,0.4468730872173791,0.5258414541948581,0.2762247307467479
747,TSLA,LSTM,2023-05-01,2025-05-01,48,0.3618103727909713,0.3788304530557413,0.3510154764419864,0.3813146324624868,0.3138603444850353
748,TSLA,LSTM,2023-05-01,2025-05-01,49,0.3342409575268593,0.310719071117084,0.3740233274526099,0.3287457723060978,0.32022062298277
749,TSLA,LSTM,2023-05-01,2025-05-01,50,0.4048758785828485,0.4549473242235906,0.3586207714532035,0.4426591869674794,0.3053954680350196
750,TSLA,LSTM,2024-01-01,2026-01-01,1,0.4000545889175616,0.4183546629214348,0.4574500632851406,0.390236104477998,0.3111956447863258
751,TSLA,LSTM,2024-01-01,2026-01-01,2,0.1999397751020127,0.1877956765011213,0.1583859355420292,0.2030929255706417,0.3389503336914807
752,TSLA,LSTM,2024-01-01,2026-01-01,3,0.1727362667772289,0.1868707214253686,0.1528947105005044,0.1858562005825997,0.3234863382636856
753,TSLA,LSTM,2024-01-01,2026-01-01,4,0.3214144564011591,0.3177827701100624,0.2827797708871828,0.3280175350892844,0.3262381354282054
754,TSLA,LSTM,2024-01-01,2026-01-01,5,0.1781655301093486,0.2026066687500142,0.2641978106536574,0.2245536179603862,0.3441470345115532
755,TSLA,LSTM,2024-01-01,2026-01-01,6,0.2659913341902677,0.2132176761436887,0.2314948787450125,0.290778541335444,0.3025391928209844
756,TSLA,LSTM,2024-01-01,2026-01-01,7,0.1934233646629372,0.1830994556727106,0.2099618935108395,0.2468941574200324,0.2976538752937033
757,TSLA,LSTM,2024-01-01,2026-01-01,8,0.1547112845516894,0.1621846804069504,0.1541660361517775,0.1732038445511927,0.3279881481915991
758,TSLA,LSTM,2024-01-01,2026-01-01,9,0.2606989635880895,0.224618652733998,0.2295675277174814,0.277992979297802,0.3235469117241825
759,TSLA,LSTM,2024-01-01,2026-01-01,10,0.4131721139284008,0.3487735825748219,0.4178981509658478,0.405907500121008,0.3201532235813994
760,TSLA,LSTM,2024-01-01,2026-01-01,11,0.2021958751064153,0.1760253460170039,0.2544285976463948,0.2226813230275862,0.3232038003046579
761,TSLA,LSTM,2024-01-01,2026-01-01,12,0.1777090786699683,0.1713327545482903,0.1663112063885392,0.1655127421624106,0.3033346340422173
762,TSLA,LSTM,2024-01-01,2026-01-01,13,0.2575174887450862,0.1758336721033667,0.2775244843704346,0.2238343700593689,0.3366019997377997
763,TSLA,LSTM,2024-01-01,2026-01-01,14,0.4121139105246574,0.356038088025854,0.5874897326329149,0.559877463540922,0.3654936554774546
764,TSLA,LSTM,2024-01-01,2026-01-01,15,0.1820455492527538,0.2147187642330302,0.159478728340102,0.1792457366175209,0.3022579113298073
765,TSLA,LSTM,2024-01-01,2026-01-01,16,0.1810199915948485,0.1906672631317696,0.219352664303319,0.1841548938253789,0.3271263270630115
766,TSLA,LSTM,2024-01-01,2026-01-01,17,0.3289525509026755,0.3063260395280063,0.3195960414436534,0.3504996485626192,0.3006607104338405
767,TSLA,LSTM,2024-01-01,2026-01-01,18,0.237931898845409,0.2675695000833337,0.2737645693713098,0.3045060763431789,0.4341920130208337
768,TSLA,LSTM,2024-01-01,2026-01-01,19,0.1569705994345684,0.1962039447593965,0.1398843840297004,0.1791189750931516,0.3175647472527977
769,TSLA,LSTM,2024-01-01,2026-01-01,20,0.2697393846865283,0.2728936631800568,0.3291751603336006,0.3146240020723859,0.3250006677552051
770,TSLA,LSTM,2024-01-01,2026-01-01,21,0.2378824789138847,0.2149450078570508,0.263400181889755,0.271434969732337,0.3949283248897438
771,TSLA,LSTM,2024-01-01,2026-01-01,22,0.1719692380051218,0.1738918760661258,0.1669645868768775,0.1898498195240553,0.2924017786216941
772,TSLA,LSTM,2024-01-01,2026-01-01,23,0.2330413195323038,0.1680234260634364,0.1876213089345101,0.1782771471828203,0.3105122489952489
773,TSLA,LSTM,2024-01-01,2026-01-01,24,0.2143061907892214,0.2505062315888602,0.2479710457215332,0.2538840529218612,0.3006409933364525
774,TSLA,LSTM,2024-01-01,2026-01-01,25,0.1888244855957729,0.182084139178987,0.3189213412852856,0.1928391970082725,0.2957850384430502
775,TSLA,LSTM,2024-01-01,2026-01-01,26,0.2508434307310023,0.1826900324698611,0.2281750945058847,0.1767555711349387,0.3517598182825874
776,TSLA,LSTM,2024-01-01,2026-01-01,27,0.1589332033173558,0.1637328025097322,0.1438055470326862,0.1721207398247987,0.3017423757788134
777,TSLA,LSTM,2024-01-01,2026-01-01,28,0.3198280760451128,0.3564073772694126,0.2764462510076104,0.356306906920374,0.2981761689331501
778,TSLA,LSTM,2024-01-01,2026-01-01,29,0.3583729609030838,0.3916949548026366,0.3561209694112299,0.3849481609058175,0.3547482904577304
779,TSLA,LSTM,2024-01-01,2026-01-01,30,0.3409429298672609,0.3215197144465099,0.4005853832117894,0.4066139385595532,0.3323586430529422
780,TSLA,LSTM,2024-01-01,2026-01-01,31,0.1674342182655575,0.1875133798438263,0.1568700293652708,0.1845192716691608,0.2971117993500092
781,TSLA,LSTM,2024-01-01,2026-01-01,32,0.2659819527260452,0.2157160241663901,0.2454322465772839,0.2517029457564071,0.2919931751541468
782,TSLA,LSTM,2024-01-01,2026-01-01,33,0.3079332780883213,0.2475599270362209,0.2425823644253965,0.3129386213493067,0.2912451329398111
783,TSLA,LSTM,2024-01-01,2026-01-01,34,0.1691603150641464,0.2164542003930118,0.1553464828640537,0.1767115222040859,0.316650610736249
784,TSLA,LSTM,2024-01-01,2026-01-01,35,0.1633091197657174,0.1707912400242259,0.1887741587440143,0.2000735376153767,0.3351925459017487
785,TSLA,LSTM,2024-01-01,2026-01-01,36,0.2887181702205555,0.2231039520778552,0.2625831188262781,0.2668260205795573,0.3091304234370098
786,TSLA,LSTM,2024-01-01,2026-01-01,37,0.2739316160663114,0.2979013256265777,0.2396251767888561,0.2133206290579913,0.3485162484178348
787,TSLA,LSTM,2024-01-01,2026-01-01,38,0.1928759348464889,0.2366672960874628,0.266258671129599,0.1772828278312108,0.334717221325896
788,TSLA,LSTM,2024-01-01,2026-01-01,39,0.6683025707125463,0.6390713310695928,0.5919103785729863,0.4777999833959901,0.3272175067203973
789,TSLA,LSTM,2024-01-01,2026-01-01,40,0.3211998368280572,0.2209019554339959,0.3114023136000056,0.2848737269394666,0.3248189293423896
790,TSLA,LSTM,2024-01-01,2026-01-01,41,0.3805737065261659,0.3190280008661821,0.2559117353629914,0.3075949487854293,0.2993352122849482
791,TSLA,LSTM,2024-01-01,2026-01-01,42,0.2850587988135198,0.3176827571846866,0.3240832916933908,0.325098999848293,0.3632289696889242
792,TSLA,LSTM,2024-01-01,2026-01-01,43,0.2147226645826588,0.2605107716344826,0.154902217799856,0.2381920656071667,0.3413664563676637
793,TSLA,LSTM,2024-01-01,2026-01-01,44,0.4597322705774065,0.5088611344001335,0.4373685251571352,0.4425133885938954,0.3054449132697527
794,TSLA,LSTM,2024-01-01,2026-01-01,45,0.3581892255342975,0.3187108578943631,0.3810108826917845,0.3540896872913517,0.3217715619462992
795,TSLA,LSTM,2024-01-01,2026-01-01,46,0.1698929965932511,0.1948537432964297,0.2162512049822974,0.1885013710494658,0.3072861855458157
796,TSLA,LSTM,2024-01-01,2026-01-01,47,0.235438311107919,0.2252723610393675,0.2160537985076349,0.1742496909830105,0.3360789661250951
797,TSLA,LSTM,2024-01-01,2026-01-01,48,0.2078749496396451,0.2274877980168016,0.2022907016040765,0.2428752018229119,0.3299935082673783
798,TSLA,LSTM,2024-01-01,2026-01-01,49,0.2682330589745956,0.2535284558293261,0.249911209004304,0.3099696345559735,0.3178465393322949
799,TSLA,LSTM,2024-01-01,2026-01-01,50,0.175999624215642,0.1969904854115888,0.1353772261244817,0.1691415993794975,0.3011561441675215
800,CNQ_TO,LSTM,2022-01-01,2024-01-01,1,0.4733597189506442,0.2458222533800671,0.4943924661840028,0.2838930879850089,0.2369669227122114
801,CNQ_TO,LSTM,2022-01-01,2024-01-01,2,0.3582862457556556,0.2297476347955366,0.3507860882305965,0.2545266432955349,0.2168490152369769
802,CNQ_TO,LSTM,2022-01-01,2024-01-01,3,0.6896748044796093,0.6297633820656262,1.0999014388523014,0.492844951247337,0.2439790494237606
803,CNQ_TO,LSTM,2022-01-01,2024-01-01,4,1.1542134165090607,0.8238858986093787,0.9191889300805978,0.7670694028056723,0.2369023943685652
804,CNQ_TO,LSTM,2022-01-01,2024-01-01,5,0.2400672337593083,0.2266199550684023,0.2559990381275225,0.2615702379032368,0.2156015476818426
805,CNQ_TO,LSTM,2022-01-01,2024-01-01,6,0.2672984393331244,0.2506372490322617,0.3348317117053919,0.3277056158754901,0.2256938773762482
806,CNQ_TO,LSTM,2022-01-01,2024-01-01,7,0.5348905664810752,0.3765707613802822,0.3980345157515839,0.6302782027253185,0.2159977764842675
807,CNQ_TO,LSTM,2022-01-01,2024-01-01,8,0.247168323879834,0.2326842973161768,0.2691974802292978,0.2795670664002428,0.221004908525962
808,CNQ_TO,LSTM,2022-01-01,2024-01-01,9,0.4246720524980046,0.2795157809155241,0.3645215134328409,0.48830740599411,0.2250393833600127
809,CNQ_TO,LSTM,2022-01-01,2024-01-01,10,0.3273426916449461,0.2897548017544435,0.3465028020602259,0.3827233234901799,0.2368974624510031
810,CNQ_TO,LSTM,2022-01-01,2024-01-01,11,0.3768707073955991,0.2317008325334985,0.2753682974553177,0.2554812894338887,0.2308663692119748
811,CNQ_TO,LSTM,2022-01-01,2024-01-01,12,0.309331455503911,0.4929124871070851,0.3861174478934855,0.5268273834139648,0.2353494847300175
812,CNQ_TO,LSTM,2022-01-01,2024-01-01,13,0.3199714796411947,0.2587770228132631,0.3229262246529568,0.2874109868377927,0.2405014694898059
813,CNQ_TO,LSTM,2022-01-01,2024-01-01,14,0.7258813158661893,0.3508633196121192,0.7781911385091147,0.5426941342134312,0.2253277598247113
814,CNQ_TO,LSTM,2022-01-01,2024-01-01,15,0.7886795342849642,0.4431343846895405,0.2979854713187307,0.5769993240793662,0.2226826600210594
815,CNQ_TO,LSTM,2022-01-01,2024-01-01,16,0.3711091654670819,0.2182694490443026,0.2356890880447099,0.2531954407480202,0.2548455099986962
816,CNQ_TO,LSTM,2022-01-01,2024-01-01,17,0.3715373822949048,0.2622546047434204,0.3011050015727845,0.3038799738543983,0.2215937576015134
817,CNQ_TO,LSTM,2022-01-01,2024-01-01,18,0.2330706708661559,0.2986409754174741,0.2701182934247854,0.3650367532691489,0.2488971381115407
818,CNQ_TO,LSTM,2022-01-01,2024-01-01,19,0.2333516004662988,0.2519588663699377,0.4934739568788071,0.3113013978666047,0.2280146623971183
819,CNQ_TO,LSTM,2022-01-01,2024-01-01,20,0.3017382870137924,0.2380307742110303,0.2684266212209893,0.3020919641245899,0.2364847799041879
820,CNQ_TO,LSTM,2022-01-01,2024-01-01,21,0.3972904921297526,0.2426708510687138,0.401732259907855,0.3299787512377974,0.2523567946290918
821,CNQ_TO,LSTM,2022-01-01,2024-01-01,22,0.3669442926696552,0.2343281651124762,0.3354581527356701,0.2704005417808291,0.2626276517142623
822,CNQ_TO,LSTM,2022-01-01,2024-01-01,23,0.2557540402261612,0.2434435099689987,0.3529256680333757,0.2914465214654912,0.2259009069024101
823,CNQ_TO,LSTM,2022-01-01,2024-01-01,24,0.3595393641429624,0.3718778161439572,0.4393653619347066,0.4884534863998699,0.2364799136355381
824,CNQ_TO,LSTM,2022-01-01,2024-01-01,25,0.2857759113385696,0.3283312433514954,0.4417203795450184,0.2807276611978384,0.2546446818610428
825,CNQ_TO,LSTM,2022-01-01,2024-01-01,26,0.3140363236986133,0.2315044415579252,0.3068828416784365,0.2929872829287729,0.2150605615124364
826,CNQ_TO,LSTM,2022-01-01,2024-01-01,27,0.2810815452145417,0.2610832666127448,0.3058249537008809,0.2986010893357398,0.2411952738205324
827,CNQ_TO,LSTM,2022-01-01,2024-01-01,28,0.2351018878397217,0.3341095749777419,0.2462362104244271,0.2457401083771661,0.228875408425338
828,CNQ_TO,LSTM,2022-01-01,2024-01-01,29,0.2643619247609876,0.2265092545463636,0.2749324309843802,0.3371743475928163,0.23781428213375
829,CNQ_TO,LSTM,2022-01-01,2024-01-01,30,0.2490151201640489,0.2462487959620892,0.2475580998066723,0.2810213841371872,0.2270096039695018
830,CNQ_TO,LSTM,2022-01-01,2024-01-01,31,0.2849979481118395,0.267531543744849,0.301102933248686,0.3950132764652822,0.2613004522134828
831,CNQ_TO,LSTM,2022-01-01,2024-01-01,32,0.3040221602490588,0.3929894036833343,0.626043877644404,0.5085776101796574,0.2382685370689965
832,CNQ_TO,LSTM,2022-01-01,2024-01-01,33,0.3285232036066804,0.2278825815028016,0.3493916847420207,0.2709613820556484,0.2525013279697027
833,CNQ_TO,LSTM,2022-01-01,2024-01-01,34,0.2797816963161569,0.2754560230450424,0.289863369194705,0.3245429815393686,0.2454265074846722
834,CNQ_TO,LSTM,2022-01-01,2024-01-01,35,0.2934675158229291,0.2688188597071247,0.326820126285894,0.39413744240194,0.2324320990854603
835,CNQ_TO,LSTM,2022-01-01,2024-01-01,36,0.327423907870929,0.225175353422998,0.247687974916642,0.2884397231194867,0.2454606931067655
836,CNQ_TO,LSTM,2022-01-01,2024-01-01,37,0.2649650438052939,0.2475683859357325,0.2967364173692037,0.3513766684211999,0.2393090978966905
837,CNQ_TO,LSTM,2022-01-01,2024-01-01,38,0.2583665025370121,0.2424470429219365,0.2765370072233927,0.2756095623110262,0.234415682599612
838,CNQ_TO,LSTM,2022-01-01,2024-01-01,39,0.5519260150042266,0.2342528516466161,0.3639322573739397,0.2873936354625669,0.232540149679346
839,CNQ_TO,LSTM,2022-01-01,2024-01-01,40,0.5671179172803609,0.3671234458797149,0.2666722563105421,0.4240515184320597,0.2586743749702142
840,CNQ_TO,LSTM,2022-01-01,2024-01-01,41,0.4839158475685295,0.3599820789914377,0.2903231428033616,0.2747755141122789,0.2165622518486051
841,CNQ_TO,LSTM,2022-01-01,2024-01-01,42,0.3217619725050287,0.275894446839981,0.3106257671400793,0.3945763815604128,0.2333357591984756
842,CNQ_TO,LSTM,2022-01-01,2024-01-01,43,0.2860188052718423,0.2258905374165752,0.2462069014638042,0.3599118059351593,0.2309925716391002
843,CNQ_TO,LSTM,2022-01-01,2024-01-01,44,0.3724568632821121,0.4839282302435329,0.5099340262794445,0.5843317913279977,0.2266116503057544
844,CNQ_TO,LSTM,2022-01-01,2024-01-01,45,0.2741151013328723,0.3169042349216652,0.3905836491200801,0.3567502576643785,0.2281170089505744
845,CNQ_TO,LSTM,2022-01-01,2024-01-01,46,0.96347792028818,0.7077462969991671,0.5985810071077061,0.6443672839219029,0.248958478971835
846,CNQ_TO,LSTM,2022-01-01,2024-01-01,47,0.3486921930320731,0.2332118381741696,0.3374320255418885,0.2929634351156457,0.2174083813263302
847,CNQ_TO,LSTM,2022-01-01,2024-01-01,48,0.3724951528048685,0.3191514632288557,0.3603566341780841,0.4051464093323069,0.2421425340440664
848,CNQ_TO,LSTM,2022-01-01,2024-01-01,49,0.95278216324188,0.3216229423298364,0.657917901873847,0.3501398539408388,0.244236918176027
849,CNQ_TO,LSTM,2022-01-01,2024-01-01,50,0.2341629599035531,0.3420806657998597,0.3481394631236493,0.368756309218222,0.2318321825097185
850,CNQ_TO,LSTM,2022-09-01,2024-09-01,1,0.699078799967943,0.3839099335566376,0.3792550879907808,0.7260167669217955,0.3274306200170719
851,CNQ_TO,LSTM,2022-09-01,2024-09-01,2,0.4610250243768071,0.5677381369385047,0.4908985542656052,0.553048449535809,0.2884369978570651
852,CNQ_TO,LSTM,2022-09-01,2024-09-01,3,0.3390952924319724,0.3809336618648983,0.397360644236144,0.4004592970955031,0.2901406762107583
853,CNQ_TO,LSTM,2022-09-01,2024-09-01,4,0.3995697716077618,0.4026884767655229,0.3467692943271447,0.3815917173219474,0.3003556678849788
854,CNQ_TO,LSTM,2022-09-01,2024-09-01,5,0.5399638903192472,0.6617850361438645,0.4777122680610847,0.597035708746338,0.2964300909528574
855,CNQ_TO,LSTM,2022-09-01,2024-09-01,6,0.2855489047316272,0.3315592646848838,0.3212316222196116,0.3794297201990536,0.3038303439688073
856,CNQ_TO,LSTM,2022-09-01,2024-09-01,7,0.3989138163843997,0.6152214381362997,0.48072692608851,0.3992639530344241,0.3231271336532751
857,CNQ_TO,LSTM,2022-09-01,2024-09-01,8,0.2610053321204399,0.3102137369607422,0.287609968063839,0.380428725465429,0.3945607100482666
858,CNQ_TO,LSTM,2022-09-01,2024-09-01,9,0.3648797837904133,0.5360323705277461,0.3559985788788037,0.5179488271260339,0.2951551816169971
859,CNQ_TO,LSTM,2022-09-01,2024-09-01,10,0.2984212793922369,0.3261518219606081,0.3918696379179441,0.5693756230458351,0.2978719806049743
860,CNQ_TO,LSTM,2022-09-01,2024-09-01,11,0.4700457397323547,0.5675939889868082,0.3214432316549244,0.4033253816962788,0.3114603345971193
861,CNQ_TO,LSTM,2022-09-01,2024-09-01,12,0.2975608648069724,0.3978124451165099,0.2916726740547708,0.3335733142137927,0.2946749682985213
862,CNQ_TO,LSTM,2022-09-01,2024-09-01,13,0.4595735708080288,0.4167285278106813,0.3838288166060827,0.3563790453366488,0.3011805867427052
863,CNQ_TO,LSTM,2022-09-01,2024-09-01,14,0.2909170983756168,0.3492993033695771,0.3446837793919572,0.4220252484838805,0.2962258909492417
864,CNQ_TO,LSTM,2022-09-01,2024-09-01,15,0.2728949956966321,0.3212326386431636,0.4045554768314405,0.3321215738476393,0.2950426219140954
865,CNQ_TO,LSTM,2022-09-01,2024-09-01,16,0.2774154854724535,0.3872606758342225,0.4213380593029108,0.4692037333308623,0.2975201027475543
866,CNQ_TO,LSTM,2022-09-01,2024-09-01,17,0.3034297844757768,0.3386476343164635,0.3194993772114896,0.3827705414246459,0.3017769974954504
867,CNQ_TO,LSTM,2022-09-01,2024-09-01,18,0.5257243175856683,0.5007957810166728,0.5811358220352107,0.5020374009379417,0.3019539524195199
868,CNQ_TO,LSTM,2022-09-01,2024-09-01,19,0.2514789333047504,0.3170989909120825,0.2795323166913262,0.2816288942577851,0.294029276916013
869,CNQ_TO,LSTM,2022-09-01,2024-09-01,20,0.3274434509310317,0.3315292067977819,0.3731167758556187,0.3885712290939956,0.2885664873989437
870,CNQ_TO,LSTM,2022-09-01,2024-09-01,21,0.2722898347602309,0.3440184756475476,0.2736671733090022,0.3487990011214159,0.3005124784898043
871,CNQ_TO,LSTM,2022-09-01,2024-09-01,22,0.3658713587135597,0.4647921317993505,0.4810222460348318,0.6704366206223212,0.2903103818996294
872,CNQ_TO,LSTM,2022-09-01,2024-09-01,23,0.523159186326398,0.642081051588624,0.4385354547943633,0.7684042914961566,0.2958314393443708
873,CNQ_TO,LSTM,2022-09-01,2024-09-01,24,0.2866607620164356,0.518266903738274,0.7503974031956179,0.6334156633637928,0.2976193595548713
874,CNQ_TO,LSTM,2022-09-01,2024-09-01,25,0.3488222149558352,0.302430604323379,0.4657495349476865,0.3089595812105846,0.2971488276023
875,CNQ_TO,LSTM,2022-09-01,2024-09-01,26,0.2280587906486153,0.287457366594404,0.3174614941877582,0.2988920629009578,0.3215062760340015
876,CNQ_TO,LSTM,2022-09-01,2024-09-01,27,0.4332319202482257,0.5787575615461709,0.502691565392053,0.505839045280451,0.2978342132370953
877,CNQ_TO,LSTM,2022-09-01,2024-09-01,28,0.2836740787808957,0.4505110385849645,0.3084527297528451,0.3241378666238518,0.2935582807868547
878,CNQ_TO,LSTM,2022-09-01,2024-09-01,29,0.3874989604467622,0.4926023531730671,0.2638930345007469,0.5046700443034012,0.2987882595953029
879,CNQ_TO,LSTM,2022-09-01,2024-09-01,30,0.4312374470327247,0.3746411843883829,0.4432071827425243,0.4601706927891503,0.2856405719991505
880,CNQ_TO,LSTM,2022-09-01,2024-09-01,31,0.2453156216377669,0.3015270174144541,0.3123708465234758,0.2875623155154516,0.2943423884208925
881,CNQ_TO,LSTM,2022-09-01,2024-09-01,32,0.2960670545972168,0.353822736819669,0.3139658891473273,0.3553340881960407,0.297161259758333
882,CNQ_TO,LSTM,2022-09-01,2024-09-01,33,0.3292984828773157,0.4129593372990071,0.3361679913615002,0.4023704925029296,0.2975783138148133
883,CNQ_TO,LSTM,2022-09-01,2024-09-01,34,0.2368131229985593,0.2829784125896003,0.2537182158739381,0.2973110061635911,0.3009934919058815
884,CNQ_TO,LSTM,2022-09-01,2024-09-01,35,0.2176851937586524,0.3564992734306926,0.3083456869092935,0.3090559576469247,0.2913485978878339
885,CNQ_TO,LSTM,2022-09-01,2024-09-01,36,0.2845308378968278,0.3630739705838785,0.3141318054270481,0.3474003222837495,0.3216359505697701
886,CNQ_TO,LSTM,2022-09-01,2024-09-01,37,0.3316472611648619,0.378192441446696,0.3784662070146202,0.3834967762139628,0.2931275263055477
887,CNQ_TO,LSTM,2022-09-01,2024-09-01,38,0.2455726095645339,0.339731447174719,0.3875270209472422,0.3041445139343959,0.3027912982295644
888,CNQ_TO,LSTM,2022-09-01,2024-09-01,39,0.5655103713261834,0.8249659701049622,0.5429847586219938,0.8128993928623064,0.3664183513214469
889,CNQ_TO,LSTM,2022-09-01,2024-09-01,40,0.2434579223310323,0.3529344819493172,0.361046174071676,0.3082944873097865,0.305144385410331
890,CNQ_TO,LSTM,2022-09-01,2024-09-01,41,0.3028027605936462,0.3007086508188113,0.3257833698663206,0.3620524838933402,0.3008723815334151
891,CNQ_TO,LSTM,2022-09-01,2024-09-01,42,0.3194472170031239,0.3925576464275546,0.3887504929784476,0.4613509608773646,0.3003727631372241
892,CNQ_TO,LSTM,2022-09-01,2024-09-01,43,0.3145067967289722,0.3826185940843386,0.290737784234155,0.3165866622980381,0.3202311493550647
893,CNQ_TO,LSTM,2022-09-01,2024-09-01,44,0.2458820065844842,0.379796383141296,0.4389074690286252,0.3488720952778528,0.292075423679838
894,CNQ_TO,LSTM,2022-09-01,2024-09-01,45,0.3296922589950409,0.3412187444112974,0.3145407738774566,0.344430716636171,0.3004730728023134
895,CNQ_TO,LSTM,2022-09-01,2024-09-01,46,0.2724595311892644,0.353980652457422,0.3900023071337714,0.5653892485977567,0.3087284278369832
896,CNQ_TO,LSTM,2022-09-01,2024-09-01,47,0.2699472330611155,0.4576648348298519,0.2946675668722027,0.296595179983083,0.2923305567591024
897,CNQ_TO,LSTM,2022-09-01,2024-09-01,48,0.2519205515040526,0.4314753543568947,0.4538458389878538,0.5374677199261547,0.2978314433279836
898,CNQ_TO,LSTM,2022-09-01,2024-09-01,49,0.4980747153019402,0.8439604238461789,0.6906004183736811,0.7125909016037444,0.3049969940758453
899,CNQ_TO,LSTM,2022-09-01,2024-09-01,50,0.2259412304203153,0.4153288974692904,0.5160025780527672,0.4520967947483509,0.2976229702126478
900,CNQ_TO,LSTM,2023-05-01,2025-05-01,1,0.2270086789736281,0.2625216978920298,0.2825839386210194,0.249369773880248,0.2125080840137155
901,CNQ_TO,LSTM,2023-05-01,2025-05-01,2,0.246941925592519,0.2474999613735229,0.2793794997760163,0.2626964532148523,0.2131726798876354
902,CNQ_TO,LSTM,2023-05-01,2025-05-01,3,0.2156163204748749,0.2194119743289474,0.2595354943796458,0.2431097084614173,0.2148957286443684
903,CNQ_TO,LSTM,2023-05-01,2025-05-01,4,0.2088260439744753,0.2335120622754492,0.2627725227502605,0.2309756634702698,0.215886734413168
904,CNQ_TO,LSTM,2023-05-01,2025-05-01,5,0.2509037887998295,0.2746011406665321,0.3155963332290626,0.2925037129934614,0.2145614868588741
905,CNQ_TO,LSTM,2023-05-01,2025-05-01,6,0.2131088157081293,0.2348884784299404,0.2506827053177308,0.2316330189562766,0.2131008726577424
906,CNQ_TO,LSTM,2023-05-01,2025-05-01,7,0.2492679351928037,0.2818592411245296,0.326219264375161,0.3004669473336787,0.2142209010752333
907,CNQ_TO,LSTM,2023-05-01,2025-05-01,8,0.2268487998941673,0.238568022292077,0.2442473266546018,0.2402649373917342,0.2143171528654955
908,CNQ_TO,LSTM,2023-05-01,2025-05-01,9,0.2178556558009361,0.2177076984701388,0.2491398616970017,0.2299155798416057,0.2160146933596044
909,CNQ_TO,LSTM,2023-05-01,2025-05-01,10,0.2381741595482366,0.2393903071246097,0.262698494310835,0.2724957494948214,0.2177383477987059
910,CNQ_TO,LSTM,2023-05-01,2025-05-01,11,0.2814019382091563,0.2989246597778852,0.3072202051555311,0.2864450306016936,0.2127762003272183
911,CNQ_TO,LSTM,2023-05-01,2025-05-01,12,0.2133320783852298,0.2750255003200462,0.2817534088348679,0.2620009109266104,0.2114264159223436
912,CNQ_TO,LSTM,2023-05-01,2025-05-01,13,0.2601792323398316,0.39767560517637,0.2748725202806433,0.319629566593813,0.2132455747845055
913,CNQ_TO,LSTM,2023-05-01,2025-05-01,14,0.24023272523788,0.2543114028307919,0.3007181035083054,0.2942240303273648,0.2183100247221501
914,CNQ_TO,LSTM,2023-05-01,2025-05-01,15,0.2026270829818063,0.2153479412760507,0.2527933356681903,0.2359116231635819,0.2133423688902133
915,CNQ_TO,LSTM,2023-05-01,2025-05-01,16,0.2329079197393881,0.2306289524312327,0.2951808548531943,0.2628609482124973,0.2126545256341941
916,CNQ_TO,LSTM,2023-05-01,2025-05-01,17,0.2136889365166761,0.266864106786337,0.2534233536802482,0.2434665573741278,0.2154304730387022
917,CNQ_TO,LSTM,2023-05-01,2025-05-01,18,0.2386288453406521,0.2340397259960013,0.281513103215215,0.241115584621774,0.2161731280011546
918,CNQ_TO,LSTM,2023-05-01,2025-05-01,19,0.2543896887518405,0.2622421568337236,0.3047180482571402,0.2724253338535828,0.211551378979202
919,CNQ_TO,LSTM,2023-05-01,2025-05-01,20,0.2221869605963695,0.2438051273825015,0.2888912446156204,0.2497402442866532,0.217780945527
920,CNQ_TO,LSTM,2023-05-01,2025-05-01,21,0.2075274413720887,0.2256357773060823,0.2414492839175301,0.2342967775781865,0.2211730479780844
921,CNQ_TO,LSTM,2023-05-01,2025-05-01,22,0.2360695899881011,0.244341361691291,0.2667812108343975,0.2793340419438723,0.2227473542983322
922,CNQ_TO,LSTM,2023-05-01,2025-05-01,23,0.2524794773655709,0.2187717088185974,0.2408200999499469,0.223412893526671,0.2129221844362505
923,CNQ_TO,LSTM,2023-05-01,2025-05-01,24,0.2377820748336519,0.2291529053237394,0.2395388986448559,0.2296964281757382,0.2208127737686335
924,CNQ_TO,LSTM,2023-05-01,2025-05-01,25,0.2070009473077473,0.2229428341512193,0.2626227615031746,0.2387033707923417,0.2146906784129683
925,CNQ_TO,LSTM,2023-05-01,2025-05-01,26,0.1899281221497933,0.2060043826993235,0.2331991177731532,0.2198801164603998,0.2104499470708762
926,CNQ_TO,LSTM,2023-05-01,2025-05-01,27,0.2057677217294503,0.2132384612764267,0.2442164538218142,0.2191323893292509,0.2131229751631837
927,CNQ_TO,LSTM,2023-05-01,2025-05-01,28,0.2266424345404422,0.2979932964808584,0.2915742496252334,0.2798472057774059,0.2199943716088407
928,CNQ_TO,LSTM,2023-05-01,2025-05-01,29,0.211887669796262,0.2302872347609694,0.2738396025939948,0.2380223818037977,0.2115596158481869
929,CNQ_TO,LSTM,2023-05-01,2025-05-01,30,0.2378503327004988,0.2613179581463362,0.2694482336497418,0.25242830350591,0.2162137493997803
930,CNQ_TO,LSTM,2023-05-01,2025-05-01,31,0.2137718435714547,0.2257845000007612,0.2652003417025033,0.2544708529539111,0.2147109888123754
931,CNQ_TO,LSTM,2023-05-01,2025-05-01,32,0.2456432609095644,0.259365565347449,0.2692037079204064,0.2504862979503419,0.2150022903003995
932,CNQ_TO,LSTM,2023-05-01,2025-05-01,33,0.2436596656138488,0.2669811358688593,0.3260682421181257,0.2806161155109538,0.2144952982617415
933,CNQ_TO,LSTM,2023-05-01,2025-05-01,34,0.236116584107199,0.2340159984939231,0.2606753508059347,0.220897239266902,0.2184510996368505
934,CNQ_TO,LSTM,2023-05-01,2025-05-01,35,0.2580270501810497,0.240857755469049,0.2608104649442149,0.2908704123165443,0.2210005996859865
935,CNQ_TO,LSTM,2023-05-01,2025-05-01,36,0.2217605236750252,0.2245594569114636,0.2578858196951294,0.2371232155477559,0.2161347291696971
936,CNQ_TO,LSTM,2023-05-01,2025-05-01,37,0.2383496658553603,0.2320665918568279,0.2576897654181893,0.2498038527298718,0.2151724995631705
937,CNQ_TO,LSTM,2023-05-01,2025-05-01,38,0.2030629990564124,0.2525227945758768,0.2261946790045602,0.2211721532580425,0.2155009679559065
938,CNQ_TO,LSTM,2023-05-01,2025-05-01,39,0.2496420390637759,0.2546362774828318,0.2862789100870531,0.2534492311441791,0.2160404148890004
939,CNQ_TO,LSTM,2023-05-01,2025-05-01,40,0.2390272727085784,0.2454595383222485,0.2721212127144806,0.2630677240858823,0.2140427258598064
940,CNQ_TO,LSTM,2023-05-01,2025-05-01,41,0.2403003748244759,0.255042990261592,0.2892200024953717,0.248655461036826,0.2167824839945314
941,CNQ_TO,LSTM,2023-05-01,2025-05-01,42,0.2277409773523509,0.255036716583523,0.2664185129639033,0.2588159085579816,0.2147770042703582
942,CNQ_TO,LSTM,2023-05-01,2025-05-01,43,0.2347034451415463,0.2461193029454929,0.2724580341164805,0.2541767040995493,0.2174208120954178
943,CNQ_TO,LSTM,2023-05-01,2025-05-01,44,0.2068803214076278,0.2325362880512777,0.2368121533552473,0.2155592763450619,0.2153969702749463
944,CNQ_TO,LSTM,2023-05-01,2025-05-01,45,0.2935999332803103,0.3258926770797183,0.3355233884774541,0.2915620995275106,0.2154281439208481
945,CNQ_TO,LSTM,2023-05-01,2025-05-01,46,0.2001406948149358,0.215286784540953,0.25270703144448,0.2315947337025167,0.2153011106128092
946,CNQ_TO,LSTM,2023-05-01,2025-05-01,47,0.195151987411085,0.2269651711175481,0.2441356082602846,0.2282372868640531,0.2127371943982945
947,CNQ_TO,LSTM,2023-05-01,2025-05-01,48,0.2163957805344214,0.2292798403168256,0.2685069112116174,0.2392099581478917,0.2139424396397624
948,CNQ_TO,LSTM,2023-05-01,2025-05-01,49,0.2252380927040338,0.3727026764793858,0.2959778327889585,0.2601103729861608,0.2190194131925205
949,CNQ_TO,LSTM,2023-05-01,2025-05-01,50,0.2149936488998353,0.2389159879821794,0.2541355936648462,0.2452378530401936,0.213283067424435
950,CNQ_TO,LSTM,2024-01-01,2026-01-01,1,0.2223966316484691,0.1807459863444779,0.2566695700941653,0.2236598270897159,0.2844819282558989
951,CNQ_TO,LSTM,2024-01-01,2026-01-01,2,0.2442097654209478,0.2462089983447295,0.1943155003951234,0.2370072973194837,0.2673195484426729
952,CNQ_TO,LSTM,2024-01-01,2026-01-01,3,0.1842930835356278,0.1848312317954055,0.2063300716828458,0.1929176285287649,0.2837585530728705
953,CNQ_TO,LSTM,2024-01-01,2026-01-01,4,0.2512125240264811,0.1656299789711262,0.1762966971537269,0.2040753776906802,0.268691317303514
954,CNQ_TO,LSTM,2024-01-01,2026-01-01,5,0.2982742194656015,0.2537608978080259,0.2575566381025148,0.2121521778379773,0.2878083378909106
955,CNQ_TO,LSTM,2024-01-01,2026-01-01,6,0.191209478186642,0.2059720784881363,0.2181404856788772,0.2061272282797515,0.2687530124004071
956,CNQ_TO,LSTM,2024-01-01,2026-01-01,7,0.2207013375768236,0.1682354125078341,0.311921071592025,0.3575608982334657,0.2655346021306498
957,CNQ_TO,LSTM,2024-01-01,2026-01-01,8,0.2113981808671525,0.2202610774007985,0.3940847994401015,0.2963793134925341,0.291679077289667
958,CNQ_TO,LSTM,2024-01-01,2026-01-01,9,0.1540417255640757,0.1635149982964539,0.1912830635499953,0.2041247945681172,0.2587129080364478
959,CNQ_TO,LSTM,2024-01-01,2026-01-01,10,0.1661020238072603,0.1638879957964318,0.3157583188916363,0.1815040224049738,0.2733123300242011
960,CNQ_TO,LSTM,2024-01-01,2026-01-01,11,0.1679499205039654,0.1470083300198378,0.1676142105212052,0.1480765414400663,0.2783183169330765
961,CNQ_TO,LSTM,2024-01-01,2026-01-01,12,0.1853893923277873,0.183749855351227,0.2150446485129718,0.2146363074390185,0.2776154948972075
962,CNQ_TO,LSTM,2024-01-01,2026-01-01,13,0.2584647218659917,0.1984086419428802,0.2389065192312236,0.216724470141254,0.2681245138460866
963,CNQ_TO,LSTM,2024-01-01,2026-01-01,14,0.2480567704534273,0.2243647573600553,0.1863093435059705,0.1886560803491117,0.2717487790889926
964,CNQ_TO,LSTM,2024-01-01,2026-01-01,15,0.2172593239779833,0.1707418725515276,0.2340632757842825,0.1967253149663404,0.2747692417308558
965,CNQ_TO,LSTM,2024-01-01,2026-01-01,16,0.2796414664419146,0.1767805350701575,0.1893696137271656,0.1914445720153928,0.2705873555809112
966,CNQ_TO,LSTM,2024-01-01,2026-01-01,17,0.3037665647165867,0.3098241924133315,0.3678306676767929,0.3479971702050544,0.2781532708730821
967,CNQ_TO,LSTM,2024-01-01,2026-01-01,18,0.1600895591708787,0.1791781074075883,0.1839812337779107,0.2142514485268637,0.2844984998114279
968,CNQ_TO,LSTM,2024-01-01,2026-01-01,19,0.325979117525535,0.317956433186341,0.2999005601036277,0.3424987364806927,0.288907936891216
969,CNQ_TO,LSTM,2024-01-01,2026-01-01,20,0.2098189245685345,0.1977010302633269,0.2633860299687743,0.2247351231572161,0.2819699154992479
970,CNQ_TO,LSTM,2024-01-01,2026-01-01,21,0.1974306551489759,0.1714063695361857,0.199271213379851,0.1837806332003038,0.2858417991198635
971,CNQ_TO,LSTM,2024-01-01,2026-01-01,22,0.2871381353500079,0.1842698886983083,0.1635857904849031,0.2554311171218106,0.2665450394987345
972,CNQ_TO,LSTM,2024-01-01,2026-01-01,23,0.2535831669774705,0.2685382969267192,0.5048077255928627,0.3042027303914235,0.2725599655249245
973,CNQ_TO,LSTM,2024-01-01,2026-01-01,24,0.1604179260342225,0.247267588320697,0.3744751900544041,0.2457594535219766,0.287417056474205
974,CNQ_TO,LSTM,2024-01-01,2026-01-01,25,0.1835553178513574,0.1523402869455891,0.1825304378329199,0.1953866983947844,0.2847002356376508
975,CNQ_TO,LSTM,2024-01-01,2026-01-01,26,0.2600905401174415,0.1936308303324032,0.2151450682416571,0.2329448755271691,0.2660886214430187
976,CNQ_TO,LSTM,2024-01-01,2026-01-01,27,0.2070719943297631,0.1698685905972609,0.2044987044828067,0.240863772717096,0.2779371431401114
977,CNQ_TO,LSTM,2024-01-01,2026-01-01,28,0.2982764768187568,0.2433805096945195,0.183748542564984,0.3663820057393531,0.2921867860687921
978,CNQ_TO,LSTM,2024-01-01,2026-01-01,29,0.1612538123985147,0.1715797386966229,0.1960564342929835,0.1897705367154684,0.3085591516897671
979,CNQ_TO,LSTM,2024-01-01,2026-01-01,30,0.3101657015859737,0.2214253503345864,0.3315643961002956,0.3148447211914984,0.2692326192529766
980,CNQ_TO,LSTM,2024-01-01,2026-01-01,31,0.3549854801136548,0.3110020723510406,0.4730548058629211,0.4660698285717736,0.2816848241851969
981,CNQ_TO,LSTM,2024-01-01,2026-01-01,32,0.2008895298293013,0.2420637489264034,0.3587809716527467,0.2874114896056072,0.2814443811073585
982,CNQ_TO,LSTM,2024-01-01,2026-01-01,33,0.460708504755116,0.1504053413291649,0.186210861806377,0.2835748348289053,0.3021598573822125
983,CNQ_TO,LSTM,2024-01-01,2026-01-01,34,0.5394499844100883,0.2795932704243141,0.5932176118571938,0.3058915545370819,0.2701944839055852
984,CNQ_TO,LSTM,2024-01-01,2026-01-01,35,0.1610069983393114,0.3018413579883853,0.4647854822263647,0.1856194326077235,0.2773397212904373
985,CNQ_TO,LSTM,2024-01-01,2026-01-01,36,0.1794150007038466,0.15493871029598,0.216199498164776,0.174177461116416,0.2927207060877512
986,CNQ_TO,LSTM,2024-01-01,2026-01-01,37,0.2003797397954422,0.1877736146555386,0.3222256497887447,0.1629156795498857,0.2762020013383112
987,CNQ_TO,LSTM,2024-01-01,2026-01-01,38,0.2075294755265926,0.2252796195182739,0.2244816723343809,0.2631483149639819,0.2745222464126982
988,CNQ_TO,LSTM,2024-01-01,2026-01-01,39,0.2430678065620893,0.2199472692764087,0.2546115246711927,0.2508201306081115,0.2869146986811313
989,CNQ_TO,LSTM,2024-01-01,2026-01-01,40,0.1522706661845864,0.1467169292902412,0.2071655414530596,0.1881881384346137,0.2942565035960259
990,CNQ_TO,LSTM,2024-01-01,2026-01-01,41,0.1862105383601046,0.1607786050675471,0.2113145032900825,0.1876568307204513,0.2757994400468763
991,CNQ_TO,LSTM,2024-01-01,2026-01-01,42,0.1976611171732679,0.2198991613778263,0.2507210081378174,0.2278417043682928,0.2690959326902992
992,CNQ_TO,LSTM,2024-01-01,2026-01-01,43,0.2043388823438481,0.1500967234406566,0.1687035569017263,0.1674322994360128,0.2982552722998106
993,CNQ_TO,LSTM,2024-01-01,2026-01-01,44,0.2004746037537381,0.2193944711912312,0.2114926171322918,0.2088607187554519,0.2764184199692751
994,CNQ_TO,LSTM,2024-01-01,2026-01-01,45,0.1840569266920836,0.1782269641663803,0.2178639337639546,0.1845898070685874,0.2661904544383294
995,CNQ_TO,LSTM,2024-01-01,2026-01-01,46,0.3067422432587655,0.231131055590553,0.2152842912686138,0.2057106838832176,0.2816228235815592
996,CNQ_TO,LSTM,2024-01-01,2026-01-01,47,0.1576479018756142,0.1541700132351459,0.1862725861187077,0.1752460436274089,0.281941699214869
997,CNQ_TO,LSTM,2024-01-01,2026-01-01,48,0.2411675315349818,0.2558531886048923,0.2971495788263856,0.2967609399010074,0.2937747888291391
998,CNQ_TO,LSTM,2024-01-01,2026-01-01,49,0.2254970952303014,0.2055158480845228,0.2578271408930959,0.3001551058709181,0.2861346242034578
999,CNQ_TO,LSTM,2024-01-01,2026-01-01,50,0.2705263749564375,0.2473859746219063,0.2456859341042225,0.2237165296003505,0.29035010453807
1000,BHP,LSTM,2022-01-01,2024-01-01,1,0.1366928945357099,0.1513750596561955,0.1608697343659924,0.1479945948257403,0.2436488410154876
1001,BHP,LSTM,2022-01-01,2024-01-01,2,0.259322226579094,0.151566445691415,0.194617351710835,0.1921978444265799,0.2348521021955126
1002,BHP,LSTM,2022-01-01,2024-01-01,3,0.4125973215140826,0.2696496256752305,0.5827379319907996,0.2702616445653921,0.2492510861574296
1003,BHP,LSTM,2022-01-01,2024-01-01,4,0.1814234878031517,0.2088848724375997,0.1504652952173341,0.1465467366891915,0.2697411648935119
1004,BHP,LSTM,2022-01-01,2024-01-01,5,0.2155147552475971,0.14817646633787,0.1723821321456173,0.1553739762858043,0.2711698626190112
1005,BHP,LSTM,2022-01-01,2024-01-01,6,0.1899030642798168,0.3793646822312091,0.4529453394451182,0.2746556172892797,0.2758673427663011
1006,BHP,LSTM,2022-01-01,2024-01-01,7,0.2024642434778627,0.2633000632897179,0.4162628617640788,0.1830255025991251,0.2473768743671972
1007,BHP,LSTM,2022-01-01,2024-01-01,8,0.1186108015798776,0.122167879198999,0.1192740036878993,0.1559125237859302,0.3372657982589548
1008,BHP,LSTM,2022-01-01,2024-01-01,9,0.141249421421439,0.1439625257796775,0.1496805570407044,0.1491418047120917,0.2440669635340251
1009,BHP,LSTM,2022-01-01,2024-01-01,10,0.1189855752526376,0.1961165114508585,0.2290282418846564,0.1508454128050666,0.2672942517983879
1010,BHP,LSTM,2022-01-01,2024-01-01,11,0.1770530137372335,0.1282649443854344,0.3206309321013429,0.2122116188495852,0.2662303996134741
1011,BHP,LSTM,2022-01-01,2024-01-01,12,0.1484818659970943,0.1432535130716096,0.1353905768648766,0.1686229388264616,0.2472849631198964
1012,BHP,LSTM,2022-01-01,2024-01-01,13,0.1449299515776573,0.2782170683061825,0.2343922882177989,0.3092960680756709,0.2758028223999983
1013,BHP,LSTM,2022-01-01,2024-01-01,14,0.1782739458947235,0.1975131459535953,0.3040373143428437,0.1787697153051785,0.2435962458299833
1014,BHP,LSTM,2022-01-01,2024-01-01,15,0.5599322332813179,0.5481338785950757,0.6284491180802796,0.4276529365098154,0.2733204046179788
1015,BHP,LSTM,2022-01-01,2024-01-01,16,0.3186132356541812,0.3820624962065493,0.3643216075983062,0.3958553927276971,0.2786037657369997
1016,BHP,LSTM,2022-01-01,2024-01-01,17,0.1499142157242675,0.1750920675147217,0.2646300117449709,0.1681544742492842,0.3178278593521167
1017,BHP,LSTM,2022-01-01,2024-01-01,18,0.1670274654319215,0.1559882440026459,0.1365364895397962,0.1754250456928409,0.2436924043128061
1018,BHP,LSTM,2022-01-01,2024-01-01,19,0.1897982003156802,0.1774214794941876,0.2002880811917192,0.2306615795664427,0.234761655796147
1019,BHP,LSTM,2022-01-01,2024-01-01,20,0.1232231936722031,0.1404918460132292,0.1063783876366212,0.1185604787675743,0.2611988054924983
1020,BHP,LSTM,2022-01-01,2024-01-01,21,0.1481002250407913,0.1790677808111478,0.1722840119453646,0.1665186242786457,0.2483785417857556
1021,BHP,LSTM,2022-01-01,2024-01-01,22,0.3508850364368669,0.1733196942405276,0.2350081517476454,0.1899745239227403,0.2663111280011978
1022,BHP,LSTM,2022-01-01,2024-01-01,23,0.1520013740232391,0.229263905724474,0.2276458468961982,0.2431129532370278,0.2777822990577013
1023,BHP,LSTM,2022-01-01,2024-01-01,24,0.211259431689857,0.1670706553565624,0.369999943909755,0.1752576908349764,0.291384973108711
1024,BHP,LSTM,2022-01-01,2024-01-01,25,0.2097815036497917,0.283480063527359,0.3088939869398576,0.3047576255585014,0.2415361973228781
1025,BHP,LSTM,2022-01-01,2024-01-01,26,0.1222656746050204,0.1435769453193775,0.1291121483323308,0.1791448577390638,0.3218037443137728
1026,BHP,LSTM,2022-01-01,2024-01-01,27,0.2342799388778231,0.2146698009963611,0.2897352126852826,0.1787302389303289,0.3291039633374595
1027,BHP,LSTM,2022-01-01,2024-01-01,28,0.1365305246479142,0.2055915606874103,0.3273026148174038,0.2336693073075136,0.2481395731629974
1028,BHP,LSTM,2022-01-01,2024-01-01,29,0.1216857601764329,0.136396857573584,0.2361544450854008,0.1606426247579944,0.3114417762044387
1029,BHP,LSTM,2022-01-01,2024-01-01,30,0.3113288576968744,0.2533584995400925,0.2671014884962511,0.246441087707831,0.3089703943194872
1030,BHP,LSTM,2022-01-01,2024-01-01,31,0.1455657865458933,0.1625164493775299,0.175489953449448,0.1573683743024835,0.265956093131163
1031,BHP,LSTM,2022-01-01,2024-01-01,32,0.2460787766971569,0.2358979581951546,0.3000564956757569,0.308029457881961,0.2814429728558539
1032,BHP,LSTM,2022-01-01,2024-01-01,33,0.2304305388850228,0.2341354265291614,0.2141505117552329,0.1997684484711649,0.2655255967007388
1033,BHP,LSTM,2022-01-01,2024-01-01,34,0.2193347152158906,0.293614610829344,0.2644098568805078,0.3162300406002133,0.2842944585868537
1034,BHP,LSTM,2022-01-01,2024-01-01,35,0.2021320132642205,0.1604664256626346,0.1417322336856595,0.1890604357917374,0.255629498476151
1035,BHP,LSTM,2022-01-01,2024-01-01,36,0.1383074912741449,0.1522298018466534,0.1881121548875121,0.1652698422140343,0.2832782512672436
1036,BHP,LSTM,2022-01-01,2024-01-01,37,0.1979540424657179,0.2049786113494719,0.2189427412167517,0.2173451253861928,0.2487607853906646
1037,BHP,LSTM,2022-01-01,2024-01-01,38,0.3292631074064756,0.3926389885023185,0.3631429050862652,0.4090950843948246,0.2535472894975873
1038,BHP,LSTM,2022-01-01,2024-01-01,39,0.3002881951776123,0.3805562962272181,0.3998083644859161,0.442162310157089,0.2548525952365478
1039,BHP,LSTM,2022-01-01,2024-01-01,40,0.1569596282464179,0.1392203042398132,0.1216558319463648,0.1403324555513682,0.2837063649328504
1040,BHP,LSTM,2022-01-01,2024-01-01,41,0.1335595024969288,0.1764693011711625,0.1774379808557597,0.1672946442600114,0.238457301728139
1041,BHP,LSTM,2022-01-01,2024-01-01,42,0.3042021229697825,0.2935235551360989,0.4307173116056727,0.3528769589745027,0.2486555130021365
1042,BHP,LSTM,2022-01-01,2024-01-01,43,0.1263644736624815,0.135166268940008,0.164584360993908,0.146903318723663,0.251128821516322
1043,BHP,LSTM,2022-01-01,2024-01-01,44,0.1479011491535807,0.2225553755536495,0.1245612879341048,0.1891447057035243,0.2538218705438324
1044,BHP,LSTM,2022-01-01,2024-01-01,45,0.1311892221906909,0.1365593350885648,0.1332013062412197,0.1498757689787,0.2649630296289542
1045,BHP,LSTM,2022-01-01,2024-01-01,46,0.3018001326915062,0.1465279931777065,0.1320373503154221,0.1406190141700232,0.2580464622488085
1046,BHP,LSTM,2022-01-01,2024-01-01,47,0.5056446817429044,0.4802277401674929,0.440285871652369,0.4130578660492474,0.2490797692055766
1047,BHP,LSTM,2022-01-01,2024-01-01,48,0.1169337572568823,0.1404467853054318,0.1219621178962584,0.1682271089239415,0.2437573481101572
1048,BHP,LSTM,2022-01-01,2024-01-01,49,0.1875220434807191,0.2486872573568395,0.490977898013823,0.1895116785174955,0.2563092496339443
1049,BHP,LSTM,2022-01-01,2024-01-01,50,0.220154491899612,0.2369611240988817,0.2830505739130409,0.2400713536542826,0.2587879478935252
1050,BHP,LSTM,2022-09-01,2024-09-01,1,0.4621501653141339,0.6950973410701058,0.4284630353024831,0.5236224012488674,0.2754164211110495
1051,BHP,LSTM,2022-09-01,2024-09-01,2,0.5924491712507997,0.5521452018419019,0.4735070893629229,0.5479991124320834,0.2703634457755711
1052,BHP,LSTM,2022-09-01,2024-09-01,3,0.2929538796163758,0.3196341455638777,0.3376880075711752,0.3919433312807587,0.271855814918632
1053,BHP,LSTM,2022-09-01,2024-09-01,4,0.4305748289237402,0.4439443727834152,0.4212779999781126,0.4030436504543181,0.2701582585503934
1054,BHP,LSTM,2022-09-01,2024-09-01,5,0.451597347909156,0.4954698584881069,0.4749053853965101,0.5337095281577231,0.273499333601158
1055,BHP,LSTM,2022-09-01,2024-09-01,6,0.366812427210329,0.3718341518321593,0.363259293815382,0.3354769507342864,0.2775176927326775
1056,BHP,LSTM,2022-09-01,2024-09-01,7,0.4471574919846863,0.4808080158759812,0.4885410443207685,0.4621201234416022,0.2944232861619264
1057,BHP,LSTM,2022-09-01,2024-09-01,8,0.564481025278783,0.576956710071083,0.3655001042739598,0.395167478921042,0.2801124150671281
1058,BHP,LSTM,2022-09-01,2024-09-01,9,0.3871570759991827,0.4188368254356779,0.3947182526423582,0.3932487402854376,0.274631168335291
1059,BHP,LSTM,2022-09-01,2024-09-01,10,0.3201890598040726,0.3756729707370196,0.3808125865998143,0.3283528428762537,0.2989484613729808
1060,BHP,LSTM,2022-09-01,2024-09-01,11,0.3874900498448368,0.4875043956271199,0.2668451905395365,0.3270352636800713,0.2704730606355589
1061,BHP,LSTM,2022-09-01,2024-09-01,12,0.6539005665528982,0.5617883096727206,0.5459731719918659,0.6706582135259533,0.2786932321104812
1062,BHP,LSTM,2022-09-01,2024-09-01,13,0.3406766285556028,0.3442135302514534,0.4162288205226945,0.404290787448318,0.2714664516640618
1063,BHP,LSTM,2022-09-01,2024-09-01,14,0.360831535778876,0.3027527560207899,0.2775955500835873,0.3067241467637945,0.2722004451189122
1064,BHP,LSTM,2022-09-01,2024-09-01,15,0.4013954576790671,0.3648825370040432,0.4000294932067171,0.4529769543519883,0.2797383944703254
1065,BHP,LSTM,2022-09-01,2024-09-01,16,0.5867465183577301,0.6170306081930483,0.4432324873366316,0.5614128717717649,0.2852620609398179
1066,BHP,LSTM,2022-09-01,2024-09-01,17,0.526864788237778,0.5633843231142092,0.483426749698072,0.500002542207538,0.2703395230114024
1067,BHP,LSTM,2022-09-01,2024-09-01,18,0.5762178949138708,0.6813453026690285,0.6350549254185429,0.61165223750073,0.2668254215957342
1068,BHP,LSTM,2022-09-01,2024-09-01,19,0.3296241204539779,0.3466042894078099,0.3036679688922509,0.3268212349022046,0.2787922256510363
1069,BHP,LSTM,2022-09-01,2024-09-01,20,0.2840930984842951,0.3196110050236088,0.3396876833017568,0.3192982053220989,0.2759566052193176
1070,BHP,LSTM,2022-09-01,2024-09-01,21,0.2829980405249403,0.3906355005087314,0.3032959483069649,0.303654985424472,0.2695473785426863
1071,BHP,LSTM,2022-09-01,2024-09-01,22,0.3235373268782047,0.3506130347804278,0.3169633750144746,0.3272441186978586,0.2764010031736227
1072,BHP,LSTM,2022-09-01,2024-09-01,23,0.3932289343885239,0.4239721526790803,0.4871168965877367,0.5026958891937402,0.2794477155193123
1073,BHP,LSTM,2022-09-01,2024-09-01,24,0.4928373219192805,0.4665050097147853,0.3770272816073323,0.4017712397632959,0.2740240657615458
1074,BHP,LSTM,2022-09-01,2024-09-01,25,0.4113330569475713,0.3063910527815313,0.2647983624934727,0.2597991222639536,0.3009802523186574
1075,BHP,LSTM,2022-09-01,2024-09-01,26,0.5000072023242595,0.4695664470949751,0.5582361276616109,0.5113095568615256,0.2691607376619604
1076,BHP,LSTM,2022-09-01,2024-09-01,27,0.4267399179626156,0.4403758342063011,0.4747532235392963,0.4186905142832964,0.2771535561578927
1077,BHP,LSTM,2022-09-01,2024-09-01,28,0.2637320051189668,0.3393447315230802,0.2827044382313286,0.3116534509540197,0.2790015730048083
1078,BHP,LSTM,2022-09-01,2024-09-01,29,0.4877819333481475,0.4028141431908692,0.3063234336813907,0.5025934174299199,0.2752317440205929
1079,BHP,LSTM,2022-09-01,2024-09-01,30,0.349826915320917,0.3328359575336057,0.2907494499544785,0.3097796389031012,0.2883264517326375
1080,BHP,LSTM,2022-09-01,2024-09-01,31,0.813263184548615,0.9705780228503252,0.810770821325851,0.8142765586703805,0.271795851177932
1081,BHP,LSTM,2022-09-01,2024-09-01,32,0.3561689382948486,0.4010494505874951,0.3372837275180537,0.3176679556984335,0.2784106607153732
1082,BHP,LSTM,2022-09-01,2024-09-01,33,0.5324894001007945,0.5380813746969775,0.5617914657536418,0.5462634638358398,0.3012811734625518
1083,BHP,LSTM,2022-09-01,2024-09-01,34,0.4481999351232713,0.3998300580289952,0.3059999434536491,0.3938407962150196,0.2710032356829382
1084,BHP,LSTM,2022-09-01,2024-09-01,35,0.3014918136021944,0.4876872586960059,0.4956503224288942,0.3482186129636387,0.2907101258390393
1085,BHP,LSTM,2022-09-01,2024-09-01,36,0.5266366776513057,0.5609091347779895,0.5556855044126388,0.5730829817434347,0.2677282115890979
1086,BHP,LSTM,2022-09-01,2024-09-01,37,0.2552203911302622,0.266418558827481,0.3000429813595893,0.2717362751687919,0.2713288485451895
1087,BHP,LSTM,2022-09-01,2024-09-01,38,0.3399932907882317,0.3221262447166364,0.3077176628372844,0.3372326610085664,0.2729385005143289
1088,BHP,LSTM,2022-09-01,2024-09-01,39,0.6106444942568158,0.5987601645239576,0.4906411132900268,0.605179149510942,0.2731354931782532
1089,BHP,LSTM,2022-09-01,2024-09-01,40,0.710361830573423,0.7467612146066074,0.5725101062167683,0.6798730397491666,0.2672708328860231
1090,BHP,LSTM,2022-09-01,2024-09-01,41,0.2962251079626048,0.3206379273518935,0.313374455331296,0.3071793774021567,0.2803298998802841
1091,BHP,LSTM,2022-09-01,2024-09-01,42,0.278343590043404,0.2831858109863727,0.2554962742107328,0.2540366082200986,0.2711733941343623
1092,BHP,LSTM,2022-09-01,2024-09-01,43,0.3793793947426102,0.4295208185595135,0.3493877131641071,0.4147247590081992,0.2646545956185823
1093,BHP,LSTM,2022-09-01,2024-09-01,44,0.5059618309982555,0.5120742304195393,0.415453089015171,0.6762779027750254,0.2743284801048378
1094,BHP,LSTM,2022-09-01,2024-09-01,45,0.3738467667629778,0.2845168064457475,0.3381535013860711,0.2898712552187559,0.2778996394946664
1095,BHP,LSTM,2022-09-01,2024-09-01,46,0.5561159227228715,0.5269480348798928,0.5067452991871576,0.6126006074751876,0.3221229760465707
1096,BHP,LSTM,2022-09-01,2024-09-01,47,0.5565169144044029,0.6695472042029085,0.501152916123293,0.5752775252834673,0.2801297434834556
1097,BHP,LSTM,2022-09-01,2024-09-01,48,0.2882517992952462,0.5578038925035461,0.6740525196979096,0.5274780137369285,0.2695344987501021
1098,BHP,LSTM,2022-09-01,2024-09-01,49,0.5594131851738386,0.5850296942547295,0.4895504630854883,0.5758441224300813,0.2687629229695482
1099,BHP,LSTM,2022-09-01,2024-09-01,50,0.3523212511286881,0.4765369715733407,0.5986058158930844,0.5454302457403281,0.3274625126548126
1100,BHP,LSTM,2023-05-01,2025-05-01,1,0.2859922157158611,0.3623600368591013,0.2834984537006169,0.3021692938101045,0.3025724625832428
1101,BHP,LSTM,2023-05-01,2025-05-01,2,0.2401848662006025,0.2846782030077331,0.246898958570063,0.2464247591146725,0.283049179431423
1102,BHP,LSTM,2023-05-01,2025-05-01,3,0.2045455288042529,0.2305625761346946,0.2456009466590096,0.2177394369694654,0.293402518768108
1103,BHP,LSTM,2023-05-01,2025-05-01,4,0.2556842452538284,0.3002825592169592,0.2617351963429148,0.2535934615341638,0.2908138445718991
1104,BHP,LSTM,2023-05-01,2025-05-01,5,0.2671267011033268,0.320945767618348,0.3133722044642032,0.2705815570472682,0.2837118457901202
1105,BHP,LSTM,2023-05-01,2025-05-01,6,0.2558511571948145,0.3260297348707477,0.3018076631899619,0.2964925865124594,0.2811178763119435
1106,BHP,LSTM,2023-05-01,2025-05-01,7,0.2494266967166754,0.3394013313299133,0.2800508658670284,0.2562547369366825,0.2818785452559832
1107,BHP,LSTM,2023-05-01,2025-05-01,8,0.2571573385326114,0.3042941778762534,0.2438179301359955,0.2226477887938799,0.2834511215382791
1108,BHP,LSTM,2023-05-01,2025-05-01,9,0.2145380209663003,0.2454675853383531,0.2357101447944845,0.2159429497187791,0.3019310654693266
1109,BHP,LSTM,2023-05-01,2025-05-01,10,0.3090372041832058,0.4171798877969333,0.330138697381226,0.3616194922506855,0.2954591661644927
1110,BHP,LSTM,2023-05-01,2025-05-01,11,0.2557296172465196,0.3040592423748864,0.2457099172539724,0.2429447858396225,0.3041223111875535
1111,BHP,LSTM,2023-05-01,2025-05-01,12,0.2395468350806507,0.2785502943316835,0.263099947824831,0.233462156279548,0.2983745180079636
1112,BHP,LSTM,2023-05-01,2025-05-01,13,0.2615101631375435,0.3120630827848181,0.3199218233584017,0.2686218571606524,0.2955185688309871
1113,BHP,LSTM,2023-05-01,2025-05-01,14,0.2581281274611943,0.3052540741301113,0.2553545710081634,0.2791822626091041,0.3012085185341787
1114,BHP,LSTM,2023-05-01,2025-05-01,15,0.2141498052819603,0.2360873156404009,0.2439739205665347,0.2358435838831367,0.2890713686532511
1115,BHP,LSTM,2023-05-01,2025-05-01,16,0.2429559688440508,0.3331530338681922,0.233423988720969,0.2798733599825588,0.2889909759607636
1116,BHP,LSTM,2023-05-01,2025-05-01,17,0.2695082668485499,0.3274822958846126,0.2742594652954485,0.2555461449020322,0.29219220371355
1117,BHP,LSTM,2023-05-01,2025-05-01,18,0.2488084505985519,0.236090327961179,0.2356434808018895,0.1959662578384312,0.2939605118516262
1118,BHP,LSTM,2023-05-01,2025-05-01,19,0.2148975787853481,0.2706283888297662,0.2355648305988435,0.2286865497013419,0.280698203434548
1119,BHP,LSTM,2023-05-01,2025-05-01,20,0.2170909293598102,0.2969521727947029,0.2813394653882013,0.2462264066526452,0.2991525766827125
1120,BHP,LSTM,2023-05-01,2025-05-01,21,0.2537321707368286,0.2956913974425387,0.2241426851447435,0.2408426260575118,0.3044373495323877
1121,BHP,LSTM,2023-05-01,2025-05-01,22,0.2378140449702182,0.2907693215427603,0.2472084828829547,0.2397236907887879,0.2887959508320261
1122,BHP,LSTM,2023-05-01,2025-05-01,23,0.3079848056797382,0.3269916112758889,0.3044487748165064,0.3097438394815672,0.2889067077710626
1123,BHP,LSTM,2023-05-01,2025-05-01,24,0.2256605751558943,0.2640627432309107,0.2692302353590031,0.2287442725610169,0.2962783346898136
1124,BHP,LSTM,2023-05-01,2025-05-01,25,0.2890790019369685,0.3077895581492448,0.2416970537120927,0.2554372408341923,0.2889555644190086
1125,BHP,LSTM,2023-05-01,2025-05-01,26,0.2411615317509141,0.2974338864579458,0.2556719332093716,0.247734106712399,0.2896280136141747
1126,BHP,LSTM,2023-05-01,2025-05-01,27,0.2645371407409757,0.3091246806122147,0.2621352970603309,0.2414753587352373,0.2887343759024581
1127,BHP,LSTM,2023-05-01,2025-05-01,28,0.2329333798554287,0.4346523746022528,0.2565876233108183,0.3213253637995448,0.3092842925917693
1128,BHP,LSTM,2023-05-01,2025-05-01,29,0.2631957386687371,0.3114495149711366,0.2649125474114884,0.2579801569956571,0.2876533258951119
1129,BHP,LSTM,2023-05-01,2025-05-01,30,0.2605439012290155,0.3103172530250794,0.2606682671663161,0.2457400643809373,0.2861756644551985
1130,BHP,LSTM,2023-05-01,2025-05-01,31,0.2049814397054596,0.2624371726049017,0.2263059509874322,0.2225018776911065,0.2949228017463384
1131,BHP,LSTM,2023-05-01,2025-05-01,32,0.2712803111566531,0.3262239031767375,0.2774236634635766,0.2765692500142916,0.2918862184694385
1132,BHP,LSTM,2023-05-01,2025-05-01,33,0.3093712675201225,0.3770379419304211,0.3109213759176988,0.3157716206835497,0.2966353418042685
1133,BHP,LSTM,2023-05-01,2025-05-01,34,0.2568876826047171,0.2885882730108829,0.2363720655043046,0.2321886591854098,0.2959869162216099
1134,BHP,LSTM,2023-05-01,2025-05-01,35,0.25795616909482,0.266924928111439,0.2615765570946638,0.2315438586879666,0.2897682213121473
1135,BHP,LSTM,2023-05-01,2025-05-01,36,0.2262651538943885,0.2572664197951042,0.2449882229689473,0.2275480451374438,0.2989284561653857
1136,BHP,LSTM,2023-05-01,2025-05-01,37,0.2609038977374762,0.2948004815776486,0.2631685423687401,0.2592124634277899,0.291763290503417
1137,BHP,LSTM,2023-05-01,2025-05-01,38,0.2605073229760673,0.2852851245649756,0.2445143534201851,0.2465611406582966,0.2977057073101076
1138,BHP,LSTM,2023-05-01,2025-05-01,39,0.2092461807482648,0.2630620004770755,0.2358339382938946,0.2067741130205076,0.2968909113442391
1139,BHP,LSTM,2023-05-01,2025-05-01,40,0.2842894839057909,0.3582041002473428,0.2872305934143869,0.2984555590826732,0.2953923200702648
1140,BHP,LSTM,2023-05-01,2025-05-01,41,0.2625261936006832,0.2922641795229732,0.2864925660253399,0.2687296213755685,0.2906690448385115
1141,BHP,LSTM,2023-05-01,2025-05-01,42,0.2986910448611976,0.3375945700709012,0.2665382714247565,0.2774310094971464,0.2912246515284629
1142,BHP,LSTM,2023-05-01,2025-05-01,43,0.2755137748860025,0.3471734969089808,0.3183064512049772,0.2628067147982301,0.2972599232291137
1143,BHP,LSTM,2023-05-01,2025-05-01,44,0.2578849345664112,0.2582939758873626,0.2349636166825827,0.2531668436435652,0.2940792309792275
1144,BHP,LSTM,2023-05-01,2025-05-01,45,0.2692135401713115,0.324457702909049,0.3001927017188174,0.289850076567476,0.2841357267890118
1145,BHP,LSTM,2023-05-01,2025-05-01,46,0.2471175928491426,0.2517910033081512,0.2709593771078356,0.3031838018571671,0.2947751225005184
1146,BHP,LSTM,2023-05-01,2025-05-01,47,0.2561560226838138,0.2875396322974974,0.2560679274034447,0.2568682484488523,0.2943233320020769
1147,BHP,LSTM,2023-05-01,2025-05-01,48,0.2623993311286868,0.317641067424023,0.3258059075360371,0.2855935736336968,0.2996116415538628
1148,BHP,LSTM,2023-05-01,2025-05-01,49,0.2921962607158345,0.3157799319164449,0.3337038420095962,0.283022189787555,0.3011675562911429
1149,BHP,LSTM,2023-05-01,2025-05-01,50,0.2418050284274135,0.3789477598321589,0.3097206772913701,0.2992658369523552,0.2878090151406417
1150,BHP,LSTM,2024-01-01,2026-01-01,1,0.2177065799560447,0.1977474810202447,0.2902482663585911,0.191909243439717,0.2038546758270344
1151,BHP,LSTM,2024-01-01,2026-01-01,2,0.2728699915755257,0.2803898835770078,0.2763028866012253,0.2646805136951856,0.2049490088954061
1152,BHP,LSTM,2024-01-01,2026-01-01,3,0.2132553960772612,0.2316168440569705,0.2014577265361257,0.1922562392041139,0.214738483870367
1153,BHP,LSTM,2024-01-01,2026-01-01,4,0.2111480864952234,0.243338753463309,0.2266234510574178,0.2312125388131693,0.2160014853661015
1154,BHP,LSTM,2024-01-01,2026-01-01,5,0.1546842396594283,0.1701802931892404,0.1665943252794286,0.1716693726633537,0.2046285308715386
1155,BHP,LSTM,2024-01-01,2026-01-01,6,0.1928236192397479,0.1999781819614923,0.2081148591354418,0.2165058066345209,0.2086243516510607
1156,BHP,LSTM,2024-01-01,2026-01-01,7,0.1794999771301223,0.2002059668060948,0.1891963657569103,0.1949313885814665,0.204553559968061
1157,BHP,LSTM,2024-01-01,2026-01-01,8,0.1628852971850007,0.1706396314210253,0.1688430291416141,0.1656966734181853,0.2084478737332005
1158,BHP,LSTM,2024-01-01,2026-01-01,9,0.1909886697422463,0.1977705827304843,0.1923196993458271,0.1967471572291616,0.2030430549000651
1159,BHP,LSTM,2024-01-01,2026-01-01,10,0.1896443709198141,0.1922469012245178,0.1839406738914508,0.2044970555064879,0.2012483328374637
1160,BHP,LSTM,2024-01-01,2026-01-01,11,0.154929228928645,0.1702587114451856,0.1936947271500496,0.1870936837121909,0.2054946865513539
1161,BHP,LSTM,2024-01-01,2026-01-01,12,0.2059662731104763,0.2632645377189644,0.2241222059956218,0.2439479993409161,0.2047180689140899
1162,BHP,LSTM,2024-01-01,2026-01-01,13,0.1981042343854683,0.2017304901918093,0.1797368306843537,0.1801973391825469,0.2027894196789607
1163,BHP,LSTM,2024-01-01,2026-01-01,14,0.1968870928972226,0.2380674916053982,0.2814849190207635,0.2083131436772539,0.2005698278560458
1164,BHP,LSTM,2024-01-01,2026-01-01,15,0.2027466985223798,0.2262923962639854,0.2243670578568378,0.2122048097903386,0.203129824416391
1165,BHP,LSTM,2024-01-01,2026-01-01,16,0.1606997217335333,0.1822416004435108,0.1804750962238088,0.180434250128033,0.2030674676788694
1166,BHP,LSTM,2024-01-01,2026-01-01,17,0.1966504135010653,0.2308675354440228,0.2349804317739277,0.2247310239995201,0.2034711751830617
1167,BHP,LSTM,2024-01-01,2026-01-01,18,0.1634674682000651,0.1792809861770112,0.177833347118964,0.1983353980191214,0.2018973979109764
1168,BHP,LSTM,2024-01-01,2026-01-01,19,0.330677921097118,0.3263591414994512,0.2460023147933587,0.2722154581750389,0.2049809933990763
1169,BHP,LSTM,2024-01-01,2026-01-01,20,0.2104956415937848,0.2687520700293573,0.2491489323917138,0.2330446228556117,0.2022779506038201
1170,BHP,LSTM,2024-01-01,2026-01-01,21,0.1816624223017798,0.2112786286535592,0.2746089180942619,0.2455777520828063,0.1989540026044924
1171,BHP,LSTM,2024-01-01,2026-01-01,22,0.2505079223267541,0.2834157606303044,0.2596402059625106,0.2701751985914619,0.2028111157331571
1172,BHP,LSTM,2024-01-01,2026-01-01,23,0.1556494630907581,0.2478483872241682,0.2128769673401407,0.2185845212465076,0.2023191927262968
1173,BHP,LSTM,2024-01-01,2026-01-01,24,0.1734291155205594,0.1814652162904409,0.1795730680822095,0.1887735911028323,0.2013536194602006
1174,BHP,LSTM,2024-01-01,2026-01-01,25,0.1446990087520444,0.2324407716267302,0.3296080785093976,0.1919167391548392,0.2063281697854038
1175,BHP,LSTM,2024-01-01,2026-01-01,26,0.2006012296355446,0.2154114647499109,0.1932475397453374,0.2067618560339542,0.207465576154568
1176,BHP,LSTM,2024-01-01,2026-01-01,27,0.1506776026642989,0.1661815640087023,0.1584083828275375,0.167135837577943,0.2036595539552376
1177,BHP,LSTM,2024-01-01,2026-01-01,28,0.1931777621814692,0.2427262130405566,0.1763413660734495,0.2048957201665881,0.2011401777147045
1178,BHP,LSTM,2024-01-01,2026-01-01,29,0.1707261984225042,0.1789923912791201,0.1906490862667024,0.2140134706219458,0.204575331055425
1179,BHP,LSTM,2024-01-01,2026-01-01,30,0.1615237478998227,0.1778475917419303,0.1657870369381233,0.1656283612444843,0.2125292221393589
1180,BHP,LSTM,2024-01-01,2026-01-01,31,0.1775828180788627,0.1939501853327219,0.1884989865514408,0.1898392059198225,0.2047783528223286
1181,BHP,LSTM,2024-01-01,2026-01-01,32,0.1785846532508777,0.1702564251930491,0.1650390139036219,0.1750475980108995,0.2028413621313541
1182,BHP,LSTM,2024-01-01,2026-01-01,33,0.2876112726255212,0.2514435560987128,0.2533775622298843,0.2499052111190042,0.2074638572285889
1183,BHP,LSTM,2024-01-01,2026-01-01,34,0.1660372121288935,0.1814818718547781,0.1922901167148052,0.2171016417266301,0.2096434104746659
1184,BHP,LSTM,2024-01-01,2026-01-01,35,0.1705833363669755,0.2279076642549568,0.1933130951000949,0.1921123919088203,0.2015299315817853
1185,BHP,LSTM,2024-01-01,2026-01-01,36,0.1650497038422014,0.1646032789134767,0.1624973831775522,0.1688002888033319,0.2017270735627109
1186,BHP,LSTM,2024-01-01,2026-01-01,37,0.2285774425928273,0.2243189287535998,0.2053578046011883,0.2335440631858883,0.2010138408165993
1187,BHP,LSTM,2024-01-01,2026-01-01,38,0.2334581478870533,0.187967018186488,0.1788290669222432,0.1888516600547272,0.2036936495122424
1188,BHP,LSTM,2024-01-01,2026-01-01,39,0.1960075314415117,0.2110308664183493,0.2312334005188535,0.2270381801706067,0.203940206989187
1189,BHP,LSTM,2024-01-01,2026-01-01,40,0.1804759594933667,0.2098378631812888,0.2253998992611144,0.2104791864000603,0.2053772633668956
1190,BHP,LSTM,2024-01-01,2026-01-01,41,0.1878702611200463,0.198920001269712,0.1878732532798468,0.187823744883513,0.2037136313567258
1191,BHP,LSTM,2024-01-01,2026-01-01,42,0.191343237244338,0.1928945957647011,0.2264710140123129,0.2070524445355206,0.2083227417307218
1192,BHP,LSTM,2024-01-01,2026-01-01,43,0.2134159824207193,0.2478711057922256,0.2188383965201453,0.2395449324435926,0.2341457237975893
1193,BHP,LSTM,2024-01-01,2026-01-01,44,0.1746870088578452,0.1689476968820409,0.1692157122317846,0.1986882331083626,0.2052292034885343
1194,BHP,LSTM,2024-01-01,2026-01-01,45,0.1679103333807667,0.1972708503182138,0.1864234453224532,0.1822597153977171,0.2040256626494455
1195,BHP,LSTM,2024-01-01,2026-01-01,46,0.2150832722672392,0.2155165774673856,0.1854939866001486,0.2016107038081987,0.2108928711671635
1196,BHP,LSTM,2024-01-01,2026-01-01,47,0.1738905202102184,0.1927719898891919,0.1800827204875932,0.1890735223640681,0.2032183445484966
1197,BHP,LSTM,2024-01-01,2026-01-01,48,0.1850354659623818,0.1917036799540321,0.2119036527559209,0.2097595455549438,0.2020414466849983
1198,BHP,LSTM,2024-01-01,2026-01-01,49,0.1874519396616798,0.1922248141756603,0.1845320176284209,0.1920841447206202,0.2017169442612253
1199,BHP,LSTM,2024-01-01,2026-01-01,50,0.1739001730669988,0.1917029327476758,0.2667661735305521,0.2457838744910207,0.2028431720248804
1200,BMO,LSTM,2022-01-01,2024-01-01,1,0.1116630134396994,0.1192781865876081,0.1457009133465685,0.1252576763539184,0.2359346146606349
1201,BMO,LSTM,2022-01-01,2024-01-01,2,0.1581054463835334,0.1866337815169662,0.2006801212705668,0.1748819430433731,0.234284209978536
1202,BMO,LSTM,2022-01-01,2024-01-01,3,0.153802152025231,0.1768346832003875,0.221061238620783,0.1291502896678763,0.2339042540893195
1203,BMO,LSTM,2022-01-01,2024-01-01,4,0.1076056854893082,0.1273199280088011,0.1363978978802624,0.1294634400290723,0.246466691788954
1204,BMO,LSTM,2022-01-01,2024-01-01,5,0.1063602528187289,0.1190269572501093,0.105605974430054,0.1181804866572693,0.2383812249127556
1205,BMO,LSTM,2022-01-01,2024-01-01,6,0.1262337543852124,0.1612704527994696,0.1955582619918203,0.1689890018565813,0.2348407109143473
1206,BMO,LSTM,2022-01-01,2024-01-01,7,0.1894448451268052,0.1230752470685636,0.1180311600462534,0.1290790744163783,0.2339288682517964
1207,BMO,LSTM,2022-01-01,2024-01-01,8,0.1285892803645551,0.1361539507795219,0.1520376796065895,0.165748614283263,0.2500532622534063
1208,BMO,LSTM,2022-01-01,2024-01-01,9,0.1069294355279374,0.1154761041330295,0.1003744077657343,0.1248349147580729,0.2462291509626944
1209,BMO,LSTM,2022-01-01,2024-01-01,10,0.1371070892625845,0.1153616606407997,0.1068104601287899,0.12589878966258,0.2419834216778237
1210,BMO,LSTM,2022-01-01,2024-01-01,11,0.1127237413204223,0.1107007837006277,0.1057614217483063,0.1154512228238038,0.246587085028276
1211,BMO,LSTM,2022-01-01,2024-01-01,12,0.1214392182366139,0.1110694006574534,0.1157875644298363,0.1330034304883855,0.2341501756853884
1212,BMO,LSTM,2022-01-01,2024-01-01,13,0.1517793528414029,0.1201195420409265,0.1409423753650111,0.1830817541651777,0.2642323616647022
1213,BMO,LSTM,2022-01-01,2024-01-01,14,0.1077553383671206,0.1341830570610974,0.1386040271077777,0.1295286181215287,0.2348287445091356
1214,BMO,LSTM,2022-01-01,2024-01-01,15,0.1530700546587944,0.1345799894851998,0.1872203989879804,0.149908876263171,0.2373053385623254
1215,BMO,LSTM,2022-01-01,2024-01-01,16,0.1277720893395408,0.1347438129553369,0.1242877747462638,0.151243046629679,0.2278394279210804
1216,BMO,LSTM,2022-01-01,2024-01-01,17,0.1340833260362417,0.1453544194056151,0.133912666944172,0.1466689350613501,0.2401690552326424
1217,BMO,LSTM,2022-01-01,2024-01-01,18,0.1024682073642535,0.1222323347465957,0.1185867788794237,0.118449948127416,0.2546372951869946
1218,BMO,LSTM,2022-01-01,2024-01-01,19,0.0927615825411603,0.125952056019214,0.1385402096828086,0.1184055391395613,0.2707790735183121
1219,BMO,LSTM,2022-01-01,2024-01-01,20,0.1291204159242812,0.138087592775171,0.1285068567912361,0.1566062134217173,0.2390951499979934
1220,BMO,LSTM,2022-01-01,2024-01-01,21,0.1042115270625536,0.119838297125444,0.1068239620205198,0.1236952434160682,0.235026319496651
1221,BMO,LSTM,2022-01-01,2024-01-01,22,0.1281073161216927,0.1083130659578124,0.0952289335341392,0.118740584232336,0.2374619329143325
1222,BMO,LSTM,2022-01-01,2024-01-01,23,0.1023970518337643,0.1230963663458632,0.1023711905053443,0.1223985492514424,0.2511681918676651
1223,BMO,LSTM,2022-01-01,2024-01-01,24,0.1717153786205291,0.1659558142725999,0.1685504888499302,0.1502060726641503,0.2398198103081716
1224,BMO,LSTM,2022-01-01,2024-01-01,25,0.1154929061220167,0.1339477902007988,0.1245020474290461,0.14072563657616,0.250560089823389
1225,BMO,LSTM,2022-01-01,2024-01-01,26,0.1017426632859719,0.108954592426439,0.1046276657687275,0.1159268293543826,0.2321399109731444
1226,BMO,LSTM,2022-01-01,2024-01-01,27,0.1279948914989527,0.1340925990887903,0.139852813293249,0.1258229904396174,0.2424342926136962
1227,BMO,LSTM,2022-01-01,2024-01-01,28,0.0945543107382544,0.1213242997605556,0.1394714873732059,0.1161107641729416,0.2325620766798314
1228,BMO,LSTM,2022-01-01,2024-01-01,29,0.1004138795405517,0.1101570318999617,0.0974615612105013,0.11835757139497,0.2354260826132532
1229,BMO,LSTM,2022-01-01,2024-01-01,30,0.0967724671478769,0.1073754393281853,0.0997660104123857,0.1027112525953544,0.2380734150450943
1230,BMO,LSTM,2022-01-01,2024-01-01,31,0.1422748640375542,0.1351465595062239,0.1207677138253758,0.1327542334638527,0.248631580151115
1231,BMO,LSTM,2022-01-01,2024-01-01,32,0.2028333626392632,0.1845268962880231,0.2313099529573841,0.2487364272160653,0.2355706091989672
1232,BMO,LSTM,2022-01-01,2024-01-01,33,0.1480479820579699,0.1332169372161588,0.1276103923774684,0.1396865835310432,0.2607038804135908
1233,BMO,LSTM,2022-01-01,2024-01-01,34,0.1569417318642859,0.1326817596716857,0.1220243738293161,0.1432759143548863,0.2429273511336265
1234,BMO,LSTM,2022-01-01,2024-01-01,35,0.1361260568237673,0.1466105348031603,0.1286588799079654,0.1269529265545806,0.2360449537250197
1235,BMO,LSTM,2022-01-01,2024-01-01,36,0.1689430889862149,0.1671925653713653,0.1421821840078729,0.1728074911678501,0.2381301695872663
1236,BMO,LSTM,2022-01-01,2024-01-01,37,0.0998293230804975,0.1116414681566828,0.1127020920847975,0.1146988372796628,0.2388214941321353
1237,BMO,LSTM,2022-01-01,2024-01-01,38,0.0984969915159472,0.1045813007575812,0.1047180046209438,0.1231303299619336,0.2368685353852675
1238,BMO,LSTM,2022-01-01,2024-01-01,39,0.1135830487234969,0.2172413054839868,0.2047230982584163,0.1245277619433476,0.2353346303635364
1239,BMO,LSTM,2022-01-01,2024-01-01,40,0.1200519282136792,0.1336208965853411,0.1695243442178764,0.2202086883206348,0.2549999443989452
1240,BMO,LSTM,2022-01-01,2024-01-01,41,0.176853215206588,0.1393996478321314,0.1253517803871941,0.1341629167551778,0.2631805867471857
1241,BMO,LSTM,2022-01-01,2024-01-01,42,0.2021387584607754,0.1985900211679892,0.2018620475779893,0.2293640635680967,0.2314708293520191
1242,BMO,LSTM,2022-01-01,2024-01-01,43,0.1020604985845711,0.1169191674029634,0.1074670031303291,0.1177336499695311,0.2425161071499048
1243,BMO,LSTM,2022-01-01,2024-01-01,44,0.1074461084155516,0.1073699919709268,0.0961305582489317,0.1094155727785864,0.235434119535503
1244,BMO,LSTM,2022-01-01,2024-01-01,45,0.1446451492775329,0.1530394400095754,0.1326963189380657,0.1431813074241302,0.2358192125257414
1245,BMO,LSTM,2022-01-01,2024-01-01,46,0.1334832290064469,0.1413214510900217,0.1470098588293902,0.1309764971014999,0.2412771244115282
1246,BMO,LSTM,2022-01-01,2024-01-01,47,0.1145509343282049,0.1355688148545857,0.1301934052251228,0.1309593347270692,0.2353410831432544
1247,BMO,LSTM,2022-01-01,2024-01-01,48,0.1080507057438286,0.1229021048279096,0.1241983274437702,0.1220976505134962,0.2362320972725485
1248,BMO,LSTM,2022-01-01,2024-01-01,49,0.1424916628960938,0.1431499674961207,0.1660011707341021,0.139293190780728,0.2404625387291527
1249,BMO,LSTM,2022-01-01,2024-01-01,50,0.1056863635071683,0.114006060002915,0.1029152522806846,0.1100281266381524,0.2402839917028932
1250,BMO,LSTM,2022-09-01,2024-09-01,1,0.1768709503405762,0.179415828760829,0.16353293273487,0.2200367365327702,0.2686101193906064
1251,BMO,LSTM,2022-09-01,2024-09-01,2,0.177012975716854,0.2175331944277994,0.2244192780208783,0.2560723914095645,0.2569644632357852
1252,BMO,LSTM,2022-09-01,2024-09-01,3,0.1625354783809292,0.1637518582673645,0.1849561323946108,0.2130676162598053,0.2518500708905373
1253,BMO,LSTM,2022-09-01,2024-09-01,4,0.2459389345102868,0.273033386846258,0.2665584510708364,0.3128622179740925,0.2575895894642017
1254,BMO,LSTM,2022-09-01,2024-09-01,5,0.179868621524136,0.1952549256809717,0.2015662381052309,0.2350085811497841,0.2489295956916945
1255,BMO,LSTM,2022-09-01,2024-09-01,6,0.1777172533635176,0.1813125240752388,0.1940549744053486,0.2215591840529063,0.2424033543730325
1256,BMO,LSTM,2022-09-01,2024-09-01,7,0.1811168089920126,0.2012254081048915,0.2038932758548325,0.2403197000770643,0.2547392917102375
1257,BMO,LSTM,2022-09-01,2024-09-01,8,0.1856476743731875,0.2007700965315283,0.1974992563456834,0.2273598185486904,0.2585132270893243
1258,BMO,LSTM,2022-09-01,2024-09-01,9,0.1875131676462862,0.2064711055373841,0.1994038527548537,0.2409274753522336,0.2512206255554456
1259,BMO,LSTM,2022-09-01,2024-09-01,10,0.1721960422666435,0.1781208594395856,0.180662598923887,0.2108929422373278,0.2521839400407549
1260,BMO,LSTM,2022-09-01,2024-09-01,11,0.1619581793974397,0.1753454922303777,0.1956246037348528,0.2144610274669395,0.2390614968855975
1261,BMO,LSTM,2022-09-01,2024-09-01,12,0.1946484328008889,0.1851481045776153,0.2031267271483434,0.2274296048112502,0.2388437877828262
1262,BMO,LSTM,2022-09-01,2024-09-01,13,0.1939330940512426,0.1993846329925342,0.2340214187046581,0.276928143719557,0.2577659979583959
1263,BMO,LSTM,2022-09-01,2024-09-01,14,0.1845049982917421,0.1865214978801792,0.1921773339652076,0.2923791562958623,0.2492677481886356
1264,BMO,LSTM,2022-09-01,2024-09-01,15,0.1736782534480804,0.1862932549482137,0.1806550465481151,0.2302727959767586,0.2455478155290713
1265,BMO,LSTM,2022-09-01,2024-09-01,16,0.2437989819402555,0.2933087217136643,0.2621167309009344,0.3136548845678497,0.2463795334786244
1266,BMO,LSTM,2022-09-01,2024-09-01,17,0.2222815283129743,0.2494959694508686,0.2234897486911898,0.2710198840029307,0.2566308100055018
1267,BMO,LSTM,2022-09-01,2024-09-01,18,0.1820640909236999,0.2074801515341093,0.2042153144674008,0.2379637908681853,0.2521693045460746
1268,BMO,LSTM,2022-09-01,2024-09-01,19,0.1867218690277222,0.2165963265428737,0.2049339550882152,0.2569166300237158,0.2525780661000059
1269,BMO,LSTM,2022-09-01,2024-09-01,20,0.1799485248268852,0.2198046323404759,0.2147840612646518,0.2524302919583255,0.257716489272962
1270,BMO,LSTM,2022-09-01,2024-09-01,21,0.1983704307058152,0.2225631432763727,0.1803924846337548,0.2371195210193815,0.2537435653691965
1271,BMO,LSTM,2022-09-01,2024-09-01,22,0.161741535147282,0.1603922337052001,0.1797469691382023,0.1996336164782061,0.2524001376413696
1272,BMO,LSTM,2022-09-01,2024-09-01,23,0.1713103121170649,0.2023649714482611,0.202838137723015,0.2457488622950735,0.244589629190335
1273,BMO,LSTM,2022-09-01,2024-09-01,24,0.1715652578043211,0.1699694436199658,0.1661555718866256,0.1988598917276436,0.2536727785110041
1274,BMO,LSTM,2022-09-01,2024-09-01,25,0.2330573218488363,0.1948157876289908,0.1687964640572678,0.2502218073581737,0.2567085995463202
1275,BMO,LSTM,2022-09-01,2024-09-01,26,0.2050065238103147,0.2232986231535905,0.2276803956877961,0.2483022627916274,0.2715909812718852
1276,BMO,LSTM,2022-09-01,2024-09-01,27,0.1862846346100004,0.2097371963379657,0.2139518029969222,0.2427785673481551,0.2475995705576816
1277,BMO,LSTM,2022-09-01,2024-09-01,28,0.1735507722885927,0.2401426073461596,0.1999031592812948,0.2453076235960701,0.2505226732550636
1278,BMO,LSTM,2022-09-01,2024-09-01,29,0.1867765599569986,0.1866436563930966,0.1923273279388911,0.2516956705738699,0.247631690233018
1279,BMO,LSTM,2022-09-01,2024-09-01,30,0.1709765786888015,0.1746394634607116,0.1971510252196598,0.216146033552624,0.2641652575940596
1280,BMO,LSTM,2022-09-01,2024-09-01,31,0.210469116543029,0.2934456424208735,0.1942658564482215,0.2342873320849526,0.2545380349604056
1281,BMO,LSTM,2022-09-01,2024-09-01,32,0.1768597339857768,0.1915139472911099,0.1815064998127543,0.2200296340101163,0.2496158264327948
1282,BMO,LSTM,2022-09-01,2024-09-01,33,0.1593215212772854,0.1812419579575829,0.1770814140325035,0.2055898612871124,0.2654374988973555
1283,BMO,LSTM,2022-09-01,2024-09-01,34,0.2931849769378967,0.3134169548696101,0.2886491128008679,0.2960262220045913,0.2438255455294556
1284,BMO,LSTM,2022-09-01,2024-09-01,35,0.1702380136024149,0.188725367188789,0.2041204381513462,0.2053457018694086,0.2418499827105037
1285,BMO,LSTM,2022-09-01,2024-09-01,36,0.1615397014051469,0.2070858838183215,0.1976518624493795,0.2119414003625257,0.2604313963990511
1286,BMO,LSTM,2022-09-01,2024-09-01,37,0.16882488761209,0.1827250171750658,0.1887985115171938,0.2200203179326348,0.2558463778864799
1287,BMO,LSTM,2022-09-01,2024-09-01,38,0.1953251443073754,0.1979686785196325,0.2107098526805044,0.2628781892303059,0.2605508627924112
1288,BMO,LSTM,2022-09-01,2024-09-01,39,0.2250552021615711,0.2544012770703455,0.2164642694190056,0.2784748656095251,0.2634507474721206
1289,BMO,LSTM,2022-09-01,2024-09-01,40,0.1971850843636694,0.2058391279611496,0.2015087042841302,0.2432448166477709,0.2571762924397089
1290,BMO,LSTM,2022-09-01,2024-09-01,41,0.1867127548671242,0.2151908215409037,0.2105645926907568,0.2303003656374821,0.2583825117958241
1291,BMO,LSTM,2022-09-01,2024-09-01,42,0.2019613659189296,0.213526456590461,0.2075660865279727,0.2466725574738648,0.2454988364641591
1292,BMO,LSTM,2022-09-01,2024-09-01,43,0.1406791031024772,0.1471789597280702,0.1628488359462774,0.1809021367341621,0.2773956596777574
1293,BMO,LSTM,2022-09-01,2024-09-01,44,0.1946915925740638,0.1947049030581781,0.2028181092325726,0.290719085422231,0.258284618264319
1294,BMO,LSTM,2022-09-01,2024-09-01,45,0.1746323282614214,0.1939109876638967,0.1949393677878649,0.2263885985312969,0.2409905696226165
1295,BMO,LSTM,2022-09-01,2024-09-01,46,0.2046048443839569,0.2086945889192787,0.2452052068279528,0.3074341082028404,0.2514829402470083
1296,BMO,LSTM,2022-09-01,2024-09-01,47,0.2070753400967502,0.2251436829642158,0.2275374416877948,0.2977787857290422,0.2524319113954174
1297,BMO,LSTM,2022-09-01,2024-09-01,48,0.2155409819645497,0.2318787593700935,0.2740436654722279,0.2478695535923379,0.2490143438468219
1298,BMO,LSTM,2022-09-01,2024-09-01,49,0.2303941504460482,0.2406691874020037,0.2426987820333175,0.2783032421042734,0.2567076892989187
1299,BMO,LSTM,2022-09-01,2024-09-01,50,0.1671287440197455,0.1561295543378789,0.1705128268507592,0.1888866130700826,0.2545949640398535
1300,BMO,LSTM,2023-05-01,2025-05-01,1,0.198703604453408,0.3844014077917748,0.2707665846661635,0.2412607366075068,0.2420625182359637
1301,BMO,LSTM,2023-05-01,2025-05-01,2,0.273742745424382,0.4697734811103932,0.2666551545553965,0.3498425097327639,0.2472395720158273
1302,BMO,LSTM,2023-05-01,2025-05-01,3,0.2130132723032072,0.2919172589047427,0.226123717775276,0.2441826503703881,0.2529794999566807
1303,BMO,LSTM,2023-05-01,2025-05-01,4,0.2213633650325946,0.2492844231285222,0.2154289949134691,0.2441427205329639,0.267774274159676
1304,BMO,LSTM,2023-05-01,2025-05-01,5,0.2219352860322964,0.3107925897254603,0.2226282646455557,0.2710173914724029,0.2419364340239576
1305,BMO,LSTM,2023-05-01,2025-05-01,6,0.201132514383585,0.2524031474225101,0.2378227914449045,0.2499940243962333,0.2402544986513667
1306,BMO,LSTM,2023-05-01,2025-05-01,7,0.2036394229434523,0.2423932710131931,0.2590603874638419,0.2547113219639036,0.2445439784856146
1307,BMO,LSTM,2023-05-01,2025-05-01,8,0.281945343918852,0.4200995875566966,0.3346934409725524,0.3716827446639481,0.2411055373985146
1308,BMO,LSTM,2023-05-01,2025-05-01,9,0.2115141261890307,0.2797496874272117,0.2348952541210122,0.2634972909385515,0.2491417827249544
1309,BMO,LSTM,2023-05-01,2025-05-01,10,0.2143330375802045,0.2614912007079089,0.2460252721863389,0.2605142004882211,0.2413007858915923
1310,BMO,LSTM,2023-05-01,2025-05-01,11,0.3111949670376299,0.3948677103029251,0.2537277987171622,0.2990393224647462,0.2388650211799712
1311,BMO,LSTM,2023-05-01,2025-05-01,12,0.1987266575522544,0.3067088463200272,0.2391806934038977,0.267009529213183,0.2406163242753293
1312,BMO,LSTM,2023-05-01,2025-05-01,13,0.2042731626989772,0.2552291257162991,0.2979676475730153,0.3567151408130603,0.2471298973862492
1313,BMO,LSTM,2023-05-01,2025-05-01,14,0.1956870844084512,0.4284744695354421,0.3072800746184243,0.2647719486327267,0.2510245584369592
1314,BMO,LSTM,2023-05-01,2025-05-01,15,0.2434486806736942,0.2928246596981257,0.2923249239264492,0.2940368382200719,0.2467107156590852
1315,BMO,LSTM,2023-05-01,2025-05-01,16,0.2284991534603187,0.2777312342202506,0.2344688949530028,0.2633860841482887,0.2665784314123751
1316,BMO,LSTM,2023-05-01,2025-05-01,17,0.2077421440279362,0.2775746851204256,0.2322974859298609,0.2451353574530912,0.2512034548511532
1317,BMO,LSTM,2023-05-01,2025-05-01,18,0.2051848396464446,0.2827313777414844,0.2292694356836118,0.2766626592370499,0.2513960078238569
1318,BMO,LSTM,2023-05-01,2025-05-01,19,0.2412422682581322,0.2672752062802791,0.2398638380970176,0.2663066855199906,0.2456498950025027
1319,BMO,LSTM,2023-05-01,2025-05-01,20,0.20176578382699,0.2591854711508657,0.2300463252311742,0.2395676289658168,0.2446549404847757
1320,BMO,LSTM,2023-05-01,2025-05-01,21,0.2112462547476492,0.2593140664198285,0.2399338838320502,0.292123385151278,0.2393091787120595
1321,BMO,LSTM,2023-05-01,2025-05-01,22,0.2515684396860306,0.2569998079558273,0.2437877956325054,0.2549506449635684,0.2441995680944378
1322,BMO,LSTM,2023-05-01,2025-05-01,23,0.2088015849468328,0.3094263557361688,0.2241338091813227,0.2917248394931029,0.2429202099839322
1323,BMO,LSTM,2023-05-01,2025-05-01,24,0.2215926672801706,0.2567497636124177,0.2551729126246457,0.3282989319789883,0.2527855604312979
1324,BMO,LSTM,2023-05-01,2025-05-01,25,0.2555019383538017,0.2436048123834094,0.2720683958236164,0.2519997957199957,0.2436465732195638
1325,BMO,LSTM,2023-05-01,2025-05-01,26,0.1989303397155075,0.2438985037251675,0.2562430279776812,0.2494964184792642,0.2547655906575726
1326,BMO,LSTM,2023-05-01,2025-05-01,27,0.230997487936226,0.328683246159721,0.2458421369840515,0.3117012042048996,0.2440597931887503
1327,BMO,LSTM,2023-05-01,2025-05-01,28,0.1967925660809482,0.2384555869762976,0.23205811421821,0.2454790103614912,0.2510644757879409
1328,BMO,LSTM,2023-05-01,2025-05-01,29,0.1956646364752294,0.4366766722657935,0.2606607657290548,0.2403579512803307,0.2520492331979305
1329,BMO,LSTM,2023-05-01,2025-05-01,30,0.2246267350546399,0.3456892140837135,0.2536807259956107,0.2928230451342554,0.2468903192209809
1330,BMO,LSTM,2023-05-01,2025-05-01,31,0.2093288904514374,0.3866688413940925,0.275742959871256,0.2565842372686946,0.2736296392716396
1331,BMO,LSTM,2023-05-01,2025-05-01,32,0.2587684467080678,0.275626165192314,0.300666924208126,0.3504104771695269,0.2409499855312001
1332,BMO,LSTM,2023-05-01,2025-05-01,33,0.2236108191733542,0.3201244254713408,0.2830245879389428,0.297687829763778,0.2450494447984522
1333,BMO,LSTM,2023-05-01,2025-05-01,34,0.2181504965151375,0.2657325253027603,0.2573543181852191,0.2685669346537155,0.239326893135877
1334,BMO,LSTM,2023-05-01,2025-05-01,35,0.2554874590852621,0.227246826041385,0.2087038392777881,0.305465086778759,0.2566202260853585
1335,BMO,LSTM,2023-05-01,2025-05-01,36,0.2166765566459201,0.2777475380851691,0.2269904757966808,0.2497815471649814,0.2413961000623239
1336,BMO,LSTM,2023-05-01,2025-05-01,37,0.3052420729699506,0.5113246855313288,0.2951806409853272,0.2946836949270507,0.2785533584211898
1337,BMO,LSTM,2023-05-01,2025-05-01,38,0.2157648373311621,0.2628218358780659,0.2691557587665937,0.2804694824858496,0.2727731345505846
1338,BMO,LSTM,2023-05-01,2025-05-01,39,0.2163155442441823,0.2932074869655677,0.2407095227925004,0.2869138786514609,0.2444049850593599
1339,BMO,LSTM,2023-05-01,2025-05-01,40,0.2010908656354018,0.2720323487001036,0.2344849010970631,0.2432542087515742,0.2576280866062107
1340,BMO,LSTM,2023-05-01,2025-05-01,41,0.2191901379103996,0.2805705064906758,0.230619157625716,0.2690343575436243,0.2434789359570983
1341,BMO,LSTM,2023-05-01,2025-05-01,42,0.2606849229757593,0.346254570222598,0.2774010312320896,0.3328336195326534,0.2421520381897482
1342,BMO,LSTM,2023-05-01,2025-05-01,43,0.2090660156969651,0.2639623286888879,0.2327857189289561,0.2472351935704778,0.2424714672571394
1343,BMO,LSTM,2023-05-01,2025-05-01,44,0.226948535064921,0.2588914839616171,0.2265117403468884,0.3137876169494573,0.2454650500976549
1344,BMO,LSTM,2023-05-01,2025-05-01,45,0.2147208016194138,0.2623548289238725,0.2388619177014273,0.2591863225457174,0.2462294890454858
1345,BMO,LSTM,2023-05-01,2025-05-01,46,0.2194987997125471,0.2941585103930423,0.2246471354795727,0.2513389491030429,0.2477941289900302
1346,BMO,LSTM,2023-05-01,2025-05-01,47,0.1830821594328477,0.2270536013476417,0.2192953254561653,0.2357624155697397,0.248198609053784
1347,BMO,LSTM,2023-05-01,2025-05-01,48,0.446451869707297,0.3930833133392223,0.2371433792272824,0.2738745353500729,0.2483457392363852
1348,BMO,LSTM,2023-05-01,2025-05-01,49,0.2307688567415158,0.2673596103821893,0.2487825165302242,0.291934416406762,0.2430939732624516
1349,BMO,LSTM,2023-05-01,2025-05-01,50,0.2530163930148816,0.2634078891999519,0.2783145909194966,0.2843257827242373,0.2397315353502828
1350,BMO,LSTM,2024-01-01,2026-01-01,1,0.8685981791689421,1.349062031798222,1.8766465592982395,0.8894261720276536,0.2765550902800891
1351,BMO,LSTM,2024-01-01,2026-01-01,2,0.4206209936233946,0.4657264737029151,0.3797777356879041,0.3874506375997679,0.2762057650059972
1352,BMO,LSTM,2024-01-01,2026-01-01,3,0.3353142927901066,0.4010298037252979,0.2689721773693613,0.2904583809755586,0.2740654835296593
1353,BMO,LSTM,2024-01-01,2026-01-01,4,0.2261219262378315,0.3196594505527143,0.3548294356290467,0.358211269189151,0.2813874260542259
1354,BMO,LSTM,2024-01-01,2026-01-01,5,0.2192370903848091,0.2140500134184202,0.2190497578156279,0.2112996673109989,0.2815530732040009
1355,BMO,LSTM,2024-01-01,2026-01-01,6,0.2840764536155278,0.2915530375936234,0.2200904971206702,0.2641210496061163,0.2711990527707169
1356,BMO,LSTM,2024-01-01,2026-01-01,7,0.3725670032789197,0.4072980088944901,0.2741746975990138,0.2888897705625308,0.2669748051177776
1357,BMO,LSTM,2024-01-01,2026-01-01,8,0.5110062085145485,0.515727872015382,0.3971771195901475,0.390174453455004,0.2650436881892437
1358,BMO,LSTM,2024-01-01,2026-01-01,9,0.538719094825983,0.553676364992368,0.4175809638258102,0.5684876874525807,0.2750863781852343
1359,BMO,LSTM,2024-01-01,2026-01-01,10,0.2199545828251406,0.2343244931741586,0.2140749258632233,0.2463087427684782,0.2855751623883395
1360,BMO,LSTM,2024-01-01,2026-01-01,11,0.3710142176413273,0.3862269134364275,0.3660643882907398,0.3285828931602743,0.2662127280234259
1361,BMO,LSTM,2024-01-01,2026-01-01,12,0.2956575657396943,0.3942395022705396,0.3073460525229846,0.2777569819028976,0.2891440238612717
1362,BMO,LSTM,2024-01-01,2026-01-01,13,0.3996542251286826,0.5331483415787821,0.3299179142139314,0.3001197217979221,0.2653587961617963
1363,BMO,LSTM,2024-01-01,2026-01-01,14,0.2825392049343954,0.2365567815745441,0.2366541117799026,0.361804668516666,0.2723429730522858
1364,BMO,LSTM,2024-01-01,2026-01-01,15,0.3684701281818154,0.3486693640221769,0.4626518387613952,0.3335217269396515,0.2659661182489289
1365,BMO,LSTM,2024-01-01,2026-01-01,16,0.2092803620610467,0.2174746971123136,0.333712121012244,0.2566200807523336,0.2632741576623859
1366,BMO,LSTM,2024-01-01,2026-01-01,17,0.1852460318303705,0.2224484944030787,0.2207016687521238,0.2222291610082712,0.2718706576744498
1367,BMO,LSTM,2024-01-01,2026-01-01,18,0.2324644850856008,0.2414547011364274,0.2993672236687513,0.2383782139893877,0.2931877829692733
1368,BMO,LSTM,2024-01-01,2026-01-01,19,0.218809206435897,0.246126313669279,0.2295235463607133,0.2753721691451983,0.2848861222326309
1369,BMO,LSTM,2024-01-01,2026-01-01,20,0.5837621117302725,0.6266649898133582,0.5014462340351743,0.545408545443889,0.2613715851358963
1370,BMO,LSTM,2024-01-01,2026-01-01,21,0.4626406685930384,0.3696518560082841,0.4605685988358466,0.5797082706375556,0.2781980921497678
1371,BMO,LSTM,2024-01-01,2026-01-01,22,0.2938893429182276,0.3140905379860923,0.2579218004629894,0.2213565270860199,0.2953474061234897
1372,BMO,LSTM,2024-01-01,2026-01-01,23,0.52690411034606,0.3687139985966093,0.5090638785644952,0.3337708550299973,0.2672507320368185
1373,BMO,LSTM,2024-01-01,2026-01-01,24,0.4013214675771953,0.5558399391837118,0.7172890207657129,0.6315340408440947,0.2679854282213685
1374,BMO,LSTM,2024-01-01,2026-01-01,25,0.3679249683792064,0.2202789084461681,0.437197379125807,0.2605441906124604,0.263375175604377
1375,BMO,LSTM,2024-01-01,2026-01-01,26,0.2355744164440875,0.2304486324914166,0.2217660767082436,0.3687385150260495,0.2693062397984662
1376,BMO,LSTM,2024-01-01,2026-01-01,27,0.2135769928290977,0.2006282389908462,0.2120621422892542,0.2007204713548052,0.2648086284561904
1377,BMO,LSTM,2024-01-01,2026-01-01,28,0.345460297557495,0.4865426840996602,0.2433978427381342,0.3538007653650986,0.2655805862829269
1378,BMO,LSTM,2024-01-01,2026-01-01,29,0.5568104413955633,0.6873504832285436,0.2718949400863794,0.8066944272315674,0.2725940930314733
1379,BMO,LSTM,2024-01-01,2026-01-01,30,0.28108767384545,0.4009673575747325,0.397977718377116,0.2696473753736157,0.2990118467374567
1380,BMO,LSTM,2024-01-01,2026-01-01,31,0.4146843483477174,0.4690618653483204,0.6984806436100311,0.6427863531725854,0.2872143319789789
1381,BMO,LSTM,2024-01-01,2026-01-01,32,0.453772810053446,0.4607029143645508,0.3424910689155176,0.3728538341930166,0.2901211559918841
1382,BMO,LSTM,2024-01-01,2026-01-01,33,0.1962047945120063,0.2347991393402914,0.2015503188282287,0.2125483160313873,0.2648207424540357
1383,BMO,LSTM,2024-01-01,2026-01-01,34,0.3755440521893946,0.3550970306940124,0.2916815301681892,0.2893111770981078,0.2689953829794835
1384,BMO,LSTM,2024-01-01,2026-01-01,35,0.2037569762362575,0.2208462216415465,0.2184687087199797,0.2312546119397558,0.2728555030901008
1385,BMO,LSTM,2024-01-01,2026-01-01,36,0.2071125382979594,0.248151998523029,0.2361287044041392,0.226826078499842,0.2654239259462981
1386,BMO,LSTM,2024-01-01,2026-01-01,37,0.504329797996282,0.7499187700455177,0.8064209494896191,0.7913287269743902,0.2801894104742803
1387,BMO,LSTM,2024-01-01,2026-01-01,38,0.7687920712148552,1.0338201364891746,0.8278315252423893,0.7709728634171155,0.2693044271393901
1388,BMO,LSTM,2024-01-01,2026-01-01,39,0.2099950210833723,0.2536100220111943,0.2585749342291155,0.23534656280463,0.2717986200264183
1389,BMO,LSTM,2024-01-01,2026-01-01,40,0.4790091758822304,0.4324692754060806,0.2163930122581267,0.2860420555224736,0.2984685237930122
1390,BMO,LSTM,2024-01-01,2026-01-01,41,0.2991153504163934,0.4121012158598393,0.422109982647978,0.28229531495747,0.2708882464042444
1391,BMO,LSTM,2024-01-01,2026-01-01,42,0.2861306298670812,0.261324756221551,0.244616047845597,0.2556661539923424,0.2720875706453285
1392,BMO,LSTM,2024-01-01,2026-01-01,43,0.4160287439293138,0.4105540922158665,0.4066301080433226,0.2979483814101951,0.2705213596732297
1393,BMO,LSTM,2024-01-01,2026-01-01,44,0.2153594809452408,0.3048281226820896,0.3756266049174769,0.2026727518418203,0.28268968030411
1394,BMO,LSTM,2024-01-01,2026-01-01,45,0.5072463322670512,0.6103599508048951,0.5575913210792156,0.587670281049445,0.2891928800081637
1395,BMO,LSTM,2024-01-01,2026-01-01,46,0.2787903978872684,0.418391769076853,0.4912190172135272,0.1990493764435209,0.2790056452039194
1396,BMO,LSTM,2024-01-01,2026-01-01,47,0.3458542192996503,0.4004579609569434,0.3864070749193062,0.3341371092907725,0.2763551118505841
1397,BMO,LSTM,2024-01-01,2026-01-01,48,0.2017771672666668,0.4130422380639603,0.5689159182244891,0.594538615948958,0.2694495354572921
1398,BMO,LSTM,2024-01-01,2026-01-01,49,0.2730066537275593,0.3240413038680722,0.2189932863935444,0.2178322558747579,0.3002425604284458
1399,BMO,LSTM,2024-01-01,2026-01-01,50,0.5993588458549726,0.249991852484008,0.2285429823679741,0.2031028162800923,0.2702804975889818
1400,V,LSTM,2022-01-01,2024-01-01,1,0.4166771608100816,0.3268102235832069,0.4464815170902005,0.3914713664902517,0.2100355360749018
1401,V,LSTM,2022-01-01,2024-01-01,2,0.6401889169570468,0.2284028746195381,0.2023183626239907,0.4601701365874832,0.2071883240141434
1402,V,LSTM,2022-01-01,2024-01-01,3,0.2779161825605467,1.1396201815447575,1.305676902094759,0.8319317334165689,0.2411115883680901
1403,V,LSTM,2022-01-01,2024-01-01,4,0.2339741949249298,0.1941386425076224,0.3663463745926255,0.3981229294099985,0.2541227386188542
1404,V,LSTM,2022-01-01,2024-01-01,5,0.4216885210532459,0.346095119824329,0.1712003736657696,0.2213076054450542,0.2167519495587221
1405,V,LSTM,2022-01-01,2024-01-01,6,0.7813324826946947,0.4260035186664032,0.2035679370783769,0.5467156934874314,0.2360101225279491
1406,V,LSTM,2022-01-01,2024-01-01,7,0.6130412399691051,0.1727046650444782,0.3938918274640106,0.1836415962400208,0.2163358725958477
1407,V,LSTM,2022-01-01,2024-01-01,8,0.1743769060297813,0.3072992592020325,0.3889901235203205,0.2708204000556482,0.2152504188560705
1408,V,LSTM,2022-01-01,2024-01-01,9,0.1413732746215236,0.1470007237556986,0.1480268324887354,0.1298120467217224,0.223733650874904
1409,V,LSTM,2022-01-01,2024-01-01,10,0.2961761815700019,0.5439228777679729,0.7688656195284044,0.3964507431382809,0.2286139537969009
1410,V,LSTM,2022-01-01,2024-01-01,11,0.322486434682163,0.1478024172894863,0.2034653387723994,0.1416253729141519,0.2647186924808573
1411,V,LSTM,2022-01-01,2024-01-01,12,0.176930338900746,0.1618350874704942,0.1903012174424133,0.2624837402246402,0.2119896571966555
1412,V,LSTM,2022-01-01,2024-01-01,13,0.2419636203774846,0.5229356284567245,0.2185269373897717,0.224142879167056,0.2020772192523483
1413,V,LSTM,2022-01-01,2024-01-01,14,0.8097642242136333,0.1402657170168625,0.2125390776270532,0.29406392445473,0.26511474251266
1414,V,LSTM,2022-01-01,2024-01-01,15,0.7647350398794525,0.8776017071107463,0.8453483352973886,0.6826112917774317,0.2102886259962405
1415,V,LSTM,2022-01-01,2024-01-01,16,1.0052665701853445,1.5016488279951,1.452894243100017,1.5127167174961766,0.2251977445704092
1416,V,LSTM,2022-01-01,2024-01-01,17,0.6711354783034694,0.6440734056363907,0.9012169909808752,0.7312348722198865,0.2140387759272762
1417,V,LSTM,2022-01-01,2024-01-01,18,0.2320827710271875,0.1929273154962211,0.196102271984789,0.2005244998525293,0.2233760969674795
1418,V,LSTM,2022-01-01,2024-01-01,19,0.1299866112519501,0.1272574304720063,0.2728022342297696,0.3069618991120895,0.2416169735870217
1419,V,LSTM,2022-01-01,2024-01-01,20,0.1306334939090712,0.217890583251374,0.1378941368569796,0.1406433595869665,0.2245420680252732
1420,V,LSTM,2022-01-01,2024-01-01,21,0.167586816755472,0.1984943333003521,0.3106036442120422,0.2236065391810069,0.2107595128392159
1421,V,LSTM,2022-01-01,2024-01-01,22,1.2093665090880443,0.5637700073254863,0.2242817330482059,0.6742655771919186,0.2063537421396007
1422,V,LSTM,2022-01-01,2024-01-01,23,0.6786759419746438,0.5770905422578744,0.5722940748387146,0.3729208354552323,0.2163166740624261
1423,V,LSTM,2022-01-01,2024-01-01,24,0.4741280384195479,0.2937247088103619,0.1682682463266484,0.1469675972258398,0.2234276025418983
1424,V,LSTM,2022-01-01,2024-01-01,25,0.2697119769937309,0.5553828102574945,0.5575044957911769,0.4584174340318768,0.2062333136759161
1425,V,LSTM,2022-01-01,2024-01-01,26,0.4706058651826583,0.5860229335332954,0.4809286721107811,0.4911758504276983,0.2191739315914316
1426,V,LSTM,2022-01-01,2024-01-01,27,0.6878682460065386,0.5887343673886799,0.4032331830320884,0.5620569613563832,0.2985924763146904
1427,V,LSTM,2022-01-01,2024-01-01,28,0.2184629180687657,0.2456830521270001,0.4668720392301577,0.4021355747951035,0.2103849468097465
1428,V,LSTM,2022-01-01,2024-01-01,29,0.6820727401706245,0.6740885939200899,0.8613677377544429,0.9164994535984384,0.2258443772166681
1429,V,LSTM,2022-01-01,2024-01-01,30,1.012714694003462,1.050274942535429,1.0109177938280012,1.0759616449531444,0.222052262275005
1430,V,LSTM,2022-01-01,2024-01-01,31,0.8773284864441483,1.1416680006585411,1.0412275165288756,0.8875251678525714,0.2383428740481974
1431,V,LSTM,2022-01-01,2024-01-01,32,0.7779213815969692,0.7200050221544698,0.8638583556660352,0.971018411760775,0.2428546113742936
1432,V,LSTM,2022-01-01,2024-01-01,33,0.6864408409372198,0.8696318560797959,0.8499615896475322,0.9454407812093446,0.2218351621923512
1433,V,LSTM,2022-01-01,2024-01-01,34,0.2422694996838356,0.319217913368804,0.2711619761538389,0.4110113910807507,0.223498813738386
1434,V,LSTM,2022-01-01,2024-01-01,35,0.6627635719878457,0.6700286879213347,0.6236282318202113,0.6477172884724686,0.2389913419619911
1435,V,LSTM,2022-01-01,2024-01-01,36,0.1518475932287022,0.1499249099292211,0.1796299584924698,0.1965485191749933,0.2263632328113904
1436,V,LSTM,2022-01-01,2024-01-01,37,0.1918748242039905,0.1578656224618196,0.1647601867195816,0.2351309073281901,0.3225622996008855
1437,V,LSTM,2022-01-01,2024-01-01,38,0.1388585713091692,0.208565318640892,0.4059996169152152,0.2568929587828387,0.2075950086401697
1438,V,LSTM,2022-01-01,2024-01-01,39,0.5046560989312391,0.3878623640889417,0.7530354898580819,0.5434376598243849,0.2025866422158713
1439,V,LSTM,2022-01-01,2024-01-01,40,0.2889123788319944,0.3331365499260917,0.4214206277864933,0.4761530654172647,0.2134395798936588
1440,V,LSTM,2022-01-01,2024-01-01,41,0.2142177649751533,0.4440846420899465,0.2263593994151221,0.2032793954694385,0.2169061547216382
1441,V,LSTM,2022-01-01,2024-01-01,42,0.2857070152715827,0.5913010197042444,0.6961965921060481,0.5438216927909089,0.3288812489884915
1442,V,LSTM,2022-01-01,2024-01-01,43,0.3188397019347433,0.300065931895686,0.2429422574681918,0.1970686648551356,0.2182115025894949
1443,V,LSTM,2022-01-01,2024-01-01,44,0.151423064415571,0.1757105062476396,0.1473193620282397,0.2305713058789179,0.2094932711927543
1444,V,LSTM,2022-01-01,2024-01-01,45,0.3307930777999829,0.342890644028113,0.4257624353987116,0.4004830679783366,0.2098322351311869
1445,V,LSTM,2022-01-01,2024-01-01,46,0.6964812571902194,0.4413226540344291,0.3885061682166844,0.5256336821940221,0.2073655949612791
1446,V,LSTM,2022-01-01,2024-01-01,47,0.7829216096609974,0.745038328863459,0.7865885236997704,0.7995627700709024,0.2208640827324376
1447,V,LSTM,2022-01-01,2024-01-01,48,0.1901346189657916,0.2100842811087119,0.2802841886720021,0.1577944445603957,0.2070436535762242
1448,V,LSTM,2022-01-01,2024-01-01,49,0.32942201846027,0.5526820682261699,0.4529694799479926,0.4696741286442116,0.2188291433886733
1449,V,LSTM,2022-01-01,2024-01-01,50,0.2904803928568689,0.5926836439702012,0.3046660540361833,0.2779187075279799,0.2074958761941157
1450,V,LSTM,2022-09-01,2024-09-01,1,0.275614091472638,0.3868171571103807,0.2749812892142718,0.2974292825062273,0.2289376532367792
1451,V,LSTM,2022-09-01,2024-09-01,2,0.5506307816547036,0.2775631163525245,0.3996384588226963,0.3261508680505263,0.2166707957829959
1452,V,LSTM,2022-09-01,2024-09-01,3,0.2468477796868971,0.2392419189028262,0.2414007381067017,0.2303756868014355,0.212660178862275
1453,V,LSTM,2022-09-01,2024-09-01,4,0.2582820638542548,0.2475671796143503,0.2627818861735033,0.2471444105397757,0.2141300652186538
1454,V,LSTM,2022-09-01,2024-09-01,5,0.2312162991255048,0.2219397298274643,0.2130944112498139,0.2274442730720148,0.2355821343638295
1455,V,LSTM,2022-09-01,2024-09-01,6,0.5859781031692378,0.5540122121382363,0.3397660456183057,0.4249542745096347,0.2139213603591046
1456,V,LSTM,2022-09-01,2024-09-01,7,0.3335596916241025,0.3244848540086943,0.3524806067249961,0.335432970709337,0.2320911986393713
1457,V,LSTM,2022-09-01,2024-09-01,8,0.4719193286277965,0.5396425343038581,0.7784416548874253,0.4266952355402848,0.2119880581383894
1458,V,LSTM,2022-09-01,2024-09-01,9,0.4144628071849361,0.4432484456826253,0.3923889859567809,0.40256032216485,0.2262846724356758
1459,V,LSTM,2022-09-01,2024-09-01,10,0.4699019642139284,0.2758438553695528,0.4381381852066006,0.4074788512728153,0.2198218329659886
1460,V,LSTM,2022-09-01,2024-09-01,11,0.3691525447478512,0.2325758883654295,0.2987214772000193,0.2808416398381008,0.2138566190198562
1461,V,LSTM,2022-09-01,2024-09-01,12,0.3016280608027184,0.4380555511773822,0.2825695909491816,0.3825005844654951,0.2136153052418841
1462,V,LSTM,2022-09-01,2024-09-01,13,0.300333856722319,0.2770277121921047,0.260786879130339,0.2507316773590832,0.2172579091670638
1463,V,LSTM,2022-09-01,2024-09-01,14,0.5217978564511009,0.2794254510571716,0.3369684815893461,0.3468566193523793,0.2104208947106498
1464,V,LSTM,2022-09-01,2024-09-01,15,0.260794252369454,0.2390031418902882,0.2539714027158187,0.2678474146399469,0.2148920733015527
1465,V,LSTM,2022-09-01,2024-09-01,16,0.3657067271816795,0.3259646445495111,0.3516902609804294,0.2874491344623077,0.2110704184876286
1466,V,LSTM,2022-09-01,2024-09-01,17,0.395491936032843,0.3337108509272887,0.3282204490942979,0.3530553385979667,0.2226638170330366
1467,V,LSTM,2022-09-01,2024-09-01,18,0.2407198207732832,0.2937060003945346,0.2530742857916157,0.33327968122574,0.2143318262618246
1468,V,LSTM,2022-09-01,2024-09-01,19,0.4324854604763826,0.2941196100448575,0.2977559932012666,0.2733431478050208,0.2164579261337526
1469,V,LSTM,2022-09-01,2024-09-01,20,0.4754839874185005,0.4163070940808077,0.2908329227953955,0.3014071980483988,0.2417504904481093
1470,V,LSTM,2022-09-01,2024-09-01,21,0.2553218004944509,0.2635718633378951,0.2742046879300475,0.3178811135970386,0.2176567368988116
1471,V,LSTM,2022-09-01,2024-09-01,22,0.2739783762099734,0.2549193744422829,0.2607331039416434,0.2493903717837501,0.2130180288084716
1472,V,LSTM,2022-09-01,2024-09-01,23,0.2406017911311577,0.2543669807025155,0.2603393263017106,0.2625292836659694,0.2306586051212099
1473,V,LSTM,2022-09-01,2024-09-01,24,0.2458203282841343,0.2156605986894514,0.2295498722459306,0.2578104243704123,0.2259031721943344
1474,V,LSTM,2022-09-01,2024-09-01,25,0.392915350848102,0.2658704557326715,0.3135406890188946,0.2725035145569793,0.2177297783071334
1475,V,LSTM,2022-09-01,2024-09-01,26,0.3495870953199455,0.3375390120260841,0.3344714388724047,0.2364127996268586,0.2112651849287588
1476,V,LSTM,2022-09-01,2024-09-01,27,0.2845785475402773,0.2517427330809701,0.2899739432590157,0.2407551311993686,0.212292130153095
1477,V,LSTM,2022-09-01,2024-09-01,28,0.391711011765824,0.4656521681425113,0.3497812572147604,0.4156068779477592,0.2142949102629554
1478,V,LSTM,2022-09-01,2024-09-01,29,0.3099797863058426,0.2809416355567592,0.2644063014982542,0.3193267788394538,0.2119521175986568
1479,V,LSTM,2022-09-01,2024-09-01,30,0.2626972735771584,0.3297847895881068,0.2828869243881179,0.2744147564437821,0.2185999765911495
1480,V,LSTM,2022-09-01,2024-09-01,31,0.2828461865468055,0.4050569388132664,0.3333004975406103,0.4761819055076527,0.2679173168695145
1481,V,LSTM,2022-09-01,2024-09-01,32,0.3482524501882102,0.2665540387917373,0.2998881171922272,0.3137867634066512,0.2142117220456647
1482,V,LSTM,2022-09-01,2024-09-01,33,0.3484504423664812,0.3220049137887912,0.3446197279915218,0.2921892058512526,0.2403389280911152
1483,V,LSTM,2022-09-01,2024-09-01,34,0.4824920694071391,0.3400233490818479,0.41107635809069,0.3493816430192175,0.2145550224799925
1484,V,LSTM,2022-09-01,2024-09-01,35,0.2613475956550876,0.2936574070970617,0.2930362707454247,0.2863212029231874,0.2163275605611636
1485,V,LSTM,2022-09-01,2024-09-01,36,0.2436551649783574,0.2731222136765068,0.2384119125974519,0.2462986142044051,0.211768305105948
1486,V,LSTM,2022-09-01,2024-09-01,37,0.2997050413017509,0.2408182586201679,0.2936080168868349,0.2734334534298945,0.2112357076797376
1487,V,LSTM,2022-09-01,2024-09-01,38,0.2472477306790712,0.2406348822226136,0.2596131657405475,0.2581220936475254,0.21501613409709
1488,V,LSTM,2022-09-01,2024-09-01,39,0.3075612025098372,0.2555496223389298,0.2599666107363531,0.2498920222777154,0.2178210090670162
1489,V,LSTM,2022-09-01,2024-09-01,40,0.2635171636071536,0.2460018690186702,0.2770694138290899,0.2447347700380646,0.2129996752731503
1490,V,LSTM,2022-09-01,2024-09-01,41,0.6343568477203507,0.488735710680548,0.632362488161906,0.5011750143135518,0.225183426093618
1491,V,LSTM,2022-09-01,2024-09-01,42,0.2491117498170347,0.3185908572334004,0.3238122393460911,0.2664191088079014,0.2125231843207247
1492,V,LSTM,2022-09-01,2024-09-01,43,0.2783440724476688,0.2315191218138972,0.2519105857842613,0.250968134150985,0.2288016635864703
1493,V,LSTM,2022-09-01,2024-09-01,44,0.3502453257279647,0.2879762494224498,0.2421423689934085,0.3392529403877893,0.2110802056100274
1494,V,LSTM,2022-09-01,2024-09-01,45,0.506359386591291,0.4573225516797352,0.4614377306421515,0.4257952642605803,0.2124330212521057
1495,V,LSTM,2022-09-01,2024-09-01,46,0.2914109730993625,0.326250262381462,0.2889269350249049,0.2412650021715386,0.2197486426370788
1496,V,LSTM,2022-09-01,2024-09-01,47,0.2826797329015212,0.262214255630015,0.2669888883279808,0.2610073635105029,0.2199362126508894
1497,V,LSTM,2022-09-01,2024-09-01,48,0.2692606597959244,0.2567780195814529,0.2706286773891169,0.2546343053806555,0.2102090920651656
1498,V,LSTM,2022-09-01,2024-09-01,49,0.2703539514117443,0.3042211815027265,0.2612733299694053,0.2588033412039299,0.2178354679838107
1499,V,LSTM,2022-09-01,2024-09-01,50,0.2783422327170571,0.2342469766367917,0.3045272086612335,0.2970257239900747,0.2130150289017459
1500,V,LSTM,2023-05-01,2025-05-01,1,0.2491469555451346,0.5522795869019822,0.5067616480460945,0.3171847266572107,0.2606835693867682
1501,V,LSTM,2023-05-01,2025-05-01,2,0.2651775137235025,0.3659168386331361,0.360510132476915,0.3508081812799964,0.2400335869005154
1502,V,LSTM,2023-05-01,2025-05-01,3,0.2287671130281948,0.2635482888021467,0.3432181826714784,0.296493351365063,0.2319755703705209
1503,V,LSTM,2023-05-01,2025-05-01,4,0.2649885734394505,0.2640262739246287,0.2952813064090749,0.2627020689266743,0.2363858707363806
1504,V,LSTM,2023-05-01,2025-05-01,5,0.2304116790105929,0.2813538644684423,0.2801172345307027,0.2693575751745639,0.2367861459299477
1505,V,LSTM,2023-05-01,2025-05-01,6,0.310791975673511,0.4947386543296764,0.3084730735158048,0.3240878341014971,0.2343762233289084
1506,V,LSTM,2023-05-01,2025-05-01,7,0.2711158022116832,0.4130002609236238,0.2979720252933067,0.3301186660032125,0.2396804220919205
1507,V,LSTM,2023-05-01,2025-05-01,8,0.2347943094658203,0.2963816690098638,0.2818120174682502,0.2916182468091044,0.2386770996136463
1508,V,LSTM,2023-05-01,2025-05-01,9,0.2691006425501101,0.4663646973169287,0.298314893793412,0.3269192438035709,0.2360613862332681
1509,V,LSTM,2023-05-01,2025-05-01,10,0.3567166652601819,0.5314275614447573,0.3165104749370186,0.3754683084214918,0.238855298813413
1510,V,LSTM,2023-05-01,2025-05-01,11,0.217571590296985,0.2507854835846556,0.2736976815304101,0.2576618833451953,0.2527894307117216
1511,V,LSTM,2023-05-01,2025-05-01,12,0.2849401471384917,0.2806424335878941,0.3621862885285634,0.3842581224827848,0.2327543689038826
1512,V,LSTM,2023-05-01,2025-05-01,13,0.2245186953121061,0.3825856489495178,0.2831219279551922,0.2890773439898289,0.2415644508267495
1513,V,LSTM,2023-05-01,2025-05-01,14,0.2626614396121349,0.3962787480362799,0.393379304525874,0.2993919379195205,0.2369152824418041
1514,V,LSTM,2023-05-01,2025-05-01,15,0.223818811880298,0.3342438822486236,0.2887897869863255,0.2674858286527281,0.2360266225379708
1515,V,LSTM,2023-05-01,2025-05-01,16,0.2216466386017282,0.2862342833133294,0.280176225729445,0.2623431600948397,0.2343371121453268
1516,V,LSTM,2023-05-01,2025-05-01,17,0.2439125100740476,0.2714628424040856,0.3159710932138443,0.2620043133042429,0.2329037601850307
1517,V,LSTM,2023-05-01,2025-05-01,18,0.5054568535389748,0.6327394504955706,0.6412294919089269,0.540286839070755,0.2399942114575776
1518,V,LSTM,2023-05-01,2025-05-01,19,0.3763406027562178,0.3456798415146988,0.3109474225992236,0.3459691917748265,0.2380139066664542
1519,V,LSTM,2023-05-01,2025-05-01,20,0.2280530749309758,0.3105823651251724,0.2778482651543741,0.2730492606479366,0.2386990241437403
1520,V,LSTM,2023-05-01,2025-05-01,21,0.3152154753770159,0.4451472076244073,0.3709564193536328,0.2600371488146026,0.2312131901118747
1521,V,LSTM,2023-05-01,2025-05-01,22,0.4942722381250337,0.5313535206600178,0.4478328758021591,0.4927724427567463,0.2855544075388199
1522,V,LSTM,2023-05-01,2025-05-01,23,0.4075483495987291,0.5213317404544406,0.3624341196100706,0.4315501374532223,0.2333980349914096
1523,V,LSTM,2023-05-01,2025-05-01,24,0.2827577522116254,0.4981777869051176,0.3115011319839265,0.2785357995358127,0.2321394158008809
1524,V,LSTM,2023-05-01,2025-05-01,25,0.2201044140654488,0.4615065941350008,0.3985377980758554,0.3217935996075909,0.2356507201143339
1525,V,LSTM,2023-05-01,2025-05-01,26,0.4302066936661623,0.6752761941776959,0.5914876602054943,0.529758549935493,0.2321329658611372
1526,V,LSTM,2023-05-01,2025-05-01,27,0.2297903450545204,0.3279408302632723,0.2743031362363325,0.2751409188027848,0.2295002302266887
1527,V,LSTM,2023-05-01,2025-05-01,28,0.2507571847212718,0.320937000832584,0.3644305973240684,0.3352952806451708,0.2342563154622267
1528,V,LSTM,2023-05-01,2025-05-01,29,0.4232282201608697,0.8916345281917901,0.5404769305807035,0.4979093436941108,0.2388850701233478
1529,V,LSTM,2023-05-01,2025-05-01,30,0.2125718795384372,0.3508831846048913,0.2760105314323685,0.2525981446417992,0.2405016397490197
1530,V,LSTM,2023-05-01,2025-05-01,31,0.2623877599305275,0.3371370560474972,0.4152822223865235,0.3870935880533125,0.2338855960405127
1531,V,LSTM,2023-05-01,2025-05-01,32,0.3032542467056449,0.3178431691625145,0.4082965510116259,0.4065423448960997,0.2332849628236145
1532,V,LSTM,2023-05-01,2025-05-01,33,0.2579063520165294,0.3453933046516151,0.3068629885046439,0.3500684790562026,0.2394900454791898
1533,V,LSTM,2023-05-01,2025-05-01,34,0.2414509311449398,0.2929988605177998,0.2847779260722169,0.2674781938626299,0.2354249772783145
1534,V,LSTM,2023-05-01,2025-05-01,35,0.3106495887272971,0.5025476186402349,0.4238116879351369,0.3645189518180052,0.2333099063572702
1535,V,LSTM,2023-05-01,2025-05-01,36,0.2178957063767365,0.3077998951235609,0.2673546016196746,0.2571532205560846,0.2409848754514414
1536,V,LSTM,2023-05-01,2025-05-01,37,0.257690945219666,0.5644157621209558,0.3209005915961104,0.3258180921567536,0.2386633859759371
1537,V,LSTM,2023-05-01,2025-05-01,38,0.2275141590103827,0.3528948302408684,0.6009124533802535,0.302314830046528,0.281432620539453
1538,V,LSTM,2023-05-01,2025-05-01,39,0.2446318131636752,0.2574744400539043,0.3471054682512511,0.267691687390394,0.2424106182561008
1539,V,LSTM,2023-05-01,2025-05-01,40,0.2550384632586635,0.3111366114897296,0.3052943670965117,0.3272941693130946,0.2329469668247125
1540,V,LSTM,2023-05-01,2025-05-01,41,0.2495258626824349,0.5888313215035162,0.4010057756299497,0.3490854652311039,0.2342839656181914
1541,V,LSTM,2023-05-01,2025-05-01,42,0.2599736420103885,0.2991961251429499,0.3267768824350391,0.3110224815063986,0.2331824738509056
1542,V,LSTM,2023-05-01,2025-05-01,43,0.2880359383474054,0.5867232487464723,0.288744212814487,0.4238728862295247,0.2368022970800623
1543,V,LSTM,2023-05-01,2025-05-01,44,0.251696246970342,0.2467738250076684,0.3076548024126014,0.2796850351879552,0.2282936808205929
1544,V,LSTM,2023-05-01,2025-05-01,45,0.3905594962543543,0.7087165197724872,0.4058115046428489,0.4904175817528232,0.2342020555455722
1545,V,LSTM,2023-05-01,2025-05-01,46,0.4234168263004008,0.7283586923694148,0.5273867753341386,0.4558761730125781,0.2375090948862022
1546,V,LSTM,2023-05-01,2025-05-01,47,0.2374230521090585,0.2413541132351155,0.2968570462078229,0.2668912581704519,0.2310898960640565
1547,V,LSTM,2023-05-01,2025-05-01,48,0.2771789769923626,0.265811957649447,0.2896002193353325,0.266355887645039,0.2327686109447445
1548,V,LSTM,2023-05-01,2025-05-01,49,0.2434166646424108,0.3113456626641921,0.2916579725094467,0.319655039887657,0.2333365340857153
1549,V,LSTM,2023-05-01,2025-05-01,50,0.2502380753804049,0.2700834732888853,0.2849527106421263,0.2583700829896832,0.254738759305067
1550,V,LSTM,2024-01-01,2026-01-01,1,0.2094442460850404,0.2696032235602082,0.2207111150611201,0.2494627419489375,0.1968733601767892
1551,V,LSTM,2024-01-01,2026-01-01,2,0.2614239990301315,0.2495870612569625,0.2758860487747472,0.2763841579658719,0.195377179715403
1552,V,LSTM,2024-01-01,2026-01-01,3,0.2142883995242079,0.237638831650872,0.2346255745807234,0.2609792380711018,0.1962881165860586
1553,V,LSTM,2024-01-01,2026-01-01,4,0.3516553591660564,0.4050759500545603,0.4022857270513384,0.4126187629305239,0.1976873642972137
1554,V,LSTM,2024-01-01,2026-01-01,5,0.3485913845851776,0.4241172488945524,0.321262064247541,0.3854083982794497,0.1979758947028075
1555,V,LSTM,2024-01-01,2026-01-01,6,0.3521050144494823,0.3033320931103607,0.319917175623382,0.3064854449384337,0.1959646294192
1556,V,LSTM,2024-01-01,2026-01-01,7,0.2637752041525807,0.2785441309596422,0.2659030733030136,0.2687562532252754,0.1952023535184242
1557,V,LSTM,2024-01-01,2026-01-01,8,0.2924317196995351,0.3161857318164365,0.4098976683598122,0.3712031451551808,0.1977856423934974
1558,V,LSTM,2024-01-01,2026-01-01,9,0.3645173787084139,0.3477461654424257,0.3384764550431065,0.4280630061946253,0.1973747019293761
1559,V,LSTM,2024-01-01,2026-01-01,10,0.2302731777463204,0.2426844765256601,0.2240499873764345,0.2445893055202292,0.198662402197268
1560,V,LSTM,2024-01-01,2026-01-01,11,0.3516202813625378,0.3801885655681857,0.441800565760179,0.3975488804109943,0.1983793633702454
1561,V,LSTM,2024-01-01,2026-01-01,12,0.2490493106232441,0.2207509745280897,0.2192567078404858,0.2278877577574715,0.2035137781415057
1562,V,LSTM,2024-01-01,2026-01-01,13,0.2573371681089568,0.2356857552983804,0.2252055178603446,0.2344131117902889,0.1969179506920346
1563,V,LSTM,2024-01-01,2026-01-01,14,0.3051524383457206,0.3115340204325209,0.3561205962852042,0.2757378196956832,0.1977917805403982
1564,V,LSTM,2024-01-01,2026-01-01,15,0.3262435362206325,0.3438978076217446,0.3279136204613898,0.3215330380010144,0.1961857391588356
1565,V,LSTM,2024-01-01,2026-01-01,16,0.243793624676212,0.2314498686920409,0.2929629996594897,0.2425822390242754,0.2009997613524991
1566,V,LSTM,2024-01-01,2026-01-01,17,0.2882827280380095,0.2873386850232863,0.3164897515165655,0.2915570091838474,0.1979224072929861
1567,V,LSTM,2024-01-01,2026-01-01,18,0.2181067025366863,0.2482569385322321,0.2226121094836773,0.2420488512354781,0.1999579225091783
1568,V,LSTM,2024-01-01,2026-01-01,19,0.2326896834172244,0.2504270464205226,0.2385055639897844,0.2502917649694217,0.1998845360033966
1569,V,LSTM,2024-01-01,2026-01-01,20,0.2330336956703987,0.2377910796606811,0.2563103994981638,0.2500396418647792,0.1991717344896753
1570,V,LSTM,2024-01-01,2026-01-01,21,0.268005013922405,0.2512942630372443,0.3546313006182792,0.2870154928943265,0.1991470063601291
1571,V,LSTM,2024-01-01,2026-01-01,22,0.2861802043242742,0.277641380199641,0.2351792748912721,0.2588479409129768,0.2096126101775226
1572,V,LSTM,2024-01-01,2026-01-01,23,0.2633193513736749,0.2425559357522732,0.2457373344939479,0.23369059692296,0.1961900468165074
1573,V,LSTM,2024-01-01,2026-01-01,24,0.3145665340445578,0.3142446188663987,0.3393406699167641,0.3158296070371985,0.19735598122667
1574,V,LSTM,2024-01-01,2026-01-01,25,0.2542329709354635,0.2423606173799031,0.2833413834228454,0.2348027757646279,0.1981816247280018
1575,V,LSTM,2024-01-01,2026-01-01,26,0.4853973468051006,0.4750504845099988,0.5253721274886105,0.5108714975033125,0.2011759610980636
1576,V,LSTM,2024-01-01,2026-01-01,27,0.4768205179996858,0.4623206543893267,0.4327476805650812,0.4199685083634312,0.2017556555763205
1577,V,LSTM,2024-01-01,2026-01-01,28,0.207826795003844,0.2953838923191031,0.2161389636883236,0.2568428173898567,0.1991057331900795
1578,V,LSTM,2024-01-01,2026-01-01,29,0.2426719524579798,0.3374959978283497,0.3702023579425433,0.305820746225641,0.1958433334429617
1579,V,LSTM,2024-01-01,2026-01-01,30,0.2023577183351039,0.2320127319185844,0.249409484726924,0.2511067936153212,0.1995323336729349
1580,V,LSTM,2024-01-01,2026-01-01,31,0.2238715691675691,0.2374754334668071,0.2246145737468043,0.2414164002642631,0.1972214447585827
1581,V,LSTM,2024-01-01,2026-01-01,32,0.335327649239558,0.320732652004831,0.3216430747688865,0.3416862084640628,0.2009101498355785
1582,V,LSTM,2024-01-01,2026-01-01,33,0.7008847048367537,0.5063569647225973,0.6972851610281711,0.6259038766148484,0.220538614885448
1583,V,LSTM,2024-01-01,2026-01-01,34,0.2324963685665759,0.2470837154004572,0.2626571927371398,0.2886697537542401,0.196239911702639
1584,V,LSTM,2024-01-01,2026-01-01,35,0.2147254510352339,0.2377718853209069,0.2473352278326544,0.2510935523151444,0.1972072758627089
1585,V,LSTM,2024-01-01,2026-01-01,36,0.3215090349082948,0.2537277477243398,0.3285853516275343,0.3152482117408077,0.1968264148430274
1586,V,LSTM,2024-01-01,2026-01-01,37,0.217700876254793,0.2427610594689671,0.2235578739384684,0.2481854048286251,0.1997895814241902
1587,V,LSTM,2024-01-01,2026-01-01,38,0.2140621489335291,0.2205701736737018,0.2151831060990066,0.2362077462071686,0.2009627877624442
1588,V,LSTM,2024-01-01,2026-01-01,39,0.3088771865840011,0.3157806785100424,0.3083984581427714,0.3213393626094392,0.1987966974193253
1589,V,LSTM,2024-01-01,2026-01-01,40,0.2646738512501886,0.2553246676565904,0.2291450993377094,0.2552934519917623,0.1960400841355432
1590,V,LSTM,2024-01-01,2026-01-01,41,0.2810297846609644,0.2507924814689724,0.2445922368659732,0.2822524193543007,0.1979458847120151
1591,V,LSTM,2024-01-01,2026-01-01,42,0.2611063735438716,0.2790820848483256,0.2454533059480156,0.2869438523539648,0.1959444224904524
1592,V,LSTM,2024-01-01,2026-01-01,43,0.2704228710185887,0.268415633619667,0.2454055502524444,0.2733053893660211,0.1976387472593481
1593,V,LSTM,2024-01-01,2026-01-01,44,0.2432538951444392,0.2595080654800182,0.2189897119806358,0.284033749107291,0.1999250842660252
1594,V,LSTM,2024-01-01,2026-01-01,45,0.2495551033391893,0.2588914431769692,0.235806609363587,0.2528234156577483,0.1962026496797217
1595,V,LSTM,2024-01-01,2026-01-01,46,0.2353353240246727,0.294466711715669,0.3166841852884569,0.2371736519285656,0.1957331087972462
1596,V,LSTM,2024-01-01,2026-01-01,47,0.2429398329852138,0.2533564346209319,0.2456734425713571,0.2833081355423149,0.1970343724511361
1597,V,LSTM,2024-01-01,2026-01-01,48,0.2837397945120049,0.3185069354257433,0.2378065550022304,0.2858149823676021,0.1955304765192189
1598,V,LSTM,2024-01-01,2026-01-01,49,0.4162674925179033,0.4810585676042713,0.4556373691834161,0.4720767962433894,0.1962713356302272
1599,V,LSTM,2024-01-01,2026-01-01,50,0.2855216555929512,0.2754787963617585,0.2111915284314501,0.2470992675768007,0.197330916047572
1600,L_TO,LSTM,2022-01-01,2024-01-01,1,0.4466473140635022,0.3120044251228807,0.4373133217456664,0.3337024654035849,0.2144667973199823
1601,L_TO,LSTM,2022-01-01,2024-01-01,2,0.3556198639385087,0.4291623206978345,0.2992791549192503,0.3569305254565684,0.2124813319792371
1602,L_TO,LSTM,2022-01-01,2024-01-01,3,1.0138845703138912,0.3429390529078638,0.398051802942541,0.3754062616310518,0.2172783559423053
1603,L_TO,LSTM,2022-01-01,2024-01-01,4,0.2725917708155522,0.2590258108466554,0.2787711646071116,0.2680074968222373,0.1998200438267544
1604,L_TO,LSTM,2022-01-01,2024-01-01,5,0.2922766354104876,0.3409928042731421,0.3515105541268827,0.3000540162134015,0.2063489063356558
1605,L_TO,LSTM,2022-01-01,2024-01-01,6,0.2970221305673589,0.2955123372018715,0.3113191094194983,0.3085575745762146,0.2045148110819645
1606,L_TO,LSTM,2022-01-01,2024-01-01,7,0.4242639920170339,0.3730353989733953,0.3774889779073783,0.4261258924907788,0.2032477925952643
1607,L_TO,LSTM,2022-01-01,2024-01-01,8,0.2906560516813728,0.3319784436343117,0.3163863523801234,0.3119731076869387,0.2154487780156167
1608,L_TO,LSTM,2022-01-01,2024-01-01,9,0.4361915485117738,0.286818853404066,0.2645935843983203,0.3856842870458262,0.2022445708203371
1609,L_TO,LSTM,2022-01-01,2024-01-01,10,0.4488628918633924,0.4257266853041493,0.466489110619191,0.4615822593778437,0.198384529311984
1610,L_TO,LSTM,2022-01-01,2024-01-01,11,0.3606795804623172,0.4241545250786906,0.3188288971736502,0.3396429240241908,0.2251518736513383
1611,L_TO,LSTM,2022-01-01,2024-01-01,12,0.3370555321757159,0.3375782686581485,0.348696562427742,0.3467081694992231,0.2118044685493129
1612,L_TO,LSTM,2022-01-01,2024-01-01,13,0.2866635648306576,0.2491097469364552,0.2833934323240301,0.2714598247578224,0.194965249716162
1613,L_TO,LSTM,2022-01-01,2024-01-01,14,0.2432712812622041,0.2806397815998515,0.2838625412977654,0.3020779804013138,0.1998009578779764
1614,L_TO,LSTM,2022-01-01,2024-01-01,15,0.320968301183863,0.4686012465265232,0.5074186601693964,0.4693282922591569,0.1979996621338096
1615,L_TO,LSTM,2022-01-01,2024-01-01,16,0.2895797954394716,0.3072793675478129,0.3469007153012322,0.3304452626388225,0.2010548662021564
1616,L_TO,LSTM,2022-01-01,2024-01-01,17,0.2769104928410304,0.3506392377142331,0.3345209712873598,0.3320101619488675,0.2082199195648244
1617,L_TO,LSTM,2022-01-01,2024-01-01,18,0.2808336690546095,0.362156365200146,0.3273298839123156,0.3666304531493498,0.2061763702589379
1618,L_TO,LSTM,2022-01-01,2024-01-01,19,0.2802360659766765,0.2876333452012937,0.3189119472045907,0.3032537592186914,0.2174683232027576
1619,L_TO,LSTM,2022-01-01,2024-01-01,20,0.2778465541892791,0.2786910662358734,0.3037877095425427,0.275934917066618,0.203658906130028
1620,L_TO,LSTM,2022-01-01,2024-01-01,21,0.2593479925836225,0.2754771566118989,0.4060075974974714,0.3519759593323732,0.2042017445443093
1621,L_TO,LSTM,2022-01-01,2024-01-01,22,0.5189798438246054,0.4944472649353006,0.3646401606976849,0.4636286845796707,0.2337731898600573
1622,L_TO,LSTM,2022-01-01,2024-01-01,23,0.3071795045948808,0.4199727307650563,0.2977964486662003,0.3008475709601872,0.1983086621235974
1623,L_TO,LSTM,2022-01-01,2024-01-01,24,0.3553707380158452,0.4446471093266895,0.584852354537874,0.5218907086310236,0.195854493613174
1624,L_TO,LSTM,2022-01-01,2024-01-01,25,0.2560627548854706,0.3084741129826083,0.2949670328490056,0.2404085305934068,0.2101826752373949
1625,L_TO,LSTM,2022-01-01,2024-01-01,26,0.2564028189227885,0.2846753865161084,0.2616229540117314,0.2462832238944105,0.1945196499910792
1626,L_TO,LSTM,2022-01-01,2024-01-01,27,0.3945427177599687,0.4326402170361816,0.3818083707931115,0.408189564732276,0.1993655317653991
1627,L_TO,LSTM,2022-01-01,2024-01-01,28,0.3135067992690468,0.3541886014691233,0.3238919864195809,0.297726145632594,0.1962790940812862
1628,L_TO,LSTM,2022-01-01,2024-01-01,29,0.2783232465750165,0.3079516827770469,0.278915472028078,0.2694894141364709,0.2053717235725598
1629,L_TO,LSTM,2022-01-01,2024-01-01,30,0.2756018097370429,0.249976805754721,0.3108430946302861,0.2642904487959284,0.1963894193063876
1630,L_TO,LSTM,2022-01-01,2024-01-01,31,0.2564574996146166,0.2808092849203933,0.3179264823376069,0.2532612333886065,0.1965958879564096
1631,L_TO,LSTM,2022-01-01,2024-01-01,32,0.3303216447906885,0.3852975097644869,0.6416010726954511,0.3873724785392021,0.2171828748540825
1632,L_TO,LSTM,2022-01-01,2024-01-01,33,0.3211307340734772,0.2845018674012372,0.4338637602697651,0.2734581938632759,0.1985391023518691
1633,L_TO,LSTM,2022-01-01,2024-01-01,34,0.2839391509611716,0.278694279877424,0.2947793482368801,0.2938210107301429,0.1972741461558398
1634,L_TO,LSTM,2022-01-01,2024-01-01,35,0.274404098237036,0.3536339629040698,0.3661801004564693,0.3448899495086903,0.197908646400306
1635,L_TO,LSTM,2022-01-01,2024-01-01,36,0.3640968792214997,0.3346007471062117,0.3268323210394548,0.3005535591976084,0.1995520550144791
1636,L_TO,LSTM,2022-01-01,2024-01-01,37,0.4796422927488861,0.4385760443258594,0.4243861769392187,0.4250443329887041,0.2055520476379177
1637,L_TO,LSTM,2022-01-01,2024-01-01,38,0.2561828007406567,0.2670031349051933,0.2920647272753985,0.3004053530883753,0.2057190469117534
1638,L_TO,LSTM,2022-01-01,2024-01-01,39,0.3880946453931139,0.2523996388115267,0.386064381829619,0.257223987526763,0.1983496287241735
1639,L_TO,LSTM,2022-01-01,2024-01-01,40,0.3160966847701103,0.2686183161971704,0.2682090662715415,0.2827274486971157,0.2172038782635363
1640,L_TO,LSTM,2022-01-01,2024-01-01,41,0.3776276292594424,0.3564450595213645,0.4460640905467307,0.491929175504217,0.1968306181645876
1641,L_TO,LSTM,2022-01-01,2024-01-01,42,0.3024819035907696,0.3712620530504738,0.3485606762505299,0.3134513736559089,0.1946691132876995
1642,L_TO,LSTM,2022-01-01,2024-01-01,43,0.3294826436687786,0.3184396120836779,0.3058914191959557,0.3165242255151306,0.2013097456004499
1643,L_TO,LSTM,2022-01-01,2024-01-01,44,0.5770673241060524,0.4307631163464024,0.3158899455884446,0.4129598352163647,0.2023836308363804
1644,L_TO,LSTM,2022-01-01,2024-01-01,45,0.4042989277718098,0.2424834758426072,0.2889132940529039,0.2460508723401912,0.2001502875151813
1645,L_TO,LSTM,2022-01-01,2024-01-01,46,0.4455739200801318,0.4916791907847488,0.4438487770079671,0.4423385631483726,0.2015089942844694
1646,L_TO,LSTM,2022-01-01,2024-01-01,47,0.3137194435487467,0.2537086147456279,0.3393583311490184,0.2581820322422661,0.2005823461986969
1647,L_TO,LSTM,2022-01-01,2024-01-01,48,0.2598730725804949,0.2828770119165097,0.2877753250350565,0.2854148587845433,0.2097744453592563
1648,L_TO,LSTM,2022-01-01,2024-01-01,49,0.5290235003123293,0.2859676648024571,0.4542413668362671,0.272757517583183,0.1975827984807631
1649,L_TO,LSTM,2022-01-01,2024-01-01,50,0.2863824889366869,0.2727375271929751,0.3119063821198278,0.3200041596995226,0.2035480890266174
1650,L_TO,LSTM,2022-09-01,2024-09-01,1,1.2324675111317591,1.053009838330905,0.5516203770398435,1.283249890151389,0.2617344064984543
1651,L_TO,LSTM,2022-09-01,2024-09-01,2,0.2783507760921198,0.3486660686187302,0.3012513035847348,0.2602692809416906,0.3703467278550559
1652,L_TO,LSTM,2022-09-01,2024-09-01,3,0.5192201151476833,0.417102077579948,0.3401873156833366,0.3174398572072283,0.3564774071016724
1653,L_TO,LSTM,2022-09-01,2024-09-01,4,0.9352736254176018,0.2458892809226952,0.3915758604457974,0.3140730214402652,0.3219240874914819
1654,L_TO,LSTM,2022-09-01,2024-09-01,5,0.3463606643963181,0.4297880898334119,0.4513178788317564,0.3295276508076995,0.2701989817968591
1655,L_TO,LSTM,2022-09-01,2024-09-01,6,0.513542242608129,0.4888368012013203,0.3212848101175683,0.2988349033479363,0.4177859140640494
1656,L_TO,LSTM,2022-09-01,2024-09-01,7,0.247368935882118,0.2495282905428608,0.2914055055200112,0.2107479807876096,0.3114372206736094
1657,L_TO,LSTM,2022-09-01,2024-09-01,8,0.76809069811204,0.9207852752981682,0.7414050034699498,0.5233889829433621,0.3906935387476244
1658,L_TO,LSTM,2022-09-01,2024-09-01,9,0.2880038537030909,0.2370711944407067,0.2824947650781163,0.2126149351576566,0.2889594525100066
1659,L_TO,LSTM,2022-09-01,2024-09-01,10,0.2647609412127216,0.299754888262837,0.2782147951725783,0.2470070300822256,0.2944545794274099
1660,L_TO,LSTM,2022-09-01,2024-09-01,11,0.5236026975016294,0.367247149176252,0.6587184084773652,0.3363445128965984,0.263798563043685
1661,L_TO,LSTM,2022-09-01,2024-09-01,12,1.1266875192795849,1.2395409468533758,0.722488223799345,0.8784362223844678,0.350416295027221
1662,L_TO,LSTM,2022-09-01,2024-09-01,13,0.4987973519535567,0.2395658675521929,0.3638577682404902,0.3865716614577613,0.4423384094640396
1663,L_TO,LSTM,2022-09-01,2024-09-01,14,0.9685572657421062,0.5592430882953122,0.2982788168306762,0.696751770035484,0.4350625779204906
1664,L_TO,LSTM,2022-09-01,2024-09-01,15,0.389674549188276,0.3665532100252058,0.2829357903447903,0.2726673791466656,0.308392948753781
1665,L_TO,LSTM,2022-09-01,2024-09-01,16,0.4449059830144754,0.6033280415519799,0.5993778673680032,0.6153919307543408,0.4167754722997909
1666,L_TO,LSTM,2022-09-01,2024-09-01,17,0.615848065728208,0.4416510688433327,0.4381802588498898,0.445437825151232,0.2950790038628496
1667,L_TO,LSTM,2022-09-01,2024-09-01,18,0.2802753201636482,0.2440600157013334,0.2626276442065823,0.2734304535469507,0.3940751373380004
1668,L_TO,LSTM,2022-09-01,2024-09-01,19,0.3011774553808427,0.2468190310648854,0.4758238424535103,0.4041940507433232,0.29974055205981
1669,L_TO,LSTM,2022-09-01,2024-09-01,20,0.3626307709495955,0.3151918547064752,0.2906533715391236,0.286879090111251,0.2817866657245643
1670,L_TO,LSTM,2022-09-01,2024-09-01,21,0.6403636249044501,0.263298944902933,0.5848721777201537,0.2796594263623686,0.3647826742253881
1671,L_TO,LSTM,2022-09-01,2024-09-01,22,0.2489180586515782,0.3032910434448134,0.3151721103683483,0.214870179779052,0.3117536364345438
1672,L_TO,LSTM,2022-09-01,2024-09-01,23,0.3055956720464263,0.4072495736109685,0.2894677611640815,0.4996799140287793,0.2919209869816274
1673,L_TO,LSTM,2022-09-01,2024-09-01,24,1.1059947282988076,0.8970563728247558,0.8180815624296774,0.8421745202230682,0.352560398954306
1674,L_TO,LSTM,2022-09-01,2024-09-01,25,0.921907231885355,0.2677003081163049,0.331073462888977,0.3781203053192999,0.37563018397622
1675,L_TO,LSTM,2022-09-01,2024-09-01,26,0.3391241407306126,0.3965485035948824,0.50513744453769,0.5005367661263176,0.4006180508970004
1676,L_TO,LSTM,2022-09-01,2024-09-01,27,0.572763937598431,0.8753050320443074,0.702769121404437,0.6352923929462846,0.3504718885893835
1677,L_TO,LSTM,2022-09-01,2024-09-01,28,0.881939694198665,0.8833598241872725,0.3970729182708509,0.4936794415650808,0.4951539801261618
1678,L_TO,LSTM,2022-09-01,2024-09-01,29,1.81491237014474,1.3075279960929207,0.9987871160469226,1.5702536290987303,0.4346443277225572
1679,L_TO,LSTM,2022-09-01,2024-09-01,30,0.2606671065150269,0.2444281625970371,0.2666904134120439,0.2331596662621015,0.3700711646205657
1680,L_TO,LSTM,2022-09-01,2024-09-01,31,0.2627790612215882,0.3216787695216645,0.3072529145103772,0.3196271117382521,0.4763190387955049
1681,L_TO,LSTM,2022-09-01,2024-09-01,32,0.5401694572674259,0.6280060009802992,0.7231524716035169,0.573446446733858,0.2802320577734431
1682,L_TO,LSTM,2022-09-01,2024-09-01,33,0.2820328147684796,0.6540728258837014,0.3542110241987521,0.3824187392194967,0.3110591553345748
1683,L_TO,LSTM,2022-09-01,2024-09-01,34,0.2776095142038342,0.4569717069939597,0.3900175694965054,0.3264360786300941,0.2954383061002092
1684,L_TO,LSTM,2022-09-01,2024-09-01,35,0.2579393515456313,0.2434646413356052,0.644006210012568,0.3271855608692047,0.348897323098703
1685,L_TO,LSTM,2022-09-01,2024-09-01,36,0.2819887172375497,0.2539457136867402,0.3644068313341803,0.2757869974153121,0.3182558681469984
1686,L_TO,LSTM,2022-09-01,2024-09-01,37,3.0807473709338566,3.1320013266316624,3.4691359830380724,2.502240933650357,0.535846697150366
1687,L_TO,LSTM,2022-09-01,2024-09-01,38,0.4269939855750174,0.8312191976222177,1.0195453522472593,0.5160130437319652,0.3971673053955142
1688,L_TO,LSTM,2022-09-01,2024-09-01,39,0.5254228613361227,0.391453785458183,0.2965364968826449,0.258747233828019,0.2929997231078284
1689,L_TO,LSTM,2022-09-01,2024-09-01,40,0.463436173695286,0.8796455868060125,0.8874000410832005,0.6878073605511701,0.3405042993234264
1690,L_TO,LSTM,2022-09-01,2024-09-01,41,0.3727658163427635,0.3638144098755907,0.3427496359848054,0.2054987978250709,0.3191898335594895
1691,L_TO,LSTM,2022-09-01,2024-09-01,42,0.3263172549376834,0.2365805458600523,0.4305982894101461,0.2831789827572453,0.3280173854502305
1692,L_TO,LSTM,2022-09-01,2024-09-01,43,0.2615193770381746,0.7152398075158994,0.3098382383683066,0.736796410906377,0.2737522301661859
1693,L_TO,LSTM,2022-09-01,2024-09-01,44,0.2553539872649568,0.4922833094838361,0.4018829838188826,0.1943953775729563,0.3669553074384888
1694,L_TO,LSTM,2022-09-01,2024-09-01,45,0.2555906059130334,0.240229574000324,0.3243871395405853,0.250505469342311,0.3415587080291012
1695,L_TO,LSTM,2022-09-01,2024-09-01,46,0.6358796015385693,0.6506739739324876,0.9018957689271552,1.2517853511453336,0.3613915938233346
1696,L_TO,LSTM,2022-09-01,2024-09-01,47,0.5101272978227253,0.5809329972418353,0.4885128472869507,0.3443569923160992,0.3531093523726669
1697,L_TO,LSTM,2022-09-01,2024-09-01,48,0.5818487111445144,1.021499428887199,1.2814040887542204,1.291225561491079,0.3766869160717082
1698,L_TO,LSTM,2022-09-01,2024-09-01,49,0.9663092018183426,0.8651242395844363,1.0912451481901122,0.9742344308380144,0.373077731581748
1699,L_TO,LSTM,2022-09-01,2024-09-01,50,0.7416571911858062,1.3546717018663192,1.785714188696053,1.3595306824029136,0.4537172768782486
1700,L_TO,LSTM,2023-05-01,2025-05-01,1,0.2749369956528808,0.3087275701870215,0.3404267431668311,0.3643517726481961,0.2536487926908034
1701,L_TO,LSTM,2023-05-01,2025-05-01,2,0.2172910452485321,0.284202312083024,0.4105810241056808,0.2529221712333804,0.2440156329843352
1702,L_TO,LSTM,2023-05-01,2025-05-01,3,0.327600971845291,0.3214912913928793,0.2894711322907959,0.3593484280812966,0.2425906815110471
1703,L_TO,LSTM,2023-05-01,2025-05-01,4,0.197570550461714,0.2764070912297845,0.2683372200873672,0.2935326941557888,0.2251371528989793
1704,L_TO,LSTM,2023-05-01,2025-05-01,5,0.1545169844604102,0.274234131705549,0.3137864611083206,0.2620521220287495,0.2486426886663328
1705,L_TO,LSTM,2023-05-01,2025-05-01,6,0.3481118106035188,0.3983259519804143,0.4033620162237349,0.3476372020894566,0.2309350344241637
1706,L_TO,LSTM,2023-05-01,2025-05-01,7,0.438831684573878,0.406458981332744,0.4186495127083353,0.4113064637781611,0.2419595262236832
1707,L_TO,LSTM,2023-05-01,2025-05-01,8,0.5769710747896427,0.5934284272842714,0.6709064639233492,0.61501773337528,0.2582634665135805
1708,L_TO,LSTM,2023-05-01,2025-05-01,9,0.1622280817072997,0.1898062410068255,0.2338297220376589,0.2479364843079332,0.2476108585855135
1709,L_TO,LSTM,2023-05-01,2025-05-01,10,0.2071815749180891,0.235850183928352,0.2915259475742468,0.2002038661889272,0.2303366520831312
1710,L_TO,LSTM,2023-05-01,2025-05-01,11,0.432315215658309,0.4109456543481076,0.4570750790014221,0.4526345445560237,0.2294375064635249
1711,L_TO,LSTM,2023-05-01,2025-05-01,12,0.543418003669564,0.3903215776260019,0.3660345983617495,0.4824951235477947,0.2287631436456567
1712,L_TO,LSTM,2023-05-01,2025-05-01,13,0.2326888679798682,0.1641638524394817,0.1862374880723932,0.1551711458128694,0.2294162562579264
1713,L_TO,LSTM,2023-05-01,2025-05-01,14,0.2593991114663602,0.4310663694518966,0.3560142753575922,0.2476806160531646,0.2291915895718082
1714,L_TO,LSTM,2023-05-01,2025-05-01,15,0.5730460707291183,0.6729649449474233,0.7045092041684142,0.5952134022521104,0.2229655942766056
1715,L_TO,LSTM,2023-05-01,2025-05-01,16,0.4385292104722867,0.4085482730640914,0.3407273603734146,0.3607941052444512,0.2223618499587642
1716,L_TO,LSTM,2023-05-01,2025-05-01,17,0.1568795786729061,0.1852923878274983,0.2105316685656434,0.1618593109553609,0.241179403193821
1717,L_TO,LSTM,2023-05-01,2025-05-01,18,0.1602801760787049,0.2796264676831417,0.1741057830807477,0.2461735140065079,0.2612537194461449
1718,L_TO,LSTM,2023-05-01,2025-05-01,19,0.6191163366493028,0.5948783114864981,0.4460194094745092,0.5763818555858689,0.2230880788091067
1719,L_TO,LSTM,2023-05-01,2025-05-01,20,0.4467822763659388,0.490908469623151,0.3926461951331976,0.4342505785697788,0.2487233617017994
1720,L_TO,LSTM,2023-05-01,2025-05-01,21,0.167078394267026,0.228012929277453,0.2280311346886219,0.1580218515844103,0.244369802005302
1721,L_TO,LSTM,2023-05-01,2025-05-01,22,0.4688856466539116,0.5037937265170983,0.7157425655531955,0.4809616407658661,0.2232606775839264
1722,L_TO,LSTM,2023-05-01,2025-05-01,23,0.6292150121258466,0.2170626108303332,0.2275846652558962,0.1362345356314541,0.2262948780980622
1723,L_TO,LSTM,2023-05-01,2025-05-01,24,0.4067060135109838,0.4252852437954852,0.5812989424238307,0.5535761303764936,0.2364592382053394
1724,L_TO,LSTM,2023-05-01,2025-05-01,25,0.2185593216557259,0.2878584208906097,0.2578386904070519,0.2654912277789459,0.224248728901629
1725,L_TO,LSTM,2023-05-01,2025-05-01,26,0.4034619133928854,0.4152902981945874,0.3901858989857316,0.406689643120037,0.2274387838332562
1726,L_TO,LSTM,2023-05-01,2025-05-01,27,0.3189814503035722,0.2645593481707131,0.298772922880142,0.2646008882776012,0.2464060246816538
1727,L_TO,LSTM,2023-05-01,2025-05-01,28,0.1854119696960256,0.1539346961585244,0.1619173959453168,0.2943855624806648,0.2260860863225383
1728,L_TO,LSTM,2023-05-01,2025-05-01,29,0.195168827720357,0.1729942056207785,0.1620603014195817,0.1737406871644177,0.2999466989318804
1729,L_TO,LSTM,2023-05-01,2025-05-01,30,0.2784367418266795,0.2072929258458297,0.2853781105540665,0.2645902522628942,0.2319621488613704
1730,L_TO,LSTM,2023-05-01,2025-05-01,31,0.5444538310459774,0.528153616944476,0.5017130801580156,0.6087037211100197,0.229226181477173
1731,L_TO,LSTM,2023-05-01,2025-05-01,32,0.2812379895673157,0.2340684426481827,0.1750016400710708,0.2010167162417397,0.2303412850667137
1732,L_TO,LSTM,2023-05-01,2025-05-01,33,0.22917139419791,0.3250103677045642,0.2309813640444276,0.2828481146366581,0.2379895363028944
1733,L_TO,LSTM,2023-05-01,2025-05-01,34,0.1954608343831871,0.2049941916091166,0.5293339600417243,0.3332770024671447,0.2271900902634354
1734,L_TO,LSTM,2023-05-01,2025-05-01,35,0.2370621630399539,0.4010913093399285,0.6552747946808885,0.3383582657310278,0.225769364368314
1735,L_TO,LSTM,2023-05-01,2025-05-01,36,0.389133829387258,0.3958165510761612,0.4054995799491811,0.3939365982198224,0.2601090464609887
1736,L_TO,LSTM,2023-05-01,2025-05-01,37,0.1394094585500085,0.2906063022415017,0.4825167817711115,0.2712067910031868,0.2345879662743573
1737,L_TO,LSTM,2023-05-01,2025-05-01,38,0.3805426415148989,0.2944626281835593,0.3196984914787048,0.4228892161479062,0.2374454954093648
1738,L_TO,LSTM,2023-05-01,2025-05-01,39,0.2520149018352776,0.3392681117093942,0.3494392658669056,0.3050309634654243,0.2381349164896816
1739,L_TO,LSTM,2023-05-01,2025-05-01,40,0.3958276720857813,0.4537382017119694,0.4386094345608407,0.4688125093861483,0.2475443917214443
1740,L_TO,LSTM,2023-05-01,2025-05-01,41,0.5388556676235499,0.4713180368518315,0.5166842055707097,0.527151733978203,0.2354613997373557
1741,L_TO,LSTM,2023-05-01,2025-05-01,42,0.6867367078193609,0.5929181459358144,0.5824915675816827,0.73929302765333,0.2623960941797319
1742,L_TO,LSTM,2023-05-01,2025-05-01,43,0.1524673480246848,0.2446341390109708,0.3404426763407701,0.242295986442386,0.2256545901084871
1743,L_TO,LSTM,2023-05-01,2025-05-01,44,0.4661336618360429,0.4076535654554097,0.364204340007381,0.3093008256293415,0.2237422471974113
1744,L_TO,LSTM,2023-05-01,2025-05-01,45,0.2726894932624256,0.3212918711084536,0.4615866143425524,0.3337918300614503,0.2460510357454869
1745,L_TO,LSTM,2023-05-01,2025-05-01,46,0.2337571111261188,0.2131509979606405,0.2123226178955649,0.1685982649300215,0.2368548216816983
1746,L_TO,LSTM,2023-05-01,2025-05-01,47,0.3721583347676006,0.3286396416425804,0.4118259989370851,0.4097328972688732,0.2341199834181477
1747,L_TO,LSTM,2023-05-01,2025-05-01,48,0.2746281457351148,0.2717622481581646,0.3130775310365366,0.3022569885460129,0.2311997219206043
1748,L_TO,LSTM,2023-05-01,2025-05-01,49,0.2671015336413105,0.2553437457551754,0.1959825938428265,0.2537319169592553,0.2349234222911023
1749,L_TO,LSTM,2023-05-01,2025-05-01,50,0.5112516859775256,0.3820601532695139,0.4043696052681774,0.3603071422795659,0.2232039459554545
1750,L_TO,LSTM,2024-01-01,2026-01-01,1,1.498860808039416,1.2864968322287504,0.9850098789099774,1.5443657091523249,0.2079356864614442
1751,L_TO,LSTM,2024-01-01,2026-01-01,2,0.6786939321349997,0.714708439461679,0.6227964663056593,0.5624600136889624,0.2067790824201071
1752,L_TO,LSTM,2024-01-01,2026-01-01,3,0.4457926425551455,0.4996015494938225,0.3949895355812893,0.5397428241261223,0.2016063313765823
1753,L_TO,LSTM,2024-01-01,2026-01-01,4,0.5326017484528816,0.7483959281599669,0.4990643058715535,0.517289556278286,0.2079272470602179
1754,L_TO,LSTM,2024-01-01,2026-01-01,5,0.8449678651688155,1.048271144400903,1.0025108546001678,1.0691535479364545,0.202471161260709
1755,L_TO,LSTM,2024-01-01,2026-01-01,6,0.5288982788742388,0.795046320648832,0.6789659069330974,0.5102134268276399,0.2044694872322763
1756,L_TO,LSTM,2024-01-01,2026-01-01,7,0.6126783458846145,1.46186452777429,1.1124901175611768,0.8301843498028403,0.2016317168814597
1757,L_TO,LSTM,2024-01-01,2026-01-01,8,0.9015333340905874,1.025144221256462,0.632886374166566,0.6009519619350839,0.2031707034028365
1758,L_TO,LSTM,2024-01-01,2026-01-01,9,0.9138476419250244,1.1218443588705973,0.9897527941142484,1.3012994829939548,0.203772753285602
1759,L_TO,LSTM,2024-01-01,2026-01-01,10,0.5818566389149739,0.8034150031803167,0.7355076516491353,0.7599884643775593,0.2077434676106318
1760,L_TO,LSTM,2024-01-01,2026-01-01,11,0.4606701016784916,0.7466647708061607,0.5355366590471773,0.6841623083371684,0.2018639550998502
1761,L_TO,LSTM,2024-01-01,2026-01-01,12,1.941437671443936,3.51190377347536,1.4857103026637348,2.8336218811002465,0.2033045729167434
1762,L_TO,LSTM,2024-01-01,2026-01-01,13,2.685828735291835,2.7024243218365767,2.2924688165075264,2.5600396313004308,0.2020548575680815
1763,L_TO,LSTM,2024-01-01,2026-01-01,14,1.32414653775381,0.6337365404963439,0.537859382989182,0.8957451832505825,0.2026773223949777
1764,L_TO,LSTM,2024-01-01,2026-01-01,15,1.0867976991011383,0.8319253918433083,1.5951835733093809,0.8478991332400861,0.2033373103166734
1765,L_TO,LSTM,2024-01-01,2026-01-01,16,1.1594800312479132,1.5497088882477532,0.7401441776535014,1.3194845785818738,0.2038114867309949
1766,L_TO,LSTM,2024-01-01,2026-01-01,17,1.1119234005753518,0.6702841148141361,0.6175532479874215,1.0276299432838176,0.2016288139457669
1767,L_TO,LSTM,2024-01-01,2026-01-01,18,0.6934954453957963,0.7523878757087298,0.6793971636778902,0.5604495454478949,0.2117492645675426
1768,L_TO,LSTM,2024-01-01,2026-01-01,19,0.4373753081719516,0.6537816298217342,0.339345755370631,0.5187197096346169,0.203829972547507
1769,L_TO,LSTM,2024-01-01,2026-01-01,20,0.484469985140552,0.695835447707388,0.7351672262993113,0.6522939057514289,0.2139751270319968
1770,L_TO,LSTM,2024-01-01,2026-01-01,21,0.8440810475006282,0.9377226852854372,0.6643272371963325,0.7939233232812466,0.2043330580946298
1771,L_TO,LSTM,2024-01-01,2026-01-01,22,1.8578921532044277,2.0488686176610305,1.5928618999468973,1.591698454790633,0.2034101028482915
1772,L_TO,LSTM,2024-01-01,2026-01-01,23,1.7705484679120649,0.5593907888395544,1.0760736565020137,0.5623365890519877,0.2021698829856836
1773,L_TO,LSTM,2024-01-01,2026-01-01,24,0.5949947911306857,0.7360791691863378,0.7716924655894776,0.6154202033696143,0.2126866006673979
1774,L_TO,LSTM,2024-01-01,2026-01-01,25,0.7636102889542848,0.9946302024508656,0.6098907107931713,0.7678400809909645,0.2082841232588056
1775,L_TO,LSTM,2024-01-01,2026-01-01,26,0.6337467651132503,0.6332541227803453,0.4112303274404325,0.5541623955496237,0.2016639815252579
1776,L_TO,LSTM,2024-01-01,2026-01-01,27,1.7588327319254304,1.6405969757143308,1.3476272613546234,1.552611325798669,0.2039097064098974
1777,L_TO,LSTM,2024-01-01,2026-01-01,28,1.526513940953143,0.602602397864721,0.7190261676580985,0.918548660468096,0.2251576640091053
1778,L_TO,LSTM,2024-01-01,2026-01-01,29,0.9952166450278676,0.6379963550844172,0.7636436450227521,0.5290174745331531,0.2037456930409326
1779,L_TO,LSTM,2024-01-01,2026-01-01,30,0.4444369718897983,0.5372286428828847,0.4199321377827697,0.4408060920305104,0.202540823024741
1780,L_TO,LSTM,2024-01-01,2026-01-01,31,0.4715965483494246,0.5790831279761182,0.385786283531782,0.4925856122136698,0.2045891899080573
1781,L_TO,LSTM,2024-01-01,2026-01-01,32,1.0228069622855382,0.8864194423519877,1.7908897459344375,1.3159536737034303,0.208526682265622
1782,L_TO,LSTM,2024-01-01,2026-01-01,33,0.4750628696963979,0.7988692550083321,0.4905847041199686,0.5027926280341771,0.2037540621599442
1783,L_TO,LSTM,2024-01-01,2026-01-01,34,0.615412731921767,1.2578057995537744,1.82837427092636,1.534303609456924,0.2043219185460927
1784,L_TO,LSTM,2024-01-01,2026-01-01,35,0.4942443455477786,0.7627635268131028,0.9961991678733154,0.4976272884544697,0.2122489456379627
1785,L_TO,LSTM,2024-01-01,2026-01-01,36,0.4713559539468387,0.5461931441742739,0.3602764865536753,0.4727713328517595,0.2025771616198968
1786,L_TO,LSTM,2024-01-01,2026-01-01,37,2.314931731823812,2.0163943631176093,0.5149035085084721,1.9564902105430428,0.2026477502187044
1787,L_TO,LSTM,2024-01-01,2026-01-01,38,2.285059546880692,2.5050145451271666,1.932430481750639,2.148661909478461,0.2010401907925967
1788,L_TO,LSTM,2024-01-01,2026-01-01,39,0.8206623532611201,0.7824949915301932,0.8147586951130275,0.569506390833946,0.2010202599084543
1789,L_TO,LSTM,2024-01-01,2026-01-01,40,1.4168139087199318,1.796756418627694,1.3186106079735385,1.964179049917447,0.2015814552758732
1790,L_TO,LSTM,2024-01-01,2026-01-01,41,0.6013417199942366,0.6574444916017266,0.7249881959109867,0.7227032266145803,0.2039760804360268
1791,L_TO,LSTM,2024-01-01,2026-01-01,42,0.5397203156695708,0.6433100628285878,0.6385376297894702,0.6135723693829537,0.2022409710993984
1792,L_TO,LSTM,2024-01-01,2026-01-01,43,0.4597084063623133,0.709731844745621,0.920853797910908,0.5661972389910801,0.2076119511754419
1793,L_TO,LSTM,2024-01-01,2026-01-01,44,0.9399652062804968,0.7671467272201434,0.4643807480935323,0.5132065948874092,0.2019102017842901
1794,L_TO,LSTM,2024-01-01,2026-01-01,45,1.654259372555321,1.463082171847654,1.0767558322452913,1.0336041191648755,0.2026591625752961
1795,L_TO,LSTM,2024-01-01,2026-01-01,46,0.6212193837571058,0.5904169079236109,0.4359704230467939,0.5862727699871731,0.2160874970741269
1796,L_TO,LSTM,2024-01-01,2026-01-01,47,0.7187814311449564,0.7166099150888046,0.7789802031695202,0.9172371134173484,0.2102475159188155
1797,L_TO,LSTM,2024-01-01,2026-01-01,48,0.6763672279969036,0.7512681128008658,0.6163433190393051,0.7384550121975486,0.2016235089872095
1798,L_TO,LSTM,2024-01-01,2026-01-01,49,0.9389255499151656,0.5553180367806347,0.4725146022394421,0.5037463269755433,0.2059232196619156
1799,L_TO,LSTM,2024-01-01,2026-01-01,50,0.6182649833445827,0.6861501619787278,0.5369377253396244,0.543135107495548,0.2064138553598304
1800,USO,LSTM,2022-01-01,2024-01-01,1,0.2596648730522191,0.2947179382292222,0.24713660308825314,0.36879924226035216,0.2309790412276795
1801,USO,LSTM,2022-01-01,2024-01-01,2,0.2652411439695668,0.2148397665677413,0.2541666032394806,0.2841699756130661,0.22557874501245356
1802,USO,LSTM,2022-01-01,2024-01-01,3,0.4301669029354738,0.2969092273763015,0.25714472789509013,0.2949785884116649,0.2267293792758502
1803,USO,LSTM,2022-01-01,2024-01-01,4,0.17918159885124105,0.1808751514111554,0.24690682613920242,0.23129859574913247,0.22894729080488924
1804,USO,LSTM,2022-01-01,2024-01-01,5,0.23320405868924843,0.3210158237554299,0.4737455692589797,0.4380955353857864,0.22976857751815322
1805,USO,LSTM,2022-01-01,2024-01-01,6,0.3542364267938486,0.2814223328851319,0.24858385256929344,0.3696704035886675,0.22555384121121808
1806,USO,LSTM,2022-01-01,2024-01-01,7,0.26927591369317005,0.21717501566175568,0.2541591764582205,0.26767209124674507,0.23909339693279721
1807,USO,LSTM,2022-01-01,2024-01-01,8,0.23236064405920603,0.22497852643756477,0.2378057790498041,0.24372154305528645,0.22853037408929608
1808,USO,LSTM,2022-01-01,2024-01-01,9,0.36219805089677176,0.36566347245448666,0.2980472006113103,0.42541497134326817,0.228680683284063
1809,USO,LSTM,2022-01-01,2024-01-01,10,0.21664323086785003,0.21935924417366665,0.2568846965914923,0.2531374774365226,0.22983182255571055
1810,USO,LSTM,2022-01-01,2024-01-01,11,0.21058502093925632,0.21996447242060646,0.2386289330639099,0.24348520832025589,0.24130348435173068
1811,USO,LSTM,2022-01-01,2024-01-01,12,0.21956828104923287,0.25040495200081114,0.2918907715558242,0.26110612776269365,0.23059592308363408
1812,USO,LSTM,2022-01-01,2024-01-01,13,0.21769938211863035,0.22642531068077465,0.2662408970574547,0.24991825651414826,0.22489201967208608
1813,USO,LSTM,2022-01-01,2024-01-01,14,0.22255332688541782,0.2153036250307049,0.25255365564541904,0.24843318986876006,0.2287673623385434
1814,USO,LSTM,2022-01-01,2024-01-01,15,0.2914668303365514,0.26826872794692885,0.24308520816415768,0.32937113344190244,0.22594919519436357
1815,USO,LSTM,2022-01-01,2024-01-01,16,0.2225604263516303,0.22959369516407138,0.25413172056058464,0.2874081548513698,0.22751136226514995
1816,USO,LSTM,2022-01-01,2024-01-01,17,0.2885066410545556,0.3055369084898832,0.3263074936131558,0.36607578765828247,0.2231786761080638
1817,USO,LSTM,2022-01-01,2024-01-01,18,0.19770333153347058,0.1866524741977584,0.24432159505787776,0.22042676685458437,0.2294297982219372
1818,USO,LSTM,2022-01-01,2024-01-01,19,0.20589620409600312,0.21555434825452852,0.25025047658373606,0.25045983058148363,0.2274680096158466
1819,USO,LSTM,2022-01-01,2024-01-01,20,0.2515139803067056,0.3152191313138203,0.32524770695933913,0.35150553107157484,0.227132308579998
1820,USO,LSTM,2022-01-01,2024-01-01,21,0.2877003199461813,0.24643174191669287,0.32577807725213587,0.33979414595362734,0.23834039147066732
1821,USO,LSTM,2022-01-01,2024-01-01,22,0.1934394203431077,0.20004073591519156,0.2225319804039317,0.25221561263299064,0.23805804758239002
1822,USO,LSTM,2022-01-01,2024-01-01,23,0.20399683965977544,0.2107792286212972,0.22286817741903917,0.2478046991648286,0.2277105797848035
1823,USO,LSTM,2022-01-01,2024-01-01,24,0.20082836332052104,0.1954369675472755,0.2262204639096926,0.24172552421638657,0.22854653849223425
1824,USO,LSTM,2022-01-01,2024-01-01,25,0.2322881183120804,0.23219836761934362,0.26242493836543784,0.2770753072430108,0.23002803641620392
1825,USO,LSTM,2022-01-01,2024-01-01,26,0.22357053131976573,0.21585051280470535,0.25309702581088633,0.2561312531529935,0.22513958460311925
1826,USO,LSTM,2022-01-01,2024-01-01,27,0.24473976555416813,0.2666555951144587,0.35151447725431906,0.3366233587334006,0.2275476480143123
1827,USO,LSTM,2022-01-01,2024-01-01,28,0.24579015562855,0.3277695490308426,0.2805277839046114,0.2870510548749566,0.22932214674478962
1828,USO,LSTM,2022-01-01,2024-01-01,29,0.22233948434288558,0.21244807414822517,0.2548129358625707,0.2574184949705963,0.22823966091032186
1829,USO,LSTM,2022-01-01,2024-01-01,30,0.30633763418674254,0.30304480946300666,0.3826906537858174,0.415048862854285,0.22475980602429663
1830,USO,LSTM,2022-01-01,2024-01-01,31,0.2165023518669755,0.21929726690766882,0.25678058962119826,0.2779261592837999,0.23480261172765063
1831,USO,LSTM,2022-01-01,2024-01-01,32,0.22517341487430917,0.21278063385038934,0.24456256535604765,0.2568537456530369,0.2285192078713456
1832,USO,LSTM,2022-01-01,2024-01-01,33,0.2106200745601998,0.23373345587133107,0.3070294553607032,0.2696162440979704,0.22534934138186807
1833,USO,LSTM,2022-01-01,2024-01-01,34,0.2228609603302923,0.22257546644139128,0.25577576695774545,0.25165958929913457,0.22675104129546322
1834,USO,LSTM,2022-01-01,2024-01-01,35,0.24665910120782653,0.22481909606788678,0.24587215795572204,0.2594734440231623,0.2298575140169498
1835,USO,LSTM,2022-01-01,2024-01-01,36,0.21483048575559394,0.21524097407460505,0.2578943071954991,0.2851041513593413,0.23008372831076362
1836,USO,LSTM,2022-01-01,2024-01-01,37,0.20620200369037112,0.22642849610632737,0.24562509253052678,0.2671139888703317,0.23125310432683258
1837,USO,LSTM,2022-01-01,2024-01-01,38,0.2692706315626661,0.35815122768732793,0.4807145945635804,0.3117710781321937,0.22789218351325
1838,USO,LSTM,2022-01-01,2024-01-01,39,0.20678237211837106,0.20759295514735715,0.2322474819730741,0.23729866374415426,0.2269425629752206
1839,USO,LSTM,2022-01-01,2024-01-01,40,0.26285961909223154,0.22202725578757715,0.2587330548365071,0.27690160217670157,0.22753023579704157
1840,USO,LSTM,2022-01-01,2024-01-01,41,0.20465131518922688,0.21142609452699537,0.23119517484809676,0.23996444798296945,0.22987914110758736
1841,USO,LSTM,2022-01-01,2024-01-01,42,0.20471284503567325,0.2090720148428943,0.25172324343030605,0.23819091213108193,0.22580638880454473
1842,USO,LSTM,2022-01-01,2024-01-01,43,0.22619781857766638,0.2865821346069875,0.22944412746452483,0.24445697373672273,0.23010678821051442
1843,USO,LSTM,2022-01-01,2024-01-01,44,0.1972196414070138,0.2018433949217638,0.22943081716009733,0.24414804848149815,0.22841798608016087
1844,USO,LSTM,2022-01-01,2024-01-01,45,0.31012554260608083,0.3421361170635582,0.3991525579569352,0.4058010635483864,0.2327489559572401
1845,USO,LSTM,2022-01-01,2024-01-01,46,0.30904791953793836,0.2605267679780601,0.4154089111630848,0.29345215166377214,0.2281384338136979
1846,USO,LSTM,2022-01-01,2024-01-01,47,0.2222118506453458,0.25209387082184154,0.2668265178676602,0.28522797788627274,0.2380768110468392
1847,USO,LSTM,2022-01-01,2024-01-01,48,0.2316160527236069,0.2428007116970922,0.24819988294149256,0.30204445773181277,0.22836024903315374
1848,USO,LSTM,2022-01-01,2024-01-01,49,0.2665863948504517,0.2960853840451577,0.25120447639939825,0.3074166484954327,0.23309810333871403
1849,USO,LSTM,2022-01-01,2024-01-01,50,0.3625955599547433,0.36855961736209275,0.46306130202803625,0.4098506746568092,0.23362917108063258
1850,USO,LSTM,2022-09-01,2024-09-01,1,0.43409261717711445,0.4378462956645498,0.5160540851246289,0.4738000844528615,0.3149253192132952
1851,USO,LSTM,2022-09-01,2024-09-01,2,0.47358035227071127,0.5565569629129491,0.6723457242716749,0.6005985191090157,0.3240649658756467
1852,USO,LSTM,2022-09-01,2024-09-01,3,0.37019333869166887,0.40341831013441815,0.4520870910844483,0.45919931249533946,0.34403840945883757
1853,USO,LSTM,2022-09-01,2024-09-01,4,0.5227799785399077,0.4790577754301446,0.43016591897426193,0.4546083918176173,0.3782099842217153
1854,USO,LSTM,2022-09-01,2024-09-01,5,0.3693089092474934,0.40167088688790265,0.4048808989169412,0.3954822934547562,0.31908244841870076
1855,USO,LSTM,2022-09-01,2024-09-01,6,0.36447822271904745,0.41630729065074695,0.4886849799319285,0.4714390362654203,0.32276761452202757
1856,USO,LSTM,2022-09-01,2024-09-01,7,0.5094394209993405,0.585837969523286,0.7042095916438375,0.6026154948641838,0.33852240085822943
1857,USO,LSTM,2022-09-01,2024-09-01,8,0.41066825165410126,0.4559204034905013,0.5074135860935945,0.44248047209431723,0.3215494195606206
1858,USO,LSTM,2022-09-01,2024-09-01,9,0.3810417181042115,0.41169845448218945,0.42123635397479015,0.41344186391769466,0.31659176692381047
1859,USO,LSTM,2022-09-01,2024-09-01,10,0.3662903984968068,0.4235360317338829,0.41376142518787545,0.4084876561598937,0.32527345886768133
1860,USO,LSTM,2022-09-01,2024-09-01,11,0.3266260810091035,0.36469168495255316,0.3943444614882074,0.3889946550756785,0.33315665303889225
1861,USO,LSTM,2022-09-01,2024-09-01,12,0.35171700637015835,0.45502712238333437,0.5385744586308907,0.5576339322382678,0.34449919347153674
1862,USO,LSTM,2022-09-01,2024-09-01,13,0.35388895278076804,0.44680129333403024,0.49392916659288166,0.4884630395686448,0.3189221091860346
1863,USO,LSTM,2022-09-01,2024-09-01,14,0.36276702293263297,0.36616677788559726,0.4424322547374551,0.38988064989240917,0.3280720303339972
1864,USO,LSTM,2022-09-01,2024-09-01,15,0.31624238856448667,0.3758511049166773,0.3721819136045813,0.3505974137167384,0.3437255453375226
1865,USO,LSTM,2022-09-01,2024-09-01,16,0.35361507777605566,0.41286129250848014,0.41469624894722806,0.44446612919017703,0.3180564967430172
1866,USO,LSTM,2022-09-01,2024-09-01,17,0.4672534612297823,0.49060954651656324,0.5396491836882709,0.4893515121574913,0.32401735209176186
1867,USO,LSTM,2022-09-01,2024-09-01,18,0.33942403374712354,0.39300951190207967,0.3999269532517186,0.42970743732947514,0.3452516744231174
1868,USO,LSTM,2022-09-01,2024-09-01,19,0.45234596902192925,0.4693194469284884,0.44036497577831096,0.4586771688417983,0.31691938987827506
1869,USO,LSTM,2022-09-01,2024-09-01,20,0.582721194310534,0.6955343905145,0.6425579087454817,0.6392583038568636,0.3576390469650295
1870,USO,LSTM,2022-09-01,2024-09-01,21,0.3924608553646137,0.4217290538492882,0.45894432241563005,0.4718002911816359,0.3304522144798395
1871,USO,LSTM,2022-09-01,2024-09-01,22,0.3604318406485868,0.39526423472609407,0.4269579009372208,0.41730806055136177,0.3290458394363057
1872,USO,LSTM,2022-09-01,2024-09-01,23,0.40570157358674575,0.40946402869069803,0.37017670844150363,0.4219608476935659,0.3228593539663187
1873,USO,LSTM,2022-09-01,2024-09-01,24,0.45760971859216487,0.6112470773293637,0.6464151780033274,0.5677367547108794,0.3298418304711802
1874,USO,LSTM,2022-09-01,2024-09-01,25,0.44701081066477044,0.4195741296008141,0.41079642256681387,0.4424189132637558,0.331041637433614
1875,USO,LSTM,2022-09-01,2024-09-01,26,0.35929908555653056,0.4476391419843964,0.4880154028461423,0.4595410890872829,0.330277117031464
1876,USO,LSTM,2022-09-01,2024-09-01,27,0.33285266618715,0.40358717241447817,0.3744819324293325,0.3789334016166471,0.3275332226758756
1877,USO,LSTM,2022-09-01,2024-09-01,28,0.3874880087879609,0.4596347053668744,0.458828291607244,0.4435607474297819,0.3195916411785011
1878,USO,LSTM,2022-09-01,2024-09-01,29,0.35525278879905287,0.40014389634136066,0.45828263011761505,0.3889647557639287,0.3216433719627066
1879,USO,LSTM,2022-09-01,2024-09-01,30,0.46238162291639273,0.556372594297951,0.6367957092285992,0.5642353627686685,0.329746063856582
1880,USO,LSTM,2022-09-01,2024-09-01,31,0.49774077428318525,0.5520020408817108,0.6245701551889195,0.5991306460551739,0.3327729059641106
1881,USO,LSTM,2022-09-01,2024-09-01,32,0.34960033135558327,0.4426421639662963,0.38356812435119797,0.385159628435306,0.3258859513969728
1882,USO,LSTM,2022-09-01,2024-09-01,33,0.4497011731323962,0.5451356376769174,0.5339648028535654,0.5426741068341712,0.3350813124072945
1883,USO,LSTM,2022-09-01,2024-09-01,34,0.3908320716838996,0.48182784562254816,0.5211428519844807,0.46529679904767035,0.3329658703321359
1884,USO,LSTM,2022-09-01,2024-09-01,35,0.5081844941088393,0.3989140818644014,0.4045484271239663,0.4504632648486722,0.3314277105368128
1885,USO,LSTM,2022-09-01,2024-09-01,36,0.3894979252505791,0.44392543361197934,0.4407233907177917,0.4198224920088951,0.3249381382735917
1886,USO,LSTM,2022-09-01,2024-09-01,37,0.39110485817939694,0.42270534612335875,0.4930543386608624,0.43857235861104854,0.32887450423968595
1887,USO,LSTM,2022-09-01,2024-09-01,38,0.4068201491246184,0.4107889163728427,0.4214533851506904,0.4663562047007084,0.3316806381497857
1888,USO,LSTM,2022-09-01,2024-09-01,39,0.29102409466164253,0.3621746379104321,0.3592421951701677,0.37247523322418863,0.3283464551744141
1889,USO,LSTM,2022-09-01,2024-09-01,40,0.41869933677881116,0.4445681900265371,0.47941203116555076,0.44819045081284925,0.323167503507915
1890,USO,LSTM,2022-09-01,2024-09-01,41,0.5659455628192372,0.5703257102111338,0.5531985084022014,0.610531647880895,0.3254067655040643
1891,USO,LSTM,2022-09-01,2024-09-01,42,0.37066191561768735,0.4021420034242647,0.4428042425639479,0.4285993652217478,0.3169689766279107
1892,USO,LSTM,2022-09-01,2024-09-01,43,0.3306418582397552,0.36897898730081047,0.39714554260957446,0.3735072202549746,0.3208972504860376
1893,USO,LSTM,2022-09-01,2024-09-01,44,0.471943680964103,0.47738428586177684,0.4568328662856626,0.538648952103171,0.3251196256321873
1894,USO,LSTM,2022-09-01,2024-09-01,45,0.3521233196522106,0.37459486678074877,0.4017928279359892,0.393091964356912,0.32096965994926846
1895,USO,LSTM,2022-09-01,2024-09-01,46,0.3198506864606773,0.38368065262086287,0.4461288359259501,0.6313217688432228,0.3222303114495289
1896,USO,LSTM,2022-09-01,2024-09-01,47,0.46937377083858023,0.5241484037731011,0.5397110172292947,0.5324839947456776,0.3181195176178566
1897,USO,LSTM,2022-09-01,2024-09-01,48,0.4236655967801372,0.5027371330068005,0.46108447142668546,0.5639163045889186,0.332022684792149
1898,USO,LSTM,2022-09-01,2024-09-01,49,0.37674865947513553,0.42293125792740033,0.4931794998719708,0.4532523231716436,0.32012778696772065
1899,USO,LSTM,2022-09-01,2024-09-01,50,0.32765074770225383,0.37798821420062356,0.5300473190568674,0.48038298763547765,0.3276227850599527
1900,USO,LSTM,2023-05-01,2025-05-01,1,0.23706322780558578,0.2837445930058836,0.273353027941619,0.2797453428112827,0.2365128286235233
1901,USO,LSTM,2023-05-01,2025-05-01,2,0.2181560982599811,0.23297146493672252,0.23412591664217874,0.2437301418080048,0.23717337620268902
1902,USO,LSTM,2023-05-01,2025-05-01,3,0.2137255760385627,0.22733507434907047,0.23254688585389288,0.2544195330821187,0.24928895363050294
1903,USO,LSTM,2023-05-01,2025-05-01,4,0.24235946438274442,0.2559369238150047,0.24156095129983224,0.2512443254515393,0.23606021597101845
1904,USO,LSTM,2023-05-01,2025-05-01,5,0.22287559116862513,0.25869132354215196,0.26816461588387025,0.25481902079127533,0.2362238533422128
1905,USO,LSTM,2023-05-01,2025-05-01,6,0.26951748854843777,0.30736200527770835,0.28393013140277645,0.29044787248831083,0.2413672024848731
1906,USO,LSTM,2023-05-01,2025-05-01,7,0.24433988001640122,0.27965359948648744,0.27312278873186857,0.2782560901488597,0.23375124592682686
1907,USO,LSTM,2023-05-01,2025-05-01,8,0.2803395396791894,0.313204413790961,0.3062175929814468,0.30065911004529816,0.2359212471904798
1908,USO,LSTM,2023-05-01,2025-05-01,9,0.21710561059862357,0.2470525524016019,0.23743003619123507,0.2531089722817627,0.23769461666520764
1909,USO,LSTM,2023-05-01,2025-05-01,10,0.2452942760032388,0.2752147813713555,0.24955690324396212,0.26608067728263596,0.2495232556733338
1910,USO,LSTM,2023-05-01,2025-05-01,11,0.20756866499321044,0.2423719350736528,0.23510838824863245,0.258134204353374,0.2418405391819031
1911,USO,LSTM,2023-05-01,2025-05-01,12,0.24510300045159505,0.26879724090498985,0.2614394369815571,0.27003667889911753,0.23503282193104805
1912,USO,LSTM,2023-05-01,2025-05-01,13,0.26943657583914493,0.3091911376239874,0.30005560341584087,0.32284396016016925,0.22836622256381275
1913,USO,LSTM,2023-05-01,2025-05-01,14,0.2591322932448292,0.27308858586472773,0.24766214172719564,0.2694447113803743,0.23613892198144085
1914,USO,LSTM,2023-05-01,2025-05-01,15,0.23273858242144996,0.2674127118422319,0.24902680460257454,0.2680175097527972,0.23443093459896328
1915,USO,LSTM,2023-05-01,2025-05-01,16,0.23237244117849756,0.264180245798815,0.24305546525407357,0.2609735280222011,0.23541409471663352
1916,USO,LSTM,2023-05-01,2025-05-01,17,0.24206219176704247,0.281642662708917,0.2552955183655962,0.2871353132967413,0.2393951872928351
1917,USO,LSTM,2023-05-01,2025-05-01,18,0.24849160246167193,0.2844307688170865,0.2861834288694671,0.28295096490412724,0.24261429741647497
1918,USO,LSTM,2023-05-01,2025-05-01,19,0.24222840730590242,0.28009909149963863,0.24628427446020346,0.2881082829782992,0.23021538889890575
1919,USO,LSTM,2023-05-01,2025-05-01,20,0.24355379608697506,0.29550103614012135,0.2706594696023814,0.2862548932900016,0.25740332692184625
1920,USO,LSTM,2023-05-01,2025-05-01,21,0.23695924142205627,0.26100197357370747,0.24223369765981398,0.2614095981213387,0.23292060061618852
1921,USO,LSTM,2023-05-01,2025-05-01,22,0.2243085872933679,0.24969498304572427,0.2384680670831466,0.25017203227336116,0.23666587875859293
1922,USO,LSTM,2023-05-01,2025-05-01,23,0.20845458761093502,0.23175971288072683,0.21918775672467306,0.230574121814793,0.22961175651770516
1923,USO,LSTM,2023-05-01,2025-05-01,24,0.2604555278095526,0.27902062872530714,0.25984505950861914,0.29831515414939525,0.2535825133282633
1924,USO,LSTM,2023-05-01,2025-05-01,25,0.26971191561358027,0.2888511806025246,0.24662104346511857,0.2922710534216546,0.23686239448680832
1925,USO,LSTM,2023-05-01,2025-05-01,26,0.2169780612335095,0.23761608208016666,0.22195595433161483,0.24154863943490232,0.24388195024434864
1926,USO,LSTM,2023-05-01,2025-05-01,27,0.20588135175734149,0.2226012995814369,0.22515381740782886,0.2339997370782893,0.23638099493697975
1927,USO,LSTM,2023-05-01,2025-05-01,28,0.2338572644456052,0.2774840067879427,0.24854775016367228,0.26952419625078816,0.2500213443531654
1928,USO,LSTM,2023-05-01,2025-05-01,29,0.2703313324705344,0.26889353019374207,0.2598827758273733,0.28488394061122185,0.2394550668215885
1929,USO,LSTM,2023-05-01,2025-05-01,30,0.2724526943342167,0.3259310244470824,0.26707975588738875,0.31308421787529,0.2423420981980917
1930,USO,LSTM,2023-05-01,2025-05-01,31,0.24447530893820826,0.2892792095279193,0.2631970539084093,0.27652836796120894,0.22715959482166428
1931,USO,LSTM,2023-05-01,2025-05-01,32,0.21326561216666998,0.24524010259267803,0.23090279750941375,0.24172546792440955,0.24079652801448864
1932,USO,LSTM,2023-05-01,2025-05-01,33,0.2428600591852661,0.29051089797600727,0.2632913516034858,0.28799257731846967,0.2390816765743883
1933,USO,LSTM,2023-05-01,2025-05-01,34,0.23976872360646914,0.27449788576169815,0.2527002547001005,0.26018616015861856,0.236171927320396
1934,USO,LSTM,2023-05-01,2025-05-01,35,0.23056844797668033,0.26128838549357014,0.24847560394936008,0.260194203854986,0.24494984286657626
1935,USO,LSTM,2023-05-01,2025-05-01,36,0.23563654641192633,0.2752053391211495,0.25235809417588,0.277052421881806,0.2514264991188554
1936,USO,LSTM,2023-05-01,2025-05-01,37,0.218309180031472,0.2476908675413696,0.25317464415351737,0.25594106515530346,0.23661577692346122
1937,USO,LSTM,2023-05-01,2025-05-01,38,0.23361018135036402,0.2501414177308887,0.24350281118085598,0.2712901247348665,0.23986013535355805
1938,USO,LSTM,2023-05-01,2025-05-01,39,0.23276640902314322,0.25498938860070186,0.255911975169454,0.2476252525106552,0.24348939669054365
1939,USO,LSTM,2023-05-01,2025-05-01,40,0.23220915757506944,0.2712834543434695,0.2451244749892763,0.27316113477946086,0.22854548240190772
1940,USO,LSTM,2023-05-01,2025-05-01,41,0.2306102121833487,0.2584023735877441,0.26300583645762093,0.25635586907913693,0.24584404414512961
1941,USO,LSTM,2023-05-01,2025-05-01,42,0.223800211368119,0.24924942555273902,0.24713102304690646,0.2495248401936981,0.2380267539605181
1942,USO,LSTM,2023-05-01,2025-05-01,43,0.24831870898949254,0.27437811783901767,0.25726900198712455,0.2712074177890313,0.237509321090768
1943,USO,LSTM,2023-05-01,2025-05-01,44,0.2256230769142512,0.2398337689291659,0.23030029980692637,0.24531401922462392,0.24432365018442304
1944,USO,LSTM,2023-05-01,2025-05-01,45,0.2570426823498601,0.2830181547120681,0.2711840485737068,0.280162726480397,0.2577446455330671
1945,USO,LSTM,2023-05-01,2025-05-01,46,0.23749323118134216,0.26593508783842595,0.2428302510166208,0.2610129653262956,0.2305371750467058
1946,USO,LSTM,2023-05-01,2025-05-01,47,0.21434975701027936,0.24071036409442603,0.23610953106305385,0.24417275163735394,0.2282077701277119
1947,USO,LSTM,2023-05-01,2025-05-01,48,0.2165466518825382,0.27486896332509514,0.28146434982175395,0.2832602190515025,0.2349168627656168
1948,USO,LSTM,2023-05-01,2025-05-01,49,0.2581013198907235,0.30502133449129476,0.2850511525741208,0.2870361228557543,0.24063241811273078
1949,USO,LSTM,2023-05-01,2025-05-01,50,0.1971298848922384,0.2257985178476401,0.21794184560784982,0.2346485455917269,0.23758179300566806
1950,USO,LSTM,2024-01-01,2026-01-01,1,0.4763234226675951,0.3472961664178108,0.36131514426429095,0.3617359969763289,0.2932137200391921
1951,USO,LSTM,2024-01-01,2026-01-01,2,0.36810248236864235,0.3123867355327816,0.2865150150154687,0.29077160053871703,0.2831673819553391
1952,USO,LSTM,2024-01-01,2026-01-01,3,0.32218018588563907,0.25181677040017086,0.3114769902580615,0.2865257448237049,0.28121769292375765
1953,USO,LSTM,2024-01-01,2026-01-01,4,0.4145741297314483,0.32584346551589627,0.3567472609327987,0.29082179995703494,0.2886893254315431
1954,USO,LSTM,2024-01-01,2026-01-01,5,0.5117411744616123,0.39108916445589603,0.4049168572455444,0.3647668455327334,0.2702642497472477
1955,USO,LSTM,2024-01-01,2026-01-01,6,0.3761765712607861,0.28929932149847293,0.324450208941391,0.2679272715513278,0.3013105229853468
1956,USO,LSTM,2024-01-01,2026-01-01,7,0.44735243993993584,0.37041027594198955,0.3624370497123165,0.3379691818020017,0.2726501265828607
1957,USO,LSTM,2024-01-01,2026-01-01,8,0.3463067680436362,0.276224843217516,0.32864711762373505,0.2658137525556489,0.2985743130699207
1958,USO,LSTM,2024-01-01,2026-01-01,9,0.5006200169158264,0.44029197787482016,0.41139000213557747,0.4032771976567534,0.3022111615439804
1959,USO,LSTM,2024-01-01,2026-01-01,10,0.40855007680833505,0.33879525969637936,0.3357046332060531,0.3416846147023461,0.2960024679278464
1960,USO,LSTM,2024-01-01,2026-01-01,11,0.3999381239934774,0.34052364688442793,0.3656538325881852,0.3243888069745244,0.28196859462842633
1961,USO,LSTM,2024-01-01,2026-01-01,12,0.41247891185324626,0.3294191237155331,0.40242722493399,0.35129438313942896,0.2920846497849744
1962,USO,LSTM,2024-01-01,2026-01-01,13,0.40102860258930867,0.3285414306354631,0.4143747751818138,0.3679400980807902,0.28836550284596013
1963,USO,LSTM,2024-01-01,2026-01-01,14,0.3324992648576557,0.2525324738540084,0.33196811421909017,0.2432942797614653,0.27410930316316495
1964,USO,LSTM,2024-01-01,2026-01-01,15,0.4280244126344712,0.35260498667916823,0.3300637924999038,0.31293695914591524,0.27494482328169334
1965,USO,LSTM,2024-01-01,2026-01-01,16,0.3473662616918477,0.2865315448451542,0.3054454932754282,0.27021580721009764,0.2865274998122022
1966,USO,LSTM,2024-01-01,2026-01-01,17,0.5008359056948725,0.40584974872937757,0.4249563815710641,0.3549604106082077,0.29002507435581476
1967,USO,LSTM,2024-01-01,2026-01-01,18,0.3147489540389043,0.2512366169100967,0.2896374041807101,0.2549871642134531,0.3064446059497665
1968,USO,LSTM,2024-01-01,2026-01-01,19,0.42558589993738627,0.3574232575875445,0.3411069424307551,0.31955366881063285,0.27827245614472845
1969,USO,LSTM,2024-01-01,2026-01-01,20,0.4540822529711605,0.3921604247620856,0.4140030632601687,0.35618054578644953,0.28773091319895366
1970,USO,LSTM,2024-01-01,2026-01-01,21,0.4216567602606318,0.3078014078843591,0.2881031711918397,0.2906128734232574,0.3026779067513106
1971,USO,LSTM,2024-01-01,2026-01-01,22,0.4376290493827181,0.3318359261525362,0.39618479110690785,0.32712035691656327,0.2845364918839024
1972,USO,LSTM,2024-01-01,2026-01-01,23,0.2887820845232831,0.2473321751473789,0.2656686266643393,0.23639884863628363,0.29011625858835993
1973,USO,LSTM,2024-01-01,2026-01-01,24,0.4947279692244747,0.4060490521972331,0.4312064403528676,0.4102161150500614,0.29998428149070666
1974,USO,LSTM,2024-01-01,2026-01-01,25,0.46859394476944866,0.361357611654306,0.2514951310801829,0.32527376762089855,0.272583761890944
1975,USO,LSTM,2024-01-01,2026-01-01,26,0.3100337184073297,0.23962790665790254,0.3003972817271622,0.248081765946124,0.3086554582875143
1976,USO,LSTM,2024-01-01,2026-01-01,27,0.3724978958782594,0.27824918778780994,0.31884654520441863,0.2741599615335315,0.30249231281469763
1977,USO,LSTM,2024-01-01,2026-01-01,28,0.4428504944839121,0.3458663007719609,0.39040613253405465,0.31168233223439507,0.2784699819438249
1978,USO,LSTM,2024-01-01,2026-01-01,29,0.3952086507543059,0.28630859837523565,0.30264147172863987,0.2842713689672949,0.28686616020761807
1979,USO,LSTM,2024-01-01,2026-01-01,30,0.39526038583659984,0.34013839841027194,0.3378190844162912,0.29736509450432025,0.3151752818079719
1980,USO,LSTM,2024-01-01,2026-01-01,31,0.438729627246619,0.3661464390576739,0.4075774490787989,0.3402901206574698,0.29566936475124667
1981,USO,LSTM,2024-01-01,2026-01-01,32,0.4439366431805053,0.39831866970704344,0.3506268737003205,0.34722227616438306,0.2929720583843669
1982,USO,LSTM,2024-01-01,2026-01-01,33,0.39446444413053855,0.3250850464707251,0.3576600961233403,0.3106295190163774,0.2864197663084544
1983,USO,LSTM,2024-01-01,2026-01-01,34,0.4011418239602213,0.3103758132918312,0.3073205550788785,0.2922948281619145,0.2874754039048064
1984,USO,LSTM,2024-01-01,2026-01-01,35,0.3851242153425907,0.3003972517969441,0.34141079301865235,0.3022763988785985,0.283206980649476
1985,USO,LSTM,2024-01-01,2026-01-01,36,0.4095594268692102,0.33482573088372947,0.374097525739252,0.3121439984975387,0.31273113151937554
1986,USO,LSTM,2024-01-01,2026-01-01,37,0.424707095140907,0.3854513324156058,0.30574898528447547,0.30038013904915756,0.2934290329535487
1987,USO,LSTM,2024-01-01,2026-01-01,38,0.46879948055580484,0.3400854218663738,0.33712773924139255,0.3481428103711479,0.28786230438034843
1988,USO,LSTM,2024-01-01,2026-01-01,39,0.4195864134980445,0.39568721967372206,0.3357329640937988,0.320900830229471,0.2851239662075387
1989,USO,LSTM,2024-01-01,2026-01-01,40,0.3904257016896429,0.3155750855126964,0.3113231994090729,0.27637909851658116,0.2888431247112676
1990,USO,LSTM,2024-01-01,2026-01-01,41,0.42595551356790606,0.3472375342081888,0.3810562123335339,0.31345515589591794,0.2710187306509498
1991,USO,LSTM,2024-01-01,2026-01-01,42,0.3702642639777847,0.291079382722076,0.33341409592360444,0.28452116089328294,0.27849342414239986
1992,USO,LSTM,2024-01-01,2026-01-01,43,0.2826084446786135,0.2294200882506843,0.26081652989341303,0.2409766974940643,0.2932709707015988
1993,USO,LSTM,2024-01-01,2026-01-01,44,0.3301668696870457,0.255658590950915,0.30613288551953916,0.2909001376849686,0.2922306105487164
1994,USO,LSTM,2024-01-01,2026-01-01,45,0.3386001310710971,0.2684661766769138,0.2958804375911483,0.26935253416124105,0.27354050750110703
1995,USO,LSTM,2024-01-01,2026-01-01,46,0.36077863266752225,0.3081616513388232,0.3618916683347318,0.3394669107104129,0.27665245597147814
1996,USO,LSTM,2024-01-01,2026-01-01,47,0.38593507742484195,0.31826759944969363,0.34483922031197844,0.3200829623651373,0.28689496459919306
1997,USO,LSTM,2024-01-01,2026-01-01,48,0.3810561645219136,0.38930710372339233,0.49058051434953787,0.3504961958552618,0.2787832165561208
1998,USO,LSTM,2024-01-01,2026-01-01,49,0.3388687162935747,0.2454577665343907,0.3063057733512677,0.25928399896076804,0.2820345201061082
1999,USO,LSTM,2024-01-01,2026-01-01,50,0.31228664515603605,0.28887485072353797,0.304048184241478,0.2828272295208894,0.3111874654169485
