,Stock,Type,Start Date,End Date,Seed,Open,High,Low,Close,Volume
0,^GSPTSE,GRU,2022-01-01,2024-01-01,1,1.2093248772281056,1.2365196925756885,1.295822889183852,1.3086615252665317,0.1689527745480144
1,^GSPTSE,GRU,2022-01-01,2024-01-01,2,4.871292375268145,4.529409406962958,4.76063728573708,5.068033125359179,0.1650375889246555
2,^GSPTSE,GRU,2022-01-01,2024-01-01,3,2.3082588627985285,2.3156813927996645,2.5407924364788737,2.6089202003323235,0.1733965611535617
3,^GSPTSE,GRU,2022-01-01,2024-01-01,4,0.9542953347507612,0.9605821835148616,1.0639873557808257,1.0329862578747149,0.1722252394660135
4,^GSPTSE,GRU,2022-01-01,2024-01-01,5,0.6508021442422496,0.6327499635216028,0.6785469829896389,0.6954448642220408,0.1680158297589041
5,^GSPTSE,GRU,2022-01-01,2024-01-01,6,1.2240657491511853,1.2674441778024708,1.40833386748038,1.30625072237281,0.1627346890621808
6,^GSPTSE,GRU,2022-01-01,2024-01-01,7,1.3779986700459572,1.3613188789445256,1.4659236216219276,1.468822335851658,0.1736981959501771
7,^GSPTSE,GRU,2022-01-01,2024-01-01,8,0.9062165510711828,0.8443322435577076,0.8978605667957558,0.7997826531871817,0.1697459885023201
8,^GSPTSE,GRU,2022-01-01,2024-01-01,9,1.7411179149232443,1.7907902637234754,1.885049498796308,1.903407671034971,0.1745949688700604
9,^GSPTSE,GRU,2022-01-01,2024-01-01,10,0.4389065436610116,0.3942812824021828,0.3968201569624467,0.3326951365880924,0.168869638981405
10,^GSPTSE,GRU,2022-01-01,2024-01-01,11,0.3569842871133116,0.3664361126979925,0.3657953392727148,0.3939625309955257,0.1849401254659537
11,^GSPTSE,GRU,2022-01-01,2024-01-01,12,0.8245729103410808,0.8156458184361184,0.8799012046557839,0.8972605305646242,0.1712596359432619
12,^GSPTSE,GRU,2022-01-01,2024-01-01,13,0.3159626236760904,0.3453111092812921,0.3444893212515093,0.3342786886596263,0.166940967289064
13,^GSPTSE,GRU,2022-01-01,2024-01-01,14,0.3346761000812524,0.3730472227489567,0.3682419463695828,0.3699830172223748,0.1673937530450256
14,^GSPTSE,GRU,2022-01-01,2024-01-01,15,0.231608791618427,0.2438624701600412,0.2962616228442845,0.2380275444592808,0.1677347416401569
15,^GSPTSE,GRU,2022-01-01,2024-01-01,16,0.3040368772891588,0.2877772681119043,0.3115990843410507,0.2978754485362631,0.1674457607578629
16,^GSPTSE,GRU,2022-01-01,2024-01-01,17,2.313181213812616,2.1695271258821323,2.451033979734182,2.42777848947184,0.1870600389037376
17,^GSPTSE,GRU,2022-01-01,2024-01-01,18,0.3908603719119496,0.4177920669289437,0.4166649606549027,0.4429973983951643,0.1672188183102582
18,^GSPTSE,GRU,2022-01-01,2024-01-01,19,0.3837198439568979,0.3841406479480397,0.3794893791801288,0.4070341326339379,0.1668241972387258
19,^GSPTSE,GRU,2022-01-01,2024-01-01,20,0.7695200736234927,0.7769069291970352,0.839793606166905,0.8169852163253143,0.1689672922682341
20,^GSPTSE,GRU,2022-01-01,2024-01-01,21,0.2542307916215542,0.265237083832518,0.274944100794616,0.2618778847856816,0.1762276108206217
21,^GSPTSE,GRU,2022-01-01,2024-01-01,22,2.5320689627235944,2.726859132488017,2.924373480905442,2.8989798843107057,0.3039348562588508
22,^GSPTSE,GRU,2022-01-01,2024-01-01,23,0.4931918854672783,0.4842380624055977,0.4918403702855197,0.5280704367461655,0.169711031890112
23,^GSPTSE,GRU,2022-01-01,2024-01-01,24,0.7661694600921388,0.757759038274474,0.7459929379336178,0.8014197982394666,0.1658311315304714
24,^GSPTSE,GRU,2022-01-01,2024-01-01,25,0.6342606167028776,0.6513881063877334,0.6833964305800492,0.696252129710975,0.1695233875319392
25,^GSPTSE,GRU,2022-01-01,2024-01-01,26,0.7451334549019446,0.6915806026559654,0.7662487186150895,0.6834946849609063,0.1789518824349253
26,^GSPTSE,GRU,2022-01-01,2024-01-01,27,3.527335015937492,3.873014053536101,4.00349135752364,3.927711000779023,0.2046850705445322
27,^GSPTSE,GRU,2022-01-01,2024-01-01,28,0.3714283804404906,0.3628958441355878,0.4076673468437919,0.3868636743927094,0.1663271326289822
28,^GSPTSE,GRU,2022-01-01,2024-01-01,29,0.2212240484692232,0.2415079972073508,0.2220485614285055,0.2362863608728236,0.1784890504603541
29,^GSPTSE,GRU,2022-01-01,2024-01-01,30,0.3369468173484791,0.2788260343088385,0.4270054982245879,0.3569736284257558,0.1693636029844211
30,^GSPTSE,GRU,2022-01-01,2024-01-01,31,0.5854479578523989,0.7055055999637917,0.5738763987631617,0.6361172839593251,0.1740647700306264
31,^GSPTSE,GRU,2022-01-01,2024-01-01,32,0.789268696959438,0.7952460701312806,0.8187197568696691,0.8296732574001171,0.1711088339607563
32,^GSPTSE,GRU,2022-01-01,2024-01-01,33,0.5238929961587087,0.5041381460923501,0.5573738236104209,0.5570336311166197,0.1678575945170639
33,^GSPTSE,GRU,2022-01-01,2024-01-01,34,2.2682130900964417,2.469979127488126,2.403111419041362,2.333970657001969,0.2331605781754425
34,^GSPTSE,GRU,2022-01-01,2024-01-01,35,0.4721926320694369,0.5136266213925502,0.5135322596722018,0.5254358463235647,0.1717357312972155
35,^GSPTSE,GRU,2022-01-01,2024-01-01,36,0.4839381405363562,0.4970167001261943,0.5059629077146979,0.5238827627689622,0.1686561971829425
36,^GSPTSE,GRU,2022-01-01,2024-01-01,37,1.2532737590561818,1.2956348440487713,1.3371343994438574,1.389147958337578,0.1964700003149327
37,^GSPTSE,GRU,2022-01-01,2024-01-01,38,0.8488206177727928,0.8567251741971128,0.8970499575901836,0.9114810691010898,0.1696219571455302
38,^GSPTSE,GRU,2022-01-01,2024-01-01,39,0.683540004665478,0.6012807657910304,0.6315402395076798,0.7742902590181135,0.2143246409735319
39,^GSPTSE,GRU,2022-01-01,2024-01-01,40,0.4452207750407274,0.4339719494400741,0.5024526918572485,0.5104273226120781,0.1682511534081179
40,^GSPTSE,GRU,2022-01-01,2024-01-01,41,0.3061372622510404,0.3177014913389727,0.3160009051246063,0.3208353915419921,0.1748483980837706
41,^GSPTSE,GRU,2022-01-01,2024-01-01,42,1.7374783422378994,1.7470561481013385,1.8863904500775024,1.8828897201075243,0.1805913514516589
42,^GSPTSE,GRU,2022-01-01,2024-01-01,43,0.865649728579523,0.8275610426920214,0.780391627565661,0.8765547868086212,0.1746280439568954
43,^GSPTSE,GRU,2022-01-01,2024-01-01,44,0.2455281008535181,0.2628492870330962,0.274539689573855,0.271827393020729,0.1761744631811614
44,^GSPTSE,GRU,2022-01-01,2024-01-01,45,1.2864203935802858,1.2660304935131432,1.3426711347245304,1.3639029671118423,0.1857136703413706
45,^GSPTSE,GRU,2022-01-01,2024-01-01,46,1.4188675831263444,1.343934110579062,1.3745927210011393,1.4449671059560765,0.2123923554500638
46,^GSPTSE,GRU,2022-01-01,2024-01-01,47,1.119798651713687,1.09807780162167,1.0656172690244532,1.0206881219373456,0.182898563447427
47,^GSPTSE,GRU,2022-01-01,2024-01-01,48,0.6863876765074234,0.70500972095934,0.7458791280040411,0.7372529298666892,0.1673098483658676
48,^GSPTSE,GRU,2022-01-01,2024-01-01,49,0.3647766712733696,0.3826261786353618,0.3942747622138917,0.4059519024273545,0.1712010460138946
49,^GSPTSE,GRU,2022-01-01,2024-01-01,50,0.8980278421923826,0.862532414636456,0.990187323586426,0.9642426059941273,0.1823703922376322
50,^GSPTSE,GRU,2022-09-01,2024-09-01,1,1.3756336488080287,1.2986684060087574,1.284064792135461,1.2220722861989368,0.3623697804912594
51,^GSPTSE,GRU,2022-09-01,2024-09-01,2,1.628300279665542,1.6194784222538865,1.3096189610657485,1.5315070518828011,0.2528319097882582
52,^GSPTSE,GRU,2022-09-01,2024-09-01,3,1.2202758140952277,1.2583768735879386,1.0253306354662868,1.16843615827993,0.2577962484060891
53,^GSPTSE,GRU,2022-09-01,2024-09-01,4,0.2843276818038753,0.2403326355437497,0.2607632175427405,0.2534148835580818,0.2968671153093571
54,^GSPTSE,GRU,2022-09-01,2024-09-01,5,1.6326517924519572,1.6117872180024364,1.3510460389320529,1.5191065682220135,0.3532939656327928
55,^GSPTSE,GRU,2022-09-01,2024-09-01,6,0.5624874663732456,0.5850448688319675,0.4501820455577797,0.494207572705415,0.282982012313518
56,^GSPTSE,GRU,2022-09-01,2024-09-01,7,0.4671521425274574,0.458855133065454,0.4628290865148475,0.4793683775595048,0.2507618255670479
57,^GSPTSE,GRU,2022-09-01,2024-09-01,8,0.896725287559421,0.9702026193888104,0.8032210061538346,0.8955617575107352,0.3034713653236781
58,^GSPTSE,GRU,2022-09-01,2024-09-01,9,0.7874084482738486,0.8148777008309147,0.6873157657189236,0.7764375629961419,0.3383745812499069
59,^GSPTSE,GRU,2022-09-01,2024-09-01,10,1.6226275484661297,1.5968293934133737,1.32453786238682,1.548199066068431,0.2590556013823339
60,^GSPTSE,GRU,2022-09-01,2024-09-01,11,0.3246375218905143,0.2888620518738503,0.2599456480965256,0.2676959058767935,0.3377757178160081
61,^GSPTSE,GRU,2022-09-01,2024-09-01,12,0.7969181894290525,0.8769482705635984,0.6887862574686373,0.7916525997568477,0.306803448826274
62,^GSPTSE,GRU,2022-09-01,2024-09-01,13,0.304358074199176,0.3019188962260365,0.2687823160179622,0.2784810058824415,0.2751930644879661
63,^GSPTSE,GRU,2022-09-01,2024-09-01,14,0.8059884690529415,1.456613703323555,1.135399134843418,1.1172364977623788,0.3915479006221806
64,^GSPTSE,GRU,2022-09-01,2024-09-01,15,1.1338840875387712,1.0661809915326603,0.8666213611709824,0.967063906338402,0.2538657667451065
65,^GSPTSE,GRU,2022-09-01,2024-09-01,16,1.4391680502046962,1.5025182862631896,1.2068536076499508,1.4109687719778186,0.2680376099626633
66,^GSPTSE,GRU,2022-09-01,2024-09-01,17,0.3925479539570463,0.3402179350671473,0.3642842183444649,0.4244623457789944,0.370974329667756
67,^GSPTSE,GRU,2022-09-01,2024-09-01,18,1.5742508472585095,1.5609818394948092,1.2887189742760448,1.436079751272237,0.3858722179012951
68,^GSPTSE,GRU,2022-09-01,2024-09-01,19,0.2847345863713554,0.2850692888216194,0.2870783448899669,0.279786867049577,0.4024457594212033
69,^GSPTSE,GRU,2022-09-01,2024-09-01,20,1.576839577115876,1.6206276338732948,1.3003535273145288,1.4921955271752183,0.266163659521837
70,^GSPTSE,GRU,2022-09-01,2024-09-01,21,0.6339092478844273,0.5579662497000314,0.4375103827882411,0.4905462558050717,0.2508721926737205
71,^GSPTSE,GRU,2022-09-01,2024-09-01,22,0.4098683305477938,0.3424257455443527,0.4928777783738107,0.3620636764616406,0.5595287805365524
72,^GSPTSE,GRU,2022-09-01,2024-09-01,23,2.104371940186956,2.019173706247455,1.709748590659915,1.967969641997973,0.4272940504798074
73,^GSPTSE,GRU,2022-09-01,2024-09-01,24,1.0654206994327446,1.1373569166968271,0.9034745954653604,1.0022546076015746,0.2536010881989202
74,^GSPTSE,GRU,2022-09-01,2024-09-01,25,0.8562717918826669,0.7900282214890386,0.5608411282632668,0.7149435649620975,0.2627380935331822
75,^GSPTSE,GRU,2022-09-01,2024-09-01,26,0.2386729806754874,0.2620026461925147,0.2322718138268719,0.2486009855468305,0.3591253874146888
76,^GSPTSE,GRU,2022-09-01,2024-09-01,27,1.763791275133582,1.995742187753757,1.597651669811344,1.9763889685526896,0.2523942246550121
77,^GSPTSE,GRU,2022-09-01,2024-09-01,28,1.380043920516362,1.6340100647957454,1.1755925957078337,1.4139541517772998,0.5726752180778887
78,^GSPTSE,GRU,2022-09-01,2024-09-01,29,4.657391315385426,5.241633662514852,3.010154580056797,4.603815177688648,0.6761640193502051
79,^GSPTSE,GRU,2022-09-01,2024-09-01,30,2.045898202905029,2.162289945030884,1.862499361087865,1.947162205276408,0.3919996371171239
80,^GSPTSE,GRU,2022-09-01,2024-09-01,31,2.1402579516608595,2.111667736872949,1.6341254185251253,1.980409979048388,0.3523068109468474
81,^GSPTSE,GRU,2022-09-01,2024-09-01,32,0.3366272612031242,0.3640266634963169,0.2836950569474303,0.3267113201281242,0.2561514461253685
82,^GSPTSE,GRU,2022-09-01,2024-09-01,33,0.2743552194331956,0.2490310343277038,0.2479480468670658,0.2503724203259442,0.2624775697778095
83,^GSPTSE,GRU,2022-09-01,2024-09-01,34,0.4972860037086844,0.3620696426756326,0.4222033006921666,0.4920761259761605,0.2519987552151255
84,^GSPTSE,GRU,2022-09-01,2024-09-01,35,0.2618676415761845,0.2753089652548888,0.2554118270017207,0.266671921457622,0.2590290799990933
85,^GSPTSE,GRU,2022-09-01,2024-09-01,36,1.4218796668715077,1.4133585625138474,1.2263863488554312,1.4127393294901838,0.2548104113958463
86,^GSPTSE,GRU,2022-09-01,2024-09-01,37,1.656245901870886,1.734218020174857,1.3912197589493231,1.5984494643350482,0.4442722617793181
87,^GSPTSE,GRU,2022-09-01,2024-09-01,38,0.9835492807622804,0.9726210838504726,0.7349261341446099,0.9025668522153908,0.4089201114427293
88,^GSPTSE,GRU,2022-09-01,2024-09-01,39,1.0375901361788915,1.3025550667540466,1.0982382196289189,1.2030222474530148,0.4300721128588894
89,^GSPTSE,GRU,2022-09-01,2024-09-01,40,2.087107137631075,1.832458828113454,2.1343001838236435,1.812304375822604,0.6948227300591238
90,^GSPTSE,GRU,2022-09-01,2024-09-01,41,1.0401479266454612,0.6585575624023063,0.9629341776804412,0.893065786246619,0.3479762808999456
91,^GSPTSE,GRU,2022-09-01,2024-09-01,42,0.2551309387696261,0.2485758784992636,0.2410589983297734,0.2484078772423527,0.2787261806749796
92,^GSPTSE,GRU,2022-09-01,2024-09-01,43,0.3513652857220812,0.3511798100482753,0.3232091080713615,0.3703125723946613,0.2624579350044226
93,^GSPTSE,GRU,2022-09-01,2024-09-01,44,0.274415657846718,0.2519736355885288,0.2366808169506128,0.2574418159495321,0.2509898707956206
94,^GSPTSE,GRU,2022-09-01,2024-09-01,45,1.052581330181497,1.0289591967667808,0.8684414698759784,0.9787531811306344,0.2577116210719372
95,^GSPTSE,GRU,2022-09-01,2024-09-01,46,1.764559727434324,1.7388464562116697,1.493432015008469,1.6228252065538638,0.2691301728713313
96,^GSPTSE,GRU,2022-09-01,2024-09-01,47,0.4187548630707225,0.4475403517543084,0.3311497541334378,0.3993545794600983,0.2746103042024045
97,^GSPTSE,GRU,2022-09-01,2024-09-01,48,3.477742956101576,3.9608898862690953,2.9427807176764085,4.1207174274875245,0.2560423811468625
98,^GSPTSE,GRU,2022-09-01,2024-09-01,49,0.2862510641702883,0.3877881826736141,0.2624525938263854,0.2676166572489632,0.282684521680686
99,^GSPTSE,GRU,2022-09-01,2024-09-01,50,1.4956954969149296,1.7617505958074364,1.4310533847827394,1.642737026786648,0.2664875458908817
100,^GSPTSE,GRU,2023-05-01,2025-05-01,1,1.1370612924849752,1.518885984980097,1.124907087034464,1.1566922695011228,0.3021834183606446
101,^GSPTSE,GRU,2023-05-01,2025-05-01,2,0.4220000981046234,0.4976688831877552,0.4498293052526741,0.4352460506925533,0.317670453648556
102,^GSPTSE,GRU,2023-05-01,2025-05-01,3,0.4316573527807638,0.5113131083184044,0.4367498108400932,0.4657221671252586,0.3023501697923131
103,^GSPTSE,GRU,2023-05-01,2025-05-01,4,0.2505436346734608,0.3242594636275146,0.2833906457208198,0.2781229140616484,0.3081214009627287
104,^GSPTSE,GRU,2023-05-01,2025-05-01,5,0.41523337448662,0.4926417370935929,0.4235703686409731,0.3886793883563969,0.3196533618432323
105,^GSPTSE,GRU,2023-05-01,2025-05-01,6,0.4324919554065921,0.4979692601422066,0.4215189204250019,0.3857383814028575,0.3269015001054949
106,^GSPTSE,GRU,2023-05-01,2025-05-01,7,0.3570681501790001,0.3807804414351149,0.389035618620086,0.3896587320351307,0.3100493114807917
107,^GSPTSE,GRU,2023-05-01,2025-05-01,8,0.8783062526396986,1.305610430316222,0.8427377360013696,0.927473130092096,0.3710338266395014
108,^GSPTSE,GRU,2023-05-01,2025-05-01,9,0.2674931985697052,0.3189126425390906,0.3149240708449601,0.2858487077279901,0.3479875059191176
109,^GSPTSE,GRU,2023-05-01,2025-05-01,10,0.2865734253519739,0.3768798602046341,0.2895639086075453,0.3008502482216827,0.3473964582971533
110,^GSPTSE,GRU,2023-05-01,2025-05-01,11,0.3712228996726096,0.4299640987070535,0.4047309537626193,0.370243974840336,0.3132131453988935
111,^GSPTSE,GRU,2023-05-01,2025-05-01,12,0.3869505181911393,0.7553556623394178,0.4379626895370917,0.4605068558631845,0.3447074219564072
112,^GSPTSE,GRU,2023-05-01,2025-05-01,13,0.8959765554079219,1.2140561564185317,0.8595611934813988,1.0467145437750205,0.3256041219998646
113,^GSPTSE,GRU,2023-05-01,2025-05-01,14,0.2400374297746771,0.3853871000134283,0.2784345796008137,0.2946460456545323,0.3497530436629842
114,^GSPTSE,GRU,2023-05-01,2025-05-01,15,0.7730922778538843,0.9398561560585168,0.7051885540680962,0.7324398755383218,0.3069085120341459
115,^GSPTSE,GRU,2023-05-01,2025-05-01,16,0.4433775687540899,0.6670686640667454,0.5415352236432237,0.5585203591784352,0.3027606513868721
116,^GSPTSE,GRU,2023-05-01,2025-05-01,17,0.3777851850404978,0.5109165513591116,0.3264446833124915,0.4002644536877481,0.3333712788761745
117,^GSPTSE,GRU,2023-05-01,2025-05-01,18,0.5592433336874703,0.8060783688046019,0.6071808281580421,0.6314919085323625,0.3073586553375393
118,^GSPTSE,GRU,2023-05-01,2025-05-01,19,0.7006691090833097,0.8648357721955805,0.7652036643458355,0.65507816103899,0.3246972515494345
119,^GSPTSE,GRU,2023-05-01,2025-05-01,20,0.6435969959664243,0.8279621586167247,0.6766794882556628,0.6460842904818886,0.323541521011604
120,^GSPTSE,GRU,2023-05-01,2025-05-01,21,0.8369684019904482,0.9993368209401192,0.7520345835557749,0.7461769284188408,0.3285035835884016
121,^GSPTSE,GRU,2023-05-01,2025-05-01,22,0.309229239442633,0.4522794525405433,0.3262729072387323,0.3360568134112825,0.3418869034125242
122,^GSPTSE,GRU,2023-05-01,2025-05-01,23,0.259768826211594,0.3212285328371121,0.2861962349226116,0.2883901110407439,0.3109663257969178
123,^GSPTSE,GRU,2023-05-01,2025-05-01,24,0.366022780356511,0.4474349700947078,0.361433472876939,0.3256288877602474,0.293533092841226
124,^GSPTSE,GRU,2023-05-01,2025-05-01,25,0.3449834029284279,0.4378051104268765,0.4165425354965287,0.3954843989641712,0.3232147140674786
125,^GSPTSE,GRU,2023-05-01,2025-05-01,26,0.3587379172473869,0.5225884184156185,0.3574062424640205,0.3864131712840472,0.3183161415661128
126,^GSPTSE,GRU,2023-05-01,2025-05-01,27,0.8140815131503448,1.297077485189941,0.9931853117320824,0.8349390155990426,0.3821209718599351
127,^GSPTSE,GRU,2023-05-01,2025-05-01,28,0.876430113142841,1.3143413749116637,0.8248344301093595,0.911397410189396,0.3214171699780261
128,^GSPTSE,GRU,2023-05-01,2025-05-01,29,0.2580637659849499,0.3024737119174269,0.3218368157708114,0.2800847517719448,0.308005488413783
129,^GSPTSE,GRU,2023-05-01,2025-05-01,30,0.2739171406996964,0.3687792739044433,0.3006576674623718,0.303121566064819,0.3245268102389069
130,^GSPTSE,GRU,2023-05-01,2025-05-01,31,0.2936131302576813,0.3557535283710012,0.3045826193693873,0.2939369853774378,0.2956182848699858
131,^GSPTSE,GRU,2023-05-01,2025-05-01,32,0.2497074033238007,0.3043403826388857,0.2845990434409979,0.2675027107249035,0.2933787873233417
132,^GSPTSE,GRU,2023-05-01,2025-05-01,33,0.2812629490867291,0.2932150185436428,0.2830690738975676,0.2690094636303782,0.3480788662109902
133,^GSPTSE,GRU,2023-05-01,2025-05-01,34,0.300485207562234,0.3721669553557389,0.3347916805191339,0.2929498340130588,0.3076896757202952
134,^GSPTSE,GRU,2023-05-01,2025-05-01,35,2.651253666343925,3.716032929622574,2.530257860716939,2.740555790384063,0.2925283489780422
135,^GSPTSE,GRU,2023-05-01,2025-05-01,36,0.4321129850658499,0.6704151240561035,0.4312444358969008,0.4103194989933713,0.3055970077823907
136,^GSPTSE,GRU,2023-05-01,2025-05-01,37,0.5546594571548161,0.6864423377938647,0.5377529120883298,0.5340555680313342,0.3022114897709399
137,^GSPTSE,GRU,2023-05-01,2025-05-01,38,0.2680430207991983,0.3322818860091421,0.3604632323959309,0.2876481890034144,0.3169586481622972
138,^GSPTSE,GRU,2023-05-01,2025-05-01,39,0.3038735486136174,0.3826447723137028,0.304528059815001,0.2887035816831706,0.3092931586543325
139,^GSPTSE,GRU,2023-05-01,2025-05-01,40,0.7368299426323459,0.9553552668094816,0.7042854603367559,0.7186533991806303,0.3070359593982435
140,^GSPTSE,GRU,2023-05-01,2025-05-01,41,0.5008758340921075,0.6873859384192764,0.4531629420047049,0.5142127170850078,0.3416628857449194
141,^GSPTSE,GRU,2023-05-01,2025-05-01,42,0.3616173638910551,0.4913189374602156,0.3788509312770639,0.3574615862369365,0.3223990310699947
142,^GSPTSE,GRU,2023-05-01,2025-05-01,43,0.331399909866489,0.4052808936665675,0.3629504792176153,0.3435732545980547,0.3215824708640817
143,^GSPTSE,GRU,2023-05-01,2025-05-01,44,0.2563696442901015,0.2967262401862469,0.2911174114540409,0.2718604953424097,0.3090363223049042
144,^GSPTSE,GRU,2023-05-01,2025-05-01,45,0.8144316150761213,1.164094926474274,0.8722343572952794,0.9161806132916356,0.3217870531627711
145,^GSPTSE,GRU,2023-05-01,2025-05-01,46,0.964296941790349,1.1526499157445258,0.9946288763242708,0.9305659481637164,0.36480406952696
146,^GSPTSE,GRU,2023-05-01,2025-05-01,47,0.3286293561519522,0.3626743022278687,0.2912219278133001,0.2877932500264761,0.2994193612355347
147,^GSPTSE,GRU,2023-05-01,2025-05-01,48,0.6879677508699366,0.8366898256997836,0.6862398703348108,0.643672316534584,0.3027610387002754
148,^GSPTSE,GRU,2023-05-01,2025-05-01,49,0.8315957820229841,1.1488499820478757,0.8801415273480087,0.8785064448657668,0.3093434974536508
149,^GSPTSE,GRU,2023-05-01,2025-05-01,50,0.4001074423848745,0.495288852562497,0.425247852804229,0.3970925861975512,0.2889658758920586
150,^GSPTSE,GRU,2024-01-01,2026-01-01,1,1.7516020948895603,1.9091069154011149,1.782171350359108,1.8388677881728053,0.1862160734197033
151,^GSPTSE,GRU,2024-01-01,2026-01-01,2,1.5989907074361265,1.659589056970389,1.5014870655105754,1.4820368665189168,0.1625035285635616
152,^GSPTSE,GRU,2024-01-01,2026-01-01,3,1.2244150241962597,1.3228075268019994,1.1851767610441046,1.358011254304624,0.1933038407591931
153,^GSPTSE,GRU,2024-01-01,2026-01-01,4,0.6309393854090898,0.7206920446267748,0.6379485545187861,0.6539051605878247,0.1634006513677683
154,^GSPTSE,GRU,2024-01-01,2026-01-01,5,1.8116496705990288,1.9477004966764333,1.992108904582624,1.821809874342699,0.1631072690535923
155,^GSPTSE,GRU,2024-01-01,2026-01-01,6,0.7552795678799883,0.8965878935427374,0.6367808028612452,0.8958056523444478,0.1908436086022506
156,^GSPTSE,GRU,2024-01-01,2026-01-01,7,1.3387835792219938,1.5134934547823384,1.4472775625859935,1.2950559566610191,0.1645804809757776
157,^GSPTSE,GRU,2024-01-01,2026-01-01,8,0.4945263711356869,0.5718847822509502,0.572546128357515,0.5743768072673684,0.1619743393382471
158,^GSPTSE,GRU,2024-01-01,2026-01-01,9,1.2965675016879203,1.3918858455427183,1.264235723916206,1.256507760944029,0.1615173159586659
159,^GSPTSE,GRU,2024-01-01,2026-01-01,10,1.0173265754264949,0.9941782934515272,0.9692309386940064,0.8632686936532354,0.1621155219441756
160,^GSPTSE,GRU,2024-01-01,2026-01-01,11,0.2781965253367791,0.3591944950899532,0.2689045212204423,0.285810067377548,0.1630709074499285
161,^GSPTSE,GRU,2024-01-01,2026-01-01,12,2.051818983107478,2.099084271858381,1.9146780424418488,1.89366517131026,0.1736358514404153
162,^GSPTSE,GRU,2024-01-01,2026-01-01,13,1.2044017385102423,1.2157042799477231,1.2435337333894558,0.823978852447143,0.1623057493280139
163,^GSPTSE,GRU,2024-01-01,2026-01-01,14,1.3654267727575782,1.4628949573836905,1.4141499138325375,1.4355285721245294,0.1637119071083667
164,^GSPTSE,GRU,2024-01-01,2026-01-01,15,1.2398782497260417,1.4230839106710205,1.2414870969853689,1.266630424309101,0.1649051727255629
165,^GSPTSE,GRU,2024-01-01,2026-01-01,16,0.8999822067511987,1.0251882619186998,1.0345780245352258,0.9334421699008242,0.184866605648184
166,^GSPTSE,GRU,2024-01-01,2026-01-01,17,0.6291504236961364,0.6804201181533667,0.5879132814497878,0.6171828562975091,0.1668306054079794
167,^GSPTSE,GRU,2024-01-01,2026-01-01,18,0.2639015807784886,0.2259081336372932,0.3140625907705103,0.2481875653373634,0.2576296456016711
168,^GSPTSE,GRU,2024-01-01,2026-01-01,19,0.1703839945939629,0.1844402698370543,0.3350486883637243,0.2817064319931649,0.1616241254381725
169,^GSPTSE,GRU,2024-01-01,2026-01-01,20,0.9511994451736708,0.996802784614825,0.7534774789348672,0.8023673129181297,0.1652880672419481
170,^GSPTSE,GRU,2024-01-01,2026-01-01,21,1.673153235963543,1.7115119438621182,1.7909427026461526,1.6425788362232845,0.1647214924175712
171,^GSPTSE,GRU,2024-01-01,2026-01-01,22,1.953841377766928,2.052032764983072,1.9751565095944457,1.8593347330642969,0.1701760155468049
172,^GSPTSE,GRU,2024-01-01,2026-01-01,23,3.1268675855393884,3.679574444966334,2.8130540197710583,3.508126754870815,0.1614660159705038
173,^GSPTSE,GRU,2024-01-01,2026-01-01,24,0.1675659969074646,0.247382330937973,0.481694524051822,0.2898035997404253,0.1694472496872728
174,^GSPTSE,GRU,2024-01-01,2026-01-01,25,2.19270387064412,2.4504805771907794,2.1876355816476583,2.180214424827704,0.1811488687407029
175,^GSPTSE,GRU,2024-01-01,2026-01-01,26,1.1127226571319913,1.1418689182270376,0.9888957797303112,0.93090902594388,0.168336296850402
176,^GSPTSE,GRU,2024-01-01,2026-01-01,27,0.3184610568826285,0.3371014718743239,0.3850815554675105,0.4065847620244791,0.1734533483801057
177,^GSPTSE,GRU,2024-01-01,2026-01-01,28,1.1326246829387443,0.7985514350058845,0.9790042150327444,0.8366220374288129,0.1861766084796383
178,^GSPTSE,GRU,2024-01-01,2026-01-01,29,2.175524843650239,2.4541951268746214,1.9968798421103104,2.139482524458263,0.1890466128719202
179,^GSPTSE,GRU,2024-01-01,2026-01-01,30,1.28332476427361,1.3603268155452184,1.3457804141439822,1.2623408979522106,0.1655531722328304
180,^GSPTSE,GRU,2024-01-01,2026-01-01,31,3.695968826767612,3.9691782182431066,3.7301554986521,3.6362140315499625,0.1689319085120022
181,^GSPTSE,GRU,2024-01-01,2026-01-01,32,1.3394638377483692,1.869197380088654,1.2783481908280006,1.3945947873157556,0.161927154812522
182,^GSPTSE,GRU,2024-01-01,2026-01-01,33,1.7445604284478369,1.7980419570863786,1.7130984344775646,1.6789146328749178,0.1639704156976379
183,^GSPTSE,GRU,2024-01-01,2026-01-01,34,1.3378182772257718,0.9627330545694246,1.1050762429681231,1.5945646567052263,0.1957281637046791
184,^GSPTSE,GRU,2024-01-01,2026-01-01,35,0.6003896719201639,0.539322163936031,0.6109208684915284,0.5482615614962743,0.1648597884395928
185,^GSPTSE,GRU,2024-01-01,2026-01-01,36,0.1608584912079781,0.1533177789390466,0.1471926279186397,0.1515386101548238,0.1613969791923152
186,^GSPTSE,GRU,2024-01-01,2026-01-01,37,0.4420965401406343,0.386071478660051,0.6350404766064534,0.3509702986525142,0.2000743651009957
187,^GSPTSE,GRU,2024-01-01,2026-01-01,38,2.495555175560855,2.773603694736443,2.3731629090309254,2.500025753756073,0.1678266686703223
188,^GSPTSE,GRU,2024-01-01,2026-01-01,39,1.5226010402408483,1.571966862570478,1.4325374115776348,1.557561962746843,0.1650068204704251
189,^GSPTSE,GRU,2024-01-01,2026-01-01,40,1.0255023263833531,1.1799315689719283,0.9321493490742696,1.073846506519985,0.1614115005483094
190,^GSPTSE,GRU,2024-01-01,2026-01-01,41,1.491363752478995,1.4845600017418223,1.7119679200200306,1.525271179748955,0.1727128014131982
191,^GSPTSE,GRU,2024-01-01,2026-01-01,42,1.480795630992645,1.696706426477407,1.5179973775058553,1.5166335894327263,0.1618888596049449
192,^GSPTSE,GRU,2024-01-01,2026-01-01,43,1.6592290297821153,1.7210362557731351,1.6243581354191357,1.5974474079491614,0.1621537875655302
193,^GSPTSE,GRU,2024-01-01,2026-01-01,44,0.6452561708424702,0.7847187149016842,0.7054759454043532,0.6795783565548181,0.1618113029674795
194,^GSPTSE,GRU,2024-01-01,2026-01-01,45,1.486983111796048,1.5606819679716395,1.3971082851049728,1.1944934203009243,0.161552339995746
195,^GSPTSE,GRU,2024-01-01,2026-01-01,46,1.2287258833615966,1.4755164682816675,1.4350396634281517,1.448377550421712,0.1785081296117164
196,^GSPTSE,GRU,2024-01-01,2026-01-01,47,0.5768070755883389,0.4514602195743578,0.4859824672689909,0.4375964714162181,0.1683568869463088
197,^GSPTSE,GRU,2024-01-01,2026-01-01,48,0.4539103846422423,0.3929097577389189,0.3746796556262961,0.4008905108197299,0.1626003680444757
198,^GSPTSE,GRU,2024-01-01,2026-01-01,49,0.523266814677031,0.4632828565117357,0.6707876503578675,0.5308545255212067,0.1758456797020639
199,^GSPTSE,GRU,2024-01-01,2026-01-01,50,0.4163148339739503,0.4168505528571307,0.4124273220353661,0.3646036246322837,0.1656781053674486
200,SLV,GRU,2022-01-01,2024-01-01,1,0.2852824711963733,0.2789137990536553,0.3687072353107435,0.2723773072893277,0.375859472677935
201,SLV,GRU,2022-01-01,2024-01-01,2,0.3054428706740295,0.3880444323236011,0.6058320747776321,0.2974321383583915,0.3562847286292175
202,SLV,GRU,2022-01-01,2024-01-01,3,0.5038757270951624,0.5036995674137064,1.076847103137556,0.893437905486475,0.2780320833234273
203,SLV,GRU,2022-01-01,2024-01-01,4,1.408367212772901,1.3026936071838973,1.143059829459015,1.2072865669110504,0.5753510086595763
204,SLV,GRU,2022-01-01,2024-01-01,5,1.0112921303366305,0.7985345787122804,0.7577881007271907,0.7223370644347813,0.6617519623295331
205,SLV,GRU,2022-01-01,2024-01-01,6,0.319688857096279,0.4278981488028618,0.6970838559763662,0.3176012616222169,0.5995793621917258
206,SLV,GRU,2022-01-01,2024-01-01,7,0.7635317072061518,0.2616834675330932,0.3945821734598124,0.3289763827181128,0.3686886915498331
207,SLV,GRU,2022-01-01,2024-01-01,8,0.7909715783905594,0.7823389166259174,0.7886707243083753,0.7180919049850646,0.3200996935556428
208,SLV,GRU,2022-01-01,2024-01-01,9,0.4113856237249734,0.3781911422600335,0.3609004774720599,0.3496210641698941,0.344541449274607
209,SLV,GRU,2022-01-01,2024-01-01,10,0.5443197520084481,0.5475272188015798,0.624352317250313,0.553915306053308,0.2998663280723255
210,SLV,GRU,2022-01-01,2024-01-01,11,0.8858314728461142,1.1796660664342822,1.6080542032598868,1.3369766960658012,0.3148747481585602
211,SLV,GRU,2022-01-01,2024-01-01,12,0.5468971042647826,0.3894247653087958,0.6264951310935116,0.3881474950954514,0.5120003303337369
212,SLV,GRU,2022-01-01,2024-01-01,13,0.4768339953955179,0.5831188027904858,0.5272519908719373,0.5068138961266436,0.2828819863980028
213,SLV,GRU,2022-01-01,2024-01-01,14,2.2508064938250274,1.380944013886545,1.4519467020524934,1.597193885428572,0.7168624361107883
214,SLV,GRU,2022-01-01,2024-01-01,15,0.5382229055061175,0.4514527837475123,0.4729415891860161,0.3949431147208656,0.2666699946938438
215,SLV,GRU,2022-01-01,2024-01-01,16,1.428843387622391,1.4795201279701098,1.47919762632312,1.4258613910975375,0.4077785401458806
216,SLV,GRU,2022-01-01,2024-01-01,17,1.4817875638662206,1.307410119937236,1.5054539544906125,1.5278354128248637,0.2598790552972835
217,SLV,GRU,2022-01-01,2024-01-01,18,1.385671608387438,1.230824549359592,1.1742824541400532,1.2833692335363232,1.072905980766344
218,SLV,GRU,2022-01-01,2024-01-01,19,0.5977686917941017,0.5227286003187975,0.3995481872356081,0.3880262667236409,0.2501606968640251
219,SLV,GRU,2022-01-01,2024-01-01,20,0.292355040616838,0.261272425210575,0.2291383626495664,0.2418136903453697,0.2836554987575986
220,SLV,GRU,2022-01-01,2024-01-01,21,0.3230002211553047,0.2699258188266846,0.2554337606889816,0.2257561901845597,0.3199274041076103
221,SLV,GRU,2022-01-01,2024-01-01,22,0.7788787683333096,1.0090695640401357,1.371849447375257,1.038659010638766,0.2983309697994457
222,SLV,GRU,2022-01-01,2024-01-01,23,0.9446937562120624,0.9963161166845428,0.9248634807110704,1.0350096414670122,0.3662587118462658
223,SLV,GRU,2022-01-01,2024-01-01,24,3.031427387175248,3.824539018780605,5.075505768460534,4.715409174273451,0.7889910320222321
224,SLV,GRU,2022-01-01,2024-01-01,25,0.7596059735553988,0.5843793763434648,0.5139933502273765,0.6967522596565133,0.2505830217611133
225,SLV,GRU,2022-01-01,2024-01-01,26,0.7485814273750427,0.6578169089780235,0.6602541053358031,0.5870840437400102,0.2626649506213199
226,SLV,GRU,2022-01-01,2024-01-01,27,0.8901866917929598,0.9384262201406124,0.9364494410628555,1.013501586760834,0.532979531866678
227,SLV,GRU,2022-01-01,2024-01-01,28,1.4055910433252643,1.3383583778741452,1.2646161960971416,1.4221811361045118,0.3065141214725864
228,SLV,GRU,2022-01-01,2024-01-01,29,0.3994987699973966,0.3164218999342473,0.4199645248868985,0.3035530839180195,0.2962462696436574
229,SLV,GRU,2022-01-01,2024-01-01,30,0.3005043047741436,0.2786924315387775,0.4244548036977907,0.4104573015487368,0.259685560421121
230,SLV,GRU,2022-01-01,2024-01-01,31,0.4585136493097353,0.5569136461443518,0.4207488350229432,0.3955543587445228,0.2630082918134357
231,SLV,GRU,2022-01-01,2024-01-01,32,0.3404747383131597,0.3012561648235324,0.4041720453019287,0.4057501980918729,0.2491809813382676
232,SLV,GRU,2022-01-01,2024-01-01,33,0.6193064936411281,0.4740265438000402,0.6929013133508285,0.5493931525629773,0.2637623511107198
233,SLV,GRU,2022-01-01,2024-01-01,34,0.4360460991617418,0.4159935487801627,0.3486022635172558,0.3940337774899366,0.2917933838994128
234,SLV,GRU,2022-01-01,2024-01-01,35,1.081967832026032,0.9847794687765116,0.7896061915599175,0.9033180475991334,0.2597730958374288
235,SLV,GRU,2022-01-01,2024-01-01,36,1.4366599953252552,1.5247181441499904,1.5702065439985835,1.5868558398049502,0.3378314988388026
236,SLV,GRU,2022-01-01,2024-01-01,37,0.7107596220851629,0.5570573233588836,0.5561812557332984,0.7012785139625937,0.2771984192761648
237,SLV,GRU,2022-01-01,2024-01-01,38,0.6292684640789399,0.6244956053931253,0.623861080512103,0.6291315148763663,0.2485071953221832
238,SLV,GRU,2022-01-01,2024-01-01,39,0.9971643450340768,0.725642909129404,0.2913635707396252,0.4513065823585218,0.2770388384000567
239,SLV,GRU,2022-01-01,2024-01-01,40,0.3025390826336335,0.2978906923755991,0.3849636179963043,0.292223542143821,0.2793396912366809
240,SLV,GRU,2022-01-01,2024-01-01,41,0.3157128726091913,0.2870074248518038,0.2415133354374321,0.2623142288061904,0.3616276804056128
241,SLV,GRU,2022-01-01,2024-01-01,42,0.4521776328404474,0.457251642566895,0.3799051686657983,0.4585882210101218,0.2475101328986364
242,SLV,GRU,2022-01-01,2024-01-01,43,0.6044631161646803,0.5080076209023311,0.4526692738901079,0.3571376535182663,0.2580379735659921
243,SLV,GRU,2022-01-01,2024-01-01,44,1.4294442005116372,1.416475434726142,1.400778443125802,1.4139619979935578,0.321992552731332
244,SLV,GRU,2022-01-01,2024-01-01,45,0.4899110799343384,0.3819946594533843,0.2812871578612727,0.2894388117224067,0.4341339228494131
245,SLV,GRU,2022-01-01,2024-01-01,46,1.0881248273946345,1.4805189605241755,2.2487272632632207,1.8022118017584767,0.4679679504407733
246,SLV,GRU,2022-01-01,2024-01-01,47,0.3829875280708595,0.2884480878418459,0.2766427924238155,0.2896439948456313,0.4102156590003705
247,SLV,GRU,2022-01-01,2024-01-01,48,0.455090912838362,0.2965566586247586,0.4198484509305545,0.3851684328529335,0.2844862573806422
248,SLV,GRU,2022-01-01,2024-01-01,49,0.5317796719416258,0.3603552897302924,0.3612262638946272,0.3313309717142355,0.3345934382164356
249,SLV,GRU,2022-01-01,2024-01-01,50,1.3538718296522645,1.2015973166866394,1.0912154226784647,1.1054524668397077,0.3206216659050934
250,SLV,GRU,2022-09-01,2024-09-01,1,0.9863108754697162,0.9520283857780842,0.9551503686477532,0.8330163995126684,0.2213417967007535
251,SLV,GRU,2022-09-01,2024-09-01,2,1.253710532727904,1.289412211678432,1.18871267261716,1.156912160987405,0.2917885619642112
252,SLV,GRU,2022-09-01,2024-09-01,3,1.2649895050892934,1.403409279194978,1.2101383074783718,1.1567712798907042,0.4834937448811525
253,SLV,GRU,2022-09-01,2024-09-01,4,0.7623568212354143,0.8304181859640223,0.6022359228618779,0.7354901288735883,0.389651441242451
254,SLV,GRU,2022-09-01,2024-09-01,5,1.320517742213271,1.4194903710656486,1.1806730224221245,1.262106311477301,0.5030403237434143
255,SLV,GRU,2022-09-01,2024-09-01,6,1.4847407506256418,1.563105957115743,1.3241206663741476,1.2688847315211855,0.2507354836570031
256,SLV,GRU,2022-09-01,2024-09-01,7,0.5093443419543948,0.5039899076394941,0.4368891352654198,0.3889418662479091,0.2257779751447511
257,SLV,GRU,2022-09-01,2024-09-01,8,0.7955841777375945,0.8475436712519576,0.8690545843131781,0.7909024182104112,0.2682783692284973
258,SLV,GRU,2022-09-01,2024-09-01,9,0.370447862634874,0.4383286234551685,0.4110801454758866,0.3944376817437481,0.23807486045437
259,SLV,GRU,2022-09-01,2024-09-01,10,1.2262010853286345,1.2305336947301804,1.191249031937453,1.058021605367907,0.2262651067070361
260,SLV,GRU,2022-09-01,2024-09-01,11,1.5772550755928365,1.5988319442985917,1.0458433980149136,1.2826039782302183,0.5165513452225868
261,SLV,GRU,2022-09-01,2024-09-01,12,0.9931552044616148,0.9773699120250648,0.9137073570409976,0.876846941211061,0.2349709889816359
262,SLV,GRU,2022-09-01,2024-09-01,13,0.8855188105704579,0.97741831190052,0.8844328543015665,0.7964806096128884,0.3140228432777191
263,SLV,GRU,2022-09-01,2024-09-01,14,0.9368106625726847,1.159209057708187,1.2382106103863912,0.9181361201431988,0.5603346782495368
264,SLV,GRU,2022-09-01,2024-09-01,15,2.196044438515221,2.331760582338876,2.1484683993045857,2.04104531815446,0.233165312804828
265,SLV,GRU,2022-09-01,2024-09-01,16,2.2088207972315765,2.7330960115730907,2.1824083948817976,2.1490344863492257,0.5874474961044117
266,SLV,GRU,2022-09-01,2024-09-01,17,1.5937158883123177,1.495801569127556,1.4723918229787996,1.335740800794631,0.4794703831391652
267,SLV,GRU,2022-09-01,2024-09-01,18,1.5160446620815575,1.6381112360224073,1.5008508689064763,1.4572888226376215,0.5404819949945887
268,SLV,GRU,2022-09-01,2024-09-01,19,2.44623158775064,2.4134289490011187,1.8788101106621915,1.997828500700938,0.4941820109642405
269,SLV,GRU,2022-09-01,2024-09-01,20,1.111012163314953,1.2414890452818144,1.0087258094745484,1.0514876003594529,0.3727990493688231
270,SLV,GRU,2022-09-01,2024-09-01,21,2.038456504486498,1.8464513674985608,1.2007570633998483,1.359543716404711,0.2209020139555723
271,SLV,GRU,2022-09-01,2024-09-01,22,2.0485767009395786,2.173398390189575,2.0063311624325766,1.9354575837096528,0.4070952139928803
272,SLV,GRU,2022-09-01,2024-09-01,23,1.2816221743688996,1.4130823633215583,1.149804485357789,1.0290650717674037,0.2525383792888112
273,SLV,GRU,2022-09-01,2024-09-01,24,2.2348474025878047,2.14708826618482,1.4990239016527191,1.706450808965016,0.6475303791091621
274,SLV,GRU,2022-09-01,2024-09-01,25,0.8799834536813673,0.5644475889258539,0.5192281536405685,0.5020748369725556,0.2321158194738378
275,SLV,GRU,2022-09-01,2024-09-01,26,0.90238556111177,1.0915576177769346,0.8935828731632625,0.9081944954062676,0.2380961268178959
276,SLV,GRU,2022-09-01,2024-09-01,27,1.7572375111153788,1.9020116752754324,1.7705586283317531,1.6531514172481268,0.2505393935105515
277,SLV,GRU,2022-09-01,2024-09-01,28,0.8117732812765337,0.8917437428702792,0.774103302394198,0.8175650448854762,0.4245974142452433
278,SLV,GRU,2022-09-01,2024-09-01,29,2.7375086758339964,2.3880780120487968,1.4808064447086644,2.430028852244036,1.1542045194644583
279,SLV,GRU,2022-09-01,2024-09-01,30,0.5921959879362403,0.6081042026375394,0.585342187625585,0.5560340863817687,0.2581434854959701
280,SLV,GRU,2022-09-01,2024-09-01,31,0.7327344462542154,0.8027631136911337,0.7205493304417969,0.6854304575950003,0.3108383363643472
281,SLV,GRU,2022-09-01,2024-09-01,32,0.4908597200292446,0.5108301116023503,0.4729801972859674,0.4418649154542867,0.3303373070670826
282,SLV,GRU,2022-09-01,2024-09-01,33,1.5941501009303527,1.7110822844301758,1.5280155954778254,1.457620712504935,0.2612860429670939
283,SLV,GRU,2022-09-01,2024-09-01,34,0.6298505695873465,0.661048374319888,0.6189541707220101,0.6104348964227662,0.2570264859342966
284,SLV,GRU,2022-09-01,2024-09-01,35,1.5590280090005906,1.8416824843974984,1.8916411127433028,1.690911132460761,0.3841948017527568
285,SLV,GRU,2022-09-01,2024-09-01,36,1.6139495672220698,1.7706189492723152,1.8993999323108373,1.7775662337918303,0.7052157346662764
286,SLV,GRU,2022-09-01,2024-09-01,37,1.4574221401321268,1.659438777187022,1.3947071710614172,1.3659027542164714,0.4227760474521619
287,SLV,GRU,2022-09-01,2024-09-01,38,0.5014052232438031,0.5162186437686416,0.5053097754852488,0.5045113719592903,0.7997238009562829
288,SLV,GRU,2022-09-01,2024-09-01,39,1.01825794074095,1.1362843324249772,1.093150073681467,1.0129741819914342,0.3749837766922104
289,SLV,GRU,2022-09-01,2024-09-01,40,0.8247137645301944,0.9705024726930584,1.0529368275153876,0.8509120162892952,0.3117504552451794
290,SLV,GRU,2022-09-01,2024-09-01,41,1.7342255609048478,2.068633689271263,1.601080728969582,1.6967036529284176,0.2815212656500649
291,SLV,GRU,2022-09-01,2024-09-01,42,0.6890904670922908,0.6862322445501468,0.6222184739058434,0.6220913175662348,0.2253379265204556
292,SLV,GRU,2022-09-01,2024-09-01,43,0.8776665053643828,0.9837819098972446,0.8501530375871443,0.8664678567505439,0.2919873292605154
293,SLV,GRU,2022-09-01,2024-09-01,44,0.6480752482607486,0.5198891626838402,0.4798932951897429,0.4894860562729382,0.2941740609080179
294,SLV,GRU,2022-09-01,2024-09-01,45,1.4130161763883573,1.4351402953317105,1.2749428344741986,1.307898475081596,0.531102314651342
295,SLV,GRU,2022-09-01,2024-09-01,46,1.107517907840749,1.2797798323354894,1.0529875300847402,1.3858167554102343,0.6678576592417325
296,SLV,GRU,2022-09-01,2024-09-01,47,1.0141776888585965,1.0656462032396523,0.952434042971944,0.9251299461241036,0.2297057860360401
297,SLV,GRU,2022-09-01,2024-09-01,48,1.1626286533033072,1.0711981745127594,1.0462183128315123,1.317639222412363,0.6470364577793478
298,SLV,GRU,2022-09-01,2024-09-01,49,1.3483582951454367,1.4221987849966975,1.3851733146824778,1.3243209778806004,0.3424751185621263
299,SLV,GRU,2022-09-01,2024-09-01,50,5.641993698433901,6.789830181272116,8.55348598406344,7.123394082519514,1.7631484300262965
300,SLV,GRU,2023-05-01,2025-05-01,1,0.9060374182016492,1.1436509515748337,1.114022355827364,0.9375732952085803,0.1980883227875966
301,SLV,GRU,2023-05-01,2025-05-01,2,0.3823818375507806,0.4212941863285168,0.3621378223890605,0.3759640644095621,0.2398629159378625
302,SLV,GRU,2023-05-01,2025-05-01,3,0.5993443411110823,0.6787528037691236,0.5113885817918218,0.5435063638634153,0.2293744340661839
303,SLV,GRU,2023-05-01,2025-05-01,4,0.3902589904246715,0.5220735893174658,0.4549328649326293,0.4681953534102472,0.2477609546703751
304,SLV,GRU,2023-05-01,2025-05-01,5,2.114143301701888,2.0435752626402897,1.6439559824362258,1.829484682939263,0.2338503053062197
305,SLV,GRU,2023-05-01,2025-05-01,6,1.1772277445645158,1.4045198812408106,1.157534328816312,1.3007327613317168,0.2029114560086558
306,SLV,GRU,2023-05-01,2025-05-01,7,0.402724762071365,0.4732058188681991,0.4523138176098498,0.4318142189379647,0.2445474953625765
307,SLV,GRU,2023-05-01,2025-05-01,8,0.8302738168015373,0.9320865044409828,0.632262528053986,0.664729992582925,0.2015348884203881
308,SLV,GRU,2023-05-01,2025-05-01,9,0.4412698116060764,0.5599659987462227,0.4860072103937964,0.5045868583541355,0.3333858317257703
309,SLV,GRU,2023-05-01,2025-05-01,10,0.4168234937396469,0.4432299958931745,0.4869821120666498,0.3870890259450677,0.1993967469308709
310,SLV,GRU,2023-05-01,2025-05-01,11,0.9917666890850008,1.0706639787040644,0.972169971892623,0.9692751573073656,0.2048979696434859
311,SLV,GRU,2023-05-01,2025-05-01,12,1.0226535018395375,1.285722915063544,1.023657697883935,1.155527606616734,0.3126273083041221
312,SLV,GRU,2023-05-01,2025-05-01,13,0.3225790696030459,0.3563043347443529,0.3290221164989734,0.3397574903128728,0.220102740366073
313,SLV,GRU,2023-05-01,2025-05-01,14,0.6586006164489395,0.6662249006455343,0.3973819202345461,0.5310603924025256,0.3202540258567518
314,SLV,GRU,2023-05-01,2025-05-01,15,0.4276216021853914,0.4376178872063345,0.4040491818428575,0.3874188118358563,0.2086418781520922
315,SLV,GRU,2023-05-01,2025-05-01,16,1.6344057923424775,1.7998073916490855,1.4928896926160606,1.4528390269256086,0.2671300237342148
316,SLV,GRU,2023-05-01,2025-05-01,17,1.7413767256421968,1.911189763240091,1.6374789618435537,1.8166884529321647,0.2413553670628058
317,SLV,GRU,2023-05-01,2025-05-01,18,1.8288964630240432,2.090586745377676,1.7127964671937408,1.7447120031077723,0.4994521804753963
318,SLV,GRU,2023-05-01,2025-05-01,19,0.2484128094631936,0.2671157992483661,0.2779828282843476,0.2637087740708604,0.2053080477715702
319,SLV,GRU,2023-05-01,2025-05-01,20,1.282647103053698,1.5886139925637268,1.3856868041249215,1.3876994068724893,0.1979098323536783
320,SLV,GRU,2023-05-01,2025-05-01,21,0.2256178816974111,0.2572816536506802,0.2635665374722704,0.2356197648558779,0.2644338257094223
321,SLV,GRU,2023-05-01,2025-05-01,22,0.2690129544845025,0.3164524143657365,0.3210025640279522,0.3212730417706842,0.2161790888899426
322,SLV,GRU,2023-05-01,2025-05-01,23,0.8465814926716867,0.8088570369403293,0.8232883709049701,0.8318725502153773,0.333097037023971
323,SLV,GRU,2023-05-01,2025-05-01,24,0.4988496159176883,0.5188525539316354,0.416457864179438,0.4777457389174527,0.199919783849402
324,SLV,GRU,2023-05-01,2025-05-01,25,1.4874052244874632,1.2942541333717532,0.6098673332004778,1.1841180431619571,0.1961614182825694
325,SLV,GRU,2023-05-01,2025-05-01,26,0.7497619450682897,0.8895414444079679,0.8261688951855792,0.7807552739137029,0.2701039840990511
326,SLV,GRU,2023-05-01,2025-05-01,27,0.6962696109582468,0.770364149476558,0.7112109078295354,0.648037408851332,0.2440931245473887
327,SLV,GRU,2023-05-01,2025-05-01,28,0.5211797029166825,0.5830889279747492,0.4643698093069093,0.4983391628135996,0.3048264130615892
328,SLV,GRU,2023-05-01,2025-05-01,29,1.0626439494523798,0.7803126756058117,0.6864907848135484,1.017017141912387,0.2565721706107884
329,SLV,GRU,2023-05-01,2025-05-01,30,0.6676077165626741,0.7134848525732532,0.4934385498134855,0.5315618171408224,0.2132094706204396
330,SLV,GRU,2023-05-01,2025-05-01,31,0.2626148315556844,0.3351967667885984,0.3716026585854601,0.3517850017750595,0.1994170897663423
331,SLV,GRU,2023-05-01,2025-05-01,32,2.0640174697491456,2.759897148835596,1.8338337783693093,1.914495779525432,0.3678557700754535
332,SLV,GRU,2023-05-01,2025-05-01,33,0.6880690744475328,1.1094828055336847,0.7889584791294785,0.7797365212747478,0.2151671454116433
333,SLV,GRU,2023-05-01,2025-05-01,34,0.5719051502041623,0.4848253799948447,0.5078577775764168,0.3915618221411119,0.2298717366214514
334,SLV,GRU,2023-05-01,2025-05-01,35,0.5508471115452931,0.6941918138544432,0.8540770583394268,0.8664083312641111,0.1998522597978336
335,SLV,GRU,2023-05-01,2025-05-01,36,1.238030920420155,1.4062714135765788,1.2189083786096182,1.2273232915597303,0.1972632732781828
336,SLV,GRU,2023-05-01,2025-05-01,37,0.2466396621335447,0.2632045237112007,0.253813784430625,0.2755478970803587,0.6017801441907897
337,SLV,GRU,2023-05-01,2025-05-01,38,0.5086100569534316,0.5331065739540222,0.4067484513191831,0.4731907022923574,0.3599306371690924
338,SLV,GRU,2023-05-01,2025-05-01,39,0.4766107136932894,0.5302424258207515,0.5527284817902518,0.4183197971832114,0.3509169166163045
339,SLV,GRU,2023-05-01,2025-05-01,40,0.2708192925649246,0.2714168990855726,0.2720659816897542,0.2670005388317273,0.2327269779768734
340,SLV,GRU,2023-05-01,2025-05-01,41,2.98983428867433,3.28125584775651,2.611812315578373,2.9162592126491083,0.6115306851198394
341,SLV,GRU,2023-05-01,2025-05-01,42,0.5186669551255064,0.6047515011926438,0.5004436204594938,0.5586686060709786,0.2831981891392945
342,SLV,GRU,2023-05-01,2025-05-01,43,0.3668499500316426,0.346444516056348,0.4415443449593293,0.3672063439848141,0.2658453923513461
343,SLV,GRU,2023-05-01,2025-05-01,44,0.3555606764447541,0.4612435233468364,0.4409772611870982,0.3227744490426094,0.2004267464505601
344,SLV,GRU,2023-05-01,2025-05-01,45,1.1058754939904578,1.3374675924384292,1.2356287593334965,1.1911175389478754,0.2724851352254554
345,SLV,GRU,2023-05-01,2025-05-01,46,1.501231307550744,1.7643642984256742,1.684543317389662,2.0883499721269683,0.2254309671122193
346,SLV,GRU,2023-05-01,2025-05-01,47,0.5839263230863402,0.6480409269421732,0.5672767299267052,0.5278757297367843,0.2334878254666868
347,SLV,GRU,2023-05-01,2025-05-01,48,0.3037931081900015,0.3037080169375785,0.3654721529832981,0.3524815131688659,0.2914422120602415
348,SLV,GRU,2023-05-01,2025-05-01,49,0.3817572314377488,0.4140788343645043,0.3689712893771154,0.3865680475722322,0.2131269274558086
349,SLV,GRU,2023-05-01,2025-05-01,50,0.8777341816686075,1.2828382483693332,1.0684965851010653,1.1880791543100884,0.4389383705980388
350,SLV,GRU,2024-01-01,2026-01-01,1,0.444942410805394,0.5131316509670014,0.5192857746851242,0.4763508217567201,0.4559322499498202
351,SLV,GRU,2024-01-01,2026-01-01,2,0.6242533001851495,0.6119681208368176,0.6161232084624904,0.5949131002242065,0.3788287126543017
352,SLV,GRU,2024-01-01,2026-01-01,3,0.5008221880772399,0.4842214435059481,0.4815828848622701,0.4569425242079008,0.2190598738705817
353,SLV,GRU,2024-01-01,2026-01-01,4,0.8414641798517521,0.841084656262516,0.8996516412579247,0.8291043259146058,0.2735153525728907
354,SLV,GRU,2024-01-01,2026-01-01,5,0.431222223983426,0.4261671102868574,0.4322007192018196,0.4090617256102568,0.3066773637243524
355,SLV,GRU,2024-01-01,2026-01-01,6,0.2555339644231789,0.2297333873195216,0.1793064365836818,0.186819354036419,0.22438516551879
356,SLV,GRU,2024-01-01,2026-01-01,7,0.6262788600672887,0.6159594697915227,0.6305529787555912,0.5976090018726811,0.326874109787909
357,SLV,GRU,2024-01-01,2026-01-01,8,0.917808539156598,0.920787560425388,0.9751933252666592,0.8965363687585639,0.2728437680458132
358,SLV,GRU,2024-01-01,2026-01-01,9,0.6321031120985396,0.6326361550435978,0.6168380347688452,0.6019053875336043,0.3499093208963287
359,SLV,GRU,2024-01-01,2026-01-01,10,0.6653543325213247,0.6262901762663344,0.6268988324413044,0.585708754314242,0.5206871726546121
360,SLV,GRU,2024-01-01,2026-01-01,11,0.6490264253674441,0.6504115377138636,0.6701819347072959,0.6415494690878762,0.3933084577127591
361,SLV,GRU,2024-01-01,2026-01-01,12,1.1932974550695084,1.2557236139516117,1.2724443239592755,1.2021723226722405,0.3204523811642216
362,SLV,GRU,2024-01-01,2026-01-01,13,0.6798209640508938,0.727702024190556,0.6946749402270648,0.6098636542530795,0.5242007263852412
363,SLV,GRU,2024-01-01,2026-01-01,14,0.2110238431714743,0.0837321172606542,0.1171368987507892,0.0786689328114084,0.197044871083895
364,SLV,GRU,2024-01-01,2026-01-01,15,0.3781273018302547,0.3863476336941202,0.3734007284615147,0.3738270478127382,0.2067394774674355
365,SLV,GRU,2024-01-01,2026-01-01,16,0.3857310337728989,0.3586030336239733,0.3651342706594992,0.3483957341919643,0.1857497816622783
366,SLV,GRU,2024-01-01,2026-01-01,17,0.5343635187484932,0.5425358601703756,0.5539437502396697,0.5227584055847682,0.3287941422317781
367,SLV,GRU,2024-01-01,2026-01-01,18,0.200569228985584,0.2104859374163436,0.2171974859276446,0.2414998130188205,0.2421558974111565
368,SLV,GRU,2024-01-01,2026-01-01,19,0.8330346112468352,0.8231586116275988,0.8590296536970982,0.8386608181064776,0.3407889042358452
369,SLV,GRU,2024-01-01,2026-01-01,20,0.9392381409295764,0.9216705094633476,0.9244607089004336,0.8774005089052581,0.4168572333676312
370,SLV,GRU,2024-01-01,2026-01-01,21,0.7514717239604128,0.7141433308528908,0.7451627755870638,0.6906808590576538,0.2350966517540752
371,SLV,GRU,2024-01-01,2026-01-01,22,0.3611197717386989,0.3219418386262165,0.2805781768749301,0.3122578343888069,0.237586633608259
372,SLV,GRU,2024-01-01,2026-01-01,23,0.5342596770634331,0.369433090310076,0.4623724420713304,0.5245627213166797,0.2501140565150396
373,SLV,GRU,2024-01-01,2026-01-01,24,0.2834864467080433,0.2707005352119161,0.2930949356475715,0.2820926286944681,0.3103199089001631
374,SLV,GRU,2024-01-01,2026-01-01,25,0.6469404851651803,0.6965774659746413,0.8011676678399612,0.6607404344093059,0.3814514153178527
375,SLV,GRU,2024-01-01,2026-01-01,26,0.6608442048450666,0.6747644132665722,0.6542160425265496,0.6161324731306214,0.2779148293079477
376,SLV,GRU,2024-01-01,2026-01-01,27,0.3487948938551019,0.3574783824453139,0.3217161944564636,0.3709540013227738,0.2941827786448464
377,SLV,GRU,2024-01-01,2026-01-01,28,0.2961221401190722,0.2323622260737942,0.3774008402360534,0.2459960720915732,0.2165373266793626
378,SLV,GRU,2024-01-01,2026-01-01,29,0.2888506582606259,0.2648611807169005,0.1243061513550889,0.2734378557155572,0.3616550855759229
379,SLV,GRU,2024-01-01,2026-01-01,30,0.4097170048817504,0.4581953005586914,0.4614836182343079,0.434955160724121,0.3113172354396984
380,SLV,GRU,2024-01-01,2026-01-01,31,1.1883145448789174,1.142536493620541,1.1774417063455551,1.1248287335738545,0.4585424880024332
381,SLV,GRU,2024-01-01,2026-01-01,32,0.3552487153802553,0.3230639741667349,0.3441264280128842,0.332833336752648,0.3395775683770314
382,SLV,GRU,2024-01-01,2026-01-01,33,0.9340509206861314,0.9070884242855208,0.917142707896811,0.8933597090393811,0.421733739728855
383,SLV,GRU,2024-01-01,2026-01-01,34,0.4723228273598273,0.471252030411169,0.4786599758700211,0.4912656830891707,0.3447896235267162
384,SLV,GRU,2024-01-01,2026-01-01,35,0.11103131718958,0.1388083452807043,0.1405448186239666,0.1150219119678098,0.2540207613442255
385,SLV,GRU,2024-01-01,2026-01-01,36,0.5633482301586392,0.5616770639709956,0.5441493485125628,0.5282145132220657,0.3548930014809667
386,SLV,GRU,2024-01-01,2026-01-01,37,0.7071107726079234,0.7059815762471355,0.7602633734331304,0.7183144309618331,0.3425835965092335
387,SLV,GRU,2024-01-01,2026-01-01,38,0.1166425077663302,0.1403677602556615,0.1548412464936833,0.1161233244646509,0.4105566685173156
388,SLV,GRU,2024-01-01,2026-01-01,39,0.4736475822240714,0.4780081026821479,0.4643870624353183,0.4859215861950829,0.4731131746789564
389,SLV,GRU,2024-01-01,2026-01-01,40,0.4733852153256536,0.4017875088222987,0.4664376737209236,0.3944233477837004,0.2369998169418742
390,SLV,GRU,2024-01-01,2026-01-01,41,0.4565179544739657,0.4673000500576516,0.5496454294772878,0.3968355282956004,0.2099140748002164
391,SLV,GRU,2024-01-01,2026-01-01,42,0.3760777482996774,0.3919167734227635,0.3784074728750337,0.3908695197492141,0.34200730226046
392,SLV,GRU,2024-01-01,2026-01-01,43,0.4510933048458003,0.4607427997893019,0.439998486674801,0.4584729830707531,0.3667113920704847
393,SLV,GRU,2024-01-01,2026-01-01,44,0.5126935992686963,0.5421647815219394,0.6162362203670522,0.5104031298553371,0.3179811708443285
394,SLV,GRU,2024-01-01,2026-01-01,45,0.5113161153584581,0.5106110854075683,0.5034269712925193,0.4801677736724795,0.2670951181762171
395,SLV,GRU,2024-01-01,2026-01-01,46,0.9845748129173912,1.0566103510882268,1.0191164956943954,0.9423856165354094,0.5228789369536048
396,SLV,GRU,2024-01-01,2026-01-01,47,0.6010389722997975,0.6020071397496473,0.6351731478370065,0.5820117940399376,0.2975560810400691
397,SLV,GRU,2024-01-01,2026-01-01,48,0.1995745912981525,0.1749414582139035,0.1548545790510467,0.1643547605675792,0.3081867456057537
398,SLV,GRU,2024-01-01,2026-01-01,49,0.769039845651325,0.7513540411700222,0.8020880955248947,0.713243758666506,0.2481495417413282
399,SLV,GRU,2024-01-01,2026-01-01,50,0.4276006441078939,0.4569034602368995,0.3591114640270285,0.3795320043377451,0.5324903118122768
400,MSFT,GRU,2022-01-01,2024-01-01,1,4.733896631495381,5.365270761980927,5.490607878536503,4.875835297236259,0.204591830967002
401,MSFT,GRU,2022-01-01,2024-01-01,2,5.8954689361032,5.401073820300444,4.653018830984443,5.426900649963615,0.1999332366946369
402,MSFT,GRU,2022-01-01,2024-01-01,3,5.344712514286997,6.364941261416612,6.813279287133121,6.152796158878132,0.2141939323475619
403,MSFT,GRU,2022-01-01,2024-01-01,4,1.7690719636669625,2.077386906398371,1.6815300602637615,1.839595118640404,0.1905428636227291
404,MSFT,GRU,2022-01-01,2024-01-01,5,0.7099625823285959,1.4552365598367971,1.6548963907528011,1.2239011528924044,0.2342415619780719
405,MSFT,GRU,2022-01-01,2024-01-01,6,2.967474413574569,2.4720039847923787,1.781487372440821,2.869513893788899,0.1921520423312248
406,MSFT,GRU,2022-01-01,2024-01-01,7,5.3008125724609645,4.864906420048503,4.117379209952826,4.585308942222337,0.3380942005972765
407,MSFT,GRU,2022-01-01,2024-01-01,8,1.8025912634257364,2.136126716990568,2.128844401225451,1.7921500696008856,0.2290563090752661
408,MSFT,GRU,2022-01-01,2024-01-01,9,1.5574722303241906,1.8199434107804864,1.7391079850184687,1.6800776402633744,0.2017967237934548
409,MSFT,GRU,2022-01-01,2024-01-01,10,3.99758569387873,4.395904979795935,4.592096881200515,4.050980687968905,0.1981275022397532
410,MSFT,GRU,2022-01-01,2024-01-01,11,2.453160372027227,3.054888545568607,3.2910424970980663,2.939834525875112,0.2497803858336903
411,MSFT,GRU,2022-01-01,2024-01-01,12,3.7488083193604096,5.005855130286252,4.16585564742202,4.121310126088627,0.1920935772474594
412,MSFT,GRU,2022-01-01,2024-01-01,13,3.868671626792633,4.154195048977036,4.398360251629762,3.5049213674047195,0.2494101791575894
413,MSFT,GRU,2022-01-01,2024-01-01,14,5.798372506555773,4.617982576273136,4.442213172093102,4.510360791821904,0.2503909963758164
414,MSFT,GRU,2022-01-01,2024-01-01,15,2.338278055748034,2.848582341731171,3.152363300409774,2.682506128489792,0.2283496918414825
415,MSFT,GRU,2022-01-01,2024-01-01,16,7.083122960694332,8.151852565408202,7.893319228548855,7.255409522975754,0.1963141235439129
416,MSFT,GRU,2022-01-01,2024-01-01,17,2.06325442069682,2.698064667589264,2.6636604180401493,2.381827377304422,0.2009347760467407
417,MSFT,GRU,2022-01-01,2024-01-01,18,3.518937419787264,4.047234743565721,4.11069291338502,3.748126063638979,0.197425648489423
418,MSFT,GRU,2022-01-01,2024-01-01,19,8.708881727154337,10.079158542501778,10.491306337001117,9.232558066751144,0.3532451850891665
419,MSFT,GRU,2022-01-01,2024-01-01,20,2.314124944987608,2.8671754678055903,2.638952701049655,2.240862890160489,0.2513556719173573
420,MSFT,GRU,2022-01-01,2024-01-01,21,0.3536304343591111,0.3447420892687621,0.589148838990429,0.4930014317336306,0.1934635972206398
421,MSFT,GRU,2022-01-01,2024-01-01,22,11.919827533238257,10.989849402210448,7.962406764811427,9.552105493373542,0.2322928822599974
422,MSFT,GRU,2022-01-01,2024-01-01,23,11.071679609039697,12.45044438312819,13.195997880493804,10.80835221771131,0.2644017531254191
423,MSFT,GRU,2022-01-01,2024-01-01,24,2.9892957549080346,3.2887817902297654,3.054642745794014,2.958406054966938,0.1970741937379446
424,MSFT,GRU,2022-01-01,2024-01-01,25,1.432801048435138,1.7925644978238735,2.275346049387222,1.6839076268416968,0.2139756355689097
425,MSFT,GRU,2022-01-01,2024-01-01,26,1.7767651646729572,2.075360156817156,1.747321144717551,1.5824974335805924,0.2348135321302
426,MSFT,GRU,2022-01-01,2024-01-01,27,3.769286578695734,4.31767544302754,4.294823826986829,3.8741607658509176,0.1919942540531194
427,MSFT,GRU,2022-01-01,2024-01-01,28,0.3240581097329764,0.585882575134612,0.8058406246257844,0.6459652740050172,0.1949119180779296
428,MSFT,GRU,2022-01-01,2024-01-01,29,3.14540418873057,3.915394436209558,4.156951007884363,3.629135845699961,0.2474445497786232
429,MSFT,GRU,2022-01-01,2024-01-01,30,2.1848532841190456,2.4885482291859007,2.5229516807202312,2.177081314047263,0.203105096112992
430,MSFT,GRU,2022-01-01,2024-01-01,31,0.2938114003816864,0.3160741611635169,0.3892996378221917,0.2859696005787598,0.2073287937252472
431,MSFT,GRU,2022-01-01,2024-01-01,32,3.268318346155617,4.122165689099321,3.549975782876849,3.3477412388819765,0.1906257775809162
432,MSFT,GRU,2022-01-01,2024-01-01,33,0.5757503883883683,1.0232148398520085,0.601433688682955,0.6980449764494215,0.1931594394057865
433,MSFT,GRU,2022-01-01,2024-01-01,34,0.7000835800639026,0.7750438705137216,1.0770817767886316,0.8566008950476015,0.2057288028702472
434,MSFT,GRU,2022-01-01,2024-01-01,35,2.509089404471314,3.232884827973519,2.9452150276791724,2.560025759767379,0.1958716708287593
435,MSFT,GRU,2022-01-01,2024-01-01,36,3.4493706372513504,3.5632543909791226,4.336245748528412,4.128258036596052,0.2437705993096492
436,MSFT,GRU,2022-01-01,2024-01-01,37,4.48969179540731,5.417512185652689,5.157529297349375,4.783610583847382,0.2399576709003784
437,MSFT,GRU,2022-01-01,2024-01-01,38,4.1548903348315225,4.796434965078699,4.606756332343284,4.34022742388914,0.1917726345241705
438,MSFT,GRU,2022-01-01,2024-01-01,39,2.251733365247448,3.232813066459467,3.592627479358588,2.9094356985887866,0.1940727323298017
439,MSFT,GRU,2022-01-01,2024-01-01,40,2.8753901974810145,3.196900728486761,3.785028700504642,3.4544434355377605,0.1959585628318308
440,MSFT,GRU,2022-01-01,2024-01-01,41,3.445230018007371,3.9343453337479537,3.954806228471754,3.584445722307492,0.1984074856079369
441,MSFT,GRU,2022-01-01,2024-01-01,42,3.039099996087677,3.442222826955048,3.34506820174749,3.30592539101386,0.3208945727834025
442,MSFT,GRU,2022-01-01,2024-01-01,43,0.3495670971111521,0.3071522412474761,0.3153098256442412,0.3151830309995201,0.2726604047035492
443,MSFT,GRU,2022-01-01,2024-01-01,44,4.642835900833648,5.631721322062024,5.470480319900469,5.086313322569992,0.2195139745886173
444,MSFT,GRU,2022-01-01,2024-01-01,45,3.687719562282797,4.025460028218207,4.441399656193295,4.115733716146406,0.2622870321796925
445,MSFT,GRU,2022-01-01,2024-01-01,46,3.8775580836551,3.829679455403052,4.008528771789217,4.335334451848286,0.2259673599212837
446,MSFT,GRU,2022-01-01,2024-01-01,47,2.5895229450058554,2.944495731837303,2.847991988509527,3.076832996560188,0.2708978319733452
447,MSFT,GRU,2022-01-01,2024-01-01,48,2.786195559482705,3.208689870690151,2.961804382669996,2.985828300375312,0.2372007311828237
448,MSFT,GRU,2022-01-01,2024-01-01,49,1.462015259751401,2.39764348641576,2.337970018040969,1.743627235174122,0.1965784040064776
449,MSFT,GRU,2022-01-01,2024-01-01,50,3.808417444148144,4.362156454077889,4.528811489535412,4.003511680960563,0.2293841708516145
450,MSFT,GRU,2022-09-01,2024-09-01,1,0.2719696034799783,0.2615622641538577,0.369460597612207,0.2433552275685769,0.523193250764881
451,MSFT,GRU,2022-09-01,2024-09-01,2,0.3622607765428459,0.3630021240111445,0.3153740186026091,0.3507826201461534,0.2727612488418509
452,MSFT,GRU,2022-09-01,2024-09-01,3,0.7938452581234249,0.9759765483217596,0.885708021229674,1.0103687528298142,0.3045897360890591
453,MSFT,GRU,2022-09-01,2024-09-01,4,0.2476909982383279,0.2950864409184724,0.2295049294412387,0.3083396192172951,0.2651793154980827
454,MSFT,GRU,2022-09-01,2024-09-01,5,0.3114697204889582,0.3188681488675695,0.4552352700289964,0.3834060009536457,0.2707221312943313
455,MSFT,GRU,2022-09-01,2024-09-01,6,0.6519900937404095,0.7213875729124485,0.5073803578458246,0.7103073734815222,0.2730029193844864
456,MSFT,GRU,2022-09-01,2024-09-01,7,0.8359464256746522,0.8011198626533452,0.739651397636146,0.927207567553296,0.2631480814625776
457,MSFT,GRU,2022-09-01,2024-09-01,8,0.4604965816191306,0.5716585054852038,0.3344676077083336,0.4731252122302237,0.2862314235783448
458,MSFT,GRU,2022-09-01,2024-09-01,9,1.8484709616659185,2.186697486289354,1.73490080229078,2.1914652968152826,0.4808862626573466
459,MSFT,GRU,2022-09-01,2024-09-01,10,0.2155104231436959,0.2289933723679674,0.237639745318336,0.2474671764028694,0.2689049433939482
460,MSFT,GRU,2022-09-01,2024-09-01,11,1.0338267411706183,1.111911355735906,0.8190640866151546,1.01863108158399,0.3996624678597728
461,MSFT,GRU,2022-09-01,2024-09-01,12,1.142452200662922,1.5362616099686803,0.8467460501977789,1.36201655123479,0.3277606610915315
462,MSFT,GRU,2022-09-01,2024-09-01,13,0.2698972427667249,0.2675251854038563,0.3897769440982379,0.354612448499199,0.2645550226299468
463,MSFT,GRU,2022-09-01,2024-09-01,14,2.1891096268901,2.5331775961170493,2.3279483227692555,2.7496757915538668,0.3815582384001126
464,MSFT,GRU,2022-09-01,2024-09-01,15,0.4497732610519334,0.5540299191807719,0.502610215158152,0.5297587292194235,0.2942479639977196
465,MSFT,GRU,2022-09-01,2024-09-01,16,0.7786304473915714,0.972257308805862,0.993798724946787,1.0459779866881114,0.4220812505514514
466,MSFT,GRU,2022-09-01,2024-09-01,17,0.6078802259835878,0.4678103782723162,0.6036931389881788,0.3459716493060714,0.2771062711613631
467,MSFT,GRU,2022-09-01,2024-09-01,18,0.4917023436288514,0.5070575922340214,0.5266603500020098,0.5504566764131487,0.2636000605760664
468,MSFT,GRU,2022-09-01,2024-09-01,19,1.9863935562700272,2.0761928722778817,1.752736913896925,2.135088180578783,0.2705784289810187
469,MSFT,GRU,2022-09-01,2024-09-01,20,0.4928716803575228,0.566366903931826,0.4966985337823273,0.60509603388084,0.3077886324129254
470,MSFT,GRU,2022-09-01,2024-09-01,21,1.1170629273160642,1.136777986969489,0.9263540422319206,1.329215534177436,0.3009311825569892
471,MSFT,GRU,2022-09-01,2024-09-01,22,1.9281240922772631,2.0418467255426864,1.722443455446914,1.9188627700096192,0.529870723070586
472,MSFT,GRU,2022-09-01,2024-09-01,23,1.6615907485065482,1.2018733631233145,1.3721501730119032,1.6325503697626471,0.3388859435712755
473,MSFT,GRU,2022-09-01,2024-09-01,24,2.4138174910880386,2.758059023414709,2.310874051951948,2.796139646309028,0.3295465158532855
474,MSFT,GRU,2022-09-01,2024-09-01,25,0.2632806120142014,0.3278477460526856,0.3068953458769562,0.3075357941074825,0.2755159637644638
475,MSFT,GRU,2022-09-01,2024-09-01,26,2.753274134510692,2.767058401751643,2.5009835645381755,2.904875522214056,0.3138911280479084
476,MSFT,GRU,2022-09-01,2024-09-01,27,0.3204795251121088,0.4889211121309344,0.4282160829102267,0.5352129506000213,0.2951934708126996
477,MSFT,GRU,2022-09-01,2024-09-01,28,0.917468539939628,0.8449625420437589,0.8695525993303796,0.9243089035310234,0.2623641844029123
478,MSFT,GRU,2022-09-01,2024-09-01,29,2.1498953376105963,1.1191490529809769,1.9601039226671533,1.8061708807254069,0.3656675711663281
479,MSFT,GRU,2022-09-01,2024-09-01,30,0.4026587187922884,0.4768769528992849,0.434009251180727,0.4854936634509715,0.2757072243063379
480,MSFT,GRU,2022-09-01,2024-09-01,31,0.6793320527599385,0.7878152991643819,0.771265008267313,0.9248075455554112,0.3083834109965991
481,MSFT,GRU,2022-09-01,2024-09-01,32,0.5258376242525414,0.5607102026791926,0.5271215136373099,0.5483459831033912,0.2647160527642206
482,MSFT,GRU,2022-09-01,2024-09-01,33,0.8525263670649629,0.8278599283548409,0.6297746558205641,0.7426921447816681,0.4933413493702916
483,MSFT,GRU,2022-09-01,2024-09-01,34,0.6321850894399937,0.8458984164558891,0.6367024397543743,0.6784723302629134,0.2866694575246419
484,MSFT,GRU,2022-09-01,2024-09-01,35,0.2115508152178926,0.2648658563049763,0.2242381569629637,0.2362284648911405,0.2872214650695184
485,MSFT,GRU,2022-09-01,2024-09-01,36,0.3015307895278987,0.3131149383323625,0.2742943303817476,0.3210870516858006,0.2844707816766944
486,MSFT,GRU,2022-09-01,2024-09-01,37,1.0687962735437182,1.2606174370265566,1.135502717678239,1.2389988361513553,0.4542824632278148
487,MSFT,GRU,2022-09-01,2024-09-01,38,0.2098233695793771,0.2205050229263211,0.2287189894532788,0.2326793619440784,0.2704697305661634
488,MSFT,GRU,2022-09-01,2024-09-01,39,0.4419698591972941,0.3640140862074784,0.3930904287248927,0.4074084848002173,0.2683083390737503
489,MSFT,GRU,2022-09-01,2024-09-01,40,1.535063149645431,1.623438821289333,1.3232030487505142,1.6021859419612017,0.4014409893475614
490,MSFT,GRU,2022-09-01,2024-09-01,41,2.50475677070687,1.9860851381587663,3.0872835949269697,3.1510125154594286,0.7021480370649776
491,MSFT,GRU,2022-09-01,2024-09-01,42,0.2224299006172248,0.2115220931907574,0.2372690639815567,0.215676701886269,0.2748207538226567
492,MSFT,GRU,2022-09-01,2024-09-01,43,0.7567327940293396,0.8727788479035942,0.6772680252182406,0.9394818832030069,0.3095355721824306
493,MSFT,GRU,2022-09-01,2024-09-01,44,0.3568901714662998,0.5136497825358115,0.4548312069767782,0.4368788557460141,0.2745586141234086
494,MSFT,GRU,2022-09-01,2024-09-01,45,0.2493004860936925,0.3219708633455616,0.3056516849331129,0.3404123544085073,0.3301051783821805
495,MSFT,GRU,2022-09-01,2024-09-01,46,0.9335800094597396,1.015401743825974,0.8212288687021061,0.8535147708487778,0.3090429573521225
496,MSFT,GRU,2022-09-01,2024-09-01,47,3.85541378897272,4.622387642208056,3.388284283328592,4.167194433974439,0.4473988146789201
497,MSFT,GRU,2022-09-01,2024-09-01,48,0.981239749635276,0.9640538984977188,0.8235955576347842,0.930275379209391,0.2901474331186315
498,MSFT,GRU,2022-09-01,2024-09-01,49,0.7580708768939146,0.677337114214487,0.6812689383676733,0.7939050477153217,0.2620360699653946
499,MSFT,GRU,2022-09-01,2024-09-01,50,0.4085683997682489,0.6988890735633083,0.6928073486752455,0.8585468280380479,0.2827867196126598
500,MSFT,GRU,2023-05-01,2025-05-01,1,0.3726028824612095,0.4167126182498248,0.3775165681972544,0.3842290606303706,0.2981101365152281
501,MSFT,GRU,2023-05-01,2025-05-01,2,0.9085528158899382,1.0895285423285224,0.8599445877790269,1.007995004816067,0.3197269456025774
502,MSFT,GRU,2023-05-01,2025-05-01,3,0.7707654315894643,1.1789745816738495,0.6540550964388071,0.8416301515815614,0.3049646939667582
503,MSFT,GRU,2023-05-01,2025-05-01,4,0.5377388098293372,0.667883615644492,0.5602620004448161,0.5681141813601204,0.3285672321855778
504,MSFT,GRU,2023-05-01,2025-05-01,5,1.404994034281346,1.7078604190557565,1.3639351771285906,1.3942169480789322,0.2988889586302888
505,MSFT,GRU,2023-05-01,2025-05-01,6,0.6254771383198552,0.7252245413794718,0.6157929775208802,0.6686937316097346,0.3160140406968478
506,MSFT,GRU,2023-05-01,2025-05-01,7,1.2280669308849466,1.3020294528323633,1.0617432076179782,1.2607389036806629,0.3381864794089934
507,MSFT,GRU,2023-05-01,2025-05-01,8,0.9888984132026916,1.3123465370214835,1.0309547186190755,1.1255757186042192,0.3583213036346909
508,MSFT,GRU,2023-05-01,2025-05-01,9,0.2655018027017783,0.2862404889760557,0.262170287243835,0.2958127188748808,0.3567670086514016
509,MSFT,GRU,2023-05-01,2025-05-01,10,1.686865628997668,2.091755752795305,1.6452578957791302,1.845301985571122,0.3383650517913434
510,MSFT,GRU,2023-05-01,2025-05-01,11,0.3458876240673136,0.5012322165233941,0.3627829296634968,0.4527430009614485,0.2989562131843208
511,MSFT,GRU,2023-05-01,2025-05-01,12,0.4840737443795004,0.702696189859903,0.4233472224077557,0.5718532652478103,0.308591452983143
512,MSFT,GRU,2023-05-01,2025-05-01,13,0.5576404309797581,0.6636917091372128,0.5471266412483708,0.6410196373291093,0.3105182232350694
513,MSFT,GRU,2023-05-01,2025-05-01,14,0.401530730123524,0.5076950437762789,0.3973093925689133,0.390504725302659,0.3283959122107456
514,MSFT,GRU,2023-05-01,2025-05-01,15,0.4248064723169657,0.4301544681924355,0.397229387608109,0.4007442557521928,0.3419846243879058
515,MSFT,GRU,2023-05-01,2025-05-01,16,0.3529053906234281,0.5649496025746759,0.3408392039605759,0.4556983526225651,0.3019932420909817
516,MSFT,GRU,2023-05-01,2025-05-01,17,0.3085802929192603,0.3912343474390193,0.2829716884215777,0.3592595409935358,0.31148501072303
517,MSFT,GRU,2023-05-01,2025-05-01,18,0.559308608941295,0.6311158261971842,0.5848262356273175,0.5970135106377453,0.3221614383567092
518,MSFT,GRU,2023-05-01,2025-05-01,19,0.5247070925102595,0.6358226555255615,0.5540404722639088,0.5715038924877498,0.2986204929447454
519,MSFT,GRU,2023-05-01,2025-05-01,20,0.8775703431713551,1.139486605280719,0.8989169355852279,0.9957871456583888,0.3704300168098474
520,MSFT,GRU,2023-05-01,2025-05-01,21,0.8083996107367041,1.2300381046296736,0.9998211440716532,1.0125103989437552,0.3322284934850065
521,MSFT,GRU,2023-05-01,2025-05-01,22,0.9323848464290376,1.340659600431996,1.027750870313534,1.13832998294738,0.3098288887158566
522,MSFT,GRU,2023-05-01,2025-05-01,23,1.7562750029400973,2.3604218992789545,1.8778496759292147,2.0486615199262608,0.3020314403862055
523,MSFT,GRU,2023-05-01,2025-05-01,24,2.1506709206678183,2.950731461631556,2.024122864591132,2.415039621538233,0.3020908954531364
524,MSFT,GRU,2023-05-01,2025-05-01,25,1.3111315578417777,1.4992389196056537,0.91622274979502,1.1528425295316274,0.2945317056350421
525,MSFT,GRU,2023-05-01,2025-05-01,26,0.558505888148234,0.7517614190372798,0.5725817244304481,0.5586517802949594,0.32733163977449
526,MSFT,GRU,2023-05-01,2025-05-01,27,0.460439051802422,0.5328239089537575,0.4830810596270822,0.5570419375348296,0.3021794319399432
527,MSFT,GRU,2023-05-01,2025-05-01,28,0.5902670357234286,0.7069034493922421,0.4561672915777908,0.5780695612645922,0.3605590247383873
528,MSFT,GRU,2023-05-01,2025-05-01,29,0.3150950222635907,0.3970326126337662,0.3531134490362356,0.3815466112686492,0.3210672477555715
529,MSFT,GRU,2023-05-01,2025-05-01,30,1.2405648732299142,1.534815744108856,1.1110266301396008,1.2266237699560305,0.3173845754959678
530,MSFT,GRU,2023-05-01,2025-05-01,31,2.774056097587035,3.834173674208887,2.51342165873803,2.912369766827323,0.3701820512131196
531,MSFT,GRU,2023-05-01,2025-05-01,32,1.2247700342532275,1.71282186739497,1.1105677520796144,1.3102550565822144,0.2982123833114943
532,MSFT,GRU,2023-05-01,2025-05-01,33,0.9391238160412344,1.3294752585697225,1.0320424189486357,1.107643401477124,0.4252021803192857
533,MSFT,GRU,2023-05-01,2025-05-01,34,0.372349582139041,0.4571518646471012,0.3707582102121876,0.3574676280322075,0.3442095012944191
534,MSFT,GRU,2023-05-01,2025-05-01,35,0.3198704376036391,0.3169938149880425,0.3399029542422814,0.3318274049010217,0.3119049681295212
535,MSFT,GRU,2023-05-01,2025-05-01,36,0.4163986662349929,0.4295999237428096,0.3950913657703643,0.4088248461189263,0.3037148466877743
536,MSFT,GRU,2023-05-01,2025-05-01,37,0.9365048241566828,1.2260661729043731,0.7964332924984396,0.8476554845648454,0.3687079634568015
537,MSFT,GRU,2023-05-01,2025-05-01,38,0.5012823554461072,0.7595401786710456,0.4475956824874726,0.53266503256454,0.3168041035033305
538,MSFT,GRU,2023-05-01,2025-05-01,39,0.9061972368107738,0.9433551078178648,0.8359634727628815,0.862879973994719,0.311922156018927
539,MSFT,GRU,2023-05-01,2025-05-01,40,0.270534068241464,0.2981826023241875,0.2760671682901074,0.2870664951294639,0.4023246619717576
540,MSFT,GRU,2023-05-01,2025-05-01,41,1.3567603008043776,2.0741185097312136,1.3447061713335349,1.692455414906633,0.3696810147184099
541,MSFT,GRU,2023-05-01,2025-05-01,42,0.9489344766037512,1.2308116047932431,0.9973428439776356,1.0219163966314602,0.3161415705524379
542,MSFT,GRU,2023-05-01,2025-05-01,43,0.976859408047065,1.1830435165249191,0.8993680988185577,1.02511988313635,0.3303554230856369
543,MSFT,GRU,2023-05-01,2025-05-01,44,0.2807935370899667,0.3798137861245296,0.2783125967569149,0.3405583519695031,0.30128993237679
544,MSFT,GRU,2023-05-01,2025-05-01,45,0.5063487411515531,0.7322794321234365,0.4632435266952753,0.6369889662802177,0.2959737578866965
545,MSFT,GRU,2023-05-01,2025-05-01,46,0.6239669612320811,0.7055460784922383,0.5654228596608264,0.647603791808476,0.3207672452192685
546,MSFT,GRU,2023-05-01,2025-05-01,47,0.8305433642853917,1.2465027848267298,0.7290821216937405,0.9280068537811316,0.3035252947889678
547,MSFT,GRU,2023-05-01,2025-05-01,48,0.6706008844207413,0.9490618042419324,0.6137229586723404,0.7237463182854863,0.3054778592165209
548,MSFT,GRU,2023-05-01,2025-05-01,49,0.2883140434145614,0.2883630215360644,0.290119499071258,0.3245204250871306,0.3405911217124284
549,MSFT,GRU,2023-05-01,2025-05-01,50,0.2731307958919973,0.3259974544530757,0.2648579206943893,0.2915957567636096,0.3241824982791619
550,MSFT,GRU,2024-01-01,2026-01-01,1,0.8757451061667464,0.4273524577764018,0.3736732863327072,0.6691970349497897,0.1787229614890048
551,MSFT,GRU,2024-01-01,2026-01-01,2,1.7108218646531417,1.4164390484388814,1.5495953469776458,1.750411690547607,0.2077604851871378
552,MSFT,GRU,2024-01-01,2026-01-01,3,0.5125950942901625,0.5290390575507276,0.6413384681044759,0.5687399909571378,0.1816838627145083
553,MSFT,GRU,2024-01-01,2026-01-01,4,2.905316578595304,2.518894057250085,2.3737284114446138,2.5872061823329875,0.2330038232962594
554,MSFT,GRU,2024-01-01,2026-01-01,5,1.6129973562853055,1.4107514941545338,1.530134305944579,1.6490615616811888,0.1814020423059668
555,MSFT,GRU,2024-01-01,2026-01-01,6,0.3732682424545541,0.3352988070519834,0.4711383986252884,0.5986814566113854,0.1795517703591879
556,MSFT,GRU,2024-01-01,2026-01-01,7,1.7667116112614143,1.5147898457227529,1.7357852034929635,1.9016817209854424,0.189800975206504
557,MSFT,GRU,2024-01-01,2026-01-01,8,0.8117854989709941,0.8137432681868513,0.9514980649973744,0.9497803617481216,0.2041125061382896
558,MSFT,GRU,2024-01-01,2026-01-01,9,0.5285431197059605,0.3732731696534455,0.5783931974957688,0.5247826569432124,0.1825435390070698
559,MSFT,GRU,2024-01-01,2026-01-01,10,2.3043440947535028,1.8363577040197967,2.400297942975314,2.3188902124546087,0.2072881093633032
560,MSFT,GRU,2024-01-01,2026-01-01,11,1.1012215066387816,0.6401776877105418,0.5996851241226552,0.6228791854486537,0.185105499906716
561,MSFT,GRU,2024-01-01,2026-01-01,12,1.0874855963668446,1.2268568388669832,1.2770387066086326,1.4359853304387884,0.1848273496604605
562,MSFT,GRU,2024-01-01,2026-01-01,13,1.2146468133108568,1.4648244106924493,1.4690506871729176,1.996165121875216,0.180967595914587
563,MSFT,GRU,2024-01-01,2026-01-01,14,5.189243761672146,2.572003587213384,5.353244150216575,5.38381450713753,0.19413629041472
564,MSFT,GRU,2024-01-01,2026-01-01,15,0.4714937169865047,0.4140571194450885,0.5322110545032586,0.5904083137889878,0.1815392170920661
565,MSFT,GRU,2024-01-01,2026-01-01,16,6.363460930660576,5.796315842727843,5.863003598590753,5.976446406966051,0.2628502972494723
566,MSFT,GRU,2024-01-01,2026-01-01,17,3.5503846487082047,3.2976264012734164,2.969905186299201,3.592596696122024,0.2189540289072676
567,MSFT,GRU,2024-01-01,2026-01-01,18,0.7432092976409314,1.1419933273715697,0.8843628386895597,1.3042988061625684,0.1785494158209049
568,MSFT,GRU,2024-01-01,2026-01-01,19,3.1524541382645186,2.717481128356115,2.857201665985398,3.1024538217041147,0.2178470965082739
569,MSFT,GRU,2024-01-01,2026-01-01,20,0.8951918025874974,0.911818330420917,1.085456603229943,1.0616560111198352,0.1895359388038493
570,MSFT,GRU,2024-01-01,2026-01-01,21,5.751518657178306,4.491590729601903,4.506182802466729,5.184998077213112,0.1808493377063995
571,MSFT,GRU,2024-01-01,2026-01-01,22,1.5619358664451457,1.4721847040409546,1.6466515886681552,1.7338987924771168,0.1876140312185874
572,MSFT,GRU,2024-01-01,2026-01-01,23,1.3268146950423376,1.34427754135979,1.3215304213644952,1.604335886989054,0.1989402857050451
573,MSFT,GRU,2024-01-01,2026-01-01,24,6.463714011789766,5.870669302218252,7.408299173239408,7.459550972075288,0.1831946803461322
574,MSFT,GRU,2024-01-01,2026-01-01,25,2.3058516172128254,1.7257369538066942,1.448696767412852,2.2522508412539874,0.1880853434912574
575,MSFT,GRU,2024-01-01,2026-01-01,26,3.945424522469367,3.613915444490937,3.879931102357298,4.441672806920447,0.1784074380058661
576,MSFT,GRU,2024-01-01,2026-01-01,27,0.5426880775100745,0.4349940856717582,0.5034158962232387,0.5627506479108468,0.1803815323712254
577,MSFT,GRU,2024-01-01,2026-01-01,28,2.1388222821522462,1.889562695403218,2.086499501731764,2.31173220354496,0.1858802968513185
578,MSFT,GRU,2024-01-01,2026-01-01,29,0.6420500795496947,0.5540150556143245,0.8391357752466131,0.6999325305095068,0.1811894587265497
579,MSFT,GRU,2024-01-01,2026-01-01,30,1.6296700169365983,1.506256806776384,1.375778120327915,1.6749004006566033,0.1903324342063617
580,MSFT,GRU,2024-01-01,2026-01-01,31,1.6490229888277883,1.498770807848547,1.6817960809217587,1.4995333308738772,0.2158365387834338
581,MSFT,GRU,2024-01-01,2026-01-01,32,0.589907004107,0.5731016156919345,0.586358803328345,0.5702447578042146,0.2046752642859457
582,MSFT,GRU,2024-01-01,2026-01-01,33,1.223289615765524,1.0699474932588202,1.3770297735043593,1.2353304295520156,0.2163733932524725
583,MSFT,GRU,2024-01-01,2026-01-01,34,7.739464163801251,6.340455577042385,6.539873859930658,6.614773345750477,0.2030110009668878
584,MSFT,GRU,2024-01-01,2026-01-01,35,1.2495460719861056,0.8277118239453748,0.9811492547105808,1.256164768938155,0.1799941644937699
585,MSFT,GRU,2024-01-01,2026-01-01,36,0.4435590178872692,0.3921070430465425,0.5429395606613916,0.5771700108022164,0.1875660936301666
586,MSFT,GRU,2024-01-01,2026-01-01,37,2.62200047927172,2.301166996123815,2.62911579468242,3.0049716547900105,0.1827732378225984
587,MSFT,GRU,2024-01-01,2026-01-01,38,1.3768798922404035,1.70444905677379,2.2486079596575674,1.7591030055384105,0.2207131364888861
588,MSFT,GRU,2024-01-01,2026-01-01,39,2.024699555952612,1.860428684231905,2.0404657531216746,2.3783002130643225,0.1787902786893869
589,MSFT,GRU,2024-01-01,2026-01-01,40,0.942698264765232,1.022787218555412,1.3265740105312525,1.1618794853590186,0.2050568395076051
590,MSFT,GRU,2024-01-01,2026-01-01,41,5.042406364061692,4.297650899793373,4.722353243714004,5.711406749114241,0.1813650453081239
591,MSFT,GRU,2024-01-01,2026-01-01,42,1.2516647625402042,1.039049051754191,1.227759948170513,1.4239646956927234,0.193874143915301
592,MSFT,GRU,2024-01-01,2026-01-01,43,0.5723086643035203,0.4385441448921166,0.6145170653468078,0.5588323311608745,0.1919065006131349
593,MSFT,GRU,2024-01-01,2026-01-01,44,0.6950847631365199,0.4421055357458966,0.3976503111847759,0.661469586254692,0.1858470351657024
594,MSFT,GRU,2024-01-01,2026-01-01,45,1.5486847085826072,1.4703396596482916,1.547975138017481,1.602404189590502,0.1800802633615333
595,MSFT,GRU,2024-01-01,2026-01-01,46,0.535482569698089,0.4801133189550121,0.6335659944231447,0.637767199964233,0.1840089604581441
596,MSFT,GRU,2024-01-01,2026-01-01,47,4.083087949084891,3.703974134427053,3.8556329043994686,4.381276183331319,0.1956961888954409
597,MSFT,GRU,2024-01-01,2026-01-01,48,1.340250124089361,1.34576742887007,1.5001402591261788,1.5273703534442369,0.1777953302468405
598,MSFT,GRU,2024-01-01,2026-01-01,49,0.606566501823651,0.5532170242167866,0.631619953389226,0.7273295187923402,0.196098827435261
599,MSFT,GRU,2024-01-01,2026-01-01,50,0.3908861848306542,0.4493583245588128,0.5284183053680956,0.516174544332152,0.1938040788769134
600,TSLA,GRU,2022-01-01,2024-01-01,1,0.5899826613022,0.5930804623504008,0.5599737152175863,0.6376053794715745,0.233838713995686
601,TSLA,GRU,2022-01-01,2024-01-01,2,2.3138859251851795,2.403778762319228,1.841631624503144,2.554646761378884,0.4336071930053174
602,TSLA,GRU,2022-01-01,2024-01-01,3,2.019672255088345,2.2030876663685475,2.107523702258949,2.4340888217057386,0.4721889977291719
603,TSLA,GRU,2022-01-01,2024-01-01,4,7.451238282153226,8.532042511291024,7.622046694192326,8.387187512423106,0.2456128974025495
604,TSLA,GRU,2022-01-01,2024-01-01,5,0.5394213682837552,0.6629219405663181,0.5623640647573214,0.607650722096459,0.2922098039918728
605,TSLA,GRU,2022-01-01,2024-01-01,6,3.9152321546663775,4.702721344202486,3.7226003489977537,3.525201335457784,0.2116247562674646
606,TSLA,GRU,2022-01-01,2024-01-01,7,4.039411200250414,4.429241083608147,4.064350795964343,4.665516353293145,0.7021632916006324
607,TSLA,GRU,2022-01-01,2024-01-01,8,2.798969955706504,3.3028526259104054,2.979723555712234,3.346949604751708,0.2205030158979306
608,TSLA,GRU,2022-01-01,2024-01-01,9,1.3132127133530862,1.5978594606942018,1.2827746281114236,1.5903220707883647,0.7566401684156737
609,TSLA,GRU,2022-01-01,2024-01-01,10,1.7222306634646087,1.959933027220992,1.776741603980711,1.9221299552709488,0.413078598136436
610,TSLA,GRU,2022-01-01,2024-01-01,11,2.617505306153531,2.987296205075187,2.656613252979741,3.039576120242761,0.5259342260478066
611,TSLA,GRU,2022-01-01,2024-01-01,12,1.701592127196052,1.7616697017319558,1.8926335951389084,1.9824729432784152,0.2895628502807286
612,TSLA,GRU,2022-01-01,2024-01-01,13,1.1447107411053934,1.1885178729633217,1.090041181532808,1.1468179968319427,0.3327287387492831
613,TSLA,GRU,2022-01-01,2024-01-01,14,0.6166867708349535,0.5939232109696282,0.4127899667756149,0.608125614034737,0.2711801495631042
614,TSLA,GRU,2022-01-01,2024-01-01,15,5.326356540455851,6.0212164686230665,5.605021144969192,5.911185339312375,0.5421771735799396
615,TSLA,GRU,2022-01-01,2024-01-01,16,1.1799057293961863,1.296062921705134,1.2565136265486947,1.3496414511183217,0.2127754000519804
616,TSLA,GRU,2022-01-01,2024-01-01,17,0.4822339083385744,0.5541963829096473,0.5848271129051434,0.4841427971154741,0.3181645292104375
617,TSLA,GRU,2022-01-01,2024-01-01,18,0.5919250541852199,0.5358077314275144,0.5353890104507427,0.5402960721449532,0.3518284447889183
618,TSLA,GRU,2022-01-01,2024-01-01,19,1.1411540460244904,1.312201768623369,0.9076571885037716,1.3156093030199476,0.405105430125453
619,TSLA,GRU,2022-01-01,2024-01-01,20,0.6883666163181095,0.7327295832459944,0.6535861323690717,0.7187685683254362,0.2080744888804473
620,TSLA,GRU,2022-01-01,2024-01-01,21,0.5673405459904438,0.6144810177806321,0.3599058862131659,0.4709124337342036,0.5180652008266418
621,TSLA,GRU,2022-01-01,2024-01-01,22,4.834539176953447,5.450006817424355,4.762930549983408,5.408520216531507,1.030589303692558
622,TSLA,GRU,2022-01-01,2024-01-01,23,0.5849153196979732,0.5824162789920331,0.6140758600342555,0.7128317887702288,0.2292090681031487
623,TSLA,GRU,2022-01-01,2024-01-01,24,3.4303577272880448,3.8865454761425378,2.416766753726725,3.19784404458294,0.2277847582336123
624,TSLA,GRU,2022-01-01,2024-01-01,25,0.795821515169356,0.8152854284402736,0.7474911963993996,0.8235182474601467,0.220603554089922
625,TSLA,GRU,2022-01-01,2024-01-01,26,15.046431138137349,16.317121916961238,14.261877779917986,16.81663342818675,1.6671957251940508
626,TSLA,GRU,2022-01-01,2024-01-01,27,0.3544551050602301,0.55111351841543,0.3205670923819278,0.7944562954121943,0.2104814546044411
627,TSLA,GRU,2022-01-01,2024-01-01,28,1.2084248549691816,1.2568953833706549,1.2283657144617466,1.3578269178520794,0.2348105955751667
628,TSLA,GRU,2022-01-01,2024-01-01,29,0.5250686359396,0.550876671492415,0.5674244968202408,0.5322131570308577,0.2261778008375379
629,TSLA,GRU,2022-01-01,2024-01-01,30,0.7732330926587229,0.8557089883778317,0.8342982316858716,0.9039731200327824,0.2067928716671667
630,TSLA,GRU,2022-01-01,2024-01-01,31,2.795914330664237,3.3227600730933764,2.9777072581837114,3.380261055788809,0.4262753770012357
631,TSLA,GRU,2022-01-01,2024-01-01,32,0.5641703074738879,0.6904820460673381,0.6734641879665049,0.765750511297536,0.2105045839493477
632,TSLA,GRU,2022-01-01,2024-01-01,33,1.6694799572655852,1.7879500087341829,1.633281607982201,1.788764137782876,0.2593719408704621
633,TSLA,GRU,2022-01-01,2024-01-01,34,1.8805459321490825,2.139998414646879,1.9317701999407009,2.1941826300521035,0.214931755583646
634,TSLA,GRU,2022-01-01,2024-01-01,35,0.3420446514812153,0.4516771542788934,0.4354215143925346,0.4062125598387932,0.2319158223237475
635,TSLA,GRU,2022-01-01,2024-01-01,36,4.965117645556595,5.3967822284744775,5.019128164298727,6.0343667553150775,0.3219364000797949
636,TSLA,GRU,2022-01-01,2024-01-01,37,1.5150983760293193,1.8558704936859929,1.3841351537076083,1.9873248537970063,0.2066921164451667
637,TSLA,GRU,2022-01-01,2024-01-01,38,7.299008533344068,8.428109931368066,7.434911211374042,8.167181447732984,0.6937635089894648
638,TSLA,GRU,2022-01-01,2024-01-01,39,2.601621099544409,2.8860039634982018,2.675201809493248,3.0532775575828057,0.2229136086092942
639,TSLA,GRU,2022-01-01,2024-01-01,40,1.7018484502946314,2.0843124868297127,1.6708118715626132,2.1258570640388488,0.7743234163454538
640,TSLA,GRU,2022-01-01,2024-01-01,41,5.560751044957492,6.637665610287997,5.233090135296541,6.313494957782659,0.2182001459117775
641,TSLA,GRU,2022-01-01,2024-01-01,42,3.242410786355045,3.778072911774314,3.1354880322399663,3.780798603104927,0.2791772346957767
642,TSLA,GRU,2022-01-01,2024-01-01,43,0.7735161028230888,0.8554351604567064,0.7915933961081346,0.9214949701746636,0.2096546043928977
643,TSLA,GRU,2022-01-01,2024-01-01,44,0.2960487175780721,0.2981997352191607,0.2651261957093669,0.2699095351131807,0.3465779126911851
644,TSLA,GRU,2022-01-01,2024-01-01,45,2.4820201074233625,2.784912266879818,2.700502529743124,3.097832252438316,0.6204243909241209
645,TSLA,GRU,2022-01-01,2024-01-01,46,2.912946787836062,3.5987534627942006,3.1017000890501127,3.5275819818640666,0.6022942530892567
646,TSLA,GRU,2022-01-01,2024-01-01,47,3.0435653125400344,3.592529532622157,3.077188553921577,3.4576111518942185,0.2572324317677447
647,TSLA,GRU,2022-01-01,2024-01-01,48,4.809853166644353,5.508334187417949,4.750847693887189,5.893817258458812,0.4446863326500063
648,TSLA,GRU,2022-01-01,2024-01-01,49,0.3574643691409379,0.4490490844982407,0.3540852049580836,0.4048027268769116,0.3652352998400761
649,TSLA,GRU,2022-01-01,2024-01-01,50,0.326351592916224,0.3571496519770253,0.3275642064823416,0.3439364828165049,0.2174242899253694
650,TSLA,GRU,2022-09-01,2024-09-01,1,0.2580653870323812,0.3331537906977541,0.3117631030068989,0.3024061154399406,0.4181524214997204
651,TSLA,GRU,2022-09-01,2024-09-01,2,0.2118330839610977,0.2427040047622101,0.2380491343638283,0.229374044186735,0.3581137337619697
652,TSLA,GRU,2022-09-01,2024-09-01,3,0.2359953316943972,0.2494835779883329,0.2396574934971633,0.2531853896263499,0.6530777969820543
653,TSLA,GRU,2022-09-01,2024-09-01,4,0.4400507433898785,0.5114422172475221,0.4466483544044976,0.4614569489875483,0.3407623286687117
654,TSLA,GRU,2022-09-01,2024-09-01,5,2.617529470715245,2.754992405422353,2.228388129722062,2.541063381795253,0.4821012665711921
655,TSLA,GRU,2022-09-01,2024-09-01,6,0.5124738279605457,0.5799527802895663,0.5214515875369695,0.5748572809631516,0.2577911248888022
656,TSLA,GRU,2022-09-01,2024-09-01,7,0.9374758012741772,1.0251396198205482,0.9374676781870774,1.0303981664466793,0.4476230117356088
657,TSLA,GRU,2022-09-01,2024-09-01,8,0.7033877109471364,0.7942420181229087,0.7820628003488749,0.7425059790136227,0.2748383830268465
658,TSLA,GRU,2022-09-01,2024-09-01,9,0.4341979307584104,0.5327939439788009,0.4567575944047871,0.5041422961382767,0.2715505947852946
659,TSLA,GRU,2022-09-01,2024-09-01,10,0.6315387470355612,0.7745768569922186,0.6733502891651262,0.7175608203040253,0.3936861503270869
660,TSLA,GRU,2022-09-01,2024-09-01,11,0.3008673000879921,0.3469729415300209,0.3146533758538925,0.3132507265158713,0.2598752080518637
661,TSLA,GRU,2022-09-01,2024-09-01,12,0.2212414647275291,0.2086544552851621,0.2391310976203542,0.2140995150177594,0.3256311657763271
662,TSLA,GRU,2022-09-01,2024-09-01,13,0.5290982039757471,0.7199924152389547,0.5954263995186443,0.6326922716415779,0.4293161512896424
663,TSLA,GRU,2022-09-01,2024-09-01,14,1.3306933394791862,1.731390636226534,1.4677870512102744,1.7524899601725688,0.1767900238439146
664,TSLA,GRU,2022-09-01,2024-09-01,15,0.7388142181700786,0.89681366812063,0.8222238982175784,0.8779768612006831,0.4350597772159869
665,TSLA,GRU,2022-09-01,2024-09-01,16,0.2553081304680184,0.2718894182331233,0.2538573073653397,0.300756146376496,0.2598985699793338
666,TSLA,GRU,2022-09-01,2024-09-01,17,0.3435342847724134,0.4236484455615751,0.3583365828444688,0.3957282423321346,0.3686828121116724
667,TSLA,GRU,2022-09-01,2024-09-01,18,1.3480569281420796,1.7823570493291645,1.4816082451891517,1.719796938169121,0.4051938680266279
668,TSLA,GRU,2022-09-01,2024-09-01,19,0.6426628084023814,0.696600323751459,0.6915443049861091,0.6423240459503282,0.1788347769846256
669,TSLA,GRU,2022-09-01,2024-09-01,20,0.4271592315662639,0.5120230529529408,0.4605527453455473,0.4827943565014386,0.3644289968787813
670,TSLA,GRU,2022-09-01,2024-09-01,21,0.2741960770649299,0.3092212848936794,0.2814898752495364,0.3101431718090886,0.2093380136172298
671,TSLA,GRU,2022-09-01,2024-09-01,22,1.1308824449270225,1.3992460897394554,1.2380926705259792,1.2895828124890842,0.3006159583733974
672,TSLA,GRU,2022-09-01,2024-09-01,23,0.4677558098192285,0.5392184523066299,0.4656855474392408,0.5393923578763548,0.1987678321714317
673,TSLA,GRU,2022-09-01,2024-09-01,24,1.177768332824099,1.5030629392801238,1.273926070874384,1.3342448961878504,0.2573606646109078
674,TSLA,GRU,2022-09-01,2024-09-01,25,1.7636092650681696,2.0306129562171265,1.4281009193941687,1.8275435983763064,0.3333038658184238
675,TSLA,GRU,2022-09-01,2024-09-01,26,0.3637695266586087,0.4530116850103353,0.3716315755569269,0.4116666034588399,0.3487030140632481
676,TSLA,GRU,2022-09-01,2024-09-01,27,0.6230620639104103,0.7001623796071716,0.675662528472569,0.593813324434271,0.2720383220884615
677,TSLA,GRU,2022-09-01,2024-09-01,28,0.2552533538135328,0.3075004061110892,0.2804282029340965,0.3023508458974056,0.2675023786275292
678,TSLA,GRU,2022-09-01,2024-09-01,29,0.3167653726706905,0.3783838717408959,0.3376583338291287,0.3560332562928069,0.3861328867903338
679,TSLA,GRU,2022-09-01,2024-09-01,30,0.4676717311592883,0.5665972489657266,0.5092415779580727,0.5385798130556517,0.2927210632714744
680,TSLA,GRU,2022-09-01,2024-09-01,31,0.565716615457011,0.715277576123353,0.6421886807747859,0.8246607251814502,0.5937400349820863
681,TSLA,GRU,2022-09-01,2024-09-01,32,0.725740969082916,0.8906002085291591,0.7615248954109395,0.8316598472218064,0.1888703909008521
682,TSLA,GRU,2022-09-01,2024-09-01,33,0.5435343719230972,0.659736167245269,0.592415439671775,0.5972322396663876,0.7762795202193887
683,TSLA,GRU,2022-09-01,2024-09-01,34,0.5772265043287548,0.7051705451578726,0.494866178515877,0.7701043963098808,0.2139250524025242
684,TSLA,GRU,2022-09-01,2024-09-01,35,2.070807151150852,2.3096072659529394,1.8265103472881592,2.188517757004948,0.3471223627120408
685,TSLA,GRU,2022-09-01,2024-09-01,36,2.123625782747149,2.724288663929019,2.323711709186299,2.4401226949887844,0.6019858837215796
686,TSLA,GRU,2022-09-01,2024-09-01,37,0.8167942955748506,0.9668144479700376,0.8717975351926751,0.9344208840548084,0.5022103800141009
687,TSLA,GRU,2022-09-01,2024-09-01,38,0.5329233753506597,0.6566034523543653,0.5356447561110473,0.6056540823660341,0.1717496322282083
688,TSLA,GRU,2022-09-01,2024-09-01,39,1.2586026881297474,1.577181865666376,1.2775720628145482,1.41965301151607,0.1736063482701941
689,TSLA,GRU,2022-09-01,2024-09-01,40,0.6897910868489177,0.8478194110020024,0.8665503198769708,0.914120744116084,0.9076029505174776
690,TSLA,GRU,2022-09-01,2024-09-01,41,1.7578689689545035,2.017227542418852,1.8178506467035964,1.9195158930670408,0.6259529581826633
691,TSLA,GRU,2022-09-01,2024-09-01,42,0.81243711150049,0.8821047544762224,0.6903950385723303,0.980877927364524,1.2358392039731716
692,TSLA,GRU,2022-09-01,2024-09-01,43,0.2705366650551825,0.3141014113598596,0.2877552463479973,0.3010192353631067,0.2503000847538886
693,TSLA,GRU,2022-09-01,2024-09-01,44,0.5126763758212624,0.5737797222025715,0.4624492337985943,0.5613031312353696,0.2864020645071833
694,TSLA,GRU,2022-09-01,2024-09-01,45,0.9220986632755388,1.024876492333031,0.8283257181240464,1.0199241662292302,0.2039159538020668
695,TSLA,GRU,2022-09-01,2024-09-01,46,1.2323854648658452,1.466088621075036,1.0634654776331358,1.2552722919319603,0.2089550850910776
696,TSLA,GRU,2022-09-01,2024-09-01,47,0.7958853746018002,0.992931371072752,0.8167342889788303,0.897625482116426,0.3103273830125674
697,TSLA,GRU,2022-09-01,2024-09-01,48,1.811872620593041,2.3400555813406387,1.9206830337892729,2.346707106569088,0.3352949166836282
698,TSLA,GRU,2022-09-01,2024-09-01,49,0.6757359638356637,0.8838514159222708,0.7489960344386418,0.7862921786543738,0.3486386863700873
699,TSLA,GRU,2022-09-01,2024-09-01,50,3.170647320077836,3.875800475648267,3.457967428701552,3.723907577412274,0.4358796318284648
700,TSLA,GRU,2023-05-01,2025-05-01,1,0.6117580871071292,0.6992201257473155,0.5368254934611981,0.6100867162650258,0.3560557049819858
701,TSLA,GRU,2023-05-01,2025-05-01,2,0.4968475383377159,0.5256887992701407,0.5456081489832125,0.5668914029311143,0.4408588311335679
702,TSLA,GRU,2023-05-01,2025-05-01,3,1.045533024356767,1.082367412560911,0.8674257296787313,0.9802820684580328,0.343053016524938
703,TSLA,GRU,2023-05-01,2025-05-01,4,0.4823066035845034,0.4753432131459013,0.4700050469258611,0.4390977910678708,0.4241712307018746
704,TSLA,GRU,2023-05-01,2025-05-01,5,0.3285342270292635,0.3413071566290263,0.3008304630277704,0.3096860757052403,0.4744785141460326
705,TSLA,GRU,2023-05-01,2025-05-01,6,1.3874111431452747,1.5606008969624148,1.3072134444389956,1.337394800676348,0.4638976888206169
706,TSLA,GRU,2023-05-01,2025-05-01,7,0.3784453317392733,0.4169502876392678,0.387632771355701,0.3764288740732075,0.3384030220259595
707,TSLA,GRU,2023-05-01,2025-05-01,8,0.4228997264766694,0.5330186751529575,0.3388650510648022,0.4604848886646071,0.3826556237313137
708,TSLA,GRU,2023-05-01,2025-05-01,9,0.4186258456211525,0.4059562233896699,0.4307963623533988,0.3786997459835906,0.4095707566748952
709,TSLA,GRU,2023-05-01,2025-05-01,10,0.6615658292844012,0.7671612546530449,0.5838912868088437,0.6526832955806839,0.3693440313187935
710,TSLA,GRU,2023-05-01,2025-05-01,11,1.0925178834350744,1.2457010485236508,1.0579182901178084,1.0955013814883336,0.4584651422153056
711,TSLA,GRU,2023-05-01,2025-05-01,12,4.111013311988072,4.8786337199736,3.8982885343557774,4.262026288823281,0.660369784745396
712,TSLA,GRU,2023-05-01,2025-05-01,13,1.2470441793694498,1.314420663444477,1.154004658223357,1.2731204172286297,0.3779047089188428
713,TSLA,GRU,2023-05-01,2025-05-01,14,0.817352503762051,0.9119322045990568,0.7384505950545129,0.7372245762180686,0.446013123984714
714,TSLA,GRU,2023-05-01,2025-05-01,15,0.484447612461622,0.4752116337121638,0.486074339963892,0.4305263261246922,0.3824337552049129
715,TSLA,GRU,2023-05-01,2025-05-01,16,0.3445500151147309,0.3736467179694979,0.3086312998853251,0.4239165240847065,0.3859297393074545
716,TSLA,GRU,2023-05-01,2025-05-01,17,0.6827644351360936,0.7954038531359104,0.6319501809585721,0.7077272144205001,0.3972705080206783
717,TSLA,GRU,2023-05-01,2025-05-01,18,1.0741800245024324,1.233750391070878,0.989680908711061,1.0718999278696544,0.3070513398760847
718,TSLA,GRU,2023-05-01,2025-05-01,19,2.190555600620655,2.207932044286264,2.036323904186987,2.0073178462925707,0.5568352597919004
719,TSLA,GRU,2023-05-01,2025-05-01,20,0.6851709619619755,0.6974701273283701,0.6818182903587722,0.6029291753379828,0.3723613109544358
720,TSLA,GRU,2023-05-01,2025-05-01,21,1.0395695799147364,1.2827180818183923,1.0884154028701882,1.0396201697159402,0.3939900466195667
721,TSLA,GRU,2023-05-01,2025-05-01,22,0.8130051094275064,1.064956577821088,1.2743693496592154,1.02909531724172,0.3353645934867421
722,TSLA,GRU,2023-05-01,2025-05-01,23,3.325684805170696,2.856455164171916,3.222692216433533,3.126155921268311,0.4972623337871275
723,TSLA,GRU,2023-05-01,2025-05-01,24,0.7583841735184712,0.7964692198058294,0.7282522768717885,0.6582470666337331,0.4239446073014579
724,TSLA,GRU,2023-05-01,2025-05-01,25,1.2991822899326153,1.442170833961097,1.246827623637179,1.241858015671831,0.3849941793274842
725,TSLA,GRU,2023-05-01,2025-05-01,26,0.674094365759848,0.8807023259345426,0.6641480968645902,0.7327538673702733,0.4147838181116561
726,TSLA,GRU,2023-05-01,2025-05-01,27,1.6013649191119144,1.8314012075872383,1.5526465500209323,1.6407187589441594,0.4408897703027009
727,TSLA,GRU,2023-05-01,2025-05-01,28,0.3992626799101501,0.4351899118027864,0.3823001994823084,0.3775523730345236,0.3264527406297415
728,TSLA,GRU,2023-05-01,2025-05-01,29,1.1143993086134556,1.3196257615785565,1.040516248691967,1.1337450349427398,0.4401417692698883
729,TSLA,GRU,2023-05-01,2025-05-01,30,0.7719101972028436,0.9401470954713786,0.6478696368412785,0.7780373458065303,0.4517557610712644
730,TSLA,GRU,2023-05-01,2025-05-01,31,0.6280337734009721,0.7785662272241131,0.5430893953684666,0.6831079896425125,0.4429932036624502
731,TSLA,GRU,2023-05-01,2025-05-01,32,0.4964824434522027,0.5580945144668369,0.4503020609171436,0.516020796177764,0.5084952424644508
732,TSLA,GRU,2023-05-01,2025-05-01,33,0.4058464240256136,0.444909338169723,0.4171182002152935,0.3798413702247858,0.3980950318925111
733,TSLA,GRU,2023-05-01,2025-05-01,34,0.4355185765086955,0.5307659525821722,0.3971309966749783,0.4469275523929468,0.4155389771100261
734,TSLA,GRU,2023-05-01,2025-05-01,35,0.4588635832177087,0.568062181267694,0.4142318456594948,0.4735594237443293,0.3901555932293739
735,TSLA,GRU,2023-05-01,2025-05-01,36,0.7202214749736078,0.8304575433157839,0.6277544407363382,0.7199466116185944,0.340772778358055
736,TSLA,GRU,2023-05-01,2025-05-01,37,0.8051957431058611,0.8972830611378795,0.7490319987321504,0.7612589750716229,0.4607982803112044
737,TSLA,GRU,2023-05-01,2025-05-01,38,2.107100946607525,1.8618831522496,1.6353568528194036,1.7340162868200186,0.3344031257592749
738,TSLA,GRU,2023-05-01,2025-05-01,39,0.6205259837032764,0.7519213294616786,0.5938775643491838,0.6450862256480588,0.4619739770296273
739,TSLA,GRU,2023-05-01,2025-05-01,40,0.774992321596709,0.8593660822708922,0.7043846703980547,0.7469596066789034,0.4971688359738073
740,TSLA,GRU,2023-05-01,2025-05-01,41,0.5240680256616715,0.6989968580270618,0.4322195824442831,0.5382212375879262,0.3816922929983274
741,TSLA,GRU,2023-05-01,2025-05-01,42,0.8493166959428748,0.9605622564165524,0.7628042939434044,0.8804730210679643,0.51525426413464
742,TSLA,GRU,2023-05-01,2025-05-01,43,1.0728142026100955,1.2273439606929188,1.0409452010306404,1.1455494656807022,0.3939134681011279
743,TSLA,GRU,2023-05-01,2025-05-01,44,0.3536987614077175,0.4152922555339942,0.312013039279796,0.3283202751939175,0.3628250794026794
744,TSLA,GRU,2023-05-01,2025-05-01,45,0.3446549068975505,0.3811386466401374,0.3074483273009371,0.343076729122749,0.3890915194342453
745,TSLA,GRU,2023-05-01,2025-05-01,46,0.8957333835714545,1.037913696023525,0.8927966072187501,0.9083429028658482,0.3729467800285098
746,TSLA,GRU,2023-05-01,2025-05-01,47,1.658898007230893,1.863962610471649,1.643146461818961,1.5573399329822328,0.407307432068042
747,TSLA,GRU,2023-05-01,2025-05-01,48,0.9841376150818504,1.0130105577826876,0.9073188896291616,0.886991067914731,0.5638625768649277
748,TSLA,GRU,2023-05-01,2025-05-01,49,0.3462819448194242,0.4165737809249548,0.3165207196137226,0.3590933443273242,0.4651990218029382
749,TSLA,GRU,2023-05-01,2025-05-01,50,1.227444793772928,1.3709509245764946,1.1944835730186214,1.210083257068741,0.3636510472783355
750,TSLA,GRU,2024-01-01,2026-01-01,1,0.6851231727036182,0.6458640435034178,0.6855247733984459,0.6183382561669474,0.6126366507443977
751,TSLA,GRU,2024-01-01,2026-01-01,2,0.1567933494650199,0.1953374527516293,0.1384637567329383,0.1741559327084628,0.4354328953808072
752,TSLA,GRU,2024-01-01,2026-01-01,3,1.225038995987,1.1801173836988252,1.1128560751225642,1.0866989207700606,0.6138610863106663
753,TSLA,GRU,2024-01-01,2026-01-01,4,0.5499329489978432,0.5017323464765743,0.4647742901142461,0.5358151906389194,0.3692988228259283
754,TSLA,GRU,2024-01-01,2026-01-01,5,0.2852243668367147,0.1605687081788672,0.1567325876645972,0.1677250844050322,0.4042226145087212
755,TSLA,GRU,2024-01-01,2026-01-01,6,1.057924968805731,0.9748264924346458,0.8896340346649739,0.9563066716063696,0.2775445427987779
756,TSLA,GRU,2024-01-01,2026-01-01,7,0.1829185403080234,0.1695754854908823,0.1678389314251704,0.1690742957811912,0.644842839169081
757,TSLA,GRU,2024-01-01,2026-01-01,8,0.311571629938184,0.2658809442137259,0.2484459183797294,0.2533754263205616,0.3248121781724133
758,TSLA,GRU,2024-01-01,2026-01-01,9,1.2729188589936815,1.0984457562722625,1.1508399609274544,1.070909565698836,0.6197337499092653
759,TSLA,GRU,2024-01-01,2026-01-01,10,0.7837223591525782,0.7370085687985011,0.7048682309063936,0.7290915387063424,0.4024281705103411
760,TSLA,GRU,2024-01-01,2026-01-01,11,0.7230687058145107,0.6440891998365031,0.6753253566103942,0.6595452357660064,0.2759879868954446
761,TSLA,GRU,2024-01-01,2026-01-01,12,0.4517878397170693,0.3241548025829054,0.3879450304721653,0.3478216229729202,0.4635634875427664
762,TSLA,GRU,2024-01-01,2026-01-01,13,2.160301397150532,1.9995441199412964,1.8838620560246893,1.9358949638670573,0.5454244166390941
763,TSLA,GRU,2024-01-01,2026-01-01,14,0.403662276059292,0.3721840704294398,0.4480820385362648,0.3802408826342009,0.6291217274000076
764,TSLA,GRU,2024-01-01,2026-01-01,15,0.8008827266603051,0.7959768124977715,0.6190372395966786,0.6333006433626942,0.3286620842252858
765,TSLA,GRU,2024-01-01,2026-01-01,16,1.995119684199199,1.8395539564980268,1.7090856408830473,1.82056514333716,0.4469770548925537
766,TSLA,GRU,2024-01-01,2026-01-01,17,0.8842521407667158,0.7818094362165215,0.7604830658660162,0.8119656448315651,0.4760914071156629
767,TSLA,GRU,2024-01-01,2026-01-01,18,1.1395686903225215,0.9753608082554646,0.953403830076788,0.8830287044773848,0.3089985091146989
768,TSLA,GRU,2024-01-01,2026-01-01,19,0.305878857304537,0.2941146701300914,0.385999440104032,0.3050091372106479,0.467968507041572
769,TSLA,GRU,2024-01-01,2026-01-01,20,1.2190898213880326,1.09452980217469,1.0599749726077226,1.085188022730721,0.3478171889413702
770,TSLA,GRU,2024-01-01,2026-01-01,21,0.9957593027008684,0.8916367161356126,0.976595023702593,0.9123113958393178,0.7869657678490094
771,TSLA,GRU,2024-01-01,2026-01-01,22,1.157100194233739,1.0679908833709928,0.9567647901342748,0.9972114853730908,0.2825043571212305
772,TSLA,GRU,2024-01-01,2026-01-01,23,1.3608266723564106,1.180063408223852,1.172976000248671,1.1857957773190924,0.3816527686034338
773,TSLA,GRU,2024-01-01,2026-01-01,24,0.4038117839923527,0.2345330952052821,0.1123533807424224,0.1998716473749611,0.2934253663383045
774,TSLA,GRU,2024-01-01,2026-01-01,25,0.459213479442859,0.3789467057734378,0.3067046351325669,0.4254619708461867,0.2860044719635959
775,TSLA,GRU,2024-01-01,2026-01-01,26,1.899424393861301,1.7416802623499663,1.6556543296714956,1.6633234069166498,0.4474312051329384
776,TSLA,GRU,2024-01-01,2026-01-01,27,0.5673703847316158,0.4862030878635593,0.4746306268104462,0.4612037683907554,0.3819491588045458
777,TSLA,GRU,2024-01-01,2026-01-01,28,1.3390475940963995,1.1020284441806318,1.0043717264978391,0.9995034796032732,0.6678404214618384
778,TSLA,GRU,2024-01-01,2026-01-01,29,1.413826172438815,1.3495185902138709,1.2890766439426944,1.2916928458610004,0.7663189293033117
779,TSLA,GRU,2024-01-01,2026-01-01,30,0.5755179687386776,0.5132448283016717,0.5562315343039838,0.5513055232023458,0.3445996499953075
780,TSLA,GRU,2024-01-01,2026-01-01,31,1.8866626593264664,1.87408497319906,1.6544094430258454,1.8330281888868825,0.4248184674463291
781,TSLA,GRU,2024-01-01,2026-01-01,32,0.9301558558213874,0.8709949492596356,0.756670815772815,0.8128927814368201,0.314939337558883
782,TSLA,GRU,2024-01-01,2026-01-01,33,1.352270935854064,1.4101291044442132,1.284811262000728,1.280039543588545,1.0796271712510075
783,TSLA,GRU,2024-01-01,2026-01-01,34,0.9731554635560612,0.8336889350231215,0.8864556090273235,0.9403384513343264,0.4078041531705033
784,TSLA,GRU,2024-01-01,2026-01-01,35,0.2908421376584436,0.2466195644500182,0.2057284217666911,0.2463511286158516,0.6895747729656653
785,TSLA,GRU,2024-01-01,2026-01-01,36,1.6740590148037984,1.44506207637442,1.4285324586085544,1.481243172057748,0.2951417748431135
786,TSLA,GRU,2024-01-01,2026-01-01,37,1.210590545587737,1.1343103377756971,1.0859157267077275,1.1103657195565404,0.2994941599243745
787,TSLA,GRU,2024-01-01,2026-01-01,38,0.2115848303675813,0.220472112710997,0.1588287312511988,0.2006332386027919,0.5500622494306631
788,TSLA,GRU,2024-01-01,2026-01-01,39,1.6836467494445642,1.616762622277028,1.4945551658905167,1.505039364454189,0.2859651043495231
789,TSLA,GRU,2024-01-01,2026-01-01,40,0.1994573253500987,0.1878905523775321,0.1686772061771555,0.2671534443885905,0.3018786867537517
790,TSLA,GRU,2024-01-01,2026-01-01,41,0.7379071978779637,0.7288155560112366,0.60815829106925,0.730763471442438,0.5389701032449571
791,TSLA,GRU,2024-01-01,2026-01-01,42,1.2980341339443464,1.0765762626231896,1.391838636026624,1.0504718802537978,0.9378760397838926
792,TSLA,GRU,2024-01-01,2026-01-01,43,0.6235461767979297,0.6140567462321148,0.4867279016950626,0.6946529487778236,0.3784791828197098
793,TSLA,GRU,2024-01-01,2026-01-01,44,2.7422383043510155,2.602600947308903,2.3768075065318546,2.522824064331466,0.4594609815350313
794,TSLA,GRU,2024-01-01,2026-01-01,45,1.2121197018789045,0.9481165706414804,0.941480905887366,1.0057261818492154,0.4852430676052079
795,TSLA,GRU,2024-01-01,2026-01-01,46,1.3208011118330116,1.1476076109662752,1.061709358838873,1.0385403184952244,0.3056136521157288
796,TSLA,GRU,2024-01-01,2026-01-01,47,1.1626385805746329,1.077089562820134,1.0629708133041291,0.9782135742716696,0.5565176597557034
797,TSLA,GRU,2024-01-01,2026-01-01,48,1.6324130174227849,1.4726350742521557,1.4147379246100371,1.4258767307037783,0.3194610869856165
798,TSLA,GRU,2024-01-01,2026-01-01,49,1.6524485568518723,1.4180361868309772,1.4321375902359883,1.474580123880365,0.3509697761286755
799,TSLA,GRU,2024-01-01,2026-01-01,50,1.3040141517823356,1.1102921750671926,1.032312729208032,1.0535186946712514,0.3962520793648271
800,CNQ_TO,GRU,2022-01-01,2024-01-01,1,1.2400446085239336,0.8122742394879243,0.6672934717674514,1.1358630312792088,0.2199161311421128
801,CNQ_TO,GRU,2022-01-01,2024-01-01,2,1.6885996569282422,1.6186792318941106,1.8182550001865228,1.7693911733686545,0.2206139784078379
802,CNQ_TO,GRU,2022-01-01,2024-01-01,3,1.4428669011133006,1.7058289110006608,2.167040564832761,1.7746877488619297,0.2875847638203038
803,CNQ_TO,GRU,2022-01-01,2024-01-01,4,7.808413822886398,6.710297485415634,6.558081170331954,7.652417626538398,0.2129986210545272
804,CNQ_TO,GRU,2022-01-01,2024-01-01,5,2.382699026569552,2.069716862008791,2.17698832034582,2.336222849181089,0.251918104583768
805,CNQ_TO,GRU,2022-01-01,2024-01-01,6,0.5794148211005352,0.2426525934124442,0.2643326708225881,0.3653742095903947,0.2421416663167178
806,CNQ_TO,GRU,2022-01-01,2024-01-01,7,1.100322489065777,1.0468041344967922,1.11548224020167,1.1937283885983592,0.2265579901893798
807,CNQ_TO,GRU,2022-01-01,2024-01-01,8,3.733194417522218,3.650804853023748,4.1758173950077,3.8873782634751146,0.2404836959211373
808,CNQ_TO,GRU,2022-01-01,2024-01-01,9,1.5390479367959278,0.8741825419908561,1.0720411914434291,0.9236129216436292,0.2500678723556938
809,CNQ_TO,GRU,2022-01-01,2024-01-01,10,0.6577263982299877,0.5868349787223339,0.6361601373286901,0.7298429777111325,0.262059271443686
810,CNQ_TO,GRU,2022-01-01,2024-01-01,11,6.121252733211179,5.816418823188484,5.951493284039455,7.016979978933565,0.2136932409723681
811,CNQ_TO,GRU,2022-01-01,2024-01-01,12,0.7455076244087618,0.9991840916723548,0.8792198402733113,1.1456620675549252,0.2636951809264378
812,CNQ_TO,GRU,2022-01-01,2024-01-01,13,0.3712823799745038,0.3506926675240031,0.3654236180190142,0.378152946886866,0.2570292717933339
813,CNQ_TO,GRU,2022-01-01,2024-01-01,14,0.8858583776838075,1.004290884732644,0.9721597724334976,1.2440397227059867,0.2269463744392407
814,CNQ_TO,GRU,2022-01-01,2024-01-01,15,3.457554942584935,1.705192229670974,1.7922323972691443,2.2002354439229626,0.2145134394274771
815,CNQ_TO,GRU,2022-01-01,2024-01-01,16,2.0784952187650485,2.0190116591039686,2.0107778311962043,2.192464905363253,0.2586227672876743
816,CNQ_TO,GRU,2022-01-01,2024-01-01,17,0.5476589525541955,0.6127910582710929,0.5775536915174064,0.6576139231989659,0.2218521468290349
817,CNQ_TO,GRU,2022-01-01,2024-01-01,18,1.5259870345179318,1.4961863406918552,1.4479866822434286,1.7051827895616116,0.221190341143154
818,CNQ_TO,GRU,2022-01-01,2024-01-01,19,0.5057747836190345,0.354013093763132,0.2343371072282681,0.2487876433104761,0.2380748080580893
819,CNQ_TO,GRU,2022-01-01,2024-01-01,20,0.8521536389913054,0.6878106555321453,0.7734361613455988,0.7900131680066418,0.2447272059912404
820,CNQ_TO,GRU,2022-01-01,2024-01-01,21,2.4839006285707663,2.363972357032341,2.696336730041826,3.17061668083797,0.2509700785067701
821,CNQ_TO,GRU,2022-01-01,2024-01-01,22,1.9832780924245927,1.6863270349995485,1.622343792570145,1.781187672044333,0.2893993009110413
822,CNQ_TO,GRU,2022-01-01,2024-01-01,23,1.1045356373147208,1.109023953599915,1.4636102332833645,1.2806439452498977,0.2180773363000814
823,CNQ_TO,GRU,2022-01-01,2024-01-01,24,1.6613913047873237,1.5942008539470118,1.6606554386818124,1.6732158012786265,0.2421127858950642
824,CNQ_TO,GRU,2022-01-01,2024-01-01,25,0.8618929077230463,0.653120803842776,0.4518025921478727,0.9515842173982526,0.2541932037923724
825,CNQ_TO,GRU,2022-01-01,2024-01-01,26,0.3115091994392177,0.4912070129101652,0.2850887860657726,0.4435353544424155,0.218085021632022
826,CNQ_TO,GRU,2022-01-01,2024-01-01,27,4.25716579719088,4.125329564820506,3.809768613051325,4.372044137872553,0.2192164081962484
827,CNQ_TO,GRU,2022-01-01,2024-01-01,28,1.4192207987289611,1.1012490592132007,1.215213693500499,1.2110212877689552,0.2603932230184755
828,CNQ_TO,GRU,2022-01-01,2024-01-01,29,0.4171062569613904,0.4381715098958675,0.332442484009477,0.4403149238858998,0.2493974892109075
829,CNQ_TO,GRU,2022-01-01,2024-01-01,30,2.3039273455261453,1.9576226743169567,2.153011282961748,2.234152616373981,0.2688568980140807
830,CNQ_TO,GRU,2022-01-01,2024-01-01,31,0.6028018433840999,0.5052303132906224,0.5859485118402363,0.6650654789660057,0.2849130371796906
831,CNQ_TO,GRU,2022-01-01,2024-01-01,32,1.2154437807243526,1.1505177661859611,1.5077219646108722,1.2870353417059337,0.2631118463066383
832,CNQ_TO,GRU,2022-01-01,2024-01-01,33,2.546485420338449,2.282070350807583,2.677389042309636,2.53803886203895,0.2517844354804287
833,CNQ_TO,GRU,2022-01-01,2024-01-01,34,1.5053530849795056,1.3985792389559224,1.414994336418329,1.5197510850814644,0.2797184308828822
834,CNQ_TO,GRU,2022-01-01,2024-01-01,35,1.139443868360552,1.0223943034527976,1.3471776280911902,1.37683295568995,0.2305256584098012
835,CNQ_TO,GRU,2022-01-01,2024-01-01,36,1.960052835002397,1.7373904812702798,1.621338958421629,1.9027500921187568,0.2544333103167117
836,CNQ_TO,GRU,2022-01-01,2024-01-01,37,2.5748604061084257,2.4837684340387454,2.427962174914555,2.714323744177966,0.269283169203395
837,CNQ_TO,GRU,2022-01-01,2024-01-01,38,2.339547849526656,1.995639236706835,2.028875711571151,2.263136425517688,0.2239131800010638
838,CNQ_TO,GRU,2022-01-01,2024-01-01,39,3.48716744802056,3.650402304149171,2.3404607463939,3.174785095591945,0.2259020155899551
839,CNQ_TO,GRU,2022-01-01,2024-01-01,40,2.54126701051196,2.4552793565575404,2.088236795872443,2.641334175524393,0.2544094159514624
840,CNQ_TO,GRU,2022-01-01,2024-01-01,41,0.5466044135080271,0.4728457249464761,0.4926016535108798,0.3235911129864151,0.2198381069616221
841,CNQ_TO,GRU,2022-01-01,2024-01-01,42,0.4705549606543915,0.5519501036920562,0.5888980812937938,0.5801841175015602,0.2340880493189298
842,CNQ_TO,GRU,2022-01-01,2024-01-01,43,2.1550683697248068,2.445573560640796,1.842589683934716,2.5761513503329665,0.2195812177360839
843,CNQ_TO,GRU,2022-01-01,2024-01-01,44,0.5596677563516637,0.4444319460871175,0.4883815221399084,0.353137366054674,0.2420146662048502
844,CNQ_TO,GRU,2022-01-01,2024-01-01,45,0.280562961503963,0.2307020891524125,0.2431914157314317,0.2561257758710453,0.2279921645622781
845,CNQ_TO,GRU,2022-01-01,2024-01-01,46,1.6961513257001808,1.4700671263273788,1.7570335408387685,1.7960423558167558,0.2298959986726847
846,CNQ_TO,GRU,2022-01-01,2024-01-01,47,0.3878867736699196,0.2606003691818035,0.7111172965247039,0.3390862329229844,0.2293880975408737
847,CNQ_TO,GRU,2022-01-01,2024-01-01,48,0.2474447109044645,0.2219630065024851,0.2582359061085595,0.2483375227840101,0.2555601306867244
848,CNQ_TO,GRU,2022-01-01,2024-01-01,49,1.014872903579097,1.3740682284546957,1.56116058222309,1.5196433366396056,0.2299837111231766
849,CNQ_TO,GRU,2022-01-01,2024-01-01,50,0.3613531715957653,0.24331473718726,0.3445811003203513,0.3218015491626166,0.2251995491186877
850,CNQ_TO,GRU,2022-09-01,2024-09-01,1,4.265661323635594,4.402840559900314,3.505121359180413,4.367175060661865,0.3722593687660462
851,CNQ_TO,GRU,2022-09-01,2024-09-01,2,1.9813302975963896,2.318905711216922,2.0737176732399534,2.2629618446690016,0.3901628964796667
852,CNQ_TO,GRU,2022-09-01,2024-09-01,3,0.5997948196865407,0.6471793501549595,0.5686754313108467,0.632176770193416,0.311640233041719
853,CNQ_TO,GRU,2022-09-01,2024-09-01,4,1.2328113638201903,1.5116474851728217,1.4394054598822017,1.4994650203798146,0.3992642524601548
854,CNQ_TO,GRU,2022-09-01,2024-09-01,5,0.6578247690346606,0.781884805891895,0.926516062702788,0.7848961563981441,0.5172433391168284
855,CNQ_TO,GRU,2022-09-01,2024-09-01,6,0.4947901516623931,0.5051036438755061,0.4573198497363661,0.4545380876426503,0.3298055500921105
856,CNQ_TO,GRU,2022-09-01,2024-09-01,7,1.171968674702037,1.4119754000689244,1.2409672363061888,1.1601656074215183,0.3333614309126679
857,CNQ_TO,GRU,2022-09-01,2024-09-01,8,0.4841510204486819,0.4970239737492586,0.4690429675310689,0.3970858257494785,0.3619794058925636
858,CNQ_TO,GRU,2022-09-01,2024-09-01,9,2.2081525977983354,2.9382886866763203,2.315453429794511,2.893259386541656,0.3865909597090604
859,CNQ_TO,GRU,2022-09-01,2024-09-01,10,0.984774581369008,1.2201926808498773,1.089138404374191,1.2996786411182224,0.3380865049409672
860,CNQ_TO,GRU,2022-09-01,2024-09-01,11,3.1419646383887443,3.739287591571419,2.686483841231877,3.224501538750441,0.3841019682070876
861,CNQ_TO,GRU,2022-09-01,2024-09-01,12,1.158125380239133,1.69992057255956,1.3883697924092395,1.602826937280445,0.3562779748389679
862,CNQ_TO,GRU,2022-09-01,2024-09-01,13,0.6603462513116516,0.8704845709632733,0.7478614955649086,0.6822781390110665,0.3427027896129196
863,CNQ_TO,GRU,2022-09-01,2024-09-01,14,0.458681224762702,0.4576866842012019,0.4832940606257209,0.4206416035070205,0.3387384795405549
864,CNQ_TO,GRU,2022-09-01,2024-09-01,15,1.14791819085315,1.38391758786667,1.1892931875466342,1.2207126492656115,0.367964870940312
865,CNQ_TO,GRU,2022-09-01,2024-09-01,16,0.7359405018269356,0.9551915451250884,0.8918948530643944,0.9835952098386698,0.3337783641553081
866,CNQ_TO,GRU,2022-09-01,2024-09-01,17,1.6190941160717784,1.8637933046391049,1.514977204390478,1.7813883308062035,0.3540152948089989
867,CNQ_TO,GRU,2022-09-01,2024-09-01,18,1.8162922350404804,2.2625864266103,1.932034682213791,2.1606494925362387,0.3582044566893426
868,CNQ_TO,GRU,2022-09-01,2024-09-01,19,0.3652308486232431,0.3647769432775283,0.3469507234896276,0.2961550175551694,0.3375917062900702
869,CNQ_TO,GRU,2022-09-01,2024-09-01,20,0.3215416342266237,0.3458876081018363,0.2802144110518929,0.3061275394679968,0.4102293237207093
870,CNQ_TO,GRU,2022-09-01,2024-09-01,21,0.7768117885956504,1.046632488627781,0.8079354591222649,0.6547234370400287,0.3353521330464876
871,CNQ_TO,GRU,2022-09-01,2024-09-01,22,0.9733791134818818,1.239539106853748,1.1021019073514402,1.2298936287434343,0.3297610459357972
872,CNQ_TO,GRU,2022-09-01,2024-09-01,23,2.562819080914021,2.9598839311514427,2.826116053954321,2.9463806278348623,0.3371106950645002
873,CNQ_TO,GRU,2022-09-01,2024-09-01,24,0.5013262404021888,0.6673137780007647,0.7141047180260629,0.590850250168471,0.3360569360988588
874,CNQ_TO,GRU,2022-09-01,2024-09-01,25,1.448344040274191,1.4973374601392468,0.5862641455863749,1.2609490023491676,0.340240178093543
875,CNQ_TO,GRU,2022-09-01,2024-09-01,26,0.5473681033693363,0.5281062607049616,0.6802002825841099,0.5673033119619229,0.3514924836410887
876,CNQ_TO,GRU,2022-09-01,2024-09-01,27,1.4357202058956064,1.9722523532739795,1.786674472806009,1.683183392426813,0.3899740003206894
877,CNQ_TO,GRU,2022-09-01,2024-09-01,28,0.3739617345760014,0.3290517383734219,0.4250251329541186,0.3152855587533695,0.3514431812776701
878,CNQ_TO,GRU,2022-09-01,2024-09-01,29,1.2079121226458531,1.6136901251688862,1.444749038208986,1.486943437382743,0.3418419127548278
879,CNQ_TO,GRU,2022-09-01,2024-09-01,30,0.9730063360908168,1.1932025442731216,1.139640460900367,1.2075935745535615,0.3378782708169773
880,CNQ_TO,GRU,2022-09-01,2024-09-01,31,2.9840903031564334,3.60272700575847,3.5054308494453896,3.537527432121112,0.3493557313028342
881,CNQ_TO,GRU,2022-09-01,2024-09-01,32,0.3999782797234703,0.4949704028230737,0.4312313651817732,0.4813392749169836,0.3375489001454368
882,CNQ_TO,GRU,2022-09-01,2024-09-01,33,1.2424451589485008,1.4243989520675266,1.4276841126037152,1.3510422210873048,0.4744263174794895
883,CNQ_TO,GRU,2022-09-01,2024-09-01,34,0.5342507762545204,0.5092835650683386,0.4173429722481534,0.3946603311557966,0.3498399476514795
884,CNQ_TO,GRU,2022-09-01,2024-09-01,35,0.8838824640392187,1.174942079467466,1.1504814464344797,1.0208805317424905,0.3396632555414741
885,CNQ_TO,GRU,2022-09-01,2024-09-01,36,3.777917081447073,5.028496292695604,4.486826429685308,4.612007196247628,0.4357034465475258
886,CNQ_TO,GRU,2022-09-01,2024-09-01,37,0.4254639929558443,0.4054032545576325,0.4306959693137208,0.3780458685492965,0.3428836447716037
887,CNQ_TO,GRU,2022-09-01,2024-09-01,38,2.280225228456395,2.8632015904403083,2.450312830177591,2.519335430194105,0.3503901182727076
888,CNQ_TO,GRU,2022-09-01,2024-09-01,39,2.107236046417347,2.8000707438745884,2.338998679631552,2.642774519313024,0.3912989621800316
889,CNQ_TO,GRU,2022-09-01,2024-09-01,40,0.6401338038851221,0.7459436069672587,0.794043041802244,1.0575681683258824,0.4018891080032142
890,CNQ_TO,GRU,2022-09-01,2024-09-01,41,0.7543947208772012,0.8225155572301001,0.8058024694804744,0.9569985552727632,0.3423789290807288
891,CNQ_TO,GRU,2022-09-01,2024-09-01,42,0.5609449236775076,0.7884175216069496,0.5947589960702865,0.758943129100835,0.415921223241001
892,CNQ_TO,GRU,2022-09-01,2024-09-01,43,1.666637177043007,1.800886064467628,1.7175045646353952,1.7452655974601037,0.3393047661545117
893,CNQ_TO,GRU,2022-09-01,2024-09-01,44,0.8938860845867966,1.2458748061118934,1.2401835373226202,1.1639071740252311,0.347238072561604
894,CNQ_TO,GRU,2022-09-01,2024-09-01,45,0.3599701391686978,0.4225723634158232,0.4188761542929275,0.3877668244847336,0.324378695499236
895,CNQ_TO,GRU,2022-09-01,2024-09-01,46,0.5235547358933887,0.7736408309887496,0.6049621379559921,1.0290852710175,0.3416096920288274
896,CNQ_TO,GRU,2022-09-01,2024-09-01,47,2.016267802994781,2.48872677492966,2.334907287156966,2.48777131701881,0.3543401583558193
897,CNQ_TO,GRU,2022-09-01,2024-09-01,48,4.408825598845487,4.241238180722536,3.815603868203965,5.1206862946576415,0.4698763804988687
898,CNQ_TO,GRU,2022-09-01,2024-09-01,49,1.4706891420403383,1.7272508683168304,1.574644133090933,1.728026838180918,0.3310763764259146
899,CNQ_TO,GRU,2022-09-01,2024-09-01,50,2.9461297887607767,3.979853398217844,3.682083527650388,3.9207946406016543,0.4250404487481684
900,CNQ_TO,GRU,2023-05-01,2025-05-01,1,0.2853277543079979,0.3503175544822058,0.3534955308295413,0.3121317297075497,0.2109321682736372
901,CNQ_TO,GRU,2023-05-01,2025-05-01,2,0.4902009775935222,0.6050627282214324,0.5151744138922245,0.4809312902052738,0.2157866306234953
902,CNQ_TO,GRU,2023-05-01,2025-05-01,3,0.2273738120713847,0.2522008843046039,0.2575533431400228,0.2414703097981328,0.2185124168051205
903,CNQ_TO,GRU,2023-05-01,2025-05-01,4,0.2202155126197728,0.2721544580138882,0.2827403641515363,0.2536764081493136,0.217837063844861
904,CNQ_TO,GRU,2023-05-01,2025-05-01,5,1.2805221359189247,1.5545518656149504,1.1979299754109154,1.28402201004948,0.1986220754596795
905,CNQ_TO,GRU,2023-05-01,2025-05-01,6,0.2237504074638282,0.2426778005769062,0.2624578696624332,0.2359033200023705,0.2153682822577439
906,CNQ_TO,GRU,2023-05-01,2025-05-01,7,0.5912255643554728,0.7298003722108644,0.6168499711862555,0.5961074904833438,0.2196236652757194
907,CNQ_TO,GRU,2023-05-01,2025-05-01,8,0.4019498703652287,0.4599951770765885,0.3708749840681363,0.4020197611880231,0.2114289973388172
908,CNQ_TO,GRU,2023-05-01,2025-05-01,9,0.3648742619251816,0.4053620728275376,0.3750679605994108,0.3496620058303016,0.2254383502900244
909,CNQ_TO,GRU,2023-05-01,2025-05-01,10,0.5020607225514344,0.5596625941190828,0.4705496074833981,0.469844071311262,0.2101025057380491
910,CNQ_TO,GRU,2023-05-01,2025-05-01,11,0.571073664870832,0.6214851146955142,0.5637520931518697,0.5584785836983768,0.2181704689658423
911,CNQ_TO,GRU,2023-05-01,2025-05-01,12,1.3821496778584952,1.79065573958568,1.514298816883704,1.4904714375316734,0.3060905606234719
912,CNQ_TO,GRU,2023-05-01,2025-05-01,13,0.4670550360211553,0.6182673327908409,0.459563864156229,0.5001602197077518,0.2141160031873152
913,CNQ_TO,GRU,2023-05-01,2025-05-01,14,0.7712819104642645,1.045775038671922,0.8786941664358242,0.8287331061588659,0.2341958173918071
914,CNQ_TO,GRU,2023-05-01,2025-05-01,15,0.2458082161288025,0.2637028834938947,0.2743392339320888,0.2541567888225698,0.22049545426106
915,CNQ_TO,GRU,2023-05-01,2025-05-01,16,0.7408813751050144,1.0148063732464212,0.8695706763529252,0.8920795777166702,0.221315853348765
916,CNQ_TO,GRU,2023-05-01,2025-05-01,17,0.4250923510376689,0.5850743748412126,0.5270659708426004,0.5326523327006295,0.211622679335428
917,CNQ_TO,GRU,2023-05-01,2025-05-01,18,0.4837956067317372,0.5663814982279296,0.4959583865935758,0.4459645314232089,0.2304758163409178
918,CNQ_TO,GRU,2023-05-01,2025-05-01,19,1.5682831976047966,2.1249480880663003,1.5749860813935663,1.7779062227060054,0.2481428968746377
919,CNQ_TO,GRU,2023-05-01,2025-05-01,20,1.0812351379391032,1.3843624990839754,1.0896105233586373,1.1287239735790855,0.2299479419273933
920,CNQ_TO,GRU,2023-05-01,2025-05-01,21,1.6236565380625303,1.861680896857688,1.3540229214536774,1.4122288877051803,0.2083503540689205
921,CNQ_TO,GRU,2023-05-01,2025-05-01,22,0.6290266644241442,0.7614847805885907,0.6488153349493452,0.6380404679914068,0.2285875160267699
922,CNQ_TO,GRU,2023-05-01,2025-05-01,23,0.5605190913271406,0.5158341276421524,0.3573087780773594,0.4116210004318985,0.2193399717730327
923,CNQ_TO,GRU,2023-05-01,2025-05-01,24,1.6571540208664737,2.0972740110007204,1.5426911420020692,1.6980972176775162,0.2609701545583995
924,CNQ_TO,GRU,2023-05-01,2025-05-01,25,0.4295880335113119,0.5384455327162334,0.4637702939401903,0.4520311914727147,0.2126573070816556
925,CNQ_TO,GRU,2023-05-01,2025-05-01,26,0.2096629116475832,0.2408174565495307,0.2446440325060168,0.2371802416178376,0.21458444474803
926,CNQ_TO,GRU,2023-05-01,2025-05-01,27,0.3077846485275481,0.440399368314559,0.3143325080487356,0.3479609656721553,0.211266048734894
927,CNQ_TO,GRU,2023-05-01,2025-05-01,28,1.5020001752065728,2.0948654869492707,1.6347664004537004,1.663705738256406,0.2118073675278517
928,CNQ_TO,GRU,2023-05-01,2025-05-01,29,0.2201418832812731,0.2357629141670912,0.2637222757113534,0.2318208154971082,0.2095795941090164
929,CNQ_TO,GRU,2023-05-01,2025-05-01,30,0.3901022848584092,0.4907630859962997,0.4029874467113236,0.3986604627762769,0.2102633154702894
930,CNQ_TO,GRU,2023-05-01,2025-05-01,31,1.9194115632993485,2.412804764700608,1.8782151474289923,1.9331831326467133,0.2279426184560914
931,CNQ_TO,GRU,2023-05-01,2025-05-01,32,0.4994880356854259,0.6252377849457148,0.5245872292033265,0.5491780975867802,0.2081652565172358
932,CNQ_TO,GRU,2023-05-01,2025-05-01,33,1.4561181710999145,1.7608127302883223,1.4527967309957297,1.4363839427627552,0.234650293557208
933,CNQ_TO,GRU,2023-05-01,2025-05-01,34,0.2154618774434825,0.3557375631351318,0.3839024720039536,0.3922376334486862,0.2294611254709906
934,CNQ_TO,GRU,2023-05-01,2025-05-01,35,0.5288967361083974,0.5641466406661078,0.443407073406711,0.5045797652896379,0.2277058294021061
935,CNQ_TO,GRU,2023-05-01,2025-05-01,36,0.2452073111491392,0.3133836485856365,0.2552850631558723,0.2616708975082706,0.2385131912534989
936,CNQ_TO,GRU,2023-05-01,2025-05-01,37,0.2214575351638884,0.2870211696776675,0.2713435233010604,0.2479645405111499,0.2380602244623921
937,CNQ_TO,GRU,2023-05-01,2025-05-01,38,0.4061824114264771,0.5409638691397342,0.3879139889104743,0.410419540057995,0.2152716467477183
938,CNQ_TO,GRU,2023-05-01,2025-05-01,39,1.2079323086037017,1.6363401836092573,1.2026936223500575,1.2103373704687934,0.2195165417986617
939,CNQ_TO,GRU,2023-05-01,2025-05-01,40,0.5344773779237617,0.7395516589395198,0.5817944846850235,0.6135795693935998,0.2135609037724518
940,CNQ_TO,GRU,2023-05-01,2025-05-01,41,0.2378192715399921,0.2655887132690336,0.2828670828408387,0.2577887837181586,0.220020063357767
941,CNQ_TO,GRU,2023-05-01,2025-05-01,42,1.0136653914260996,1.427347405785099,1.071442474439253,1.102315630376458,0.2001368438002441
942,CNQ_TO,GRU,2023-05-01,2025-05-01,43,0.5177951857484892,0.6520561135837992,0.5312031912711864,0.5167528312421601,0.2077014020006657
943,CNQ_TO,GRU,2023-05-01,2025-05-01,44,0.2324298654149476,0.309850537594601,0.2568814776637573,0.2644767317825642,0.2420475889482162
944,CNQ_TO,GRU,2023-05-01,2025-05-01,45,0.2504338051757482,0.3506333756077406,0.2740825566817019,0.307225671597681,0.2292563149106219
945,CNQ_TO,GRU,2023-05-01,2025-05-01,46,1.2354996005172052,1.6737750707540195,1.2533444540058696,1.3545416036178617,0.243814854153065
946,CNQ_TO,GRU,2023-05-01,2025-05-01,47,1.6460968181753468,2.1784420962751767,1.6667302187975448,1.6086848580967017,0.2945347356279124
947,CNQ_TO,GRU,2023-05-01,2025-05-01,48,0.7438722235944213,0.90190864591631,0.7541336442287271,0.7576558744657342,0.2249113334657326
948,CNQ_TO,GRU,2023-05-01,2025-05-01,49,0.4498034374405265,0.5615961140337371,0.468954724772895,0.4900138052147063,0.2135872393230088
949,CNQ_TO,GRU,2023-05-01,2025-05-01,50,0.4344142399894066,0.5210091329381072,0.4600323059690115,0.4471229602639496,0.2151278061558636
950,CNQ_TO,GRU,2024-01-01,2026-01-01,1,7.791575287851073,6.939221411349775,8.727220344590515,7.545545229989173,0.4203992885403214
951,CNQ_TO,GRU,2024-01-01,2026-01-01,2,0.2872612818347838,0.311969450429939,0.3124238627887066,0.2672831670153147,0.359683036475764
952,CNQ_TO,GRU,2024-01-01,2026-01-01,3,1.6664624720859165,1.6291718562572683,1.882562189587805,1.7486051976685617,0.3712303858008062
953,CNQ_TO,GRU,2024-01-01,2026-01-01,4,0.4044044249893361,0.3379283940069671,0.4007971990877619,0.4300339477473538,0.4675827731394598
954,CNQ_TO,GRU,2024-01-01,2026-01-01,5,0.3078594363254657,0.2905391265327595,0.3104932438472892,0.2697841596478813,0.3634561206719709
955,CNQ_TO,GRU,2024-01-01,2026-01-01,6,0.3376440902363028,0.328130644740934,0.3997704368420229,0.338727209797906,0.3458742569489862
956,CNQ_TO,GRU,2024-01-01,2026-01-01,7,0.2203928984514376,0.2173227398181242,0.2500163376841895,0.2408623955442137,0.2745763202069674
957,CNQ_TO,GRU,2024-01-01,2026-01-01,8,0.6981560580608315,0.7048419202212246,0.8662606539305897,0.7676483815479587,0.3375705754238514
958,CNQ_TO,GRU,2024-01-01,2026-01-01,9,0.4513077476483134,0.4674721954769552,0.494571218636741,0.5140468784383425,0.293202657913734
959,CNQ_TO,GRU,2024-01-01,2026-01-01,10,0.4626803462745593,0.438980564219151,0.5244744705609058,0.4452268300578234,0.2944622455512554
960,CNQ_TO,GRU,2024-01-01,2026-01-01,11,0.4093442951603094,0.3355454494834299,0.391177859342088,0.3466801210797611,0.3888067232140171
961,CNQ_TO,GRU,2024-01-01,2026-01-01,12,0.3196127784259874,0.252444154988851,0.2524985275465437,0.2583838827344802,0.3257518767227239
962,CNQ_TO,GRU,2024-01-01,2026-01-01,13,1.8888863939161151,1.798756994168606,1.9868049745517733,1.959887938320624,0.2767433964130697
963,CNQ_TO,GRU,2024-01-01,2026-01-01,14,3.4870438262450456,2.39507760042874,3.0115277900514235,3.306516199517784,0.3444218471527394
964,CNQ_TO,GRU,2024-01-01,2026-01-01,15,0.4973456044594698,0.3887754365229607,0.414389031303051,0.3941802588117042,0.3605153113127149
965,CNQ_TO,GRU,2024-01-01,2026-01-01,16,1.546358254889826,1.4151310941158513,1.4339305667330455,1.4156339337517023,0.2921087185460646
966,CNQ_TO,GRU,2024-01-01,2026-01-01,17,0.3611335698615305,0.2743670594416263,0.4059937746779501,0.2905606193606809,0.3589859058176089
967,CNQ_TO,GRU,2024-01-01,2026-01-01,18,0.4199443193790882,0.409623869401383,0.4408639357913841,0.4623466281981627,0.3080166619875136
968,CNQ_TO,GRU,2024-01-01,2026-01-01,19,0.6370969996556003,0.6616263095760807,0.6467137591159192,0.7114263325725017,0.3603546086147412
969,CNQ_TO,GRU,2024-01-01,2026-01-01,20,0.4247883940209334,0.4327496603775397,0.5445428249133292,0.5131726815970665,0.3238820979311957
970,CNQ_TO,GRU,2024-01-01,2026-01-01,21,0.5529848797307401,0.622998760233417,0.6602539602303591,0.5774367842200833,0.3363379469495026
971,CNQ_TO,GRU,2024-01-01,2026-01-01,22,1.0297678664610226,0.8081957061194832,0.7055590389915473,0.8152840454983054,0.3101920174377084
972,CNQ_TO,GRU,2024-01-01,2026-01-01,23,2.7187219818800195,2.109280172399076,2.3840147459905867,2.43710464545456,0.3395818333751206
973,CNQ_TO,GRU,2024-01-01,2026-01-01,24,1.340475824385018,1.2969341509378391,1.445991132595824,1.3576045738841322,0.3058509561904557
974,CNQ_TO,GRU,2024-01-01,2026-01-01,25,2.104510008003857,1.8994896738356444,2.000153773794592,1.9695864538777657,0.3246842246250744
975,CNQ_TO,GRU,2024-01-01,2026-01-01,26,0.2626810154716771,0.2818583858641247,0.3290872648730066,0.3093163876259884,0.3525132028454285
976,CNQ_TO,GRU,2024-01-01,2026-01-01,27,0.3245471261006375,0.2709624988353551,0.2907323036910912,0.2745293195772205,0.3541243362052642
977,CNQ_TO,GRU,2024-01-01,2026-01-01,28,3.7496021489406512,3.4032041013162,3.7539044831725,3.9109431626529614,0.2553691167556355
978,CNQ_TO,GRU,2024-01-01,2026-01-01,29,0.5920979823186816,0.4772230154533134,0.5695089597122206,0.5254986977625278,0.3918840550024703
979,CNQ_TO,GRU,2024-01-01,2026-01-01,30,0.6356862031757173,0.6610087793977523,0.872434430980304,0.7845765911109488,0.4260414507467987
980,CNQ_TO,GRU,2024-01-01,2026-01-01,31,1.2039451827847811,1.1481170102992682,1.2022083369268224,1.1586275405336026,0.3150264893468417
981,CNQ_TO,GRU,2024-01-01,2026-01-01,32,0.9117411420521944,0.8979422332824337,1.016300916334595,0.9058780410139003,0.3242527027885148
982,CNQ_TO,GRU,2024-01-01,2026-01-01,33,1.7786667427671,1.5338751722291009,1.6630566519916534,1.5951393606446291,0.3250616181562353
983,CNQ_TO,GRU,2024-01-01,2026-01-01,34,4.101729192182728,2.114420412942243,1.4546637761604322,2.359733486240229,0.2537682892471291
984,CNQ_TO,GRU,2024-01-01,2026-01-01,35,0.8887358243223001,0.9319639086272136,1.2593642615299316,1.0148359813664125,0.3611113084234899
985,CNQ_TO,GRU,2024-01-01,2026-01-01,36,0.2443058189273005,0.2395642391282563,0.2595093403748292,0.2447609421206015,0.351142675143984
986,CNQ_TO,GRU,2024-01-01,2026-01-01,37,1.3003660716957857,1.305020788247208,1.4216208814654994,1.2693268542885578,0.2866406703538413
987,CNQ_TO,GRU,2024-01-01,2026-01-01,38,0.9131786247657494,0.8340658446059752,0.9067334214422964,0.8982831601348172,0.3020492490090592
988,CNQ_TO,GRU,2024-01-01,2026-01-01,39,0.7068160910803772,0.6784236672963543,0.7789061823141579,0.7022937659520543,0.3550111499748116
989,CNQ_TO,GRU,2024-01-01,2026-01-01,40,0.2966380480167354,0.2718492731930483,0.2793671808221893,0.2891792606618901,0.3715983629094959
990,CNQ_TO,GRU,2024-01-01,2026-01-01,41,0.8493523344148655,0.765412901366332,0.8813021842285681,0.8179005264994396,0.2750988301660793
991,CNQ_TO,GRU,2024-01-01,2026-01-01,42,5.468470251985305,5.66304986676974,5.49696154027313,6.198397492956688,0.3380997025650256
992,CNQ_TO,GRU,2024-01-01,2026-01-01,43,0.3565446345646336,0.3240380998017532,0.3209776076143955,0.3565198916634443,0.3190734251448919
993,CNQ_TO,GRU,2024-01-01,2026-01-01,44,0.242944752501394,0.219932957758709,0.240650257399926,0.2220490168399007,0.3331482745660379
994,CNQ_TO,GRU,2024-01-01,2026-01-01,45,1.0887671976251885,1.0484503620569336,1.2019230932169558,1.1940353828171737,0.2752029759797328
995,CNQ_TO,GRU,2024-01-01,2026-01-01,46,0.973093032442526,0.8937764680240591,0.948562713384967,0.8797309529004497,0.3284269881825237
996,CNQ_TO,GRU,2024-01-01,2026-01-01,47,0.3405325876661669,0.3312231003109255,0.3645586555903653,0.2912044062580806,0.3372730812236978
997,CNQ_TO,GRU,2024-01-01,2026-01-01,48,1.831441130656624,1.7573183913177863,1.890835130724364,1.9712765491533395,0.3541964597718302
998,CNQ_TO,GRU,2024-01-01,2026-01-01,49,1.6866939049279466,1.6063496262172183,1.830793336042736,1.7104792752998814,0.3119795157512232
999,CNQ_TO,GRU,2024-01-01,2026-01-01,50,0.9796952201500888,0.9805071530100116,1.2068756649330303,1.1207785120618738,0.3477238284551555
1000,BHP,GRU,2022-01-01,2024-01-01,1,1.4649916546147392,1.515041652094016,1.5303000165752745,1.528356584967011,0.3095352800209591
1001,BHP,GRU,2022-01-01,2024-01-01,2,1.8056473819800865,1.2034293194538754,0.9507561956432726,1.3828030639990143,0.3152560727795231
1002,BHP,GRU,2022-01-01,2024-01-01,3,0.8477921085696384,1.0013170352894796,1.304120877460348,1.104774529522386,0.2294618875492889
1003,BHP,GRU,2022-01-01,2024-01-01,4,0.9005103873105976,0.9187680025902212,1.1511887014852964,1.158358771020262,0.4548023470757556
1004,BHP,GRU,2022-01-01,2024-01-01,5,0.6663202225110623,0.5333706982209176,0.4573419238884668,0.5268500771774995,0.6506236608314407
1005,BHP,GRU,2022-01-01,2024-01-01,6,1.2293014893937453,0.8869791017914156,0.5407288898292152,0.8899791062668665,0.2264545824013335
1006,BHP,GRU,2022-01-01,2024-01-01,7,0.6162061476085532,0.2448354112552364,0.2567884491901584,0.3620245629989065,0.2700333544391485
1007,BHP,GRU,2022-01-01,2024-01-01,8,0.2092241114046573,0.1695318728596156,0.1974396950968383,0.2378913284918035,0.494921543485154
1008,BHP,GRU,2022-01-01,2024-01-01,9,0.6108887630813824,0.6536536953058389,0.6562605269830354,0.6464619019795285,0.4641856977737306
1009,BHP,GRU,2022-01-01,2024-01-01,10,1.4487008579336489,1.4826948528274746,1.5116911857707749,1.5139084044313311,0.2393706160380943
1010,BHP,GRU,2022-01-01,2024-01-01,11,0.768010703331868,0.9342704938210504,1.216882920352259,1.0654665068090976,0.7912882357356559
1011,BHP,GRU,2022-01-01,2024-01-01,12,0.8298796875987238,0.7617036165807063,0.8578382520891735,0.8923187568909272,0.2428018422162064
1012,BHP,GRU,2022-01-01,2024-01-01,13,0.6470685032467743,0.6637060137724388,0.751873125236341,0.8127124007707267,0.5849862569388262
1013,BHP,GRU,2022-01-01,2024-01-01,14,0.5541402653925863,0.2293183112428495,0.2470201649883925,0.3208506283348739,0.235026081211348
1014,BHP,GRU,2022-01-01,2024-01-01,15,1.525309015370425,1.619490848282538,1.6036047537253164,1.5658896835555407,0.3198166255626419
1015,BHP,GRU,2022-01-01,2024-01-01,16,0.859623201524604,0.923978105781239,0.9512089387861388,0.9515078164963092,0.6127901781541828
1016,BHP,GRU,2022-01-01,2024-01-01,17,0.7854092656561326,0.7837708540389091,0.7742084239144437,0.7234381582450691,0.2464640659770388
1017,BHP,GRU,2022-01-01,2024-01-01,18,0.9487109673359476,1.0126946321072454,1.0548582480434507,1.0179731815069937,0.4738114584259356
1018,BHP,GRU,2022-01-01,2024-01-01,19,1.670007590594003,1.7080440713974687,1.867069172039296,1.843253616243541,0.3210997284243828
1019,BHP,GRU,2022-01-01,2024-01-01,20,0.4605717932195335,0.4525752750568485,0.4348367390680874,0.4620123486925999,0.4079602805971313
1020,BHP,GRU,2022-01-01,2024-01-01,21,0.5375827587145149,0.5412475633058964,0.5191123493832083,0.4771082806492173,0.2482217662135051
1021,BHP,GRU,2022-01-01,2024-01-01,22,1.0989087161865456,0.659979055698433,0.5104200281516937,0.8711835684148892,0.3581388310458715
1022,BHP,GRU,2022-01-01,2024-01-01,23,1.1638652532548288,0.9471547334269952,1.2869513597918143,1.1392282574820325,0.499646476260407
1023,BHP,GRU,2022-01-01,2024-01-01,24,0.8192402684147192,1.1562684708451625,1.6816067126685963,1.3045779194006717,0.2968576524656801
1024,BHP,GRU,2022-01-01,2024-01-01,25,0.8529373461779586,0.9408742669015124,0.9308220291729322,0.8901704936756104,0.4731327384425929
1025,BHP,GRU,2022-01-01,2024-01-01,26,0.5938817628604743,0.5091500518058983,0.5465249737262292,0.5139940488226877,0.2444840897000026
1026,BHP,GRU,2022-01-01,2024-01-01,27,0.8322998064679754,0.8381437003138202,0.8250526664773253,0.80879077270311,0.2456609084144291
1027,BHP,GRU,2022-01-01,2024-01-01,28,1.0916483726447137,1.1856050616759308,1.2410464737336933,1.2492322900576185,0.2391953938011417
1028,BHP,GRU,2022-01-01,2024-01-01,29,2.928986731556656,3.591022989919309,2.9083944209922405,3.785724952379496,0.5374725654609047
1029,BHP,GRU,2022-01-01,2024-01-01,30,1.5611408426921345,1.5853416864023762,1.6065142720624828,1.6121835486585472,0.2445585957934636
1030,BHP,GRU,2022-01-01,2024-01-01,31,0.8567230142678721,0.8390294189836803,0.883724655179168,0.8347996125003295,0.7059240545573886
1031,BHP,GRU,2022-01-01,2024-01-01,32,1.4413553772320296,1.4806135141575325,1.5467175020056785,1.5441963842337303,0.5001363571989651
1032,BHP,GRU,2022-01-01,2024-01-01,33,1.0662716829358267,1.129281432434478,1.0949783204715606,1.0855995718525977,0.2553404589446965
1033,BHP,GRU,2022-01-01,2024-01-01,34,1.139955292496069,1.1720606022850992,1.180203466322967,1.1904518107772697,0.4832267008925446
1034,BHP,GRU,2022-01-01,2024-01-01,35,0.965950894393664,1.0328158410419348,0.9643169657528736,1.0167508814671524,0.2975191180614174
1035,BHP,GRU,2022-01-01,2024-01-01,36,0.430722824012581,0.421267104996575,0.5018532361894094,0.4699659530155471,0.2354795645161162
1036,BHP,GRU,2022-01-01,2024-01-01,37,0.9555589425179104,1.0809233267287832,1.047549345497346,1.0437678139712154,0.3902687574031748
1037,BHP,GRU,2022-01-01,2024-01-01,38,1.4305860509986608,1.4946748760941402,1.5015118142953423,1.5014854102293158,0.2376557984581427
1038,BHP,GRU,2022-01-01,2024-01-01,39,1.0065560552531665,1.022912066861026,1.171998296528735,1.381412400352148,0.5648729651317389
1039,BHP,GRU,2022-01-01,2024-01-01,40,0.9228839999262978,0.8112578946557399,0.7977789524712819,0.7923962904340265,0.7792577649529551
1040,BHP,GRU,2022-01-01,2024-01-01,41,0.2247279304834382,0.2647993718767589,0.3753075786144857,0.2807751655645316,0.7187999225944355
1041,BHP,GRU,2022-01-01,2024-01-01,42,1.2426802177252252,1.2093335783154064,1.2003629667472409,1.321722008020059,0.3112207764139491
1042,BHP,GRU,2022-01-01,2024-01-01,43,0.2718588914957484,0.2730175067113766,0.2810080764520141,0.2696068303489086,0.2341449067281072
1043,BHP,GRU,2022-01-01,2024-01-01,44,1.1337611883433394,1.192588673888093,1.3145479452359232,1.2618000767721702,0.7995296192042417
1044,BHP,GRU,2022-01-01,2024-01-01,45,0.353697099573793,0.3733038637149125,0.3633678867887787,0.3705399747911825,0.3226944402565661
1045,BHP,GRU,2022-01-01,2024-01-01,46,1.3815076141658749,1.2925178729138591,1.273641765406097,1.349447665408956,0.3799221833713345
1046,BHP,GRU,2022-01-01,2024-01-01,47,1.6630031896121844,1.7044583084430782,1.692048410761268,1.701650817568124,0.2415776322661327
1047,BHP,GRU,2022-01-01,2024-01-01,48,0.4831819083383606,0.3095439284505852,0.3458177108065365,0.383156652963301,0.2694925101886299
1048,BHP,GRU,2022-01-01,2024-01-01,49,0.4168139565373914,0.3814882015826701,0.6247365483396474,0.3902065999208343,0.2386518837089287
1049,BHP,GRU,2022-01-01,2024-01-01,50,0.4023202017295961,0.3514020178242711,0.4510274010434698,0.3774256310707573,0.4437682916182413
1050,BHP,GRU,2022-09-01,2024-09-01,1,3.3071189169987574,3.698591024876756,3.2779821228062547,3.439886905479698,0.2683713996286998
1051,BHP,GRU,2022-09-01,2024-09-01,2,3.279610043576023,3.5130068430875907,3.2885071283527454,3.669916995219292,0.2828828589321029
1052,BHP,GRU,2022-09-01,2024-09-01,3,0.6166049625256745,0.7211446333997261,0.770569459566326,0.7423097161235135,0.3415163718581581
1053,BHP,GRU,2022-09-01,2024-09-01,4,1.425913830503318,1.6220298192455167,1.447852829466889,1.4952831545881822,0.3093632620627319
1054,BHP,GRU,2022-09-01,2024-09-01,5,2.726704807846402,3.053239974067465,2.870939558425447,3.0738750765288043,0.2964036284983166
1055,BHP,GRU,2022-09-01,2024-09-01,6,3.2798787752537786,4.045204067298815,3.7155534118144176,3.75041291752922,0.2663169259446915
1056,BHP,GRU,2022-09-01,2024-09-01,7,1.6210959534551002,2.152545951398795,1.942842945055384,1.93785709817896,0.7020683112303442
1057,BHP,GRU,2022-09-01,2024-09-01,8,1.1758204054348114,1.2885480221532364,1.055418404266092,1.2435890189366914,0.9298158064415672
1058,BHP,GRU,2022-09-01,2024-09-01,9,0.460557093312687,0.4937323977709512,0.5062901867041932,0.4921165072011296,0.2592903120482876
1059,BHP,GRU,2022-09-01,2024-09-01,10,0.480261078030054,0.5003468236223794,0.4218255402883424,0.4763721964430078,0.2986937352244617
1060,BHP,GRU,2022-09-01,2024-09-01,11,0.6347256805192627,0.637434996035873,0.6201458048602108,0.637506409913776,0.7297907887286682
1061,BHP,GRU,2022-09-01,2024-09-01,12,1.74626275543857,1.7534594871881044,1.6440950892502115,1.6302736898856245,0.4160695625899556
1062,BHP,GRU,2022-09-01,2024-09-01,13,2.202123629615195,2.9312838238942627,2.5339095606055144,3.038784091831329,0.3971824700351787
1063,BHP,GRU,2022-09-01,2024-09-01,14,2.131562192795104,2.057306719628023,1.920481830957702,2.391590388463772,0.2731957769123738
1064,BHP,GRU,2022-09-01,2024-09-01,15,1.1212879611013882,1.2081262034547533,1.0482693908565648,1.1068957823739212,0.2744111506982697
1065,BHP,GRU,2022-09-01,2024-09-01,16,2.2651757071362595,2.4594162709165905,2.490205489352788,2.2678539126985644,0.3005387926060187
1066,BHP,GRU,2022-09-01,2024-09-01,17,2.373783894101889,2.668259617409213,2.5177536526202813,2.374543050593644,0.2886727592688234
1067,BHP,GRU,2022-09-01,2024-09-01,18,5.748159677805126,6.743317302186659,6.190185855619132,6.8716458671584455,0.3236474499143371
1068,BHP,GRU,2022-09-01,2024-09-01,19,2.050770115031234,1.97875640060864,1.6541069707120486,2.005719016231147,0.3867970900632993
1069,BHP,GRU,2022-09-01,2024-09-01,20,0.5883041297268277,0.6293692651807828,0.5987802169264771,0.6404148431631669,0.3767510418042578
1070,BHP,GRU,2022-09-01,2024-09-01,21,1.769233231813361,1.9119562088656188,1.4953438496876237,1.6849712951223952,0.5112856083277749
1071,BHP,GRU,2022-09-01,2024-09-01,22,1.008351728208159,1.0753283964055291,1.0957996986738932,1.1043018708957704,0.4956876473353326
1072,BHP,GRU,2022-09-01,2024-09-01,23,5.7528309558273865,6.148677717345218,6.363090750067017,6.16360048195699,0.3354752665893335
1073,BHP,GRU,2022-09-01,2024-09-01,24,0.759802516141179,0.8618171869958862,0.7092547822335202,0.7430001604428457,0.523188836884917
1074,BHP,GRU,2022-09-01,2024-09-01,25,0.4294177315068397,0.4856224047724694,0.6726777566462618,0.4753738845638617,0.4292315475166377
1075,BHP,GRU,2022-09-01,2024-09-01,26,2.824192505162119,2.937651221821921,2.8605586408510786,2.675320280622055,0.2628011330516119
1076,BHP,GRU,2022-09-01,2024-09-01,27,2.1380139839728844,2.6237680263149383,2.4566117733145645,2.7606596257652227,0.4154046712670641
1077,BHP,GRU,2022-09-01,2024-09-01,28,1.9005367845412848,2.105569836394076,1.926622194335964,2.1430420398269128,0.3278456751210222
1078,BHP,GRU,2022-09-01,2024-09-01,29,2.318042172662604,2.1518207324011764,1.723361654954084,2.2257155768222177,0.2990427755054753
1079,BHP,GRU,2022-09-01,2024-09-01,30,0.981215872924642,1.2201764363213254,0.7898979143142892,1.074223286772488,1.1758506582263897
1080,BHP,GRU,2022-09-01,2024-09-01,31,3.369794530365155,3.4759499381851207,3.589455770100154,3.415241317181496,0.485514720549351
1081,BHP,GRU,2022-09-01,2024-09-01,32,1.3680093995115832,1.6549618452419903,1.4240546918631505,1.4545613035838791,0.2774445327543126
1082,BHP,GRU,2022-09-01,2024-09-01,33,2.7020083987484984,3.351777919184461,2.962546215158908,3.0940322183630755,0.3077045141580473
1083,BHP,GRU,2022-09-01,2024-09-01,34,1.0867943235770503,1.160537117313076,0.9737480890556623,1.126592410622375,0.4268032922517288
1084,BHP,GRU,2022-09-01,2024-09-01,35,0.5765602295590807,0.5706188327287686,0.6076370166298088,0.5327342700474855,0.3321748612898159
1085,BHP,GRU,2022-09-01,2024-09-01,36,1.8529094875898573,1.8603092881557548,1.9326387239543203,2.0165869338255225,0.522682006102944
1086,BHP,GRU,2022-09-01,2024-09-01,37,2.409481880156242,3.028327034630657,2.663387943912749,2.885211570800198,0.5210951428372783
1087,BHP,GRU,2022-09-01,2024-09-01,38,0.6685549601640258,0.7017622755436425,0.7000436266820808,0.7148203457527331,0.3784480214107718
1088,BHP,GRU,2022-09-01,2024-09-01,39,1.5268161274000849,1.6095096539679694,1.4004722565292935,1.6228637024550732,0.4010599350074143
1089,BHP,GRU,2022-09-01,2024-09-01,40,1.212779396124106,1.3874425213788095,1.2177988613424142,1.2988874243578308,0.2651334368650976
1090,BHP,GRU,2022-09-01,2024-09-01,41,0.7304024310396429,0.842798507804525,0.8974746902421576,0.6779153119782908,0.3491560737022189
1091,BHP,GRU,2022-09-01,2024-09-01,42,0.7980871453554728,0.7973671584439227,0.7187757544146846,0.764496771953257,0.2734095796989282
1092,BHP,GRU,2022-09-01,2024-09-01,43,1.2439174697433968,1.4975704878246658,1.117738049700835,1.449280830624944,0.3889316376818256
1093,BHP,GRU,2022-09-01,2024-09-01,44,2.286416409396257,2.167044383183835,1.7984969020120227,2.197001581454313,0.3739193387289434
1094,BHP,GRU,2022-09-01,2024-09-01,45,0.5108034672196771,0.5511059045447811,0.5064226591000176,0.4789996244201008,0.296660425524187
1095,BHP,GRU,2022-09-01,2024-09-01,46,0.9614954770357976,1.0398818293932652,0.9028718998885794,1.1590041643371531,0.416050225444215
1096,BHP,GRU,2022-09-01,2024-09-01,47,1.9232813918762504,2.088118221993153,1.9376968584434544,2.207144172338433,0.3950557177994083
1097,BHP,GRU,2022-09-01,2024-09-01,48,1.441351023790694,1.8504029625651843,2.0092870897081734,2.24339570642708,0.3738873288799339
1098,BHP,GRU,2022-09-01,2024-09-01,49,1.6600813000463182,1.6999526902121016,1.5829247161766071,1.6739420436465666,0.3657046988649496
1099,BHP,GRU,2022-09-01,2024-09-01,50,1.1074453935714648,1.8025900292048995,2.1421258627304343,2.0266193119288443,0.5067292922018689
1100,BHP,GRU,2023-05-01,2025-05-01,1,2.14002148854225,2.5617562708946253,1.829405444396882,1.883811602507248,0.3505231807123401
1101,BHP,GRU,2023-05-01,2025-05-01,2,0.7899899685388487,0.958778677160264,0.7120438446020593,0.7444099510071162,0.2977946466477092
1102,BHP,GRU,2023-05-01,2025-05-01,3,0.2886321710486085,0.3108691783125496,0.3236398554210584,0.2780738233395568,0.2927739802548663
1103,BHP,GRU,2023-05-01,2025-05-01,4,0.5517519331669506,0.6699190426275176,0.5315871913595333,0.4968210703350017,0.293992269964582
1104,BHP,GRU,2023-05-01,2025-05-01,5,1.3328826406939036,1.616541554148296,1.2485771668098316,1.2010595504284474,0.2969283834616895
1105,BHP,GRU,2023-05-01,2025-05-01,6,2.012820234299963,2.7488640925130854,1.8047657888877136,1.793043016310504,0.3357049301353628
1106,BHP,GRU,2023-05-01,2025-05-01,7,0.729971215173548,0.9297217741177576,0.6785599610381564,0.6244677836687392,0.3013205491387986
1107,BHP,GRU,2023-05-01,2025-05-01,8,1.242279554820909,1.5351475119137037,1.1603127102354476,1.0384264106739929,0.3697332704685311
1108,BHP,GRU,2023-05-01,2025-05-01,9,0.3127579341421787,0.3691754923415157,0.3155030800848865,0.2935147737237939,0.3199899836242666
1109,BHP,GRU,2023-05-01,2025-05-01,10,2.438931408263506,3.096702590493302,2.181165775677397,2.2923480678431427,0.2922751137473999
1110,BHP,GRU,2023-05-01,2025-05-01,11,1.3535990736294932,1.6533805028861583,1.1269919347756912,1.165859263259116,0.313639128213824
1111,BHP,GRU,2023-05-01,2025-05-01,12,0.4900384153135737,0.5288198485785106,0.4201801194051737,0.4116057641900559,0.2991332392886921
1112,BHP,GRU,2023-05-01,2025-05-01,13,0.620119402459344,0.7689718514743635,0.6067542026374262,0.5804946167232129,0.311797201214233
1113,BHP,GRU,2023-05-01,2025-05-01,14,0.9034003731281186,1.0026810594457018,0.7195295058705101,0.7540408154135854,0.3080974273991476
1114,BHP,GRU,2023-05-01,2025-05-01,15,0.3949942979712799,0.4672614825015408,0.3717491367355889,0.368404487290653,0.2956316148338968
1115,BHP,GRU,2023-05-01,2025-05-01,16,0.6613047536835309,0.924999566122344,0.6963715610265834,0.7374105507916877,0.2820943675427555
1116,BHP,GRU,2023-05-01,2025-05-01,17,0.5165850174352016,0.6803227555051262,0.5243438771162252,0.4842410232231835,0.3046059814357002
1117,BHP,GRU,2023-05-01,2025-05-01,18,1.3297368437552075,1.5948466877790215,1.2355517338243054,1.1675180144603756,0.2782670828646832
1118,BHP,GRU,2023-05-01,2025-05-01,19,0.3397447054362525,0.3778553105274165,0.3317954054960048,0.3023084793958632,0.2993856825090508
1119,BHP,GRU,2023-05-01,2025-05-01,20,0.6306034130333982,0.8240659644511252,0.6520687230787087,0.631512460251214,0.2858121953844902
1120,BHP,GRU,2023-05-01,2025-05-01,21,0.6657316822709206,0.718137308968392,0.5184981795198724,0.5607270745476781,0.2892619842520084
1121,BHP,GRU,2023-05-01,2025-05-01,22,0.5420295984961795,0.5780066866859959,0.4318861092645563,0.4095346720042191,0.329810172229567
1122,BHP,GRU,2023-05-01,2025-05-01,23,0.9287958266767936,1.2100053753654965,0.970146171865974,0.9536256576136738,0.2984814911937258
1123,BHP,GRU,2023-05-01,2025-05-01,24,0.7161247610046193,0.8102034533700458,0.6661319568434473,0.7161647836688049,0.3145526652512013
1124,BHP,GRU,2023-05-01,2025-05-01,25,1.028129785423935,1.1410942057307671,0.7197100923135719,0.8603921273349422,0.2842715768441538
1125,BHP,GRU,2023-05-01,2025-05-01,26,1.214458882628097,1.5908021039645173,1.1614715405762153,1.1484211012656802,0.312036027606829
1126,BHP,GRU,2023-05-01,2025-05-01,27,0.319600522460292,0.4075719497361917,0.3206697081473521,0.3021628013577017,0.3011351298255891
1127,BHP,GRU,2023-05-01,2025-05-01,28,0.8417262940527297,1.141591479379224,0.8862706850418017,0.7705738959732612,0.342681090524689
1128,BHP,GRU,2023-05-01,2025-05-01,29,1.4123198793708358,1.7101212737869242,1.175134219251823,1.3145324032156005,0.2984889562096767
1129,BHP,GRU,2023-05-01,2025-05-01,30,0.7280828209317004,0.9168132959703784,0.6359048747294627,0.6407656434010156,0.2954424832817526
1130,BHP,GRU,2023-05-01,2025-05-01,31,0.6113715082552629,0.7326377533977297,0.5898952908843751,0.5475180081115113,0.2994863000193402
1131,BHP,GRU,2023-05-01,2025-05-01,32,0.6468273308930327,0.7331288231150754,0.6227236016913132,0.6193512323297004,0.3033213014669118
1132,BHP,GRU,2023-05-01,2025-05-01,33,0.943137425450251,1.2123130800580986,0.9407713118906574,0.9203227393394536,0.304788550693867
1133,BHP,GRU,2023-05-01,2025-05-01,34,0.3754348656509697,0.4383200209867619,0.349557091415974,0.3197471751153956,0.3100247795972561
1134,BHP,GRU,2023-05-01,2025-05-01,35,0.5181324822709341,0.3809788762358428,0.3552505818133636,0.411544492942291,0.2856634224771711
1135,BHP,GRU,2023-05-01,2025-05-01,36,1.058725566345832,1.399166286484977,0.918874238167238,0.94616314560274,0.2829857604678491
1136,BHP,GRU,2023-05-01,2025-05-01,37,1.056003423503828,1.395502662626425,1.022239044048057,1.017097170388752,0.2886309391782559
1137,BHP,GRU,2023-05-01,2025-05-01,38,0.5837184761435465,0.6801159588006622,0.5003899961130304,0.5044721640831182,0.2912246861714408
1138,BHP,GRU,2023-05-01,2025-05-01,39,0.6758339864709112,0.7450668917875192,0.5657640609438964,0.6660261791341778,0.304400741596378
1139,BHP,GRU,2023-05-01,2025-05-01,40,0.8107539316593346,0.9997788914340436,0.7699668071659307,0.738772525247254,0.3054990953206157
1140,BHP,GRU,2023-05-01,2025-05-01,41,1.4088525245880157,1.806734317757738,1.4386079078343654,1.474485931249811,0.2935931094630815
1141,BHP,GRU,2023-05-01,2025-05-01,42,0.2772355376412378,0.3104036255910086,0.2805280017041466,0.2553584311082822,0.2996171951650905
1142,BHP,GRU,2023-05-01,2025-05-01,43,1.1255641828824854,1.491960623785632,0.9650107603217586,1.0555883549462708,0.2804908633126077
1143,BHP,GRU,2023-05-01,2025-05-01,44,0.4000102059789684,0.4076865517498345,0.3166999808057976,0.3503127987002517,0.3194772613407442
1144,BHP,GRU,2023-05-01,2025-05-01,45,1.250971729510144,1.5500287077852166,1.149570355227985,1.2072031773120449,0.3417788340682082
1145,BHP,GRU,2023-05-01,2025-05-01,46,0.9271757025128092,1.1879350336112255,0.9052925045703224,0.9534386195350468,0.2995219258292409
1146,BHP,GRU,2023-05-01,2025-05-01,47,0.5670787985835404,0.6657736805429783,0.5800337817712816,0.5384346373602753,0.3051460374389062
1147,BHP,GRU,2023-05-01,2025-05-01,48,0.3473543658531199,0.3314331634449596,0.3049777076620187,0.2899680819776551,0.2965378216104569
1148,BHP,GRU,2023-05-01,2025-05-01,49,0.3206947864171907,0.4559858019898765,0.3581905458221716,0.3285811763453133,0.2966814013732149
1149,BHP,GRU,2023-05-01,2025-05-01,50,0.833310547396179,1.189704561463559,1.0192042143077424,0.9533882150666968,0.3199492399037065
1150,BHP,GRU,2024-01-01,2026-01-01,1,0.8376595771670958,0.9450104467441672,0.977683040517728,0.8895394944424443,0.2099928922897624
1151,BHP,GRU,2024-01-01,2026-01-01,2,0.7720569877223777,0.837837148564114,0.8308702363879903,0.7979745128786168,0.215309600785627
1152,BHP,GRU,2024-01-01,2026-01-01,3,0.7191370812977494,0.717549752551142,0.7024266145291223,0.7113845399763273,0.2411021714671216
1153,BHP,GRU,2024-01-01,2026-01-01,4,0.4703061514538471,0.4778442913650619,0.4525312686612708,0.4443062470829055,0.2581233277436253
1154,BHP,GRU,2024-01-01,2026-01-01,5,0.6721750570539214,0.7093256422578261,0.6899438074938724,0.6631395871195852,0.218290242396781
1155,BHP,GRU,2024-01-01,2026-01-01,6,0.7886572499430275,0.7941246319585324,0.7567437625338683,0.7339308352351469,0.1970441964614062
1156,BHP,GRU,2024-01-01,2026-01-01,7,1.3421012458624997,1.4417353140489957,1.423773471875361,1.4372878680547705,0.4707024451812387
1157,BHP,GRU,2024-01-01,2026-01-01,8,0.92303888372693,0.986969445470398,0.8864300866330368,0.936050551347569,0.2274772320464306
1158,BHP,GRU,2024-01-01,2026-01-01,9,0.3462332442975985,0.3862816047844524,0.3454199191820628,0.3510524848586358,0.252977897922759
1159,BHP,GRU,2024-01-01,2026-01-01,10,2.3650656323171884,2.144676507995259,2.061732165362048,2.084871058721791,0.2128882350195509
1160,BHP,GRU,2024-01-01,2026-01-01,11,0.7998586468727689,0.8372550063108216,0.8752140691914703,0.8387224263114867,0.2249641198915789
1161,BHP,GRU,2024-01-01,2026-01-01,12,0.8825389970886545,0.9531731803455012,0.9403460831673032,0.9357914640848854,0.1995543462037875
1162,BHP,GRU,2024-01-01,2026-01-01,13,0.3263198934961647,0.3166590625782979,0.2881200242212856,0.2690940996143454,0.197556107384729
1163,BHP,GRU,2024-01-01,2026-01-01,14,0.7703261977123532,0.8572581801779608,0.933244551388746,0.8192024063330979,0.1957223429277911
1164,BHP,GRU,2024-01-01,2026-01-01,15,0.3528567685406767,0.2621253307907246,0.3137241333150838,0.2363883059088459,0.2110800188498788
1165,BHP,GRU,2024-01-01,2026-01-01,16,0.8777241746230068,0.9119306630486936,0.8980976140745274,0.874440646053659,0.1984873332207852
1166,BHP,GRU,2024-01-01,2026-01-01,17,0.8794295226510408,0.9353514065239416,0.939085730490965,0.9086229214105812,0.206369749358932
1167,BHP,GRU,2024-01-01,2026-01-01,18,0.4635444961493029,0.4739585616484977,0.4501114422616759,0.4521090908432069,0.4934877396933055
1168,BHP,GRU,2024-01-01,2026-01-01,19,0.3582166936711415,0.4776329031143678,0.2385729677965131,0.2654118261101017,0.2188725349799913
1169,BHP,GRU,2024-01-01,2026-01-01,20,0.6957710710414252,0.7213708608105124,0.6546752560643082,0.6409803710930484,0.197779215751021
1170,BHP,GRU,2024-01-01,2026-01-01,21,0.3575441064524164,0.328461974274645,0.3140550086530294,0.3340657227710382,0.1977374019262154
1171,BHP,GRU,2024-01-01,2026-01-01,22,0.3067420158812127,0.2501185272292375,0.1996656937403641,0.211981712122183,0.3783937016082077
1172,BHP,GRU,2024-01-01,2026-01-01,23,0.2936679138991105,0.2914503912961702,0.2864201909074766,0.2777601358172102,0.225135945017471
1173,BHP,GRU,2024-01-01,2026-01-01,24,0.3484382645485897,0.2837046522641112,0.2105606563579174,0.3331193177386586,0.321061539119841
1174,BHP,GRU,2024-01-01,2026-01-01,25,0.6347884435781095,0.7133421108945173,0.8251065292695746,0.7159050314040997,0.1953764243855077
1175,BHP,GRU,2024-01-01,2026-01-01,26,0.594717197942804,0.6373512771725209,0.6007695807022148,0.5970795654590465,0.2109881482206062
1176,BHP,GRU,2024-01-01,2026-01-01,27,0.5059870175720045,0.5607333348921925,0.6042732052778343,0.5291554980384473,0.2082876045921195
1177,BHP,GRU,2024-01-01,2026-01-01,28,0.7415785266510948,0.8029593313046756,0.7484013008570936,0.7049630927951629,0.2106930886457338
1178,BHP,GRU,2024-01-01,2026-01-01,29,0.4166601777800379,0.3293361050451366,0.1923212262508855,0.4034607866314251,0.2152951784172635
1179,BHP,GRU,2024-01-01,2026-01-01,30,0.2317099199045864,0.2709522732683984,0.2189662927331712,0.2009244882190288,0.2329657034547505
1180,BHP,GRU,2024-01-01,2026-01-01,31,1.1115598715952923,1.1890174453004625,1.3019396578201887,1.1097052016382785,0.3477582960278823
1181,BHP,GRU,2024-01-01,2026-01-01,32,0.4396971600600188,0.418754913131057,0.423461990093899,0.4211645646637258,0.2438410936786077
1182,BHP,GRU,2024-01-01,2026-01-01,33,1.0875494306715598,1.180353439509526,1.131962684023,1.1269937056444306,0.2299299440691928
1183,BHP,GRU,2024-01-01,2026-01-01,34,0.4574053972264924,0.4914232346278099,0.4983408566362857,0.5024432718035005,0.195974208276099
1184,BHP,GRU,2024-01-01,2026-01-01,35,0.6622457587207331,0.9198838823545592,0.9966155030846766,0.8134410002646181,0.1983639519985732
1185,BHP,GRU,2024-01-01,2026-01-01,36,0.507015630802931,0.503070964062535,0.4825016840126353,0.4845821800728356,0.211176913082588
1186,BHP,GRU,2024-01-01,2026-01-01,37,0.6704889459264624,0.6747017207598566,0.7025496817743818,0.6966213490939311,0.385059243472709
1187,BHP,GRU,2024-01-01,2026-01-01,38,0.3204825715617604,0.3382342077441596,0.3589545131716016,0.3328429924276226,0.2037454345408892
1188,BHP,GRU,2024-01-01,2026-01-01,39,0.3104860327817977,0.2910560104323745,0.2956689158434888,0.2743355565423838,0.2358871709498825
1189,BHP,GRU,2024-01-01,2026-01-01,40,0.7572336819866594,0.8404605202300346,0.8286403043611209,0.7630377753430855,0.2025781731556721
1190,BHP,GRU,2024-01-01,2026-01-01,41,0.5521848336713682,0.5788186890520249,0.4924874299353978,0.513887609246056,0.2560434941683215
1191,BHP,GRU,2024-01-01,2026-01-01,42,0.7861256176639762,0.8711599604289169,0.870268760792326,0.8467588626570199,0.1984823912316962
1192,BHP,GRU,2024-01-01,2026-01-01,43,1.0658662521700866,1.146905530184296,1.1903895017575872,1.144760239944273,0.2011658451212346
1193,BHP,GRU,2024-01-01,2026-01-01,44,0.7792786743186765,0.8807121367078872,0.8961656143882016,0.8046785432751333,0.4091245058669769
1194,BHP,GRU,2024-01-01,2026-01-01,45,0.3894838517388296,0.4205825585145198,0.372800961403374,0.3290645353160037,0.206909466818163
1195,BHP,GRU,2024-01-01,2026-01-01,46,0.903970069585356,0.9416204329393104,0.9087474131352196,0.8653829439863506,0.2161045505889155
1196,BHP,GRU,2024-01-01,2026-01-01,47,0.5700533042781459,0.6269227612369753,0.6365287934489513,0.6466405749808933,0.3348472841425253
1197,BHP,GRU,2024-01-01,2026-01-01,48,0.2526569164765083,0.2782099890598951,0.3390993240269019,0.3137313555119218,0.2593269867187783
1198,BHP,GRU,2024-01-01,2026-01-01,49,0.2177131210203623,0.2521243658245719,0.2262850370630208,0.2211795887544479,0.2147058049966861
1199,BHP,GRU,2024-01-01,2026-01-01,50,0.1923910118765098,0.242131385519419,0.3555347283541402,0.3394587334198452,0.2121680953372745
1200,BMO,GRU,2022-01-01,2024-01-01,1,0.5552475549380566,0.4851151087628917,0.5491051665328708,0.5507871887084969,0.2322233589772761
1201,BMO,GRU,2022-01-01,2024-01-01,2,0.8675093375054037,0.6580090294373542,0.6408229630084721,0.7124061783303774,0.2548863355523849
1202,BMO,GRU,2022-01-01,2024-01-01,3,0.6917463878352229,0.7585221406084641,0.8407732928075382,0.7828019390456425,0.2331603085536645
1203,BMO,GRU,2022-01-01,2024-01-01,4,0.329477810098214,0.2883634493562714,0.2614011050626165,0.2935032531281025,0.3028892630469846
1204,BMO,GRU,2022-01-01,2024-01-01,5,0.480474055621062,0.4753916577458053,0.4741761878458401,0.486238944420601,0.3032696486444414
1205,BMO,GRU,2022-01-01,2024-01-01,6,0.2752143031018146,0.2387056761780352,0.220231913367104,0.2367549119921253,0.2785636323566152
1206,BMO,GRU,2022-01-01,2024-01-01,7,0.4130540660777147,0.4501137149096971,0.4888120106961579,0.4456589071593049,0.2397751737910394
1207,BMO,GRU,2022-01-01,2024-01-01,8,0.814945729696221,0.939335921409248,1.1398110741450234,1.0124112099347238,0.2471690117363617
1208,BMO,GRU,2022-01-01,2024-01-01,9,0.3517452430878633,0.3451442805944083,0.3492788657862177,0.3688870249430958,0.2570620978675491
1209,BMO,GRU,2022-01-01,2024-01-01,10,0.311512655170074,0.2779853806582998,0.2606975269270823,0.2925830947892119,0.2356883105064694
1210,BMO,GRU,2022-01-01,2024-01-01,11,0.211661175370299,0.206561923732839,0.1970873156230268,0.2084329970385593,0.2827312418332547
1211,BMO,GRU,2022-01-01,2024-01-01,12,1.867749529938164,2.4280039901102874,2.2541553154948364,2.391138268945129,0.41611341796254
1212,BMO,GRU,2022-01-01,2024-01-01,13,0.5771235987643923,0.5602871826988695,0.5667601892831069,0.5809865798399602,0.2672446670516034
1213,BMO,GRU,2022-01-01,2024-01-01,14,0.6917517210259528,0.7227571913146057,0.7560131967115129,0.7546755904420634,0.2625108835310751
1214,BMO,GRU,2022-01-01,2024-01-01,15,0.6106716226768015,0.626291267521766,0.5882800149486562,0.6027870784421765,0.296251776986062
1215,BMO,GRU,2022-01-01,2024-01-01,16,0.3473859983181913,0.3423889645444257,0.3476746277765194,0.3439300026020847,0.2311421962465308
1216,BMO,GRU,2022-01-01,2024-01-01,17,2.3029863838118407,2.1413080514246348,2.1813786053179105,2.309175920698894,0.5532433335491016
1217,BMO,GRU,2022-01-01,2024-01-01,18,0.1954623935305458,0.1841910305249678,0.1690070204621112,0.1819106405955973,0.3001777206030689
1218,BMO,GRU,2022-01-01,2024-01-01,19,0.4861401183604107,0.4885885143553338,0.4877340318323569,0.4964161646464509,0.2307045910656058
1219,BMO,GRU,2022-01-01,2024-01-01,20,0.5279609924133799,0.5420412608160552,0.5548993298801064,0.5716905007751699,0.231774270038783
1220,BMO,GRU,2022-01-01,2024-01-01,21,0.306130653049358,0.3089460866701308,0.3161081779261528,0.3231342186655725,0.2308749480983645
1221,BMO,GRU,2022-01-01,2024-01-01,22,0.4407901152322617,0.3898099704267803,0.3807666685241026,0.3885310036223082,0.4078193738565759
1222,BMO,GRU,2022-01-01,2024-01-01,23,0.825272709162294,0.811938397813968,0.8863701267750986,0.916826118668207,0.2351266913557782
1223,BMO,GRU,2022-01-01,2024-01-01,24,0.5701350945820395,0.5238344199789928,0.4196570452309273,0.4749349936947437,0.224168326910635
1224,BMO,GRU,2022-01-01,2024-01-01,25,0.3427226163070538,0.3355291006811208,0.3351961669687441,0.3359380714962324,0.3147731926891488
1225,BMO,GRU,2022-01-01,2024-01-01,26,0.7133732930857476,0.6802542732453969,0.6760617904513831,0.7451507762746777,0.2399939853883397
1226,BMO,GRU,2022-01-01,2024-01-01,27,0.2437260706694258,0.2546286006907644,0.2450961960326234,0.2570573879462692,0.2319354754667167
1227,BMO,GRU,2022-01-01,2024-01-01,28,0.301050789078981,0.2811135453538292,0.2754066154254679,0.303072319080236,0.2270295312927826
1228,BMO,GRU,2022-01-01,2024-01-01,29,0.3761322991959935,0.3762787167847548,0.3877556406257518,0.3855678606721657,0.2309716427729989
1229,BMO,GRU,2022-01-01,2024-01-01,30,0.2219080853429898,0.2214357337869311,0.2322275896465994,0.2265699001025186,0.2348383753049118
1230,BMO,GRU,2022-01-01,2024-01-01,31,0.2741407288697843,0.2770265481382421,0.2738082493245376,0.2703441715944304,0.2327148835602318
1231,BMO,GRU,2022-01-01,2024-01-01,32,0.2600902631622602,0.2730762065635166,0.2725597704732119,0.2670091893517154,0.3311659273197065
1232,BMO,GRU,2022-01-01,2024-01-01,33,0.3848623993517589,0.3779849488550844,0.3841354277832,0.3845623028584539,0.2296758828318662
1233,BMO,GRU,2022-01-01,2024-01-01,34,0.7516582785530062,0.7426720076557473,0.7254240293347538,0.7487317142243837,0.2307135549858291
1234,BMO,GRU,2022-01-01,2024-01-01,35,0.5812219913309575,0.6139590631533537,0.5933964302563334,0.5778963531839552,0.249544470167827
1235,BMO,GRU,2022-01-01,2024-01-01,36,0.5018685942833006,0.5200564785625503,0.5074310390473478,0.5299568568269155,0.3013384508449827
1236,BMO,GRU,2022-01-01,2024-01-01,37,0.7154308150872439,0.7663472348867847,0.7468458208000776,0.7399275131683819,0.2767519433515303
1237,BMO,GRU,2022-01-01,2024-01-01,38,0.5356238313198401,0.5543975878373136,0.5822655397465728,0.5768277188916643,0.2403876748385408
1238,BMO,GRU,2022-01-01,2024-01-01,39,0.2773299813174575,0.2989647913404546,0.3251298572986775,0.3188532652732607,0.2583594732754702
1239,BMO,GRU,2022-01-01,2024-01-01,40,0.7173286233985813,0.7707043902007026,0.8224983325673298,0.8235693892102708,0.2327168022369244
1240,BMO,GRU,2022-01-01,2024-01-01,41,0.3970153498876514,0.365429316876227,0.2794300292574145,0.2527989631914129,0.312308613201525
1241,BMO,GRU,2022-01-01,2024-01-01,42,0.4924047442785173,0.4946326676014914,0.5017300623085842,0.5081493894852332,0.2308039472585201
1242,BMO,GRU,2022-01-01,2024-01-01,43,0.2346087296350566,0.2429477491626581,0.2477833514969693,0.2433234046852949,0.2319229470823829
1243,BMO,GRU,2022-01-01,2024-01-01,44,0.7414095394273584,0.7503080916898136,0.7546612290237766,0.7624447265654519,0.2641026695773423
1244,BMO,GRU,2022-01-01,2024-01-01,45,0.6358108662980676,0.6242800795328606,0.6344371253040723,0.6201014596737474,0.2312299337461608
1245,BMO,GRU,2022-01-01,2024-01-01,46,0.3807213518891283,0.3565620682305325,0.3631828714435187,0.367374279591083,0.2309968450597693
1246,BMO,GRU,2022-01-01,2024-01-01,47,0.3203728510207862,0.3105074243582138,0.3041386194576183,0.3080516874031003,0.2340170830156377
1247,BMO,GRU,2022-01-01,2024-01-01,48,0.7253435621614608,0.7384144480062405,0.7643170910747995,0.7607173467729783,0.2407415504570408
1248,BMO,GRU,2022-01-01,2024-01-01,49,0.3974109166002921,0.4993028817038684,0.536856015405461,0.4795774212324549,0.2353485513565953
1249,BMO,GRU,2022-01-01,2024-01-01,50,0.2519535865833575,0.2420260263639066,0.240560698680038,0.2376089559812496,0.2301722601914652
1250,BMO,GRU,2022-09-01,2024-09-01,1,0.5980489548845043,0.6510768066072113,0.6184733533241152,0.7434517254518666,0.2629531794472179
1251,BMO,GRU,2022-09-01,2024-09-01,2,0.7369103977302388,0.800506702985211,0.7057268925767672,0.8609790580860743,0.2651122011309521
1252,BMO,GRU,2022-09-01,2024-09-01,3,0.3762428312194469,0.4126326307323638,0.3474716947873592,0.409940791426945,0.2654264168694024
1253,BMO,GRU,2022-09-01,2024-09-01,4,0.2674058054238706,0.2682821257850846,0.2520240698257515,0.2836420332149912,0.2693429102725135
1254,BMO,GRU,2022-09-01,2024-09-01,5,0.3839031371304244,0.4725152857238905,0.380399664310555,0.5029420478824239,0.2706747605795921
1255,BMO,GRU,2022-09-01,2024-09-01,6,0.315325245885465,0.3396605841956238,0.323880187873073,0.3632492959987526,0.24620872776391
1256,BMO,GRU,2022-09-01,2024-09-01,7,1.249713682742005,1.34802684521736,1.136504795214192,1.30248725538044,0.3057535251787068
1257,BMO,GRU,2022-09-01,2024-09-01,8,0.4841923332881538,0.5397794947446511,0.4843636570202685,0.559267954760594,0.2691807288258452
1258,BMO,GRU,2022-09-01,2024-09-01,9,0.315667401302823,0.3470168177319974,0.3151776638120986,0.3668512193635289,0.2657628757892522
1259,BMO,GRU,2022-09-01,2024-09-01,10,0.3635247188903686,0.3971535499570255,0.3553891223098992,0.4502585540099079,0.2531983326190394
1260,BMO,GRU,2022-09-01,2024-09-01,11,1.2280753492778411,1.3499224836575925,1.000236564944762,1.2611472568572255,0.2423047337039565
1261,BMO,GRU,2022-09-01,2024-09-01,12,0.2917694929719986,0.2990204030081939,0.2864689110412364,0.3264354934032519,0.2408068883759852
1262,BMO,GRU,2022-09-01,2024-09-01,13,0.7735774787278613,0.8978724867611493,0.850400568247741,1.024107033587434,0.2618934166343653
1263,BMO,GRU,2022-09-01,2024-09-01,14,0.6078402878969736,0.5592577983879368,0.4098135229861127,0.5195617124101489,0.228570745744645
1264,BMO,GRU,2022-09-01,2024-09-01,15,0.5812087512705146,0.6297332218478461,0.5919874992681458,0.6767360729716212,0.2481127582972472
1265,BMO,GRU,2022-09-01,2024-09-01,16,3.106243970245576,3.722070180799518,3.3509977826876822,4.061182269290314,0.2905109493014967
1266,BMO,GRU,2022-09-01,2024-09-01,17,0.2758207777178328,0.2945165608466994,0.2733132370482893,0.3079546572884856,0.2512226916908995
1267,BMO,GRU,2022-09-01,2024-09-01,18,0.4038361581090996,0.4402760023391339,0.3966148358003586,0.460251462439311,0.2652217189271069
1268,BMO,GRU,2022-09-01,2024-09-01,19,0.405358519185738,0.4362787593341421,0.4197770281531043,0.4692434253462019,0.2543338362337812
1269,BMO,GRU,2022-09-01,2024-09-01,20,0.6123053624696041,0.6658336063420862,0.6056676616276393,0.7310118148649246,0.2581313782295663
1270,BMO,GRU,2022-09-01,2024-09-01,21,0.895488396413542,1.0577510049532195,0.7982793637839086,1.0500431161134374,0.2469229184887799
1271,BMO,GRU,2022-09-01,2024-09-01,22,0.509478344397092,0.5619063571593053,0.5387195545479261,0.637101790183407,0.2510917251805121
1272,BMO,GRU,2022-09-01,2024-09-01,23,3.552384806564976,3.816797760080618,3.661299889561257,4.057255076753265,0.2567058668221724
1273,BMO,GRU,2022-09-01,2024-09-01,24,0.2524703642800066,0.259453146330369,0.2358121604017488,0.2735815728125833,0.2551962658546041
1274,BMO,GRU,2022-09-01,2024-09-01,25,0.682995231731252,0.6219003939017302,0.3592529607701164,0.6352545480302998,0.2645563867782598
1275,BMO,GRU,2022-09-01,2024-09-01,26,0.8548644806752007,0.8586209479338609,0.8148145611492909,0.9565699773176976,0.2773514707431864
1276,BMO,GRU,2022-09-01,2024-09-01,27,1.0781368814250072,1.2868250524027562,1.2044338989715844,1.4234644311235545,0.2402458871039081
1277,BMO,GRU,2022-09-01,2024-09-01,28,0.7313224721293144,0.8252290555185648,0.7606967781178593,0.8807384029492038,0.2510727850616105
1278,BMO,GRU,2022-09-01,2024-09-01,29,2.303000666988573,2.495029592812146,2.0001561716726446,2.728291533959688,0.2488098731682736
1279,BMO,GRU,2022-09-01,2024-09-01,30,0.630947446821398,0.7156359974874917,0.6335279907690815,0.754633906320974,0.2868021081054407
1280,BMO,GRU,2022-09-01,2024-09-01,31,0.3914181069259501,0.414718692179836,0.4390144631147978,0.5377150820462254,0.2623083626112584
1281,BMO,GRU,2022-09-01,2024-09-01,32,0.4064024253231178,0.4241700763714795,0.3889666370434119,0.4642461377416378,0.256595349836298
1282,BMO,GRU,2022-09-01,2024-09-01,33,1.0727825563445992,1.1757700184403928,1.084560837647025,1.3034071890733794,0.2690752435866527
1283,BMO,GRU,2022-09-01,2024-09-01,34,2.406251500431885,2.55966205757616,2.212603050622032,2.732345433955353,0.2462909427526175
1284,BMO,GRU,2022-09-01,2024-09-01,35,0.3133433550493313,0.3327235416405932,0.3096092321750014,0.3529668253056413,0.2353746838981289
1285,BMO,GRU,2022-09-01,2024-09-01,36,0.3966235805039686,0.4611419435041456,0.3813219494675112,0.4151414634268999,0.2504229243670759
1286,BMO,GRU,2022-09-01,2024-09-01,37,0.6967421263485691,0.8088631362949754,0.7735749180263845,0.9148249031600296,0.2971418471675708
1287,BMO,GRU,2022-09-01,2024-09-01,38,0.7843354254430693,0.8918846014815176,0.7816669379927605,0.9281650025607032,0.2581628080590456
1288,BMO,GRU,2022-09-01,2024-09-01,39,1.3569828393861652,1.4489729118205503,1.1070508423059968,1.413575139071482,0.2486630709702334
1289,BMO,GRU,2022-09-01,2024-09-01,40,0.7510154513855948,0.8710255746208178,0.7660839838547561,0.8661335825276096,0.2550981092402729
1290,BMO,GRU,2022-09-01,2024-09-01,41,0.3611844463557275,0.3696927793727939,0.3248004045724085,0.3960830218408815,0.2501297026099803
1291,BMO,GRU,2022-09-01,2024-09-01,42,0.4513880850858347,0.5022174343978087,0.4662220622105072,0.5530228233964332,0.2463197149809967
1292,BMO,GRU,2022-09-01,2024-09-01,43,1.733014040603579,1.7472883054723272,1.7231888057822924,1.9357554624695303,0.2862817534828323
1293,BMO,GRU,2022-09-01,2024-09-01,44,1.7776464288778917,1.818039793610834,1.506355845862937,2.0982254499551787,0.2424908661437161
1294,BMO,GRU,2022-09-01,2024-09-01,45,0.27280027395662,0.2890635807852241,0.2557626945310849,0.2923995613366786,0.2590119165602085
1295,BMO,GRU,2022-09-01,2024-09-01,46,0.3145785251705363,0.3258666291107543,0.3226455088898741,0.3882495430928267,0.2613138496320457
1296,BMO,GRU,2022-09-01,2024-09-01,47,0.3816197966828384,0.3922121637546041,0.3338655108700989,0.4268994129690727,0.2709104658632188
1297,BMO,GRU,2022-09-01,2024-09-01,48,1.446143321050324,1.8003829513703216,1.7604165600584587,2.2491168930636065,0.2473777239255753
1298,BMO,GRU,2022-09-01,2024-09-01,49,1.070110715739742,1.192660062191172,1.0461422514563934,1.2219567043988258,0.2586439728897713
1299,BMO,GRU,2022-09-01,2024-09-01,50,0.229344656658831,0.31213378887922,0.3614921088769643,0.3997660665718442,0.2585572290558662
1300,BMO,GRU,2023-05-01,2025-05-01,1,0.6589332262481358,0.8475006582733988,0.4443857936631519,0.7650280536460102,0.3651693051710364
1301,BMO,GRU,2023-05-01,2025-05-01,2,0.6437917762001508,0.9627864676004386,0.7694657078535444,0.8106567726050887,0.2980339589648604
1302,BMO,GRU,2023-05-01,2025-05-01,3,0.5689666905567687,0.8414045205213365,0.5082950580379697,0.6313101940557417,0.3351812874580035
1303,BMO,GRU,2023-05-01,2025-05-01,4,0.3041326329956159,0.4393772791263159,0.357404976672122,0.3925164343120161,0.2740477384005542
1304,BMO,GRU,2023-05-01,2025-05-01,5,2.4119670248442544,3.1862295349443146,2.230535208759374,2.616692730262004,0.3254665903284765
1305,BMO,GRU,2023-05-01,2025-05-01,6,0.5668405542564596,0.8218176417524583,0.4670854087454597,0.6114807124459691,0.3034722160548584
1306,BMO,GRU,2023-05-01,2025-05-01,7,0.337799789067351,0.4246564388229776,0.3585064211186851,0.3699841815768823,0.3413465485271502
1307,BMO,GRU,2023-05-01,2025-05-01,8,0.2937179378680896,0.4525326940440773,0.317587784726904,0.3505234754138277,0.2506296380953102
1308,BMO,GRU,2023-05-01,2025-05-01,9,0.4966867580516206,0.7856817750980897,0.5084830984402178,0.6161397456161961,0.2281259895873275
1309,BMO,GRU,2023-05-01,2025-05-01,10,0.8049641833097024,1.224647622334357,0.9372217648210736,1.0328253113490715,0.2647122274680994
1310,BMO,GRU,2023-05-01,2025-05-01,11,2.62570940223347,3.721315528241709,2.120035365218232,2.841739199049284,0.3941540057268751
1311,BMO,GRU,2023-05-01,2025-05-01,12,0.6274628246544965,1.0056393172085891,0.5582061417044982,0.7411170267714098,0.3236515299280164
1312,BMO,GRU,2023-05-01,2025-05-01,13,1.3101964543725766,1.6382868560604151,1.4391358397709728,1.58101669482367,0.2626745085287457
1313,BMO,GRU,2023-05-01,2025-05-01,14,0.2335298048139467,0.3528526123437862,0.3271190917685935,0.2673862902730568,0.2862404085439567
1314,BMO,GRU,2023-05-01,2025-05-01,15,0.2216518071887219,0.2722923360623369,0.2535079970257253,0.2570601303953317,0.3739088121881347
1315,BMO,GRU,2023-05-01,2025-05-01,16,0.977162629365127,1.6841656675819223,0.9550729182462514,1.2904121443579173,0.3239505516483629
1316,BMO,GRU,2023-05-01,2025-05-01,17,0.5379291379276157,0.805429529357711,0.5071448589731865,0.6188077125957888,0.2682656755438224
1317,BMO,GRU,2023-05-01,2025-05-01,18,1.990154804357874,3.5846637253011213,2.2086169160032347,2.837481561695919,0.2488472368066857
1318,BMO,GRU,2023-05-01,2025-05-01,19,0.5536390914493696,0.7054440028347754,0.5523276192398034,0.5598556252825728,0.3519659105850224
1319,BMO,GRU,2023-05-01,2025-05-01,20,0.7497330908175263,1.1598085815729262,0.6459187338764997,0.875437293698495,0.3868461040275897
1320,BMO,GRU,2023-05-01,2025-05-01,21,0.292925980795464,0.3985577819586956,0.3249044432539676,0.3346417888714224,0.2756734454747433
1321,BMO,GRU,2023-05-01,2025-05-01,22,0.2799863211705892,0.4245456218935377,0.314930421520988,0.3336369645462604,0.2292122357971834
1322,BMO,GRU,2023-05-01,2025-05-01,23,1.8046829223723229,2.859305617833504,1.7585957130608916,2.384658684388373,0.4791689912131219
1323,BMO,GRU,2023-05-01,2025-05-01,24,1.5405374267562553,2.298684675547273,1.7423681895488825,2.2204565980526425,0.6420869754219845
1324,BMO,GRU,2023-05-01,2025-05-01,25,0.7322015634840154,0.7377234303122181,0.3378660356024975,0.6055147536254346,0.2870029680157656
1325,BMO,GRU,2023-05-01,2025-05-01,26,0.2341307478402915,0.3039903975020862,0.3095777247747071,0.3104127729896661,0.2965676509826018
1326,BMO,GRU,2023-05-01,2025-05-01,27,0.883063389060115,1.4047833054584045,0.8874684201485897,1.1000862271734295,0.2447868300783216
1327,BMO,GRU,2023-05-01,2025-05-01,28,2.1829821996684777,3.770344675822807,2.2326358695885755,2.850804953883628,0.7197315102601781
1328,BMO,GRU,2023-05-01,2025-05-01,29,0.2542725617119733,0.365028586825004,0.3122389952518562,0.3009825380577807,0.2732851562896353
1329,BMO,GRU,2023-05-01,2025-05-01,30,2.1869921488276205,3.2331710782892893,2.198550466990912,2.497257107988655,0.4074589166987018
1330,BMO,GRU,2023-05-01,2025-05-01,31,0.2331051121963021,0.3830357958349135,0.3676631970797238,0.2911331564789972,0.5119069028356854
1331,BMO,GRU,2023-05-01,2025-05-01,32,1.0909964557056462,1.7514950387541512,1.1652548342760611,1.4403611382398218,0.277683737355251
1332,BMO,GRU,2023-05-01,2025-05-01,33,2.383265585151714,3.951684628563209,2.809594909587501,3.12380935291705,0.2965679315419584
1333,BMO,GRU,2023-05-01,2025-05-01,34,1.027715602394519,1.6077053428599422,1.0554842221602592,1.1840859363831089,0.368334330713545
1334,BMO,GRU,2023-05-01,2025-05-01,35,0.6790375425449936,0.9610656305732468,0.7724210992971833,0.8551067601803775,0.2926767761048303
1335,BMO,GRU,2023-05-01,2025-05-01,36,0.2960353863699937,0.3876288634493799,0.2832618059916065,0.3368698765367667,0.227438008013262
1336,BMO,GRU,2023-05-01,2025-05-01,37,0.5820895053314508,1.075150087432047,0.6570225232073772,0.7955380586660864,0.2578922870443382
1337,BMO,GRU,2023-05-01,2025-05-01,38,1.043096965865388,1.582348530219999,1.0625686330981088,1.2488204598688988,0.2825068071729291
1338,BMO,GRU,2023-05-01,2025-05-01,39,0.5301790749075431,0.8535953586711151,0.5598994778206565,0.6999747425804042,0.30179545724552
1339,BMO,GRU,2023-05-01,2025-05-01,40,0.6967930721291468,1.2200600325816964,0.775601168890427,0.9899548052030772,0.31950784470819
1340,BMO,GRU,2023-05-01,2025-05-01,41,0.253167103413515,0.2758025716496573,0.2809796059676607,0.2872995934842219,0.2923656109482406
1341,BMO,GRU,2023-05-01,2025-05-01,42,0.2707832469849608,0.4507467756343892,0.3139127424854291,0.372573875973434,0.2507280765622457
1342,BMO,GRU,2023-05-01,2025-05-01,43,0.5116498254094992,0.7816579799713683,0.5390983431647144,0.6337141361978957,0.2303892911045286
1343,BMO,GRU,2023-05-01,2025-05-01,44,2.025958999459479,2.804603818378319,1.6600648866587586,2.309247448559022,0.3384306917118928
1344,BMO,GRU,2023-05-01,2025-05-01,45,0.261577133118377,0.3005109364189522,0.3363288723757824,0.349210191811512,0.3533521192321137
1345,BMO,GRU,2023-05-01,2025-05-01,46,0.4167164269688637,0.6757751364073905,0.5267369766371897,0.8451271448759023,0.2323225063729758
1346,BMO,GRU,2023-05-01,2025-05-01,47,0.4026005830121331,0.6465797707206394,0.4169369376746366,0.5015262818911018,0.3662887730833998
1347,BMO,GRU,2023-05-01,2025-05-01,48,0.2515263071337131,0.4854891032346534,0.3026769318899574,0.2787986875183897,0.344125660348392
1348,BMO,GRU,2023-05-01,2025-05-01,49,0.6070586323724599,0.9579444264024772,0.6456779614493564,0.7822213136252841,0.2297860044024371
1349,BMO,GRU,2023-05-01,2025-05-01,50,0.3068780824331671,0.3663187729061894,0.2661940128503931,0.2732006998971295,0.3150877694035253
1350,BMO,GRU,2024-01-01,2026-01-01,1,1.4592985381677823,1.83520505559676,2.067002910556617,1.4676427954360642,0.3263937826694246
1351,BMO,GRU,2024-01-01,2026-01-01,2,1.4691764231214586,1.4576109616126858,1.308305551639627,1.354891185831797,0.2716603029583557
1352,BMO,GRU,2024-01-01,2026-01-01,3,0.8790764067805634,0.9249760671146976,0.9631239525953604,0.9598887250241452,0.2704353263336974
1353,BMO,GRU,2024-01-01,2026-01-01,4,0.414690366758989,0.5341218195474196,0.5614279954458868,0.4964901989214059,0.3146025379641519
1354,BMO,GRU,2024-01-01,2026-01-01,5,2.8979554796043687,2.8169630548899574,3.0101592516811486,3.031125031927811,0.2852109104551503
1355,BMO,GRU,2024-01-01,2026-01-01,6,2.200616961301757,2.137999601002496,2.077364102927637,2.0370022460971104,0.4638775975011064
1356,BMO,GRU,2024-01-01,2026-01-01,7,1.2291297383338928,1.269016379955118,1.1607126589809835,1.1451212379326676,0.2639347221930093
1357,BMO,GRU,2024-01-01,2026-01-01,8,1.1296782109552823,1.349052909712114,1.3949227201716747,1.2169869306187528,0.6967703627322869
1358,BMO,GRU,2024-01-01,2026-01-01,9,1.8168938265119872,1.891803384095754,1.7449952341638897,1.7613082326323128,0.2672328821006136
1359,BMO,GRU,2024-01-01,2026-01-01,10,0.6391943057538887,0.6221578917884095,0.6537392831682249,0.6206442555822232,0.3267521935258307
1360,BMO,GRU,2024-01-01,2026-01-01,11,0.4416991297700107,0.4226320814948968,0.3361006745831906,0.3462262546567942,0.3654931568946767
1361,BMO,GRU,2024-01-01,2026-01-01,12,0.7335059026327405,0.7911376558616,0.7767053993204415,0.7601797637932383,0.3034080709869541
1362,BMO,GRU,2024-01-01,2026-01-01,13,2.8981743508524147,3.003507905454496,2.9619471354012528,2.836447778337506,0.3197165004308032
1363,BMO,GRU,2024-01-01,2026-01-01,14,1.7739929079887855,1.8998384753074955,1.413238069792221,2.308989144048629,0.6154845292002298
1364,BMO,GRU,2024-01-01,2026-01-01,15,1.2026838924470191,1.1829885750114006,1.057819886920053,1.1022751932907808,0.2664151483913825
1365,BMO,GRU,2024-01-01,2026-01-01,16,4.389320295269162,4.502900667542973,3.6740579120385415,4.108171898858778,0.6403886834693373
1366,BMO,GRU,2024-01-01,2026-01-01,17,0.3998355387941721,0.4361348658144049,0.4490873492002707,0.3794132064605792,0.2741312436514789
1367,BMO,GRU,2024-01-01,2026-01-01,18,0.5240179505219285,0.7008469330379921,0.5541592034998577,0.6021670995362882,0.4890122066664555
1368,BMO,GRU,2024-01-01,2026-01-01,19,0.2308860311533799,0.1772452374353385,0.2042657905560753,0.1729661317699104,0.2673986420594416
1369,BMO,GRU,2024-01-01,2026-01-01,20,1.1733345681181246,1.2580097961285055,1.1750433402926497,1.1805712614758794,0.2617345968988366
1370,BMO,GRU,2024-01-01,2026-01-01,21,1.7449333415467474,1.6680873279979322,1.6589506254702395,1.393821709103715,0.3321827672685923
1371,BMO,GRU,2024-01-01,2026-01-01,22,0.919840915569521,0.9400040555099513,0.9210357616645808,0.924282267943002,0.3081811023192242
1372,BMO,GRU,2024-01-01,2026-01-01,23,1.125496719789934,1.1451751380008857,1.0542907925502842,1.023528750751166,0.341563651844242
1373,BMO,GRU,2024-01-01,2026-01-01,24,0.5847274737215514,0.6011022997468435,0.4172852949804491,0.3910719163130878,0.3397326812122203
1374,BMO,GRU,2024-01-01,2026-01-01,25,1.3115167083876176,1.1081491216548915,0.508796416712702,1.0227637732684949,0.2905929028878161
1375,BMO,GRU,2024-01-01,2026-01-01,26,1.9957790241160496,2.100193058522408,2.0811263927189843,1.8305359219841888,0.2660606008823628
1376,BMO,GRU,2024-01-01,2026-01-01,27,0.6632390230047488,0.660630956865174,0.599170198459014,0.560653267276103,0.2648819037650716
1377,BMO,GRU,2024-01-01,2026-01-01,28,3.192037790411661,2.70456424494917,2.667076601313342,2.6878219694781267,0.6100795227057473
1378,BMO,GRU,2024-01-01,2026-01-01,29,1.5520877993730238,1.173375352341558,1.0572850927765325,1.3257376422821348,0.302460199343271
1379,BMO,GRU,2024-01-01,2026-01-01,30,4.483182702017035,4.826896557779369,4.292473658789868,4.4073276194889495,0.5394291763009302
1380,BMO,GRU,2024-01-01,2026-01-01,31,1.61699374297213,1.7805265597498483,2.059200659897677,1.961842325642108,0.2703298638409219
1381,BMO,GRU,2024-01-01,2026-01-01,32,1.291452086150776,1.2231209284676792,1.1884868517114764,1.200541296866091,0.2670556650412019
1382,BMO,GRU,2024-01-01,2026-01-01,33,2.00354713315659,1.9310977105939795,2.48890016191268,2.027323420675231,0.2805211893435967
1383,BMO,GRU,2024-01-01,2026-01-01,34,0.2509785906792438,0.2564997604610746,0.248147532164398,0.2142758028210439,0.2882264574240779
1384,BMO,GRU,2024-01-01,2026-01-01,35,0.2289536450423838,0.205679119082851,0.225252314432218,0.1973621377176644,0.2736518042406995
1385,BMO,GRU,2024-01-01,2026-01-01,36,0.9516076019135142,0.863385962442437,0.8384424144703996,0.8287091454107208,0.2747343090575733
1386,BMO,GRU,2024-01-01,2026-01-01,37,1.705903409675925,1.9552896798681567,1.18769508523706,1.213552425059882,0.2830059148425743
1387,BMO,GRU,2024-01-01,2026-01-01,38,0.7601305703855611,0.8066684668796837,0.594574726891541,0.7149251006051053,0.2783087003715628
1388,BMO,GRU,2024-01-01,2026-01-01,39,1.2852538513914344,1.2169407017766585,1.1168356732988072,1.3012010947355652,0.2667274449042217
1389,BMO,GRU,2024-01-01,2026-01-01,40,2.408706649072767,2.6217474015645603,3.508801504170793,2.353828035106853,0.96701867769385
1390,BMO,GRU,2024-01-01,2026-01-01,41,0.6851622481536997,0.9514476784315992,0.755460731176945,0.6674569706474219,0.3975733911636094
1391,BMO,GRU,2024-01-01,2026-01-01,42,0.8367650358282881,0.8723163495991689,0.7536043293382917,0.7624579109151063,0.2683083238420125
1392,BMO,GRU,2024-01-01,2026-01-01,43,1.4862142859229088,1.400356528485045,1.482273938422706,1.205288779562169,0.2710626471247757
1393,BMO,GRU,2024-01-01,2026-01-01,44,0.3120059977705608,0.1712409388490944,0.2010262760932246,0.2696282506914151,0.2731264678085822
1394,BMO,GRU,2024-01-01,2026-01-01,45,0.416472084120376,0.6094367352283185,0.7742649978292899,0.7598769479950188,0.2663434615637746
1395,BMO,GRU,2024-01-01,2026-01-01,46,1.2835088632419085,1.3461564339492895,1.3008037006534934,1.1357033562647314,0.3543499868266437
1396,BMO,GRU,2024-01-01,2026-01-01,47,1.613689737707118,1.6755499323261307,1.654843321336166,1.6015486794343452,0.2666203170731103
1397,BMO,GRU,2024-01-01,2026-01-01,48,1.4382296428953742,1.1846381647750437,0.9860010479299536,1.0468284385650712,0.264016376031845
1398,BMO,GRU,2024-01-01,2026-01-01,49,0.5299234495970208,0.9246035482224808,0.4598447134704413,0.5610787848129553,0.4601764394604836
1399,BMO,GRU,2024-01-01,2026-01-01,50,1.464510012457913,1.4767862404012286,1.1138579777930493,1.1934221609590043,0.3784150440055387
1400,V,GRU,2022-01-01,2024-01-01,1,6.173135463775238,6.601923297580853,6.769759541209271,6.752474539777099,0.2936273265873615
1401,V,GRU,2022-01-01,2024-01-01,2,6.158717020575702,4.629570760535022,4.477937496444412,5.952794176657152,0.2819366099124522
1402,V,GRU,2022-01-01,2024-01-01,3,5.031363921709208,4.881184175451852,5.089887336591233,5.370203047659991,0.2814829921341928
1403,V,GRU,2022-01-01,2024-01-01,4,3.1213029953671216,3.2450387218907184,3.2258419601433586,3.247133974661087,0.2225614796152216
1404,V,GRU,2022-01-01,2024-01-01,5,1.6559305093156171,1.6098606767476482,1.4733106817208192,1.6297479929757963,0.2842898774042273
1405,V,GRU,2022-01-01,2024-01-01,6,3.456661755922668,2.7264863417009275,2.162716507806344,2.9866234941106464,0.2470138451935872
1406,V,GRU,2022-01-01,2024-01-01,7,0.615008339356864,0.5565132383149166,0.7929057748169432,0.5818953981678978,0.3094751030332213
1407,V,GRU,2022-01-01,2024-01-01,8,0.2348562736961328,0.2396509990558601,0.2889127542045001,0.3079138799487265,0.2122471718444099
1408,V,GRU,2022-01-01,2024-01-01,9,0.7227405075402041,0.6700933574236138,0.759996816187983,0.7443400092138349,0.4572356136286818
1409,V,GRU,2022-01-01,2024-01-01,10,4.120873928808527,4.221665607207884,4.344783618943088,4.509540592492899,0.250381773827749
1410,V,GRU,2022-01-01,2024-01-01,11,1.070579394764316,0.9991726849887856,0.94371173436637,1.0217263582542844,0.2255471972423475
1411,V,GRU,2022-01-01,2024-01-01,12,3.169687254932582,3.5761476676128767,3.5045855382404616,3.544362597225952,0.5165953973770204
1412,V,GRU,2022-01-01,2024-01-01,13,0.9271747963054198,0.8309298422736523,0.8998597433865967,0.8695348459010369,0.2182517965639356
1413,V,GRU,2022-01-01,2024-01-01,14,2.865273801535668,3.1486609350072468,3.616669316150254,3.3078880380018414,0.3587206634589793
1414,V,GRU,2022-01-01,2024-01-01,15,2.447836501217702,2.527416717294817,2.813469141412178,2.73478168907388,0.3575278394851218
1415,V,GRU,2022-01-01,2024-01-01,16,4.4970848741075535,4.697856349573015,4.777356214205899,4.810559258473175,0.2950589707751367
1416,V,GRU,2022-01-01,2024-01-01,17,2.644410970752572,2.8259446589676216,2.8967925539033934,2.774246841618454,0.3954833048253537
1417,V,GRU,2022-01-01,2024-01-01,18,0.2891467661668687,0.2773802554054729,0.2953876653586457,0.1958855356330044,0.2479336563092493
1418,V,GRU,2022-01-01,2024-01-01,19,3.1080423508076747,3.065920339148852,3.2656659540573245,3.2714646464196733,0.2353175899564871
1419,V,GRU,2022-01-01,2024-01-01,20,0.8408171492965675,0.7525191314313784,0.7223901122190105,0.8401373051256722,0.2089462985432119
1420,V,GRU,2022-01-01,2024-01-01,21,1.1379814695916128,1.2267278328008828,1.2959110082455585,1.3093383643897083,0.2026346625168528
1421,V,GRU,2022-01-01,2024-01-01,22,0.6815845410802355,0.2547763761743358,0.2685319710369029,0.406213689714425,0.2984346240707394
1422,V,GRU,2022-01-01,2024-01-01,23,1.600463187257044,3.28106222919976,2.992521218376423,2.6752374309797693,0.8907848891219153
1423,V,GRU,2022-01-01,2024-01-01,24,1.7858443854237984,1.7744735634699915,1.5887287023976924,1.625738473274283,0.3368298517372499
1424,V,GRU,2022-01-01,2024-01-01,25,2.5198421087208915,2.6838251767480115,2.5945006188434943,2.708437023969018,0.2111252434046505
1425,V,GRU,2022-01-01,2024-01-01,26,1.023258276362912,1.1839427103760511,1.0938461738789504,1.1194629148349449,0.2203719381119935
1426,V,GRU,2022-01-01,2024-01-01,27,3.317263449640418,3.489476787042804,3.608994080521829,3.5860122400445134,0.335378343881192
1427,V,GRU,2022-01-01,2024-01-01,28,1.552946232537795,1.1678064081182165,1.1575437498326318,0.9950953248670222,0.4488434831930024
1428,V,GRU,2022-01-01,2024-01-01,29,3.155015940446877,3.408232580892915,3.1381400195490743,3.4331533527083056,0.2621562416318817
1429,V,GRU,2022-01-01,2024-01-01,30,3.021470821868756,3.193074815811043,3.2599927498653174,3.26961585158618,0.2401676480845753
1430,V,GRU,2022-01-01,2024-01-01,31,2.2915652053149427,2.388415528273706,2.310962661684093,2.502706919265804,0.2130500348741849
1431,V,GRU,2022-01-01,2024-01-01,32,4.268663994602937,4.264465877454387,4.596181040539921,4.6452287246592014,0.2416651159189908
1432,V,GRU,2022-01-01,2024-01-01,33,1.997163841375406,2.0885621172037663,2.134761215498865,2.1316458291048184,0.2064245277817277
1433,V,GRU,2022-01-01,2024-01-01,34,0.8105402056697809,0.894239814455481,0.937269918311589,0.9155758438038368,0.4583613002399749
1434,V,GRU,2022-01-01,2024-01-01,35,2.530940264599327,2.68622214498217,2.418880133177832,2.8579291301644,0.3537336984418707
1435,V,GRU,2022-01-01,2024-01-01,36,0.7999905569508491,0.681424213954504,1.009105525013532,0.9870579356502152,0.4833267033655505
1436,V,GRU,2022-01-01,2024-01-01,37,2.3753593979226344,2.682818761648764,2.591395120920888,2.540716914662749,0.2985872911229669
1437,V,GRU,2022-01-01,2024-01-01,38,1.8491506454389,1.9850743263606223,2.048776547983557,1.981787612187664,0.353861981870642
1438,V,GRU,2022-01-01,2024-01-01,39,0.4816253304517162,0.4833510996338552,0.9021927544562413,0.9313322804159876,0.3193336943036043
1439,V,GRU,2022-01-01,2024-01-01,40,0.2605754200489778,0.5210822295234562,0.450912040895934,0.7014194204209812,0.2099626936481039
1440,V,GRU,2022-01-01,2024-01-01,41,1.8016597206469969,1.8028275865372287,2.0447658137025293,1.9613066775697303,0.2794730639499339
1441,V,GRU,2022-01-01,2024-01-01,42,1.1654753049692177,1.111253839475225,0.9165325012340938,1.1191603122988778,0.6471355361645647
1442,V,GRU,2022-01-01,2024-01-01,43,1.5722548101124492,1.630432752332892,1.8888792770037184,1.9222094676147976,0.2723116507569397
1443,V,GRU,2022-01-01,2024-01-01,44,1.7334320350907595,1.890652977938141,1.908378472832804,2.062732541336402,0.2032122349385371
1444,V,GRU,2022-01-01,2024-01-01,45,1.5388314349870391,1.5510169881364069,1.5787109596020994,1.689230170860954,0.2390474861838215
1445,V,GRU,2022-01-01,2024-01-01,46,1.2296738159327376,0.7970138964040594,1.2689119157341384,1.3644996438255124,0.6608606298807609
1446,V,GRU,2022-01-01,2024-01-01,47,2.917652790729204,3.0143324403022507,3.031373665357569,3.20675468567075,0.2054746035343148
1447,V,GRU,2022-01-01,2024-01-01,48,1.711533648234007,1.745114259092891,1.8350288702716653,1.627778188288145,0.3167654406113393
1448,V,GRU,2022-01-01,2024-01-01,49,4.52441187358845,4.512040516264264,4.761153849102899,4.760869097778857,0.3335549820279204
1449,V,GRU,2022-01-01,2024-01-01,50,2.214925887652705,2.0701832271376377,2.29311694190918,2.180543012831477,0.3409909236847029
1450,V,GRU,2022-09-01,2024-09-01,1,0.5493967972341225,0.440641367396226,0.3175917052754048,0.3436514688195691,0.2123301157836729
1451,V,GRU,2022-09-01,2024-09-01,2,0.6461601257769438,0.6834520957661039,0.6071655122025369,0.5858475095675143,0.2260825737279398
1452,V,GRU,2022-09-01,2024-09-01,3,0.5373628958522443,0.5523334572178479,0.5134467538889917,0.4699344614471146,0.2106730626608699
1453,V,GRU,2022-09-01,2024-09-01,4,1.6950288730332834,1.6118155570507098,1.5526786193769218,1.2918587987277848,0.224474247722284
1454,V,GRU,2022-09-01,2024-09-01,5,1.178220864765361,1.0870523981783833,1.0534822357809557,1.0126300358063764,0.2337280917400141
1455,V,GRU,2022-09-01,2024-09-01,6,0.9695981803664688,0.9819545307092692,0.8707850414580073,0.8669536567011198,0.2289471831214035
1456,V,GRU,2022-09-01,2024-09-01,7,1.430191528906967,1.3532678344535911,1.428768295008369,1.4189206261050908,0.2125095905551698
1457,V,GRU,2022-09-01,2024-09-01,8,0.2921756717320827,0.2637000360354092,0.3169381120421177,0.3109534498550559,0.2412338109119506
1458,V,GRU,2022-09-01,2024-09-01,9,1.0957890374428665,1.030689653514095,1.097837429134641,0.692150190589069,0.2125850530419144
1459,V,GRU,2022-09-01,2024-09-01,10,0.7089918767690487,0.6445285168763399,0.6587349835235137,0.6445983998191454,0.2150956035546994
1460,V,GRU,2022-09-01,2024-09-01,11,1.367047886971027,1.351017995971029,1.2816656016015373,1.254148947786358,0.2361248916606669
1461,V,GRU,2022-09-01,2024-09-01,12,1.0221706640537007,0.8613897793577948,0.6527940185990642,0.7821008165841234,0.2277982471608669
1462,V,GRU,2022-09-01,2024-09-01,13,0.6061321063023449,0.6627377460167996,0.5755456791241834,0.6712092531478724,0.2282206423264303
1463,V,GRU,2022-09-01,2024-09-01,14,0.3887826520376803,0.4839883890275747,0.2505057274707697,0.4251625710322499,0.2147030536260667
1464,V,GRU,2022-09-01,2024-09-01,15,1.1046683708130831,1.0430494142348676,0.9355701636101348,0.9340933314365976,0.2166950486705026
1465,V,GRU,2022-09-01,2024-09-01,16,1.0230359037080063,0.9121500030233944,1.0188644429112277,0.8218460049593411,0.2431659936627977
1466,V,GRU,2022-09-01,2024-09-01,17,1.2273500952147798,1.390794473275022,1.0905943147583657,1.0820176652192626,0.3179619391883133
1467,V,GRU,2022-09-01,2024-09-01,18,0.4519505456375694,0.4010667268477031,0.4423085945406456,0.409205959357651,0.2861068780663879
1468,V,GRU,2022-09-01,2024-09-01,19,2.24913529893232,2.0170860608101777,1.8944985946595487,1.7788230659007798,0.2356923077683343
1469,V,GRU,2022-09-01,2024-09-01,20,0.4049951556843157,0.390562085311738,0.3805368439073827,0.3684048787377358,0.2329772759353393
1470,V,GRU,2022-09-01,2024-09-01,21,1.3495238417616249,1.015998918236874,0.8142664216079196,0.997107698929414,0.2099677576220284
1471,V,GRU,2022-09-01,2024-09-01,22,0.5563538618874764,0.3696159851439721,0.3969143854628814,0.3436451771433972,0.2384476576819446
1472,V,GRU,2022-09-01,2024-09-01,23,0.9215048641307196,0.9781837788030014,0.8738823449049876,1.046109450907772,0.2785057403321785
1473,V,GRU,2022-09-01,2024-09-01,24,1.513003916814541,1.6785299765435429,1.4134113555909276,1.3232972802448435,0.3143819525488283
1474,V,GRU,2022-09-01,2024-09-01,25,0.9057865639501717,1.0325321672839678,1.1580823770043138,0.8617243097931983,0.2371372195668969
1475,V,GRU,2022-09-01,2024-09-01,26,1.330239676251918,1.3291495227277248,1.2961688176961488,1.3501562377208585,0.2399085541700775
1476,V,GRU,2022-09-01,2024-09-01,27,1.8529980296883748,1.9123970531708576,2.066979900945445,1.943825079743304,0.2153550082387842
1477,V,GRU,2022-09-01,2024-09-01,28,1.2866134424576257,1.5067939764702256,1.0927941371596424,1.2616807803964576,0.2124647650721999
1478,V,GRU,2022-09-01,2024-09-01,29,0.4145535031179786,0.5429237759517431,0.3725680258438328,0.3760014942690782,0.229795430685521
1479,V,GRU,2022-09-01,2024-09-01,30,0.3520719595240562,0.3423041458296514,0.3319595180868581,0.3215955227349309,0.2544471546540207
1480,V,GRU,2022-09-01,2024-09-01,31,2.4753461361103875,2.328455931724801,2.1252537843984456,2.1595171231254056,0.2799722747355305
1481,V,GRU,2022-09-01,2024-09-01,32,0.4778701396678125,0.5836792498490789,0.4449460793668289,0.4352002634635483,0.2071826343097355
1482,V,GRU,2022-09-01,2024-09-01,33,0.9030228535988598,0.8166254363207499,0.6854651434952319,0.6955803955921004,0.315620657310367
1483,V,GRU,2022-09-01,2024-09-01,34,2.090047594944177,1.976632555763176,1.7536385940224102,1.597744912692891,0.2319420156199023
1484,V,GRU,2022-09-01,2024-09-01,35,0.7790165199908621,0.8967267795923756,0.875912040352413,0.7446207897584793,0.2084686455128359
1485,V,GRU,2022-09-01,2024-09-01,36,0.7755712900204017,0.8586291805406167,0.6857703028216455,0.6622797503675684,0.2468231598895459
1486,V,GRU,2022-09-01,2024-09-01,37,0.5807845238364366,0.496757749699116,0.5045813584573313,0.4454671286467688,0.2236358107960332
1487,V,GRU,2022-09-01,2024-09-01,38,0.8321613348688626,0.8455709296134436,0.7589950338178698,0.8071443207731441,0.2065344885277375
1488,V,GRU,2022-09-01,2024-09-01,39,0.6232452449503326,0.6537282247817154,0.4040334737667763,0.5984071478372035,0.2208834805303746
1489,V,GRU,2022-09-01,2024-09-01,40,0.5256109998013826,0.5318096427274651,0.5333456886727395,0.8344612141310027,0.2405936516143144
1490,V,GRU,2022-09-01,2024-09-01,41,0.8845734117431702,1.270253261932199,1.1503696163360766,1.1771099966701908,0.2962071071676257
1491,V,GRU,2022-09-01,2024-09-01,42,0.3214412346273572,0.3067754417004739,0.2985964100977999,0.2813718539238076,0.2298030219164461
1492,V,GRU,2022-09-01,2024-09-01,43,0.5986853584462865,0.4753281859036004,0.624942539400912,0.4723715345632833,0.2616353096046273
1493,V,GRU,2022-09-01,2024-09-01,44,1.4902424484261214,1.223071864648807,1.0932725705776585,1.0901963923058078,0.2318405731607248
1494,V,GRU,2022-09-01,2024-09-01,45,2.118301545862739,1.8548173535341417,1.9365473166969764,1.8060323043474444,0.210799852838988
1495,V,GRU,2022-09-01,2024-09-01,46,0.7410527121775113,0.7607215327228957,0.6396427271535995,0.5910928456532428,0.24162941999374
1496,V,GRU,2022-09-01,2024-09-01,47,0.6956702739928503,0.7593418613640168,0.6897638819498275,0.7488559790511556,0.2146913379912134
1497,V,GRU,2022-09-01,2024-09-01,48,0.503371877705548,0.608326002988465,0.4400052313914862,0.8446051492777205,0.2122807219322235
1498,V,GRU,2022-09-01,2024-09-01,49,1.795443971428586,1.8317532823962828,1.747647025519253,1.7184318523445343,0.2314579702420457
1499,V,GRU,2022-09-01,2024-09-01,50,1.722752064918926,1.533830578284072,1.7984042176861528,1.5803735941793309,0.2156356957769221
1500,V,GRU,2023-05-01,2025-05-01,1,0.9953570275130166,1.796441914897012,1.1086504635550165,1.2376645450878865,0.2551477609803511
1501,V,GRU,2023-05-01,2025-05-01,2,1.8657691365823432,3.039813057953941,2.125996318981055,2.253499261769569,0.4291251751444891
1502,V,GRU,2023-05-01,2025-05-01,3,0.3323831130486925,0.3658150874306209,0.4476489802076291,0.4666219018161439,0.254144291777514
1503,V,GRU,2023-05-01,2025-05-01,4,0.4919082402067564,0.5916291616575793,0.5123251340952499,0.4694636938187782,0.2419369076882799
1504,V,GRU,2023-05-01,2025-05-01,5,1.0871675051839158,1.6727110485669998,1.048994397475019,1.1827543625392338,0.2235344847078089
1505,V,GRU,2023-05-01,2025-05-01,6,1.0283650847605843,1.7247039399620423,0.9786972536932352,1.1162567494331554,0.2269442431930164
1506,V,GRU,2023-05-01,2025-05-01,7,0.5633805727879788,0.9858234405119054,0.5848761959990841,0.6664969506946105,0.2338845496452001
1507,V,GRU,2023-05-01,2025-05-01,8,0.3272766204347917,0.6523531130435534,0.3605391674270081,0.4131991293115905,0.226542962048358
1508,V,GRU,2023-05-01,2025-05-01,9,0.2202632928142638,0.2666030261081214,0.2852920485403348,0.2565151378923417,0.3001654402341061
1509,V,GRU,2023-05-01,2025-05-01,10,0.8552461200342468,1.4407269809754617,0.834915108243771,0.9749123261377696,0.2849823380083548
1510,V,GRU,2023-05-01,2025-05-01,11,0.2614816534779336,0.2811693872869647,0.2799145042281846,0.2838208249119939,0.3172533362638632
1511,V,GRU,2023-05-01,2025-05-01,12,0.8131686602689471,1.0126101711879638,0.8593044516153909,0.8319914324352617,0.2562361788664955
1512,V,GRU,2023-05-01,2025-05-01,13,0.6759333623455233,1.884796114593761,0.8746427903129029,1.1761364644128454,0.3067649968844551
1513,V,GRU,2023-05-01,2025-05-01,14,0.5344166356479259,1.077244042541458,0.7435484037804413,0.6606949857913214,0.2306021107518726
1514,V,GRU,2023-05-01,2025-05-01,15,0.3246263018457327,0.5110725151896606,0.3295715497872179,0.3662693586580187,0.2284218537010535
1515,V,GRU,2023-05-01,2025-05-01,16,0.3331381044105563,0.6220991447493907,0.4241098531907333,0.453777157497479,0.2504243800421717
1516,V,GRU,2023-05-01,2025-05-01,17,0.3412509184920355,0.4241033116792607,0.3799076523671972,0.3460223191901821,0.2886366151833155
1517,V,GRU,2023-05-01,2025-05-01,18,0.25748374110949,0.5477383626532486,0.4202990716512428,0.6275310629170443,0.6385133645170014
1518,V,GRU,2023-05-01,2025-05-01,19,2.139204956570297,3.0282933041290674,2.153581774541178,2.26328528906358,0.2248183221942575
1519,V,GRU,2023-05-01,2025-05-01,20,0.3055314583915394,0.424262324497356,0.2893247862669834,0.3620648474049859,0.2272634616657748
1520,V,GRU,2023-05-01,2025-05-01,21,0.2666141515596167,0.4351323495633682,0.4319333241229723,0.3142937072713352,0.2655495667252992
1521,V,GRU,2023-05-01,2025-05-01,22,0.8207337626839829,1.2670036169560523,0.933764076249164,0.913168617831602,0.33122579489153
1522,V,GRU,2023-05-01,2025-05-01,23,1.71403132683067,2.4812821921412147,2.0995373572349614,2.234765814486133,0.2983806193916332
1523,V,GRU,2023-05-01,2025-05-01,24,0.3270217400360125,0.4933951610049877,0.8101725738601906,0.7086761774078488,0.223610932887959
1524,V,GRU,2023-05-01,2025-05-01,25,0.4567720981263891,0.9927790867932093,0.7551987375729542,0.6546613370634866,0.2268915679702035
1525,V,GRU,2023-05-01,2025-05-01,26,0.2591088300934204,0.3377924258188534,0.295030560546858,0.2654470177958646,0.4626431371955443
1526,V,GRU,2023-05-01,2025-05-01,27,0.3459403254347901,0.4989393436158482,0.4584400298166998,0.4148515194533095,0.2316365171424944
1527,V,GRU,2023-05-01,2025-05-01,28,0.4603485226653723,0.7633155933860664,0.4795320877443688,0.5201710644513216,0.2431873807161338
1528,V,GRU,2023-05-01,2025-05-01,29,0.8034693100942002,1.485849724076491,1.0889135564038432,1.1227379992452269,0.3643232955491306
1529,V,GRU,2023-05-01,2025-05-01,30,0.818563622978279,1.4564359469929944,0.9938105592011846,0.989293870944248,0.2253541464221228
1530,V,GRU,2023-05-01,2025-05-01,31,0.8305689497500219,1.1862943747828003,0.9586321934377044,0.8685425827539002,0.2892992098261285
1531,V,GRU,2023-05-01,2025-05-01,32,1.6093325568479968,2.47200071183136,1.7893284742548243,1.908662418283976,0.3078783942284411
1532,V,GRU,2023-05-01,2025-05-01,33,0.3790612705722057,0.4017254589475843,0.4947658265171273,0.3808577286178179,0.2265519799315359
1533,V,GRU,2023-05-01,2025-05-01,34,0.3297972107221931,0.6361367086912799,0.4062175609049736,0.5549433237535936,0.278652586477867
1534,V,GRU,2023-05-01,2025-05-01,35,0.98551012023295,1.5506340515069,1.1908504019210306,1.1744447291310358,0.2387874664914802
1535,V,GRU,2023-05-01,2025-05-01,36,0.2669367300459045,0.405139988809259,0.283468023467881,0.3289288096004431,0.2507507256755665
1536,V,GRU,2023-05-01,2025-05-01,37,0.8710312505368997,1.5937030396316123,1.0043180695071696,1.0841812167969005,0.2261357221477087
1537,V,GRU,2023-05-01,2025-05-01,38,0.3844294328031278,0.7693014191403051,0.4493350829858804,0.4578500616101938,0.2733534197338584
1538,V,GRU,2023-05-01,2025-05-01,39,0.7777810392846796,1.363119430966638,0.794486716146349,0.9124064425964084,0.2252116527566267
1539,V,GRU,2023-05-01,2025-05-01,40,0.5537999347512312,1.138496786171766,0.7329846999179224,0.7438424452908863,0.3072129412759935
1540,V,GRU,2023-05-01,2025-05-01,41,0.3210448990978425,0.3069374424623888,0.3220921353036166,0.325328476896104,0.2425492626012574
1541,V,GRU,2023-05-01,2025-05-01,42,0.3752241601582495,0.55027642697172,0.4912045693339882,0.4250369215411314,0.2960632197348243
1542,V,GRU,2023-05-01,2025-05-01,43,0.452982315497719,0.8877011586494894,0.4978009452822693,0.5631056724461363,0.2350456307233613
1543,V,GRU,2023-05-01,2025-05-01,44,0.6908542788718471,0.8155368549209852,0.6092102417259179,0.689785476813543,0.2644255316577604
1544,V,GRU,2023-05-01,2025-05-01,45,1.0057493165718074,1.7732723032393494,1.0366374266415552,1.19139028686384,0.2535942091780537
1545,V,GRU,2023-05-01,2025-05-01,46,1.298788718721268,2.320292958836267,1.4715219271265751,1.539671018068174,0.3033104340474885
1546,V,GRU,2023-05-01,2025-05-01,47,1.5179782905958763,2.381156891457107,1.6724900387365012,1.6641589742551786,0.3122675149888964
1547,V,GRU,2023-05-01,2025-05-01,48,0.3969316343963708,0.5467979623697026,0.5041694708994809,0.705886654372971,0.3410933386300753
1548,V,GRU,2023-05-01,2025-05-01,49,0.2977010697334852,0.4025164737179174,0.3051020515537091,0.3238290270735113,0.2438065118568711
1549,V,GRU,2023-05-01,2025-05-01,50,0.2885544530964513,0.3698705737215786,0.2886285365483949,0.254753168092545,0.5596020645296154
1550,V,GRU,2024-01-01,2026-01-01,1,0.772786951164199,0.9054672963053224,0.7771974021511576,0.8104213305214409,0.1910178819572354
1551,V,GRU,2024-01-01,2026-01-01,2,0.3356227224832863,0.382770929133193,0.2838761591860432,0.3152622689382974,0.1968081027553014
1552,V,GRU,2024-01-01,2026-01-01,3,0.4636323976129155,0.4245131935588459,0.4026032430195515,0.4441287836260384,0.210775256093955
1553,V,GRU,2024-01-01,2026-01-01,4,0.3822125250740786,0.3522810568312472,0.3107171533926209,0.3129424649736441,0.1946803593334994
1554,V,GRU,2024-01-01,2026-01-01,5,0.3407998815171126,0.3459124132261342,0.3162460228929649,0.3211385543676762,0.1927611558499525
1555,V,GRU,2024-01-01,2026-01-01,6,0.912119569692828,0.9139697244333892,0.850247031122715,0.882900057996632,0.1976291892325906
1556,V,GRU,2024-01-01,2026-01-01,7,0.9371060716266444,0.6290379636492266,0.7741234008617001,0.9395786369561044,0.2005344483185548
1557,V,GRU,2024-01-01,2026-01-01,8,1.572426413287703,1.280452020774837,1.4121439022677955,1.630897040577325,0.2444522436394384
1558,V,GRU,2024-01-01,2026-01-01,9,0.3068429361016842,0.3393251686480133,0.2178667820408579,0.3365080795259526,0.2181032751586776
1559,V,GRU,2024-01-01,2026-01-01,10,1.6544757669445616,1.6429338132983822,1.595038860984585,1.6705938744082751,0.2136293629572483
1560,V,GRU,2024-01-01,2026-01-01,11,1.1513463129009578,1.2910267085207072,1.3017790208243492,1.3341322704982874,0.2378829063020697
1561,V,GRU,2024-01-01,2026-01-01,12,1.1234314722374346,0.9895189003984834,0.6762914985649078,0.9372984247559608,0.2085218903641219
1562,V,GRU,2024-01-01,2026-01-01,13,0.8399568128907691,1.237280019477622,0.893084771740788,1.062187196336929,0.2060088320280225
1563,V,GRU,2024-01-01,2026-01-01,14,0.8421567695932591,0.9602891703266644,0.9095573997517143,0.941282355302418,0.2154295229749973
1564,V,GRU,2024-01-01,2026-01-01,15,1.1924568768909336,1.2676265338215786,1.148082890348324,1.1835106159813962,0.198470421148804
1565,V,GRU,2024-01-01,2026-01-01,16,0.642571104775333,0.6862026733633209,0.6485777306470668,0.6652410756067132,0.1948844161606879
1566,V,GRU,2024-01-01,2026-01-01,17,0.5111394218058176,0.4633291905946887,0.6222931166971718,0.6497714002667261,0.2671231335769474
1567,V,GRU,2024-01-01,2026-01-01,18,0.6040888594854494,0.6914880536714894,0.5735329669560731,0.6463857418041643,0.1931829011885616
1568,V,GRU,2024-01-01,2026-01-01,19,0.8965522004163314,0.799751777865359,0.8432432777005916,0.7843759650077601,0.1930183750591615
1569,V,GRU,2024-01-01,2026-01-01,20,0.5450481607479856,0.581166169794244,0.5546449084148503,0.5250440309176223,0.1949137127699425
1570,V,GRU,2024-01-01,2026-01-01,21,1.0848239333698944,1.0753775328853137,1.1181346757957746,1.1268394120453271,0.1947123807735532
1571,V,GRU,2024-01-01,2026-01-01,22,0.4694783115012187,0.4560851262584296,0.4563874186438619,0.4745609018280478,0.2009450404451322
1572,V,GRU,2024-01-01,2026-01-01,23,0.5054374384079031,0.5575571436689606,0.4829682695005756,0.471397514551426,0.1947646807911593
1573,V,GRU,2024-01-01,2026-01-01,24,0.8369984404058616,0.8874886787186519,0.8051843316591252,0.8059864145668048,0.2104874093309707
1574,V,GRU,2024-01-01,2026-01-01,25,0.5201551595293783,0.596627176990425,0.6389802003690328,0.5628931266573375,0.2041466891212664
1575,V,GRU,2024-01-01,2026-01-01,26,0.942330642076166,0.9654468969138624,0.9978569286680904,0.95969639457672,0.1993475859565946
1576,V,GRU,2024-01-01,2026-01-01,27,1.0873960418862705,1.0790390029683024,1.0141007936931346,1.1310832757421083,0.2094130227532192
1577,V,GRU,2024-01-01,2026-01-01,28,0.4586679960432033,0.4627096343355228,0.4012600241594378,0.4884043586068471,0.2012035165588924
1578,V,GRU,2024-01-01,2026-01-01,29,0.58909936410508,0.5494008834755706,0.5756619715858727,0.6138920221152209,0.2196684915007924
1579,V,GRU,2024-01-01,2026-01-01,30,0.4589679869429438,0.4614595421615388,0.5342679020152014,0.4929718714976374,0.212977617071536
1580,V,GRU,2024-01-01,2026-01-01,31,0.7882652224850748,0.8696463491184501,0.6753167171888934,0.7706650003133328,0.2121876733451539
1581,V,GRU,2024-01-01,2026-01-01,32,0.3218613739546559,0.3100797378675078,0.3284749562722955,0.3248401449437603,0.1952037204245919
1582,V,GRU,2024-01-01,2026-01-01,33,3.60079683830034,3.608486416076544,4.402118259356559,3.738530216625116,0.2672090592985785
1583,V,GRU,2024-01-01,2026-01-01,34,0.6702695402023762,0.7475036297298275,0.6751589749347291,0.7986030383490418,0.20521678505765
1584,V,GRU,2024-01-01,2026-01-01,35,0.2965417759038876,0.3147152079962458,0.2893535272575133,0.2980261204985757,0.1933570436244009
1585,V,GRU,2024-01-01,2026-01-01,36,0.7487398786828081,0.7466349341302516,0.7379127503695095,0.7564132954895222,0.1961698269566728
1586,V,GRU,2024-01-01,2026-01-01,37,1.605178775886822,1.5588545192490089,1.616178210081462,1.3857999420410234,0.321531251559468
1587,V,GRU,2024-01-01,2026-01-01,38,0.4476019425836222,0.5205292097403718,0.4500580253318951,0.4684332032242652,0.2134222833893952
1588,V,GRU,2024-01-01,2026-01-01,39,0.9963906018042216,1.020355527173064,0.9717218818577308,0.96517460483545,0.1958471361530136
1589,V,GRU,2024-01-01,2026-01-01,40,0.8094304804870112,0.9498603908058526,0.8354754602125732,0.8999249067211429,0.2404842907093571
1590,V,GRU,2024-01-01,2026-01-01,41,0.3898448512029049,0.4843238288277202,0.4099451254061983,0.4659466944312319,0.1938697460500965
1591,V,GRU,2024-01-01,2026-01-01,42,0.6161412677786503,0.6773588580466989,0.6914120675642494,0.6381013240157534,0.2015879244627201
1592,V,GRU,2024-01-01,2026-01-01,43,0.4151862419627523,0.2920421910238481,0.4973195200321366,0.2390057074914164,0.1972905882538857
1593,V,GRU,2024-01-01,2026-01-01,44,0.5218824118878371,0.4637761659527711,0.2973738355075639,0.5177697949512579,0.3012546709435408
1594,V,GRU,2024-01-01,2026-01-01,45,0.3559641685649776,0.4815699644667415,0.4362782938735832,0.4412186099198206,0.1975942865845503
1595,V,GRU,2024-01-01,2026-01-01,46,0.547774462757765,0.5645095365900599,0.5425372653935754,0.5539154505467998,0.1941856459376015
1596,V,GRU,2024-01-01,2026-01-01,47,0.4259970352675712,0.4445539424327263,0.4185165455559483,0.4199213417871134,0.1941924749424268
1597,V,GRU,2024-01-01,2026-01-01,48,1.141289308931465,1.338457842640691,1.074526783317075,1.163281748913535,0.233499217877886
1598,V,GRU,2024-01-01,2026-01-01,49,1.462809972587617,1.436894442575113,1.320993660556533,1.52824197734905,0.1987930725057332
1599,V,GRU,2024-01-01,2026-01-01,50,1.2771857814399217,1.344508604020685,1.1354301688473738,1.2167221794431151,0.1978822538199281
1600,L_TO,GRU,2022-01-01,2024-01-01,1,2.307882659775459,2.952033928674216,2.7395465122486646,2.4185701786002918,0.212426779790521
1601,L_TO,GRU,2022-01-01,2024-01-01,2,0.5032353335840007,0.3762901891292787,0.4102158594466868,0.4061882502368662,0.2530632255690203
1602,L_TO,GRU,2022-01-01,2024-01-01,3,1.087058469771159,0.3144095995909378,0.4984692172766321,0.3643021833904889,0.2661790372528732
1603,L_TO,GRU,2022-01-01,2024-01-01,4,1.057016012501489,1.0571077311806327,1.0857333218123728,0.9904253994428664,0.1985637102374786
1604,L_TO,GRU,2022-01-01,2024-01-01,5,0.6487129020061481,0.5278279204119721,0.4973656204016223,0.5178754037198956,0.1928299407351372
1605,L_TO,GRU,2022-01-01,2024-01-01,6,1.06467144282959,1.0954210136180962,1.0316291225634169,0.918034124889309,0.2080106118163326
1606,L_TO,GRU,2022-01-01,2024-01-01,7,1.3403330993941502,1.2480957872314262,1.2168795726489414,1.1352942135136597,0.195534938821706
1607,L_TO,GRU,2022-01-01,2024-01-01,8,0.6515702563477965,0.5069279788121792,0.7349915355515759,0.5343411117873857,0.229653695351423
1608,L_TO,GRU,2022-01-01,2024-01-01,9,1.049730260776483,1.5939606791353111,1.325143874134383,1.648372952666724,0.2687385995044619
1609,L_TO,GRU,2022-01-01,2024-01-01,10,1.260813439911342,1.2449281138388613,1.1857134707573438,1.1965673734580953,0.1933922665917372
1610,L_TO,GRU,2022-01-01,2024-01-01,11,1.4761800515442622,1.4571210593216246,1.7880361883667069,1.581174204416975,0.3435451768237114
1611,L_TO,GRU,2022-01-01,2024-01-01,12,2.8004717433279134,3.1751969445299544,2.693014053029656,2.9112601465001857,0.32258570367521
1612,L_TO,GRU,2022-01-01,2024-01-01,13,0.7916132526224642,0.990127958184215,0.9049874735277064,0.815776190365136,0.2308662602992139
1613,L_TO,GRU,2022-01-01,2024-01-01,14,1.1162363923894325,1.251857164926828,1.0681557238576278,1.1354329626473392,0.2014246091305245
1614,L_TO,GRU,2022-01-01,2024-01-01,15,1.7444887031172824,0.8733493571885128,0.7814963404958454,1.078946218102021,0.345135353718336
1615,L_TO,GRU,2022-01-01,2024-01-01,16,0.9744308917147892,1.0774972836582963,1.0682098796445447,1.041977091611135,0.2180216004949269
1616,L_TO,GRU,2022-01-01,2024-01-01,17,1.2243559981610217,1.254880308133358,1.1869068946550358,1.1508035328677595,0.2010965594381064
1617,L_TO,GRU,2022-01-01,2024-01-01,18,0.5372895530540305,0.5487871822499433,0.4967350823617414,0.4914302481343143,0.218010828300302
1618,L_TO,GRU,2022-01-01,2024-01-01,19,0.8772902467285191,0.8629983098678257,1.288091908903588,1.062759687979717,0.3064214624453916
1619,L_TO,GRU,2022-01-01,2024-01-01,20,1.238016757465625,1.210563159405768,1.1647559437491175,1.1025269079787527,0.2258438694823165
1620,L_TO,GRU,2022-01-01,2024-01-01,21,0.5778633654706766,0.6853705898225282,0.8936555911055797,0.79867049478482,0.2290472685880371
1621,L_TO,GRU,2022-01-01,2024-01-01,22,1.230315133573903,1.227562541766574,1.118947423829072,1.127280641875822,0.2353090905245539
1622,L_TO,GRU,2022-01-01,2024-01-01,23,1.3387048990395496,1.2571932764320426,1.1291388334728538,1.2891506191797115,0.2619795890039089
1623,L_TO,GRU,2022-01-01,2024-01-01,24,1.3762433943888643,1.3147035337761563,1.2835063579158792,1.3728532220713954,0.1904599633430242
1624,L_TO,GRU,2022-01-01,2024-01-01,25,0.912132313228398,0.7071836013479362,0.3847187913384587,0.6722010539545653,0.2055054090783374
1625,L_TO,GRU,2022-01-01,2024-01-01,26,0.497469263209152,0.4356815779016081,0.438699550903955,0.4011139936498825,0.1966189308038434
1626,L_TO,GRU,2022-01-01,2024-01-01,27,1.1360050723112889,1.1535609654167969,1.078725157349162,1.093466450504497,0.2202911243630945
1627,L_TO,GRU,2022-01-01,2024-01-01,28,0.4314325631666393,0.4799793486720393,0.435876616101649,0.4125797133944908,0.1932212329411899
1628,L_TO,GRU,2022-01-01,2024-01-01,29,1.1112930151034706,1.169681704761805,0.9674979624975508,1.0249476461036615,0.2035870096783768
1629,L_TO,GRU,2022-01-01,2024-01-01,30,0.9806680400701993,0.9803047138947164,0.8980096839786417,0.8772164955662347,0.1999230847607117
1630,L_TO,GRU,2022-01-01,2024-01-01,31,0.4345411636852099,0.3947330612748108,0.3752048770250323,0.3477967582537597,0.2092011949866623
1631,L_TO,GRU,2022-01-01,2024-01-01,32,0.6218847260378924,0.4736959083902552,0.3406419896368639,0.3333910716574752,0.3384419585476793
1632,L_TO,GRU,2022-01-01,2024-01-01,33,0.5902047943310329,0.507297416071726,0.374789249312663,0.4840268358601416,0.2851084189775415
1633,L_TO,GRU,2022-01-01,2024-01-01,34,0.7096389982715464,0.7060765547737172,0.5794001244044136,0.4794082886982878,0.1999820968480293
1634,L_TO,GRU,2022-01-01,2024-01-01,35,0.6912973670109743,0.6468941926685384,0.6475842532107615,0.5601547372367441,0.2086976543850837
1635,L_TO,GRU,2022-01-01,2024-01-01,36,0.9394912771518364,0.9089561422028276,0.7279090098437709,0.7617890912594594,0.2332354786907683
1636,L_TO,GRU,2022-01-01,2024-01-01,37,0.5729549382277166,0.6010463741173361,0.5988592648759888,0.6100370897068451,0.2607178648236916
1637,L_TO,GRU,2022-01-01,2024-01-01,38,1.942138591255352,1.9924232225248464,1.8693096270876304,1.988565918575662,0.3301920248317653
1638,L_TO,GRU,2022-01-01,2024-01-01,39,0.3665345862584677,1.0812145467616854,0.6764741767345142,0.3262749921913663,0.1929918426341744
1639,L_TO,GRU,2022-01-01,2024-01-01,40,0.418273095209081,0.433005307742126,0.5393406671256766,0.6324206449052824,0.1968516469255405
1640,L_TO,GRU,2022-01-01,2024-01-01,41,1.0579525980936972,0.957958333594094,0.9044295578609558,0.9345384397203272,0.2382125239385054
1641,L_TO,GRU,2022-01-01,2024-01-01,42,0.8330089220714033,0.6427245655415168,0.615031802583995,0.6331503673216015,0.2148985886693749
1642,L_TO,GRU,2022-01-01,2024-01-01,43,1.847624460610641,1.7950036669986806,1.425899757663242,1.5540107112520614,0.2224549080752414
1643,L_TO,GRU,2022-01-01,2024-01-01,44,0.2878611284789062,0.3560097625795234,0.3855448708780558,0.4634238035204792,0.1949534678011855
1644,L_TO,GRU,2022-01-01,2024-01-01,45,0.515904979615401,0.3578806627565111,0.3374064917329881,0.312801832255328,0.2531460303805016
1645,L_TO,GRU,2022-01-01,2024-01-01,46,1.2190364035668846,1.3520025403897902,1.327453866060229,1.351532647048745,0.1968663359881504
1646,L_TO,GRU,2022-01-01,2024-01-01,47,0.5372786930345442,0.6589232168575145,0.7018195816164606,0.5312462071994601,0.2380335636619623
1647,L_TO,GRU,2022-01-01,2024-01-01,48,1.3385931772021948,1.2628637747801177,1.2276600372152078,1.157337064972257,0.2885127305396605
1648,L_TO,GRU,2022-01-01,2024-01-01,49,0.5369083054594886,0.5181458288991967,0.3115304896030166,0.3186705168445166,0.1947174777121803
1649,L_TO,GRU,2022-01-01,2024-01-01,50,0.8128455652228469,0.7989941530808969,0.7784127968568432,0.7224415947435403,0.2132185763989813
1650,L_TO,GRU,2022-09-01,2024-09-01,1,2.680012047959641,2.2809415760375167,1.541504980011725,2.1832618135732105,0.4004637901244349
1651,L_TO,GRU,2022-09-01,2024-09-01,2,2.2125589244014114,2.0228491692317743,1.9556515666309704,1.6313562310362917,0.3412356205029129
1652,L_TO,GRU,2022-09-01,2024-09-01,3,2.2221466345945893,2.2534869375801407,2.076309237676562,1.688603407297959,0.5055773438197722
1653,L_TO,GRU,2022-09-01,2024-09-01,4,0.7887075166560515,0.2698554127777541,0.3904524776405864,0.2201668731985804,0.5572751878241642
1654,L_TO,GRU,2022-09-01,2024-09-01,5,1.6550862519092386,1.52077312513229,1.4699487231283173,1.2433440378542,0.4922149753607454
1655,L_TO,GRU,2022-09-01,2024-09-01,6,3.2867969831360733,3.357164883901828,3.20324156921029,2.5861059937423616,0.3303620274572085
1656,L_TO,GRU,2022-09-01,2024-09-01,7,0.7899051737768095,0.7762564103695007,0.6769092373106346,0.5490605851612245,0.4744263825395703
1657,L_TO,GRU,2022-09-01,2024-09-01,8,1.3170873665688425,1.5802962284358768,1.5460074780037003,1.181038118729963,0.9971095559184509
1658,L_TO,GRU,2022-09-01,2024-09-01,9,0.75147857977343,0.7310871798984553,0.790544612515457,0.5648825639340829,0.2963980715572387
1659,L_TO,GRU,2022-09-01,2024-09-01,10,3.3193597592034445,3.3483889588894784,3.173210612519294,2.710415554292496,0.2813024949912113
1660,L_TO,GRU,2022-09-01,2024-09-01,11,2.811829176097514,2.67088445602629,2.866842112154468,2.3220336825627164,0.4244828518232917
1661,L_TO,GRU,2022-09-01,2024-09-01,12,2.973846924413207,2.9703292289503023,2.785327465974485,2.439719216759334,0.5475908706519786
1662,L_TO,GRU,2022-09-01,2024-09-01,13,1.3844724672489646,1.5695883305743712,1.761346489692169,1.641635461771433,0.7158469116714861
1663,L_TO,GRU,2022-09-01,2024-09-01,14,0.7870833351702385,0.4894962012425263,0.3763738876720411,0.2732190836528956,0.8852967388883953
1664,L_TO,GRU,2022-09-01,2024-09-01,15,0.9432998146489718,1.0168869759881731,0.8493940519504531,0.7606292833927443,0.4302850757884637
1665,L_TO,GRU,2022-09-01,2024-09-01,16,0.538416139990136,0.4743094162082055,0.7162206054530259,0.4488284155600149,0.6024997164864373
1666,L_TO,GRU,2022-09-01,2024-09-01,17,0.559836154504577,0.5877761590170444,0.643435710272094,0.5619366810854896,0.3257102084022447
1667,L_TO,GRU,2022-09-01,2024-09-01,18,2.399698451186984,2.5003375762098905,2.2583800996299987,1.9737332829947016,0.3125022519905186
1668,L_TO,GRU,2022-09-01,2024-09-01,19,0.6950048520962185,0.5760275856729635,0.8812442615194958,0.6151364085921182,0.4987627485499095
1669,L_TO,GRU,2022-09-01,2024-09-01,20,0.6697761643369275,0.588675931961981,0.5142443349679561,0.4744336956823225,0.2783519086999799
1670,L_TO,GRU,2022-09-01,2024-09-01,21,1.7890694081488812,1.5933044251184227,0.7646642925719623,0.8857988193048916,0.4069196840905504
1671,L_TO,GRU,2022-09-01,2024-09-01,22,2.319092651379281,2.443763792562852,2.413688337743892,1.9345344444248425,0.2764909850649035
1672,L_TO,GRU,2022-09-01,2024-09-01,23,5.32995336926319,3.673071330083493,4.396743804487191,3.066572481656462,0.256378795008293
1673,L_TO,GRU,2022-09-01,2024-09-01,24,1.0026919894702788,0.8144916411006904,0.952346602385116,0.8569154875661221,0.9230626396741451
1674,L_TO,GRU,2022-09-01,2024-09-01,25,3.73013451314334,2.7364483342531014,1.427530634509349,2.320842554234775,0.5397588598567595
1675,L_TO,GRU,2022-09-01,2024-09-01,26,5.498495908393092,4.444445993299011,5.573261203291568,3.868002079273088,0.4310350371426202
1676,L_TO,GRU,2022-09-01,2024-09-01,27,2.9080503213975555,2.9551080391603435,2.837695535687799,2.540800166864686,0.5831181316183578
1677,L_TO,GRU,2022-09-01,2024-09-01,28,6.059581641022482,5.926478588209677,4.964659908018376,4.24401678264521,0.2971529332740711
1678,L_TO,GRU,2022-09-01,2024-09-01,29,3.976393926373486,2.8646911121062204,2.472296162676705,3.1041059144897214,0.6314009695197272
1679,L_TO,GRU,2022-09-01,2024-09-01,30,6.976649445295785,6.878675688977904,6.416827406373499,5.481162065854341,0.8776479590645744
1680,L_TO,GRU,2022-09-01,2024-09-01,31,2.0242161388984425,1.94342103887866,2.0534207200462724,1.7994272593665543,0.7890741713701753
1681,L_TO,GRU,2022-09-01,2024-09-01,32,1.81829966269004,1.84457603063392,2.0963356602321634,1.4794862592167466,0.4102544589030629
1682,L_TO,GRU,2022-09-01,2024-09-01,33,1.6680827187951568,1.4305310706918155,1.3644947733451092,1.236660358096369,0.3631926686987493
1683,L_TO,GRU,2022-09-01,2024-09-01,34,0.9593074769669628,0.5086451198882787,0.5836703808672642,0.3912182061329049,0.3576099719135977
1684,L_TO,GRU,2022-09-01,2024-09-01,35,0.4530455012468693,0.3860017021340962,0.3231663398635918,0.2272551842088048,0.5533106562640377
1685,L_TO,GRU,2022-09-01,2024-09-01,36,0.6327852618860594,0.6654314427259527,0.793985449168372,0.6888825552554507,0.3942439932855786
1686,L_TO,GRU,2022-09-01,2024-09-01,37,4.125247453430272,4.406262364651589,4.391294847107153,3.57676862779309,0.5337119376251218
1687,L_TO,GRU,2022-09-01,2024-09-01,38,1.193587508785818,1.4072520631573884,1.569971356903741,1.1326297716369995,0.6199403283435211
1688,L_TO,GRU,2022-09-01,2024-09-01,39,0.3780505835058125,0.4736426993932737,0.3784040158318646,0.5991570394709869,0.3723359086651716
1689,L_TO,GRU,2022-09-01,2024-09-01,40,3.294876190544151,4.456940082643554,3.7078186418251735,2.8823596252865684,1.828993650752872
1690,L_TO,GRU,2022-09-01,2024-09-01,41,1.9949031347777075,1.14580315828193,0.9145676453471726,1.3826569259986885,0.321700438259657
1691,L_TO,GRU,2022-09-01,2024-09-01,42,0.4360679816350142,0.5129649326706561,0.6675229711841538,0.460905359500918,0.5811355756640828
1692,L_TO,GRU,2022-09-01,2024-09-01,43,5.305162663887138,5.748011887277009,4.608364845533041,4.780869185484235,0.3171676715265018
1693,L_TO,GRU,2022-09-01,2024-09-01,44,2.1411512078612733,2.3975153074832614,2.307657328287172,1.7805761290987023,0.5653988470097779
1694,L_TO,GRU,2022-09-01,2024-09-01,45,1.3546965016661938,1.3991262129549402,1.229841455195364,1.05820629720174,0.3436938520578845
1695,L_TO,GRU,2022-09-01,2024-09-01,46,5.422553992171457,5.719315395151538,5.320021035150651,5.309245924007989,0.8458540996656475
1696,L_TO,GRU,2022-09-01,2024-09-01,47,1.1464935554184892,1.1670325628034812,1.097553519890866,0.7578996385563392,0.5588953459669556
1697,L_TO,GRU,2022-09-01,2024-09-01,48,0.4279375922303989,0.9859365075261756,1.6363636000040085,1.4971624969295725,0.6680927092118799
1698,L_TO,GRU,2022-09-01,2024-09-01,49,1.4269073802807328,1.4204717162633482,1.666569304716116,1.3314265252081057,0.4245362301018411
1699,L_TO,GRU,2022-09-01,2024-09-01,50,2.6500645892955217,3.749023534039816,4.3633374657909165,3.645349270293321,0.8921206562095872
1700,L_TO,GRU,2023-05-01,2025-05-01,1,0.364971656628895,0.3091033807136269,0.3118390346065032,0.3774766694614325,0.2614565871970581
1701,L_TO,GRU,2023-05-01,2025-05-01,2,0.66505125221697,0.6487574604465861,0.6636568333392925,0.6419185668170246,0.2920899058955413
1702,L_TO,GRU,2023-05-01,2025-05-01,3,0.8825679183127203,0.822568527045025,0.8561780299544803,0.816922324750444,0.2376371772199948
1703,L_TO,GRU,2023-05-01,2025-05-01,4,0.1522616140953784,0.1483014851578353,0.1752576903737355,0.1613978968295552,0.2536234913906573
1704,L_TO,GRU,2023-05-01,2025-05-01,5,0.450669411684842,0.6054716491307237,0.6777644495249252,0.6222730652354738,0.2972019701495476
1705,L_TO,GRU,2023-05-01,2025-05-01,6,0.7135407779737682,0.7430677188213684,0.8088541573528225,0.7087808205822912,0.2658347620354243
1706,L_TO,GRU,2023-05-01,2025-05-01,7,0.99001613081808,0.9096435255884872,0.9201796069953666,0.826767628321924,0.2266591581765754
1707,L_TO,GRU,2023-05-01,2025-05-01,8,0.9745602306712844,0.9261395623536148,1.1112075132058004,1.0493104825008233,0.2919446299068679
1708,L_TO,GRU,2023-05-01,2025-05-01,9,1.52052286871165,1.4937055960421215,1.6064012277566213,1.5697500371545448,0.2370636400738547
1709,L_TO,GRU,2023-05-01,2025-05-01,10,0.3299829657038618,0.3679801259848761,0.4179415604578316,0.3351299960137288,0.227522122844674
1710,L_TO,GRU,2023-05-01,2025-05-01,11,0.5801289548272478,0.5267788567175914,0.5730296092786362,0.5497624187062164,0.2486655299404701
1711,L_TO,GRU,2023-05-01,2025-05-01,12,1.399799992672676,1.3751710538421351,1.365471873731759,1.4221972696620704,0.2719698877184319
1712,L_TO,GRU,2023-05-01,2025-05-01,13,3.3366629284368536,3.3749744394407686,3.669486302943784,3.610819614622794,0.3282001733642506
1713,L_TO,GRU,2023-05-01,2025-05-01,14,0.1364214163451593,0.1356528375792857,0.1400131310502438,0.197500921202737,0.2570819193228996
1714,L_TO,GRU,2023-05-01,2025-05-01,15,3.016072502222304,2.8520740810806875,2.9813559653579764,2.807539387300332,0.2066799118575203
1715,L_TO,GRU,2023-05-01,2025-05-01,16,0.8687520965128284,0.6912497515153645,0.7106938647591134,0.7006034927410023,0.238527337567985
1716,L_TO,GRU,2023-05-01,2025-05-01,17,0.2239158315440978,0.1556564757949799,0.1828700728273827,0.2757409031910687,0.2768969561499129
1717,L_TO,GRU,2023-05-01,2025-05-01,18,0.2639752532804387,0.299167755582767,0.3213196280486175,0.33304878640801,0.2261862256211482
1718,L_TO,GRU,2023-05-01,2025-05-01,19,1.2222991057451793,1.1683038275830222,1.1622365745785257,1.1996122104073952,0.2477212473439567
1719,L_TO,GRU,2023-05-01,2025-05-01,20,0.3807312280141416,0.3531057815727653,0.3126349898863407,0.2636108748571691,0.2740243212456185
1720,L_TO,GRU,2023-05-01,2025-05-01,21,0.5817974098934545,0.5980445664048,0.6454959989101922,0.5265693376581955,0.2441272032306218
1721,L_TO,GRU,2023-05-01,2025-05-01,22,0.956861105234342,0.9725407724347472,1.009096855110376,0.9074433268579414,0.2384577164618212
1722,L_TO,GRU,2023-05-01,2025-05-01,23,0.803954164585864,0.1092816503592346,0.4152478597211242,0.1157229769773774,0.2869520460223439
1723,L_TO,GRU,2023-05-01,2025-05-01,24,1.2313074269971165,1.1645523698671951,1.289216498861026,1.2555882737350488,0.2386102657477097
1724,L_TO,GRU,2023-05-01,2025-05-01,25,0.3157308608296763,0.37513972194238,0.3833587233372265,0.3166232442559957,0.2360852537241776
1725,L_TO,GRU,2023-05-01,2025-05-01,26,0.6969131885712291,0.7342864228119825,0.7291453265659622,0.6839611841946197,0.2362407438076678
1726,L_TO,GRU,2023-05-01,2025-05-01,27,0.250055178168461,0.2152085397404166,0.318006946884207,0.1602979610249933,0.3275507018206616
1727,L_TO,GRU,2023-05-01,2025-05-01,28,1.5899280909601012,1.1223523936316306,1.3227606232067577,1.400183218924013,0.2934810932284494
1728,L_TO,GRU,2023-05-01,2025-05-01,29,0.1661292707096212,0.1714102660499347,0.1692936484441851,0.1883165360882955,0.3718142281906383
1729,L_TO,GRU,2023-05-01,2025-05-01,30,0.5272872262345252,0.5126275781383858,0.5326937095755561,0.5182632076990242,0.2690295763650644
1730,L_TO,GRU,2023-05-01,2025-05-01,31,0.5081920601543821,0.5474556932155871,0.4865227593444466,0.5474087284816201,0.2315056829716315
1731,L_TO,GRU,2023-05-01,2025-05-01,32,0.336589302021816,0.1047467956631435,0.2396416704743036,0.2657224558052491,0.2335870118929269
1732,L_TO,GRU,2023-05-01,2025-05-01,33,0.8088898116393141,0.7552912260138605,0.7189168009453418,0.7878713852800763,0.2737623830326269
1733,L_TO,GRU,2023-05-01,2025-05-01,34,0.2505683734736957,0.1755846827705439,0.5095208868285034,0.3264578332252942,0.2240343414890645
1734,L_TO,GRU,2023-05-01,2025-05-01,35,0.5155054920534928,0.2388207159897132,0.1469205734564179,0.4535374125678458,0.2383319360393493
1735,L_TO,GRU,2023-05-01,2025-05-01,36,0.8372378081551972,0.8328955565913629,0.8005698164947254,0.7976104176801042,0.2938854726853355
1736,L_TO,GRU,2023-05-01,2025-05-01,37,0.4288845330999176,0.1033134410657245,0.2140205701478115,0.1499131108912257,0.2654143584725479
1737,L_TO,GRU,2023-05-01,2025-05-01,38,0.3192747535615914,0.3465613022177354,0.3800050557040323,0.3833663408974078,0.2304090517578353
1738,L_TO,GRU,2023-05-01,2025-05-01,39,0.820582285746209,0.7273333417249035,0.8108865926790092,0.74870769910011,0.2528462082420248
1739,L_TO,GRU,2023-05-01,2025-05-01,40,0.5540679918707109,0.6310765625733268,0.6696007177094618,0.6095123484926371,0.2714942744113173
1740,L_TO,GRU,2023-05-01,2025-05-01,41,0.90647078352427,0.8506106606936764,0.8745916082942939,0.9383676847680616,0.254201562693381
1741,L_TO,GRU,2023-05-01,2025-05-01,42,1.0333751264769246,1.0163992238077362,1.0305297307737955,1.0675294760129757,0.2773055809789122
1742,L_TO,GRU,2023-05-01,2025-05-01,43,0.3769340631972349,0.4774479124126683,0.5842191285311163,0.5314286480316351,0.229099605438349
1743,L_TO,GRU,2023-05-01,2025-05-01,44,0.8764411561602209,0.8389594531902582,0.7794011735914522,0.8163224349694165,0.2231681622958095
1744,L_TO,GRU,2023-05-01,2025-05-01,45,0.8292524785673864,0.7976975385209789,0.960471316508793,0.884491382658584,0.3036972374867842
1745,L_TO,GRU,2023-05-01,2025-05-01,46,0.3784510571210128,0.3221998654066708,0.3053967015315256,0.2528650998599745,0.2605567907480289
1746,L_TO,GRU,2023-05-01,2025-05-01,47,0.171777221552244,0.1058349165067663,0.1435022591848087,0.1210687288672909,0.2963000837230063
1747,L_TO,GRU,2023-05-01,2025-05-01,48,1.767091490655446,1.7087572473435104,1.7804177686644689,1.7993199877390973,0.2273876808869386
1748,L_TO,GRU,2023-05-01,2025-05-01,49,0.958661802243032,0.9172711791467428,0.9191267064228122,0.8719686200092721,0.2228528651247313
1749,L_TO,GRU,2023-05-01,2025-05-01,50,1.271186038370462,1.004277463348221,1.224556746593772,1.0911826429324418,0.2240709738867462
1750,L_TO,GRU,2024-01-01,2026-01-01,1,1.275825588354452,1.489369936203771,0.9097598981872574,1.0774178761818984,0.2052202938428275
1751,L_TO,GRU,2024-01-01,2026-01-01,2,1.6874011578455623,1.8245508333896217,1.3502239331718038,1.548117524338519,0.2398670597499326
1752,L_TO,GRU,2024-01-01,2026-01-01,3,2.3246202763933663,2.7332297209412912,2.079926658914506,2.1644692009626225,0.2027494595793436
1753,L_TO,GRU,2024-01-01,2026-01-01,4,0.636964996964908,0.7247885361713807,0.6144309796254024,0.605520826454617,0.2006561203529593
1754,L_TO,GRU,2024-01-01,2026-01-01,5,0.3332218353296515,0.8120647006962951,1.1673554340933372,0.946607723430418,0.2287924703149422
1755,L_TO,GRU,2024-01-01,2026-01-01,6,0.5683470115269648,1.08185545561874,1.0686295139375384,0.9744603290938796,0.2018477748744734
1756,L_TO,GRU,2024-01-01,2026-01-01,7,2.355846218638176,3.1383336459343485,2.2969988272833843,1.9877389847757996,0.2036831674718987
1757,L_TO,GRU,2024-01-01,2026-01-01,8,0.7063401311690235,0.8642180001626731,0.569637162262737,0.6434737642044445,0.2039918841783449
1758,L_TO,GRU,2024-01-01,2026-01-01,9,7.885182802272601,8.683707753143775,6.846293336378113,7.733474598005629,0.214828562525313
1759,L_TO,GRU,2024-01-01,2026-01-01,10,1.8277718409741956,2.060762577701825,1.9536198488898,2.6530564756589325,0.2042360534986946
1760,L_TO,GRU,2024-01-01,2026-01-01,11,0.932400055631506,1.1109607268248531,0.7139565927028396,1.0461853485323322,0.2195649476854362
1761,L_TO,GRU,2024-01-01,2026-01-01,12,0.915730633771332,2.142399627733864,1.1295346179969332,1.1527980497503392,0.2520860123935554
1762,L_TO,GRU,2024-01-01,2026-01-01,13,2.090619529998976,5.437059193395302,2.692732923617529,3.3686541721922136,0.324019803679873
1763,L_TO,GRU,2024-01-01,2026-01-01,14,5.532786449312166,5.9755730037811325,5.24911089845113,5.435820546648131,0.1984552063963431
1764,L_TO,GRU,2024-01-01,2026-01-01,15,0.6353531574047693,0.7371119208087308,0.54113594707712,0.6496533645981059,0.314474274010602
1765,L_TO,GRU,2024-01-01,2026-01-01,16,0.875609832315905,1.2307397838474952,1.235997313081584,1.1225835432122349,0.2084984711678043
1766,L_TO,GRU,2024-01-01,2026-01-01,17,2.3959933284887738,1.909092990545738,1.640853085733008,1.93464418569341,0.2060687735347256
1767,L_TO,GRU,2024-01-01,2026-01-01,18,5.148400935854429,5.667704132584052,4.497249754061674,4.933924747994046,0.206138129104129
1768,L_TO,GRU,2024-01-01,2026-01-01,19,5.446052288700454,5.684209162813796,4.420210740258294,4.527390109328999,0.2035345149903571
1769,L_TO,GRU,2024-01-01,2026-01-01,20,6.21846529165372,6.989455820074439,4.869500892592293,5.941187100754092,0.2096465062325574
1770,L_TO,GRU,2024-01-01,2026-01-01,21,8.978972662542896,8.613891728342635,6.853519073930406,7.941510549279005,0.1989828702043828
1771,L_TO,GRU,2024-01-01,2026-01-01,22,6.210261421172101,7.023490537364641,5.526731384005469,6.074216480189913,0.2064432055451952
1772,L_TO,GRU,2024-01-01,2026-01-01,23,4.349667348098691,2.1188156533210867,1.1878455122258007,2.145720883563857,0.2380446162567283
1773,L_TO,GRU,2024-01-01,2026-01-01,24,0.5359047191406481,0.5451253448287029,0.3659363581825542,0.4996048081600582,0.2204060079855314
1774,L_TO,GRU,2024-01-01,2026-01-01,25,1.4971688419418323,1.4152350060749164,1.3442677057006651,1.391407127893789,0.2088313348140084
1775,L_TO,GRU,2024-01-01,2026-01-01,26,0.5693509874210841,0.5420387075533187,0.3868254099499281,0.4996753804351891,0.203186055166822
1776,L_TO,GRU,2024-01-01,2026-01-01,27,7.501709104400711,8.453056596279495,6.587453662074712,8.164565773778214,0.2474390001576765
1777,L_TO,GRU,2024-01-01,2026-01-01,28,2.250188018352752,2.451056729647449,2.541007318564715,2.9272236493661845,0.2096136723811616
1778,L_TO,GRU,2024-01-01,2026-01-01,29,3.6437637566468575,4.494998603621382,2.78446358559006,3.705012682819842,0.2186880919282453
1779,L_TO,GRU,2024-01-01,2026-01-01,30,1.301800374660045,1.6486471601441288,1.0190872406526963,1.2619298867260862,0.1998224404178531
1780,L_TO,GRU,2024-01-01,2026-01-01,31,2.8908177221060734,2.9379436747342718,1.962201771907944,3.060398737469293,0.2149629723467754
1781,L_TO,GRU,2024-01-01,2026-01-01,32,0.8371865033277127,0.8879273237638392,0.994098789433489,1.045220849221123,0.2451059408164922
1782,L_TO,GRU,2024-01-01,2026-01-01,33,0.7649918019908885,0.861853150457102,0.5099676591754325,0.6206085773987436,0.2344639488254471
1783,L_TO,GRU,2024-01-01,2026-01-01,34,7.840786934766568,7.202694360615801,6.982057921485372,7.63592192458149,0.240556863816607
1784,L_TO,GRU,2024-01-01,2026-01-01,35,0.3584107643373551,1.1291591690654132,1.5720008528591038,0.5011426975518983,0.2141110780514671
1785,L_TO,GRU,2024-01-01,2026-01-01,36,4.898884973359055,5.366092395169492,4.169428710839102,5.056678643742611,0.2471104636855665
1786,L_TO,GRU,2024-01-01,2026-01-01,37,4.124612217130127,3.5132639443465474,1.6646987233488328,3.801900134461895,0.2347731963643921
1787,L_TO,GRU,2024-01-01,2026-01-01,38,6.548716723027659,7.033390616265282,5.6782124584838725,6.297778471924085,0.2038997612292673
1788,L_TO,GRU,2024-01-01,2026-01-01,39,1.5627247114589669,1.5697085488771858,1.6599594510400104,1.0922496562591866,0.2040696394746368
1789,L_TO,GRU,2024-01-01,2026-01-01,40,3.2735456327764743,3.1189364917057367,3.1461046716975813,3.262111248363021,0.2233498496477686
1790,L_TO,GRU,2024-01-01,2026-01-01,41,2.7087532034118627,2.764508242685228,2.4289192629294507,2.5367788789076964,0.2071197871396523
1791,L_TO,GRU,2024-01-01,2026-01-01,42,2.6788863476205043,2.1431159183300736,2.222490112478202,2.363038534878029,0.2083149560328251
1792,L_TO,GRU,2024-01-01,2026-01-01,43,2.134611666730313,2.234179444388163,1.904544669146034,2.0573324444281145,0.210874678210653
1793,L_TO,GRU,2024-01-01,2026-01-01,44,2.331771055110176,2.8442936939957413,2.251068603833166,2.49741894882636,0.2338479897393157
1794,L_TO,GRU,2024-01-01,2026-01-01,45,2.836847292838912,3.2725571383175627,2.29009123999394,2.588879525163144,0.206248362519013
1795,L_TO,GRU,2024-01-01,2026-01-01,46,2.315507322976275,2.419334590517764,1.4555895162874424,1.7229849249612963,0.254649775753148
1796,L_TO,GRU,2024-01-01,2026-01-01,47,3.42904044178718,3.8860730336430023,3.2081044492444946,3.492521705035355,0.2094686492672851
1797,L_TO,GRU,2024-01-01,2026-01-01,48,2.7039770994558063,3.012781806723622,2.268675931493799,2.6276895466851244,0.2149874656760571
1798,L_TO,GRU,2024-01-01,2026-01-01,49,1.1913914978128466,1.339051953151572,0.8205233098194963,0.7380843950348188,0.2308702408703148
1799,L_TO,GRU,2024-01-01,2026-01-01,50,1.5552719191998128,1.8299206296273995,1.5482388728977303,1.5753382979950576,0.2141930762602526
1800,USO,GRU,2022-01-01,2024-01-01,1,0.38217974617876205,0.32963892047370735,0.44137126464719445,0.3596385383071155,0.26906996540451916
1801,USO,GRU,2022-01-01,2024-01-01,2,2.765667600184589,2.35359605923932,2.537778473465371,2.807909670532983,0.22188614555745753
1802,USO,GRU,2022-01-01,2024-01-01,3,1.093127305504237,1.0153608158484857,0.6767722901973182,0.8550154332853187,0.22040109407189648
1803,USO,GRU,2022-01-01,2024-01-01,4,2.6585271951837615,2.6396129321278274,2.899114215950613,2.7837859500940336,0.21751243443129117
1804,USO,GRU,2022-01-01,2024-01-01,5,3.327385598832218,3.214147276850706,3.755129201088743,3.758997090042975,0.4931679417187068
1805,USO,GRU,2022-01-01,2024-01-01,6,2.3743880389966217,2.1371542753997494,2.012043260377346,2.1063030396175506,0.26492564844316085
1806,USO,GRU,2022-01-01,2024-01-01,7,0.24378861771520352,0.31328005677302107,0.24575122435290866,0.2547558536345206,0.2452706250512289
1807,USO,GRU,2022-01-01,2024-01-01,8,0.49446738838655063,0.39049574952377325,0.3413204117014603,0.34936224117512243,0.2193295843331798
1808,USO,GRU,2022-01-01,2024-01-01,9,1.1568112707084952,1.1246162790792034,1.136427540327057,1.1964074067827397,0.3762557244173163
1809,USO,GRU,2022-01-01,2024-01-01,10,0.36616552221470444,0.38108533799289596,0.3868335115225017,0.36544669715438666,0.23069102570359268
1810,USO,GRU,2022-01-01,2024-01-01,11,0.5647610821773716,0.6217857938273819,0.5361198434590186,0.6196863737582315,0.24485258998201062
1811,USO,GRU,2022-01-01,2024-01-01,12,1.808877902146768,2.602614186774045,2.2668844267404116,2.481996905767345,0.5945261921931626
1812,USO,GRU,2022-01-01,2024-01-01,13,0.5208894907697821,0.5149441440098091,0.5572407872982422,0.5243041573701471,0.29945907962331014
1813,USO,GRU,2022-01-01,2024-01-01,14,0.8613093448269725,0.7327104750376436,0.6699544169306282,0.7428803339366421,0.23181249331364345
1814,USO,GRU,2022-01-01,2024-01-01,15,0.8870142618825331,0.8353862575467489,0.7464954949092854,0.8212578566740737,0.21801742863212328
1815,USO,GRU,2022-01-01,2024-01-01,16,0.7545389218402553,0.717697980292383,0.7772060667298091,0.7614387925498168,0.33816247411538974
1816,USO,GRU,2022-01-01,2024-01-01,17,1.1043755666794857,1.0754198917281146,1.061857574158893,1.120700922901308,0.22445405560726592
1817,USO,GRU,2022-01-01,2024-01-01,18,0.29098534045991015,0.26717958455121477,0.3232544231772682,0.2715190631214673,0.21767133009972786
1818,USO,GRU,2022-01-01,2024-01-01,19,1.3698559622093593,1.1427223623648355,1.2469007079416883,1.243343042342513,0.34670684374378363
1819,USO,GRU,2022-01-01,2024-01-01,20,0.8837308397179895,0.9513261519487141,0.9996887350345393,1.0352101846476596,0.2250504859919642
1820,USO,GRU,2022-01-01,2024-01-01,21,1.089615515124172,1.318513503146583,1.5120248016556244,1.3485084430992436,0.22962620564623445
1821,USO,GRU,2022-01-01,2024-01-01,22,0.3029131019052681,0.3293257022368107,0.27805302572120755,0.4085205162769115,0.29401601095392416
1822,USO,GRU,2022-01-01,2024-01-01,23,0.6400034729153364,0.727975154911941,0.7521961276296867,0.8209893321223125,0.33113499999215995
1823,USO,GRU,2022-01-01,2024-01-01,24,0.33580458406980296,0.3739338183686585,0.36284963174323503,0.38981922473608055,0.22700568802768892
1824,USO,GRU,2022-01-01,2024-01-01,25,0.8998610748174434,1.016268205798503,1.0868074064325397,1.1683605903022838,0.4185648756550363
1825,USO,GRU,2022-01-01,2024-01-01,26,0.4989970625104344,0.496729291777393,0.5278917629244554,0.5375410561537567,0.22197737301388915
1826,USO,GRU,2022-01-01,2024-01-01,27,2.756607616036363,2.920637942184774,3.426350927466757,3.3038440135596634,0.3041660279066309
1827,USO,GRU,2022-01-01,2024-01-01,28,2.7761399651366996,2.9604474450892138,3.1225016522782463,2.9802838346634877,0.2719089422088312
1828,USO,GRU,2022-01-01,2024-01-01,29,0.34047299691025873,0.3441601364610203,0.33217286998414064,0.3547534117661533,0.2202632843448042
1829,USO,GRU,2022-01-01,2024-01-01,30,1.5592795755185724,1.3889895018882126,1.8170661308407239,1.7844346564675981,0.2697384816638462
1830,USO,GRU,2022-01-01,2024-01-01,31,0.25914558270522425,0.3219224462280856,0.25902900636655,0.31538585094116894,0.22917652350802964
1831,USO,GRU,2022-01-01,2024-01-01,32,0.9036082738729975,0.9132706838117477,0.9108947305025634,0.9488805729626557,0.29911290034795524
1832,USO,GRU,2022-01-01,2024-01-01,33,0.4298742122948656,0.3990641723045524,0.44533170489926155,0.3920390956436936,0.3162617018172691
1833,USO,GRU,2022-01-01,2024-01-01,34,0.4059711707019108,0.34380457884287996,0.3944899654902401,0.3649392933752402,0.21748618279018364
1834,USO,GRU,2022-01-01,2024-01-01,35,0.6234373529618011,0.6039673759371857,0.5455875484266938,0.5997593670146089,0.2285361063920235
1835,USO,GRU,2022-01-01,2024-01-01,36,0.9519757617100972,0.9856879976973008,1.0002657989288506,1.085833561861997,0.22235722875078737
1836,USO,GRU,2022-01-01,2024-01-01,37,0.8212477150774535,0.8098024311911176,0.9124478112379947,0.960756479586603,0.22212994855855872
1837,USO,GRU,2022-01-01,2024-01-01,38,0.4538496829192765,0.6124102272171782,0.636976318666873,0.5606525318639743,0.2729060660330704
1838,USO,GRU,2022-01-01,2024-01-01,39,0.9372435616943855,0.863375213934568,0.7455234277427562,0.9825343154932397,0.3031317226175025
1839,USO,GRU,2022-01-01,2024-01-01,40,0.36930579622041537,0.3580757020643239,0.31653653680229005,0.38101352337389455,0.2205924893869991
1840,USO,GRU,2022-01-01,2024-01-01,41,0.24033957616239263,0.23698255526293857,0.33510720896850915,0.24443828750765492,0.23142871511524685
1841,USO,GRU,2022-01-01,2024-01-01,42,0.6324836317101609,0.56238901319692,0.37534968971956845,0.6753518303447462,0.5819401274539325
1842,USO,GRU,2022-01-01,2024-01-01,43,1.1522555774154601,1.1393808835103731,1.2455736330260792,1.2518767325889308,0.22273007621896196
1843,USO,GRU,2022-01-01,2024-01-01,44,0.3800163433165606,0.36790113420410536,0.4007150098027597,0.3653325644087391,0.2187896142052715
1844,USO,GRU,2022-01-01,2024-01-01,45,1.900845327701878,2.019864734057781,2.359189759311977,2.206137944539015,0.7589847414265583
1845,USO,GRU,2022-01-01,2024-01-01,46,0.8841571959256049,0.7603418380423154,0.6639668451077593,0.734126064994847,0.23775514673561554
1846,USO,GRU,2022-01-01,2024-01-01,47,0.7269654694747439,0.8265571865594242,0.80287668676603,0.8315461126670531,0.29873464543183503
1847,USO,GRU,2022-01-01,2024-01-01,48,0.9006062059443786,1.0387490952719274,0.9877298236436697,1.172903319793504,0.2192867245161925
1848,USO,GRU,2022-01-01,2024-01-01,49,0.6668805677775625,0.7985264204424561,0.7222149298462717,0.7708802084500926,0.22039928001609166
1849,USO,GRU,2022-01-01,2024-01-01,50,1.260851403046448,1.3509489676066595,1.475812981965765,1.5146476928720412,0.2239422611516991
1850,USO,GRU,2022-09-01,2024-09-01,1,0.752786129132943,0.9279921123958547,1.007700912031578,0.8699170609950362,0.29906313348827473
1851,USO,GRU,2022-09-01,2024-09-01,2,3.183911956797742,3.450356941010586,3.8816300662902328,3.688483338256311,0.31334047926152303
1852,USO,GRU,2022-09-01,2024-09-01,3,0.5497592678139428,0.6642630385241232,0.6316491099844878,0.5586566602420597,0.8957944958345905
1853,USO,GRU,2022-09-01,2024-09-01,4,1.7036050691566913,1.915609968769221,2.032509345305591,1.8484350444100952,0.5248301078724531
1854,USO,GRU,2022-09-01,2024-09-01,5,0.8557099101690527,0.9002789099991493,1.0226245823025564,1.0880601313477087,1.069737780730293
1855,USO,GRU,2022-09-01,2024-09-01,6,0.3341707865309374,0.334662828016984,0.5918722727332332,0.4350313017895118,0.5729328862686092
1856,USO,GRU,2022-09-01,2024-09-01,7,3.202876321165208,3.4224704924341074,3.784393805446772,3.646208116756001,0.3062346807353232
1857,USO,GRU,2022-09-01,2024-09-01,8,1.2299837311458812,1.340621127677038,1.418462096387485,1.349441904911683,0.720403992041612
1858,USO,GRU,2022-09-01,2024-09-01,9,0.46329259362371417,0.458724239129388,0.4999166812839287,0.4471668255833552,0.3960008445243949
1859,USO,GRU,2022-09-01,2024-09-01,10,0.8166880533290056,0.854675442330245,0.8177413968704778,0.7456941561274217,0.3168141405764715
1860,USO,GRU,2022-09-01,2024-09-01,11,0.393448764329284,0.41867566396534445,0.3911814145545516,0.3714902842990243,0.3053590973713655
1861,USO,GRU,2022-09-01,2024-09-01,12,0.9618542741206167,1.0237346511566472,1.4099012682227015,1.2572233940854576,0.441545295554292
1862,USO,GRU,2022-09-01,2024-09-01,13,2.9003300071699227,3.7420411234100395,3.8685686369361663,4.196272967850925,0.3731577022720482
1863,USO,GRU,2022-09-01,2024-09-01,14,0.5989656162946745,0.39602551803978264,0.36692245000726437,0.5588418296096729,0.32610012740311756
1864,USO,GRU,2022-09-01,2024-09-01,15,1.105444762665475,1.176775576116774,1.123580094609002,1.0541004920672508,0.5043223285969126
1865,USO,GRU,2022-09-01,2024-09-01,16,1.1381521551279936,1.316627208149553,1.330428645471503,1.2839292111839327,0.35283020653500263
1866,USO,GRU,2022-09-01,2024-09-01,17,0.9448886169121565,1.0002684223715343,0.9851960796224087,0.8523149599838459,0.3381716029699728
1867,USO,GRU,2022-09-01,2024-09-01,18,0.9047397593121981,0.8293921632480289,0.9620533353582864,0.7994211803931097,0.2995054425819923
1868,USO,GRU,2022-09-01,2024-09-01,19,1.8052367781490317,1.6790759900673782,1.692654303516229,1.6209502609824185,0.36827582398911807
1869,USO,GRU,2022-09-01,2024-09-01,20,1.8361575136172894,2.080709738029747,2.1310812246798125,1.9416213086720893,0.5831588558483547
1870,USO,GRU,2022-09-01,2024-09-01,21,0.7058748028886358,0.7097933703722044,0.7128324810434062,0.6558942176712763,0.31614458433859016
1871,USO,GRU,2022-09-01,2024-09-01,22,1.0855400961176214,1.1861581163664687,1.2588179625122515,1.1528135159765789,0.7403134235706368
1872,USO,GRU,2022-09-01,2024-09-01,23,0.6207483385019014,0.675739217868549,0.5708028985125091,0.7094269196112477,0.32492015086273746
1873,USO,GRU,2022-09-01,2024-09-01,24,3.2243149441335186,3.3923949325055895,3.627696561863889,3.954903499774427,0.5776370467356169
1874,USO,GRU,2022-09-01,2024-09-01,25,1.9503872054376143,1.719260628568597,1.0426120376754622,1.533804002258433,0.46530907729847704
1875,USO,GRU,2022-09-01,2024-09-01,26,0.7454347070119963,0.7116872296080263,0.9651331022376577,0.7147497201170987,0.41341795609079335
1876,USO,GRU,2022-09-01,2024-09-01,27,0.45823354876269434,0.5377028041094526,0.5427334905513342,0.47183220685612987,0.3297245403138388
1877,USO,GRU,2022-09-01,2024-09-01,28,1.6806500142710052,1.7534142900375695,1.8002155568467446,1.7439728085933215,0.4760049891208308
1878,USO,GRU,2022-09-01,2024-09-01,29,0.4769413418975479,0.44624513840669455,0.37814316510167445,0.5351849151711733,0.4228537543231583
1879,USO,GRU,2022-09-01,2024-09-01,30,1.0854377858631474,1.2176382823244465,1.2424754691846842,1.1990497721760167,0.43807784253096477
1880,USO,GRU,2022-09-01,2024-09-01,31,4.541502242734814,4.6588358786544015,5.675992860326828,5.041264776079836,0.3453517697834746
1881,USO,GRU,2022-09-01,2024-09-01,32,0.7969415888046117,0.8652188040760588,0.875202686462659,0.8100623342736881,0.29823541518642405
1882,USO,GRU,2022-09-01,2024-09-01,33,2.389463774575661,3.113827143463441,3.3822319032002084,2.9781738499595,0.369068619723334
1883,USO,GRU,2022-09-01,2024-09-01,34,0.7753658706397668,0.8685131737823826,0.9208724551218013,0.9124336139205698,0.4013384776993172
1884,USO,GRU,2022-09-01,2024-09-01,35,0.5536485138362417,0.5152224418526555,0.5448519548738807,0.4880857292877565,0.3478574518230412
1885,USO,GRU,2022-09-01,2024-09-01,36,0.4948273331345409,0.5165628400275175,0.5523382767009071,0.49627612025080536,0.30654974041683647
1886,USO,GRU,2022-09-01,2024-09-01,37,1.1420416034549734,1.2232531480803188,1.0593382004648577,1.0152720939052902,0.33957657933616825
1887,USO,GRU,2022-09-01,2024-09-01,38,2.1199920433267474,2.0378594411619795,1.7985871542923777,1.9657977547818284,0.5554346062342806
1888,USO,GRU,2022-09-01,2024-09-01,39,0.61179787546118,0.7108556943344334,0.7361055920736312,0.6906941583911644,0.41127042411365505
1889,USO,GRU,2022-09-01,2024-09-01,40,0.4021696255846704,0.40812476430992845,0.40523269862534406,0.3974050098759811,0.32800441515226814
1890,USO,GRU,2022-09-01,2024-09-01,41,2.55188800206065,2.553824489886914,2.5128672645076473,2.665963295602998,0.44705375515463663
1891,USO,GRU,2022-09-01,2024-09-01,42,2.2586612881991353,2.3570938479930703,2.150420189961528,2.253772030717195,1.088178810654925
1892,USO,GRU,2022-09-01,2024-09-01,43,0.8134698672552062,0.8218863154468318,1.001121589034341,0.8494471601433145,0.7125263490170403
1893,USO,GRU,2022-09-01,2024-09-01,44,2.98617721429655,2.695275852018229,2.4022754775215933,2.6397665550460716,0.694149187570567
1894,USO,GRU,2022-09-01,2024-09-01,45,0.6671555714919944,0.7451067511778127,0.7351625945684894,0.7146004887889132,0.3898427647034372
1895,USO,GRU,2022-09-01,2024-09-01,46,0.8630225199737022,0.9866786193740809,1.0363566265618462,1.0127784980886685,0.5283982366054261
1896,USO,GRU,2022-09-01,2024-09-01,47,2.0769488468617117,2.3116455749123084,2.348716869213845,2.2354566521342303,0.3580267816592119
1897,USO,GRU,2022-09-01,2024-09-01,48,2.709794760755222,2.9084581422078846,2.9948382147364128,3.2848584411760835,0.37857195319461995
1898,USO,GRU,2022-09-01,2024-09-01,49,1.2609720753179612,1.6003562054935847,1.6690811260003875,1.5702563301952526,0.32819159064690706
1899,USO,GRU,2022-09-01,2024-09-01,50,0.6012645168838784,0.5767009315733417,1.1722644584895177,0.8743818382065858,2.7161770110968106
1900,USO,GRU,2023-05-01,2025-05-01,1,0.4080561669359276,0.4046495008246703,0.35123771903608814,0.3671286586303682,0.22752373161122405
1901,USO,GRU,2023-05-01,2025-05-01,2,1.5368750989639866,1.7324592091928175,1.4364523316661844,1.6326978777619385,0.3638805203893107
1902,USO,GRU,2023-05-01,2025-05-01,3,0.44094502604536207,0.5277734873273652,0.5045617735588648,0.5363767899063838,0.31022608317353806
1903,USO,GRU,2023-05-01,2025-05-01,4,0.9541213451872738,1.094863927832051,0.8852894137153291,0.9477440110770675,0.24072615079526652
1904,USO,GRU,2023-05-01,2025-05-01,5,0.44444363284670524,0.5226682754322525,0.4687331906547112,0.4977940221332364,0.24341145486909102
1905,USO,GRU,2023-05-01,2025-05-01,6,0.6436587289758475,0.826908390124241,0.702996650744329,0.7896730526021063,0.31847782195765634
1906,USO,GRU,2023-05-01,2025-05-01,7,1.3680952179469374,1.6583001098617514,1.3413640992594202,1.4772726680384731,0.34166690556732443
1907,USO,GRU,2023-05-01,2025-05-01,8,1.0937569281599646,1.3538794291689435,1.159154840056947,1.2086091743715577,0.2988288797726068
1908,USO,GRU,2023-05-01,2025-05-01,9,0.25434540866278066,0.2800361904144107,0.26734487875751384,0.2799044949197748,0.3429154826680092
1909,USO,GRU,2023-05-01,2025-05-01,10,1.0402094129522284,1.2497327649419718,0.9832631864069071,1.1136793704256132,0.27587806787105595
1910,USO,GRU,2023-05-01,2025-05-01,11,0.5744310013427987,0.6286805586609246,0.4505099419280741,0.4948066932725885,0.2707082512370647
1911,USO,GRU,2023-05-01,2025-05-01,12,0.2348564149222824,0.2644126473595739,0.23084833239371633,0.24264976730421964,0.21999285927136444
1912,USO,GRU,2023-05-01,2025-05-01,13,0.9459839684416523,1.1833277640526683,1.0035334512587555,1.0898686397804784,0.23087589126278957
1913,USO,GRU,2023-05-01,2025-05-01,14,0.2700749568152138,0.24452708707118376,0.21940638695790332,0.2076927568182499,0.31916588095958975
1914,USO,GRU,2023-05-01,2025-05-01,15,0.45792354299672666,0.5700222932486536,0.5420402412464722,0.5564948115897838,0.3304800959142606
1915,USO,GRU,2023-05-01,2025-05-01,16,1.1080176410379867,1.5773199323934317,1.2222366893735337,1.4270222710481786,0.21912727635707022
1916,USO,GRU,2023-05-01,2025-05-01,17,0.27073511550138846,0.325561710130009,0.27546251937375743,0.31270906288759265,0.23685381335073594
1917,USO,GRU,2023-05-01,2025-05-01,18,0.5535079981149272,0.5703256943599638,0.5566751611692916,0.5108544592383255,0.2881945752588626
1918,USO,GRU,2023-05-01,2025-05-01,19,0.20248531610169754,0.2201060818814794,0.2168469109118442,0.22001637840016477,0.25859884657899357
1919,USO,GRU,2023-05-01,2025-05-01,20,0.22600064524567565,0.25354449632146225,0.21230325187297597,0.22742336429091864,0.2429641055945224
1920,USO,GRU,2023-05-01,2025-05-01,21,0.5914597696691325,0.6785511706833496,0.5475086645600296,0.5896803434338046,0.21766147932631227
1921,USO,GRU,2023-05-01,2025-05-01,22,0.20815802019307547,0.23673266896427714,0.22383310240696602,0.2305887726578358,0.21846200660221124
1922,USO,GRU,2023-05-01,2025-05-01,23,0.6733434448260959,0.726324354038184,0.661847995873904,0.7042978485862336,0.39396044078548975
1923,USO,GRU,2023-05-01,2025-05-01,24,0.5312834037325852,0.6530690045152802,0.5165572451169672,0.5358618955063358,0.2231228488405052
1924,USO,GRU,2023-05-01,2025-05-01,25,0.3489164740800084,0.34613736083875896,0.25985889544461693,0.2990693906607698,0.2146136519105013
1925,USO,GRU,2023-05-01,2025-05-01,26,1.434389750703868,1.7079229771519524,1.3994155626572453,1.4825266665310828,0.2402953749315941
1926,USO,GRU,2023-05-01,2025-05-01,27,0.4798353275921246,0.6288071486088146,0.527325221846838,0.5699853017160627,0.29135457493150596
1927,USO,GRU,2023-05-01,2025-05-01,28,0.22285322463462912,0.23208249761740662,0.21621337471605423,0.22108035106253335,0.35523508971931517
1928,USO,GRU,2023-05-01,2025-05-01,29,0.6341786765990037,0.6161809693443367,0.5483268257509499,0.6212994207035744,0.35901673282538554
1929,USO,GRU,2023-05-01,2025-05-01,30,0.3371749713405672,0.37825073999924363,0.3235622040672946,0.3485324388272176,0.2299408191172112
1930,USO,GRU,2023-05-01,2025-05-01,31,0.8728785857271716,1.0708217711116894,0.8512840199894685,0.9537159733452717,0.2147857291646581
1931,USO,GRU,2023-05-01,2025-05-01,32,0.6798013166625181,0.8951651270775411,0.6755860347517073,0.7685299935693766,0.26918871824411583
1932,USO,GRU,2023-05-01,2025-05-01,33,0.3693690815133119,0.4468595942336309,0.4083472178491534,0.4221480213520399,0.30542759654088386
1933,USO,GRU,2023-05-01,2025-05-01,34,0.6587523395294776,0.7365076727054661,0.6078095643221753,0.6312687275509395,0.2162656002641451
1934,USO,GRU,2023-05-01,2025-05-01,35,0.2569304480105767,0.3023366095414211,0.31905210946592527,0.28800426427311393,0.3022468099392092
1935,USO,GRU,2023-05-01,2025-05-01,36,0.48468326062246386,0.6140879769958777,0.4932024946413112,0.5107422695072027,0.24611855270031546
1936,USO,GRU,2023-05-01,2025-05-01,37,0.5551448094892616,0.669797610573617,0.5311444423721138,0.546591565342321,0.28668772027313805
1937,USO,GRU,2023-05-01,2025-05-01,38,0.2754066452941499,0.30342038041420744,0.29074274188597315,0.2832364728615493,0.2355740373646713
1938,USO,GRU,2023-05-01,2025-05-01,39,0.27272682523581476,0.29659441827004435,0.27136235174139794,0.27340840994093085,0.2260576018496774
1939,USO,GRU,2023-05-01,2025-05-01,40,0.7703073609432249,0.929042178588613,0.7471906839486898,0.7824016685593901,0.2919411347179023
1940,USO,GRU,2023-05-01,2025-05-01,41,0.9075810186038692,1.0416988240348768,0.9690565488156084,1.0148046760301956,0.23055106146426207
1941,USO,GRU,2023-05-01,2025-05-01,42,0.3067789347491284,0.328902751621119,0.30316098387810386,0.2969414202606977,0.2473070834321949
1942,USO,GRU,2023-05-01,2025-05-01,43,0.3577368785334192,0.43508725098521184,0.36288319202512226,0.40750763187531774,0.23622820944713624
1943,USO,GRU,2023-05-01,2025-05-01,44,0.6520413549587963,0.683528715211745,0.4915689738079059,0.6352066980575072,0.31137935396505406
1944,USO,GRU,2023-05-01,2025-05-01,45,0.7527412147727194,0.8926493503516184,0.7838168704147124,0.8116574907855506,0.3697103039756801
1945,USO,GRU,2023-05-01,2025-05-01,46,0.30770010649036866,0.30705149374461516,0.25858794374084976,0.2804595211802339,0.21553550212987918
1946,USO,GRU,2023-05-01,2025-05-01,47,0.20431862867407824,0.22437186015832336,0.2122775495682858,0.2122179416415595,0.21591149394603495
1947,USO,GRU,2023-05-01,2025-05-01,48,0.8871052270546669,1.131006104891024,1.01426569963885,1.115902548910864,0.36878259513032646
1948,USO,GRU,2023-05-01,2025-05-01,49,1.0415830285818615,1.189885633256282,1.0711982746293027,1.1282051921743028,0.21739083889059468
1949,USO,GRU,2023-05-01,2025-05-01,50,0.2554645534345101,0.30224981213421837,0.31353106615719273,0.3087101292811124,0.2536231242774547
1950,USO,GRU,2024-01-01,2026-01-01,1,5.35196914963098,4.091992594202392,4.528317884416151,3.5792487003306137,0.5970042348166826
1951,USO,GRU,2024-01-01,2026-01-01,2,3.510456430443557,2.6310305311348636,2.7901998986568795,2.48142642501199,0.4525289969292185
1952,USO,GRU,2024-01-01,2026-01-01,3,0.4419241356531332,0.3915339910859584,0.4315737562842578,0.3697689144545899,0.3361190835549777
1953,USO,GRU,2024-01-01,2026-01-01,4,0.5175645016453114,0.35777196855207927,0.3996700285833417,0.2980975527905386,0.25796653120259594
1954,USO,GRU,2024-01-01,2026-01-01,5,2.380735400624879,1.9085912439138886,1.975517874898222,1.8003837358007397,0.31386955160606694
1955,USO,GRU,2024-01-01,2026-01-01,6,0.7977136012167945,0.7554055815622984,0.7826730808185511,0.649540285271414,0.3461536973744874
1956,USO,GRU,2024-01-01,2026-01-01,7,4.947770709160605,3.5610113328580564,4.067842989477212,3.3790536890741842,0.9566813427743079
1957,USO,GRU,2024-01-01,2026-01-01,8,1.2236127485894752,0.9073027630423725,1.468610415879601,0.919098040235739,0.4635792097403251
1958,USO,GRU,2024-01-01,2026-01-01,9,0.7303407321277368,0.6054437872473951,0.6607972534771971,0.5133026159107694,0.26453928669231597
1959,USO,GRU,2024-01-01,2026-01-01,10,1.6613529619493284,1.258526302697988,1.2492441226625088,0.992770775162599,0.24500492403546548
1960,USO,GRU,2024-01-01,2026-01-01,11,0.6018300037749625,0.4737595797727071,0.34841096241509806,0.36519076321652694,0.2518351232236191
1961,USO,GRU,2024-01-01,2026-01-01,12,1.3591269767291203,1.047455317219104,1.250192583295538,1.013750187422007,0.23836794696825991
1962,USO,GRU,2024-01-01,2026-01-01,13,0.8157470626671444,0.7134949929210507,0.6957933960803389,0.6583012400249632,0.4906215874951345
1963,USO,GRU,2024-01-01,2026-01-01,14,0.9628175139361274,0.7465392260111174,0.9978993159660676,0.7087972547651118,0.2667192810780774
1964,USO,GRU,2024-01-01,2026-01-01,15,3.3341755495765923,2.646532351713665,2.696330558900267,2.37583515427315,0.2430827800690312
1965,USO,GRU,2024-01-01,2026-01-01,16,3.2180489212011896,2.5699791363886804,2.535869542597681,2.3248046844179,0.24889096260734211
1966,USO,GRU,2024-01-01,2026-01-01,17,0.6247905596668746,0.5515430682703758,0.4881750030216485,0.3917668673914374,0.4032372403225667
1967,USO,GRU,2024-01-01,2026-01-01,18,0.47183121781692916,0.3217447148926619,0.3925478103184872,0.3098189644256488,0.6805804276786641
1968,USO,GRU,2024-01-01,2026-01-01,19,2.1169823147011213,1.6610485329740299,1.5800910896497482,1.4714907756080124,0.2906815969028861
1969,USO,GRU,2024-01-01,2026-01-01,20,1.0051560780462292,0.8680447095269532,0.9760196905121726,0.8141669868109606,0.29885870937123565
1970,USO,GRU,2024-01-01,2026-01-01,21,0.9348918107678508,0.5412740136469485,0.2754634745497336,0.4443566694506622,0.410556031954752
1971,USO,GRU,2024-01-01,2026-01-01,22,0.6964730220968254,0.5243510169020593,0.5503179637202535,0.44928270382488117,0.37143164897997205
1972,USO,GRU,2024-01-01,2026-01-01,23,0.7705275833408208,0.5676465370118962,0.5959764884990648,0.524985608720748,0.3699815671072283
1973,USO,GRU,2024-01-01,2026-01-01,24,0.7259998392625509,0.49319208665632525,0.5241144775248386,0.425582042610643,0.26712214325511885
1974,USO,GRU,2024-01-01,2026-01-01,25,1.7791173448831952,1.346332337377888,0.9984606134361208,1.1842966617433262,0.24448272049192013
1975,USO,GRU,2024-01-01,2026-01-01,26,1.4528324301443427,1.0217146112931141,1.2613332982957248,0.9776186667429504,0.3300363237690522
1976,USO,GRU,2024-01-01,2026-01-01,27,2.1031370959778783,1.6702138160907098,1.8586846551447433,1.4922227768071377,0.2621979077996671
1977,USO,GRU,2024-01-01,2026-01-01,28,3.621605824042824,2.767061197181599,3.147396513141193,2.6119146327965317,0.31831216388356576
1978,USO,GRU,2024-01-01,2026-01-01,29,0.6701390333680379,0.3252554933144988,0.3991922146412397,0.3103347167775795,0.24908729722064132
1979,USO,GRU,2024-01-01,2026-01-01,30,0.7912117458279346,0.6495478118211799,0.6103677594789685,0.545095853850088,0.245825899158019
1980,USO,GRU,2024-01-01,2026-01-01,31,2.2664895780523406,1.8074003025195988,1.9305869398458673,1.5719584635522252,0.2879076063915482
1981,USO,GRU,2024-01-01,2026-01-01,32,2.3600643002463038,1.9023502720812975,1.8549166494587068,1.6345417410190017,0.2933997808863203
1982,USO,GRU,2024-01-01,2026-01-01,33,2.864144896564465,2.2621767055875415,2.807884271091835,2.1503336569820948,0.255709141390526
1983,USO,GRU,2024-01-01,2026-01-01,34,2.026144400522868,1.3626299030200053,1.456959069476424,1.2226150600899666,0.24740215506759922
1984,USO,GRU,2024-01-01,2026-01-01,35,0.40325269215944354,0.3708756313779956,0.4707024376561559,0.3183473809575198,0.25563737516744656
1985,USO,GRU,2024-01-01,2026-01-01,36,0.513217290374846,0.4237949424285986,0.37352609709848517,0.3125818795254168,0.37986443171471085
1986,USO,GRU,2024-01-01,2026-01-01,37,4.660423631645683,3.6662545461998843,4.1716606003981855,3.5713471771921177,0.41291773425398537
1987,USO,GRU,2024-01-01,2026-01-01,38,2.184848405360526,1.7390799012429685,1.6054464810517388,1.4865216865927111,0.2998299880292848
1988,USO,GRU,2024-01-01,2026-01-01,39,0.7516626164048247,0.6269231154119232,0.4416669695223261,0.4884519487253582,0.2896232100757412
1989,USO,GRU,2024-01-01,2026-01-01,40,0.5682749436942262,0.5142688700299602,0.4007235109480423,0.3918453017219725,0.2563453285218902
1990,USO,GRU,2024-01-01,2026-01-01,41,1.42860794469143,1.25597117546541,1.3227345001742847,1.1423939316584475,0.25460945552064473
1991,USO,GRU,2024-01-01,2026-01-01,42,0.6293372914630777,0.4693186079840589,0.4045105092873945,0.352006077847341,0.3144732166476054
1992,USO,GRU,2024-01-01,2026-01-01,43,0.4055933381306433,0.29067527942575094,0.3880954039501322,0.306783781307931,0.45317848885202033
1993,USO,GRU,2024-01-01,2026-01-01,44,1.6281802375863428,1.1927274296396881,1.1827558412889725,1.3154979538230618,0.2909735588062873
1994,USO,GRU,2024-01-01,2026-01-01,45,0.5332143293409111,0.29871094633021306,0.2559739461164995,0.21719066176992344,0.27755006984627206
1995,USO,GRU,2024-01-01,2026-01-01,46,2.736777809060786,2.132868482097881,2.2144427067900025,2.0681723021050304,0.25685485660610374
1996,USO,GRU,2024-01-01,2026-01-01,47,0.750409465113063,0.6014039080536825,0.6467277773622182,0.6316050024478814,0.24689265894639484
1997,USO,GRU,2024-01-01,2026-01-01,48,3.1993077106203804,2.509600847989131,3.1662814207250056,2.6748785547394,0.38219708593882057
1998,USO,GRU,2024-01-01,2026-01-01,49,0.8809909021281419,0.7345477951939613,0.781590289678011,0.6815490754324655,0.2661370418553197
1999,USO,GRU,2024-01-01,2026-01-01,50,1.5558713794533465,1.3179347686300238,1.611053604593829,1.2597292931310966,0.38780058827732267
