,Stock,Type,Start Date,End Date,Seed,Open,High,Low,Close,Volume
0,^GSPTSE,GRU,2022-01-01,2024-01-01,1,0.1666099621818597,0.1802736584591026,0.1853759748128743,0.2419128249026378,0.168993894779538
1,^GSPTSE,GRU,2022-01-01,2024-01-01,2,0.2482998152821476,0.208987985007136,0.186909729621845,0.2680533490314197,0.1685789116150474
2,^GSPTSE,GRU,2022-01-01,2024-01-01,3,0.1231407465546496,0.1366062941429747,0.12515927591887,0.1912423377302058,0.1654940034504211
3,^GSPTSE,GRU,2022-01-01,2024-01-01,4,0.1099036852390653,0.145573025284337,0.1657527250584158,0.1845188508149173,0.1691433063538548
4,^GSPTSE,GRU,2022-01-01,2024-01-01,5,0.1090424577818932,0.1284401611048796,0.1268161967212188,0.1789077201348969,0.1685993767446228
5,^GSPTSE,GRU,2022-01-01,2024-01-01,6,0.1007147715480647,0.1704922570926945,0.3626777128413605,0.1772019850806409,0.1637719055054506
6,^GSPTSE,GRU,2022-01-01,2024-01-01,7,0.1604318956267275,0.1438517769222513,0.2129516425774721,0.2495546320928506,0.1677616909362808
7,^GSPTSE,GRU,2022-01-01,2024-01-01,8,0.153242580249452,0.1575838971204282,0.1520536510636623,0.1909226806893808,0.1688002691774433
8,^GSPTSE,GRU,2022-01-01,2024-01-01,9,0.1699007491152542,0.173055752366678,0.1546042115178808,0.2110463190923506,0.1665156390895901
9,^GSPTSE,GRU,2022-01-01,2024-01-01,10,0.1181524782813863,0.1288015516012146,0.1080892100655276,0.1635410674981634,0.1642904884046577
10,^GSPTSE,GRU,2022-01-01,2024-01-01,11,0.1040175769347884,0.1505229810903834,0.155110497608511,0.2042612573225136,0.1693463519196636
11,^GSPTSE,GRU,2022-01-01,2024-01-01,12,0.0996524304315285,0.1366973966820963,0.179358725954346,0.1992356511010552,0.1660978911572474
12,^GSPTSE,GRU,2022-01-01,2024-01-01,13,0.1031852347149028,0.1357814615728684,0.1308616796965427,0.1777040736398901,0.1691590845341184
13,^GSPTSE,GRU,2022-01-01,2024-01-01,14,0.1105867360587211,0.1405703434109252,0.1235881913762063,0.1637995456925267,0.1659569713009287
14,^GSPTSE,GRU,2022-01-01,2024-01-01,15,0.1199078527824075,0.153553239246782,0.1851997817932774,0.1799219324942816,0.1691803060206534
15,^GSPTSE,GRU,2022-01-01,2024-01-01,16,0.0990129465162151,0.1307596724504399,0.1206459365410332,0.1679930063508388,0.1648056389476216
16,^GSPTSE,GRU,2022-01-01,2024-01-01,17,0.1461009966066513,0.1558089761393388,0.1497537056631464,0.2060567368250973,0.1653500606898885
17,^GSPTSE,GRU,2022-01-01,2024-01-01,18,0.1013155810729103,0.13554948397475,0.1154011080938805,0.1856140699079111,0.1630864597342242
18,^GSPTSE,GRU,2022-01-01,2024-01-01,19,0.1158074788964843,0.1410254517241227,0.1166941615593395,0.1699926110644407,0.1662511708958777
19,^GSPTSE,GRU,2022-01-01,2024-01-01,20,0.1008906109785974,0.135433192672735,0.1546385368771282,0.1870085976760405,0.1654364118712062
20,^GSPTSE,GRU,2022-01-01,2024-01-01,21,0.1108199260058332,0.1405781502554367,0.1310927923256109,0.168647718573355,0.1642897374833885
21,^GSPTSE,GRU,2022-01-01,2024-01-01,22,0.1258638413969995,0.1944423553550806,0.2618227718026951,0.2650764196568513,0.1762047696383965
22,^GSPTSE,GRU,2022-01-01,2024-01-01,23,0.1174385285840907,0.1292133817592269,0.1141885961034586,0.1789056040495084,0.170293405157657
23,^GSPTSE,GRU,2022-01-01,2024-01-01,24,0.1534312305276954,0.1604643198680387,0.1255004330113661,0.1948376202057511,0.1686484764239266
24,^GSPTSE,GRU,2022-01-01,2024-01-01,25,0.1126670248730933,0.1441798113108958,0.1374399787835413,0.1901212693661594,0.1673851007854415
25,^GSPTSE,GRU,2022-01-01,2024-01-01,26,0.120946911266629,0.1362155065397335,0.1361910616815884,0.1609828455068699,0.1677310885772062
26,^GSPTSE,GRU,2022-01-01,2024-01-01,27,0.1481535776889417,0.2697742444637923,0.2317559892826855,0.2651605973326401,0.1673556654050058
27,^GSPTSE,GRU,2022-01-01,2024-01-01,28,0.1085430885801894,0.1483544407868968,0.1369084271656831,0.168710554606647,0.1634270184901226
28,^GSPTSE,GRU,2022-01-01,2024-01-01,29,0.1076278168515664,0.1311197642816375,0.120547443840023,0.167682737871562,0.1709247435246967
29,^GSPTSE,GRU,2022-01-01,2024-01-01,30,0.0962019215712882,0.1358926972133562,0.1386992454427732,0.1664814127441576,0.164495708991591
30,^GSPTSE,GRU,2022-01-01,2024-01-01,31,0.0983766422115763,0.1638973756538594,0.1323072532139856,0.1672969167283705,0.1653356198107045
31,^GSPTSE,GRU,2022-01-01,2024-01-01,32,0.1186941021943225,0.1521326301382785,0.1370879820096926,0.1826377380175623,0.168771554541705
32,^GSPTSE,GRU,2022-01-01,2024-01-01,33,0.1134038628603877,0.1585264944787456,0.1517451819786376,0.1925534809340591,0.1679523188324723
33,^GSPTSE,GRU,2022-01-01,2024-01-01,34,0.1136431754617025,0.2912964744518235,0.1455309889793385,0.1711163538878204,0.1695232096772656
34,^GSPTSE,GRU,2022-01-01,2024-01-01,35,0.1004239799604732,0.1345404387763121,0.1193272601469755,0.162710673465744,0.1626818172417946
35,^GSPTSE,GRU,2022-01-01,2024-01-01,36,0.1099466079916897,0.1463914765577279,0.138442934131389,0.1858563514842421,0.1666395373745059
36,^GSPTSE,GRU,2022-01-01,2024-01-01,37,0.1722318385241892,0.1719044847971633,0.1663078919540818,0.1895776479642931,0.1652997596773255
37,^GSPTSE,GRU,2022-01-01,2024-01-01,38,0.112831927738052,0.1657170107701082,0.1702613132921465,0.207896860720155,0.1695152998919558
38,^GSPTSE,GRU,2022-01-01,2024-01-01,39,0.1211128752945156,0.1423072927834666,0.1257306579782471,0.1881649433694724,0.1740000028531485
39,^GSPTSE,GRU,2022-01-01,2024-01-01,40,0.1036626353334276,0.1328894417637232,0.1442588329256699,0.1773216426078296,0.167579068833743
40,^GSPTSE,GRU,2022-01-01,2024-01-01,41,0.1063756187513689,0.1418326971941129,0.1228759974066767,0.1711143406556212,0.1661791224072314
41,^GSPTSE,GRU,2022-01-01,2024-01-01,42,0.1242472470889022,0.1848166833005977,0.1797229169386449,0.2370678149273447,0.1724258733199286
42,^GSPTSE,GRU,2022-01-01,2024-01-01,43,0.1198431412905356,0.1390483410017084,0.1467340450647756,0.1977530640826834,0.1671831569421283
43,^GSPTSE,GRU,2022-01-01,2024-01-01,44,0.0895549214540187,0.1298665380675746,0.1435768050988061,0.1741289731390466,0.167160302686699
44,^GSPTSE,GRU,2022-01-01,2024-01-01,45,0.1924538237213134,0.190421072061563,0.1633911256907417,0.2409709695799736,0.1811309809004014
45,^GSPTSE,GRU,2022-01-01,2024-01-01,46,0.1467409508305193,0.1362132959332436,0.118764965732676,0.1736785944225726,0.1711909112046975
46,^GSPTSE,GRU,2022-01-01,2024-01-01,47,0.1346396974500218,0.1674550066555789,0.1304724539922757,0.1701330713213779,0.1674912629654458
47,^GSPTSE,GRU,2022-01-01,2024-01-01,48,0.1060123536808208,0.1492397455526517,0.1568207466057196,0.1789535798864477,0.1677643061519875
48,^GSPTSE,GRU,2022-01-01,2024-01-01,49,0.1094323316484114,0.1357124559463179,0.1256413429624533,0.1732717782900041,0.1692884480365952
49,^GSPTSE,GRU,2022-01-01,2024-01-01,50,0.1173517729541737,0.1621677316405014,0.153783604599667,0.2079891016236096,0.1691572242809313
50,^GSPTSE,GRU,2022-09-01,2024-09-01,1,0.1323785291413836,0.1298568659169069,0.2110807050627999,0.1561554584311468,0.2535981017183449
51,^GSPTSE,GRU,2022-09-01,2024-09-01,2,0.2913652718381043,0.2782735064996479,0.1870763861746665,0.323646464864405,0.2446444093419634
52,^GSPTSE,GRU,2022-09-01,2024-09-01,3,0.2191969576335007,0.2405274957281438,0.1889154419071548,0.269296750537255,0.250356975068343
53,^GSPTSE,GRU,2022-09-01,2024-09-01,4,0.1140804917598667,0.1560258721754342,0.1421059075706182,0.1641605252966926,0.2434706098368384
54,^GSPTSE,GRU,2022-09-01,2024-09-01,5,0.249678655574367,0.2306093848244041,0.2469736293845143,0.2802134836613806,0.2579108450816568
55,^GSPTSE,GRU,2022-09-01,2024-09-01,6,0.1269395964036315,0.1613184201147633,0.1468816390326419,0.1645823437636625,0.2448256950534909
56,^GSPTSE,GRU,2022-09-01,2024-09-01,7,0.0960702514114498,0.1291933086982455,0.1470253164516193,0.1520343729674597,0.2485838654436652
57,^GSPTSE,GRU,2022-09-01,2024-09-01,8,0.1358116744622215,0.1873328445154389,0.1525606800877129,0.1816004062728425,0.2448566766720329
58,^GSPTSE,GRU,2022-09-01,2024-09-01,9,0.1232689997465447,0.1508501880971589,0.158884946345743,0.1636119890126993,0.2485986480394302
59,^GSPTSE,GRU,2022-09-01,2024-09-01,10,0.3290246056830234,0.2262837249816885,0.2420216482273626,0.3010130433719043,0.2463901418577836
60,^GSPTSE,GRU,2022-09-01,2024-09-01,11,0.1254897981024652,0.1276496234967078,0.1374121334490083,0.1423091254377453,0.2487192580153525
61,^GSPTSE,GRU,2022-09-01,2024-09-01,12,0.1249575116851709,0.1858560379620867,0.1615344968788495,0.1717412871199856,0.2522878003651622
62,^GSPTSE,GRU,2022-09-01,2024-09-01,13,0.1419284766152091,0.1434990423649172,0.1388455509549323,0.1542747179744808,0.2521989626663895
63,^GSPTSE,GRU,2022-09-01,2024-09-01,14,0.2799363346261547,0.2570478342765518,0.1753537166991278,0.169612455027971,0.2649130744527425
64,^GSPTSE,GRU,2022-09-01,2024-09-01,15,0.2681089831852564,0.1664037412256317,0.1686130687492857,0.1591926342658932,0.2483565678800424
65,^GSPTSE,GRU,2022-09-01,2024-09-01,16,0.1789469118936435,0.2334613866834132,0.175160335994236,0.2811716286793852,0.2511021876969028
66,^GSPTSE,GRU,2022-09-01,2024-09-01,17,0.1071020037247691,0.1403679968772629,0.1565739152799629,0.1987044985527308,0.2621969710428982
67,^GSPTSE,GRU,2022-09-01,2024-09-01,18,0.3129462445818001,0.2688677199052002,0.2757630193698528,0.2262687427064722,0.2553860636651435
68,^GSPTSE,GRU,2022-09-01,2024-09-01,19,0.1416047952466554,0.1873607401444938,0.2234608279885614,0.2013007403757369,0.2582430828410548
69,^GSPTSE,GRU,2022-09-01,2024-09-01,20,0.1798888782566958,0.2373326471583304,0.1600212811267167,0.206001720927403,0.2430507233568128
70,^GSPTSE,GRU,2022-09-01,2024-09-01,21,0.170629453234912,0.1372771011819136,0.1317831590381883,0.1717040413095181,0.2501849348001362
71,^GSPTSE,GRU,2022-09-01,2024-09-01,22,0.130479805869712,0.1871577246803425,0.1793536324828741,0.1836321025112513,0.2661258937264795
72,^GSPTSE,GRU,2022-09-01,2024-09-01,23,0.3687934515960109,0.1637362439597663,0.1838047734624093,0.2175414117147589,0.2623184600342713
73,^GSPTSE,GRU,2022-09-01,2024-09-01,24,0.1785467040563725,0.2712318459193492,0.1960122499735621,0.1812719830960487,0.2418068054612856
74,^GSPTSE,GRU,2022-09-01,2024-09-01,25,0.1822464194480449,0.1463182256054913,0.1487409758271257,0.1753315965307798,0.2480379869288625
75,^GSPTSE,GRU,2022-09-01,2024-09-01,26,0.1285393460789194,0.168034224123828,0.1783310119556985,0.1771926715234034,0.2590184230992209
76,^GSPTSE,GRU,2022-09-01,2024-09-01,27,0.136248920239349,0.2155809821518243,0.1918007880794319,0.2843239162758046,0.2479592406812289
77,^GSPTSE,GRU,2022-09-01,2024-09-01,28,0.1185029426729983,0.2271082268556067,0.1390492846376433,0.1859755269465331,0.2745035930409302
78,^GSPTSE,GRU,2022-09-01,2024-09-01,29,0.4305502577303411,0.6624830401010002,0.1683319741169601,0.5859314057168564,0.2682444248751527
79,^GSPTSE,GRU,2022-09-01,2024-09-01,30,0.1182655203522002,0.1956354188226397,0.2438670709390644,0.1985196651268261,0.2459417285297746
80,^GSPTSE,GRU,2022-09-01,2024-09-01,31,0.20380630735479,0.187766125109805,0.1903051168946642,0.2503134251446383,0.2447067245392791
81,^GSPTSE,GRU,2022-09-01,2024-09-01,32,0.1128342273406496,0.147370689087333,0.1501251588692366,0.1475311738255809,0.2499920384732363
82,^GSPTSE,GRU,2022-09-01,2024-09-01,33,0.17251287213871,0.1339358845675991,0.1354757166652067,0.1371095201014011,0.256262866907144
83,^GSPTSE,GRU,2022-09-01,2024-09-01,34,0.1420418119322286,0.1707049699983186,0.1759251591855736,0.1897748138743131,0.2504855775625987
84,^GSPTSE,GRU,2022-09-01,2024-09-01,35,0.1637695299910191,0.1476094144031514,0.1557738452129076,0.1661138140045882,0.249438218369487
85,^GSPTSE,GRU,2022-09-01,2024-09-01,36,0.1516173374374421,0.1632248603451716,0.1845388995854008,0.2142478546058892,0.2495667880970329
86,^GSPTSE,GRU,2022-09-01,2024-09-01,37,0.2284188773088012,0.3467541185037741,0.2673174178984625,0.3097400481905627,0.2549455445684586
87,^GSPTSE,GRU,2022-09-01,2024-09-01,38,0.1945973125113342,0.1676449763912402,0.1411993212341432,0.1892291054013645,0.2616160474871696
88,^GSPTSE,GRU,2022-09-01,2024-09-01,39,0.106204939613047,0.1980625471624461,0.2198259789289627,0.2210172967415399,0.2494217917853559
89,^GSPTSE,GRU,2022-09-01,2024-09-01,40,0.3809844876747084,0.1436090107268517,0.4750822647759639,0.2037232954063095,0.2577473136311864
90,^GSPTSE,GRU,2022-09-01,2024-09-01,41,0.1706285992258154,0.1903902802570559,0.2415333369904387,0.1850169529074053,0.2484636637948882
91,^GSPTSE,GRU,2022-09-01,2024-09-01,42,0.1308428429573155,0.1398297481408337,0.1797502670921793,0.1793485687546505,0.2377509863292028
92,^GSPTSE,GRU,2022-09-01,2024-09-01,43,0.1268034811534486,0.1598366547044561,0.135761819507042,0.1708226184170355,0.2445092118564078
93,^GSPTSE,GRU,2022-09-01,2024-09-01,44,0.1142169022057525,0.1380367221690433,0.1567362938580522,0.1521894200587691,0.2495774378736413
94,^GSPTSE,GRU,2022-09-01,2024-09-01,45,0.1934448898943574,0.1791915321096986,0.2068658676225702,0.1960446703485018,0.2461103491763645
95,^GSPTSE,GRU,2022-09-01,2024-09-01,46,0.3295216671849502,0.253892938509808,0.3150838425017362,0.2162804489939849,0.2428172184219585
96,^GSPTSE,GRU,2022-09-01,2024-09-01,47,0.1078005513188063,0.1431694740445483,0.1420246359853373,0.1464026867400694,0.2495282780799486
97,^GSPTSE,GRU,2022-09-01,2024-09-01,48,0.1985197867461218,0.4531711950730988,0.2063380636989567,0.5771940048480376,0.2489614317651565
98,^GSPTSE,GRU,2022-09-01,2024-09-01,49,0.1073237814984722,0.17094100008419,0.1364728924260537,0.1706234464581732,0.2465368526770083
99,^GSPTSE,GRU,2022-09-01,2024-09-01,50,0.1163314552751925,0.2173485066778386,0.2231730913552958,0.2621388985151375,0.2505920911348242
100,^GSPTSE,GRU,2023-05-01,2025-05-01,1,0.1679340558345158,0.2084053771417164,0.2270126644497904,0.2272779217394909,0.2805971363689017
101,^GSPTSE,GRU,2023-05-01,2025-05-01,2,0.1203849296360767,0.1761631315647144,0.1882929340567313,0.1891538511891654,0.2810259983223608
102,^GSPTSE,GRU,2023-05-01,2025-05-01,3,0.1592571930952175,0.1623182759505532,0.1944262977722022,0.2149868595874612,0.2805018112152654
103,^GSPTSE,GRU,2023-05-01,2025-05-01,4,0.1428429391204634,0.1953862133684445,0.1976672484524218,0.2054820053241718,0.27356408788992
104,^GSPTSE,GRU,2023-05-01,2025-05-01,5,0.1249491215913751,0.170801216341887,0.1791828369830624,0.1930933817720446,0.2826072045923583
105,^GSPTSE,GRU,2023-05-01,2025-05-01,6,0.1504183561298345,0.1965755613363599,0.2194345018867263,0.2075313758316681,0.3027764177069784
106,^GSPTSE,GRU,2023-05-01,2025-05-01,7,0.1386250651695363,0.2471092234246832,0.199780739840769,0.2121733362764255,0.2747181101590949
107,^GSPTSE,GRU,2023-05-01,2025-05-01,8,0.2236448375317971,0.3757061176453475,0.2154155542315117,0.2762726942773159,0.3232245190910049
108,^GSPTSE,GRU,2023-05-01,2025-05-01,9,0.162129627195972,0.1996720458632666,0.2136522453098997,0.2305693697332511,0.3095258263350983
109,^GSPTSE,GRU,2023-05-01,2025-05-01,10,0.157473675201776,0.1646804923632944,0.1881546589338682,0.1999202166830837,0.297013198685231
110,^GSPTSE,GRU,2023-05-01,2025-05-01,11,0.1656144530015347,0.1954182808094474,0.2091731589732326,0.2014377762419279,0.2816581899590046
111,^GSPTSE,GRU,2023-05-01,2025-05-01,12,0.1404462142016176,0.2834005410439271,0.2070568933104759,0.1960747702593069,0.2939146386636317
112,^GSPTSE,GRU,2023-05-01,2025-05-01,13,0.1392982976458747,0.1717533743518006,0.1760486687637296,0.2444949022944393,0.3082036122858752
113,^GSPTSE,GRU,2023-05-01,2025-05-01,14,0.139516001327592,0.2149516838053093,0.1822525138036178,0.2020002008029384,0.3287838954912345
114,^GSPTSE,GRU,2023-05-01,2025-05-01,15,0.1756570739652003,0.1736950788130464,0.1973126173004464,0.1940596326192746,0.2762343047140833
115,^GSPTSE,GRU,2023-05-01,2025-05-01,16,0.1495680873412058,0.1675649089734285,0.1915536239904709,0.2100873213298258,0.2868115561305147
116,^GSPTSE,GRU,2023-05-01,2025-05-01,17,0.1470118569114623,0.2359604499758753,0.2644166639172547,0.2310494359903212,0.2937370353149973
117,^GSPTSE,GRU,2023-05-01,2025-05-01,18,0.169380966104421,0.2242580943100796,0.2364440661101196,0.2090483016125766,0.2787472793576369
118,^GSPTSE,GRU,2023-05-01,2025-05-01,19,0.1447843616958465,0.2092848261901544,0.2450706626034285,0.2036668377463015,0.2770420887820781
119,^GSPTSE,GRU,2023-05-01,2025-05-01,20,0.1192810799978371,0.2003412783874092,0.2028721778335245,0.1938709123355912,0.2929320857359319
120,^GSPTSE,GRU,2023-05-01,2025-05-01,21,0.2055745533262852,0.2050087670618134,0.1997995841243861,0.2282738563613362,0.3206476725329703
121,^GSPTSE,GRU,2023-05-01,2025-05-01,22,0.1541872292812381,0.1947665545988312,0.2038465582001058,0.2076715040066922,0.2898623094015889
122,^GSPTSE,GRU,2023-05-01,2025-05-01,23,0.129737628713512,0.1801024527516675,0.1813689106413197,0.1993210122599262,0.2885235868065306
123,^GSPTSE,GRU,2023-05-01,2025-05-01,24,0.1542597836136869,0.2072635860452877,0.1980948467955217,0.2067840582278924,0.2862030468287166
124,^GSPTSE,GRU,2023-05-01,2025-05-01,25,0.1520305428095699,0.1831820276548069,0.1859801061265351,0.2108039091799946,0.2864735538471604
125,^GSPTSE,GRU,2023-05-01,2025-05-01,26,0.1573133555686602,0.2492992819801987,0.2224640412206485,0.2054330677790444,0.2842352461876277
126,^GSPTSE,GRU,2023-05-01,2025-05-01,27,0.1580699156178462,0.2286771984712287,0.2625973360810666,0.2502901289212665,0.3274843071145042
127,^GSPTSE,GRU,2023-05-01,2025-05-01,28,0.1722694894826591,0.3682967175117483,0.2142734128131359,0.2434073509997738,0.2772334629553805
128,^GSPTSE,GRU,2023-05-01,2025-05-01,29,0.1548433555180465,0.1900129617531626,0.2570523226855664,0.2154482048961642,0.2815771772251601
129,^GSPTSE,GRU,2023-05-01,2025-05-01,30,0.1523719381588548,0.2147419540019928,0.1917694280975587,0.2222061223390247,0.2738527729232409
130,^GSPTSE,GRU,2023-05-01,2025-05-01,31,0.1583404727394602,0.1843075100995078,0.2037351822240564,0.2041402780107443,0.2791650469096756
131,^GSPTSE,GRU,2023-05-01,2025-05-01,32,0.1362380891152458,0.2055469090821304,0.1926455631306811,0.1893417986770641,0.2784222591898231
132,^GSPTSE,GRU,2023-05-01,2025-05-01,33,0.2071409270438119,0.1890468675097072,0.1755697346412805,0.1904313260693413,0.3089447441849192
133,^GSPTSE,GRU,2023-05-01,2025-05-01,34,0.1454398108662964,0.1901090382989192,0.2182870550523255,0.2366321541905564,0.2790155500327531
134,^GSPTSE,GRU,2023-05-01,2025-05-01,35,0.422419936621835,0.4871765873762412,0.4124306117001671,0.4431370145024905,0.294515373404974
135,^GSPTSE,GRU,2023-05-01,2025-05-01,36,0.1455532481788087,0.2677349273684098,0.2035990183102456,0.1958033869843716,0.2836619313521144
136,^GSPTSE,GRU,2023-05-01,2025-05-01,37,0.1564814171262463,0.1781150574196567,0.1994829749372946,0.2052633170230091,0.2801191990217733
137,^GSPTSE,GRU,2023-05-01,2025-05-01,38,0.1525472107741535,0.1560973950006466,0.2106506913853048,0.1927065344653746,0.2895275278842565
138,^GSPTSE,GRU,2023-05-01,2025-05-01,39,0.1506313120371176,0.2382034955278959,0.2280506837868108,0.2149374116833262,0.2887861057932443
139,^GSPTSE,GRU,2023-05-01,2025-05-01,40,0.197521571750031,0.2042560979525934,0.2218748875633491,0.2141727900549326,0.296072897287518
140,^GSPTSE,GRU,2023-05-01,2025-05-01,41,0.1631568446816554,0.2152605190801779,0.1845805051403041,0.195051350526923,0.2983947657228055
141,^GSPTSE,GRU,2023-05-01,2025-05-01,42,0.1553091753716265,0.1858219333174201,0.2270734443047585,0.2029200915778463,0.2858645203151626
142,^GSPTSE,GRU,2023-05-01,2025-05-01,43,0.1387540088586655,0.1777569112194313,0.1933531138767765,0.2059453629801282,0.3073898698103318
143,^GSPTSE,GRU,2023-05-01,2025-05-01,44,0.1695813505347274,0.1921481131616896,0.2279706251473504,0.2146762778907039,0.2823081627455802
144,^GSPTSE,GRU,2023-05-01,2025-05-01,45,0.1414558566030138,0.2162662637798514,0.254559521066432,0.2131966861770229,0.2874310821315422
145,^GSPTSE,GRU,2023-05-01,2025-05-01,46,0.2093580227592801,0.2325524293903557,0.2723654907515466,0.2388322376363974,0.3180342011190422
146,^GSPTSE,GRU,2023-05-01,2025-05-01,47,0.1950019177076005,0.1918804666473466,0.1848727828529379,0.205177927216653,0.2796510484429482
147,^GSPTSE,GRU,2023-05-01,2025-05-01,48,0.1677928285014908,0.1647607199818695,0.231405771960931,0.1865538554761783,0.2842717859465317
148,^GSPTSE,GRU,2023-05-01,2025-05-01,49,0.1826322856235419,0.1916502153994984,0.2579100016707694,0.2410573979155011,0.2906801753775501
149,^GSPTSE,GRU,2023-05-01,2025-05-01,50,0.1364144308716457,0.1699412348452174,0.1986731624124222,0.1913058130945952,0.2683883128662216
150,^GSPTSE,GRU,2024-01-01,2026-01-01,1,0.1858580966358368,0.2243571843223154,0.1997490626969457,0.2648760854957135,0.1706946610390664
151,^GSPTSE,GRU,2024-01-01,2026-01-01,2,0.3837463763712323,0.3333924165388039,0.2610218710992849,0.2678491525651437,0.1668527830161254
152,^GSPTSE,GRU,2024-01-01,2026-01-01,3,0.1623111453881913,0.1877695702380236,0.1397427233068923,0.2527915484405587,0.1773412759060536
153,^GSPTSE,GRU,2024-01-01,2026-01-01,4,0.1366084561706604,0.15711401758851,0.1527812506560189,0.1643955194167724,0.1689270732383676
154,^GSPTSE,GRU,2024-01-01,2026-01-01,5,0.167845823178244,0.2350599667873102,0.3655536928548312,0.3049826751658286,0.1683265199040804
155,^GSPTSE,GRU,2024-01-01,2026-01-01,6,0.14977932128397,0.2061472744575528,0.1182536995079116,0.2889725104318472,0.1759781474342036
156,^GSPTSE,GRU,2024-01-01,2026-01-01,7,0.1839415343948053,0.328273683401683,0.3238812431728029,0.144359871470399,0.1666403327674943
157,^GSPTSE,GRU,2024-01-01,2026-01-01,8,0.0982407015786239,0.1306346097976116,0.1708693026536921,0.1842123630215965,0.1689890223188999
158,^GSPTSE,GRU,2024-01-01,2026-01-01,9,0.22141038054275,0.2112687697628367,0.1837931545525104,0.2139080020741291,0.1668536519281515
159,^GSPTSE,GRU,2024-01-01,2026-01-01,10,0.2388582795256555,0.1653622261174577,0.1793277887803482,0.1511338783536023,0.1681830195875756
160,^GSPTSE,GRU,2024-01-01,2026-01-01,11,0.1126815028881706,0.1822493925369666,0.1356261136164428,0.1578899683734273,0.1672821414917526
161,^GSPTSE,GRU,2024-01-01,2026-01-01,12,0.4508234892712138,0.273051642589913,0.2950969686019423,0.295795621056393,0.1660546834082399
162,^GSPTSE,GRU,2024-01-01,2026-01-01,13,0.3062143378395756,0.2683655279894108,0.3091615313881433,0.1390916078225469,0.1675496313901761
163,^GSPTSE,GRU,2024-01-01,2026-01-01,14,0.1865867856236291,0.1790786263085899,0.2558036277079283,0.3185169002236715,0.165879691840094
164,^GSPTSE,GRU,2024-01-01,2026-01-01,15,0.1831055784254953,0.2960831165526554,0.1444579640332438,0.2695096656859248,0.1656347460200307
165,^GSPTSE,GRU,2024-01-01,2026-01-01,16,0.1173668028200185,0.1706853105888183,0.2126489979236667,0.1609072468865111,0.1825284543879038
166,^GSPTSE,GRU,2024-01-01,2026-01-01,17,0.1380109952489181,0.155638346526469,0.1094837544276466,0.1596107999873794,0.1708546583910098
167,^GSPTSE,GRU,2024-01-01,2026-01-01,18,0.1533930816074094,0.1056924898547226,0.1466108710587068,0.1907266281294671,0.202514382828828
168,^GSPTSE,GRU,2024-01-01,2026-01-01,19,0.1036803560622148,0.1453991941731602,0.201836158082183,0.15488278264313,0.1669577633265834
169,^GSPTSE,GRU,2024-01-01,2026-01-01,20,0.252574163324152,0.2056805706070372,0.1519811015472907,0.1620860353044372,0.1694742952438799
170,^GSPTSE,GRU,2024-01-01,2026-01-01,21,0.2308466256151432,0.1916128218117087,0.3200025396733286,0.2530511413152371,0.1671110851633944
171,^GSPTSE,GRU,2024-01-01,2026-01-01,22,0.3918198479186164,0.3243450523448884,0.4255149749933125,0.3312007759023286,0.1782483339346735
172,^GSPTSE,GRU,2024-01-01,2026-01-01,23,0.2781221619951126,0.4945484158646197,0.0992926499838478,0.6065136505737909,0.1666757277553693
173,^GSPTSE,GRU,2024-01-01,2026-01-01,24,0.1661341086147482,0.1073503220010747,0.2665787912424023,0.1399355213470976,0.1703323408771079
174,^GSPTSE,GRU,2024-01-01,2026-01-01,25,0.4100675706053922,0.5157786850769703,0.4217699795439817,0.4553896935311036,0.1748795508840217
175,^GSPTSE,GRU,2024-01-01,2026-01-01,26,0.2377413095186008,0.2167534615410033,0.1391209847671265,0.1508232557778004,0.1672429727407803
176,^GSPTSE,GRU,2024-01-01,2026-01-01,27,0.0905092914510657,0.1187090950598806,0.1522322182904234,0.1322579355336093,0.1721137635159844
177,^GSPTSE,GRU,2024-01-01,2026-01-01,28,0.3653725430527141,0.1115189542636562,0.2651765513068926,0.150693846482743,0.1751914540076172
178,^GSPTSE,GRU,2024-01-01,2026-01-01,29,0.4542135093413134,0.5623928854605125,0.2074655627268481,0.4014407708718423,0.1774719384370676
179,^GSPTSE,GRU,2024-01-01,2026-01-01,30,0.1435237699123737,0.2042738520360406,0.1996826970530652,0.1997356113829272,0.1719368644227202
180,^GSPTSE,GRU,2024-01-01,2026-01-01,31,0.6427306644286399,0.6138494667658803,0.7989587083892656,0.7422616760942161,0.1705160949671738
181,^GSPTSE,GRU,2024-01-01,2026-01-01,32,0.1215769455761048,0.6054666493666409,0.1232926764530675,0.2250756497631064,0.168944898634539
182,^GSPTSE,GRU,2024-01-01,2026-01-01,33,0.3320512870291754,0.330568664857686,0.3617616815006821,0.3570682207540432,0.1690211206103175
183,^GSPTSE,GRU,2024-01-01,2026-01-01,34,0.2896170268917809,0.4616761006074604,0.1221203693329458,0.6343344391626893,0.1959930048059888
184,^GSPTSE,GRU,2024-01-01,2026-01-01,35,0.1418025661806568,0.1152062078811639,0.138315881524552,0.1209000965310157,0.1649489256692031
185,^GSPTSE,GRU,2024-01-01,2026-01-01,36,0.09253258976262,0.1114672551537176,0.1221912326406885,0.1231438859613284,0.1669512431746221
186,^GSPTSE,GRU,2024-01-01,2026-01-01,37,0.1131601244636841,0.1451333432329602,0.2358303952186421,0.1313938481129687,0.1870871480249039
187,^GSPTSE,GRU,2024-01-01,2026-01-01,38,0.4250286991000332,0.585908824923765,0.2212406627441184,0.4563768664990419,0.1773319835992136
188,^GSPTSE,GRU,2024-01-01,2026-01-01,39,0.3149548484385616,0.2247618935053184,0.1629258918738561,0.4274346446545442,0.1660580209294804
189,^GSPTSE,GRU,2024-01-01,2026-01-01,40,0.1707346556304542,0.2889725182045849,0.1054360298234212,0.3077438600933797,0.1661133310070602
190,^GSPTSE,GRU,2024-01-01,2026-01-01,41,0.1175367176742872,0.127195069397608,0.3686930014716895,0.2563411896363305,0.1739690450884458
191,^GSPTSE,GRU,2024-01-01,2026-01-01,42,0.2158079428561796,0.3772769770633044,0.2695757099368429,0.3230941233978722,0.1684340545842113
192,^GSPTSE,GRU,2024-01-01,2026-01-01,43,0.376169988332836,0.3154447137860461,0.3309200815496473,0.2865787897418103,0.1686560487302346
193,^GSPTSE,GRU,2024-01-01,2026-01-01,44,0.0921852261487579,0.1775326815295376,0.1463837758682619,0.1601903055297666,0.1684773393795461
194,^GSPTSE,GRU,2024-01-01,2026-01-01,45,0.4114964079745734,0.3374311736293646,0.298105219175998,0.1194974500369038,0.1664259270569898
195,^GSPTSE,GRU,2024-01-01,2026-01-01,46,0.0924987082276868,0.2069328629752873,0.3281269034038953,0.3607176857670826,0.1722884303895901
196,^GSPTSE,GRU,2024-01-01,2026-01-01,47,0.1742542995970605,0.1116179439956766,0.120650509790422,0.1324867742992359,0.1676612600780576
197,^GSPTSE,GRU,2024-01-01,2026-01-01,48,0.1531457387070729,0.1292127072288215,0.1031723439404091,0.1304331253199894,0.1667852647495906
198,^GSPTSE,GRU,2024-01-01,2026-01-01,49,0.1019447880421536,0.1041951532981854,0.2004288003003397,0.1384784833358683,0.1704289784105684
199,^GSPTSE,GRU,2024-01-01,2026-01-01,50,0.1235444128534765,0.126024479211144,0.139646217254452,0.1303796745779802,0.1677967535396355
200,SLV,GRU,2022-01-01,2024-01-01,1,0.1863156373923229,0.1676605959589786,0.1827192534280767,0.1974628774635369,0.2606670962150137
201,SLV,GRU,2022-01-01,2024-01-01,2,0.3043962366908012,0.1769204664725839,0.356261153960763,0.2025233997896946,0.2509643985989707
202,SLV,GRU,2022-01-01,2024-01-01,3,0.9389635955772077,0.2401961097739103,0.6016992520353593,0.1738494481406043,0.2545311041192422
203,SLV,GRU,2022-01-01,2024-01-01,4,0.2544681386257726,0.2023586032330371,0.161099815454404,0.1994121836895752,0.2595209599722301
204,SLV,GRU,2022-01-01,2024-01-01,5,0.3340461876136948,0.1668340296137137,0.1675738775926608,0.1881483330583338,0.2645132972050859
205,SLV,GRU,2022-01-01,2024-01-01,6,0.3620437587242891,0.1907388831623896,0.4644875892604943,0.1933190388969677,0.2602642479352386
206,SLV,GRU,2022-01-01,2024-01-01,7,0.617752857886202,0.1545605389276405,0.3723766717255771,0.2675794117380815,0.2618109447447345
207,SLV,GRU,2022-01-01,2024-01-01,8,0.1922337108355241,0.1791172382224365,0.1875995738004903,0.1747045372987244,0.2505460659754693
208,SLV,GRU,2022-01-01,2024-01-01,9,0.1704102000245111,0.1671279724961635,0.1726794202771866,0.1851952537707641,0.2559678987163332
209,SLV,GRU,2022-01-01,2024-01-01,10,0.2039464028848132,0.1733167293885044,0.2830723170038173,0.1722325046305451,0.2549463344691909
210,SLV,GRU,2022-01-01,2024-01-01,11,0.2509645981261536,0.1720153974397045,0.3711414302374377,0.2160261095275505,0.2538075595554721
211,SLV,GRU,2022-01-01,2024-01-01,12,0.2931318033403945,0.171303249215335,0.424221415345401,0.1829473575430514,0.2676512986197174
212,SLV,GRU,2022-01-01,2024-01-01,13,0.1665006163358894,0.2025654447694918,0.1530017165668724,0.1676236366022144,0.2545728191102069
213,SLV,GRU,2022-01-01,2024-01-01,14,0.6732384151568785,0.1654071910075092,0.1750101849331682,0.2344385664432259,0.259359219923678
214,SLV,GRU,2022-01-01,2024-01-01,15,0.2130740862590471,0.1709781577740777,0.1810515246153785,0.1811079806281735,0.2529472368030908
215,SLV,GRU,2022-01-01,2024-01-01,16,0.218068499760405,0.257811803190306,0.2277572049404959,0.2269758159431007,0.2662190475287218
216,SLV,GRU,2022-01-01,2024-01-01,17,0.2086149659360137,0.1530086213151353,0.2362800974709727,0.2498375872796642,0.2537142768622715
217,SLV,GRU,2022-01-01,2024-01-01,18,0.183008420125853,0.1600085044730588,0.1687279726950233,0.171919059052705,0.2702327223375649
218,SLV,GRU,2022-01-01,2024-01-01,19,0.2764603159595088,0.2166341957961909,0.1894625009736729,0.1794236146065713,0.2533655518532401
219,SLV,GRU,2022-01-01,2024-01-01,20,0.179683755278411,0.1650911150999624,0.1600553654271514,0.1838622361429241,0.2538790011395226
220,SLV,GRU,2022-01-01,2024-01-01,21,0.2261069804745271,0.1770740808295997,0.1601155161530665,0.1830559694179103,0.2515819957596423
221,SLV,GRU,2022-01-01,2024-01-01,22,0.7479929147666334,0.1506067512387297,0.566000207305908,0.1654771785020283,0.2587353134004481
222,SLV,GRU,2022-01-01,2024-01-01,23,0.1702083425589886,0.2242212107085077,0.1747641568353343,0.2327419518377041,0.255897216759518
223,SLV,GRU,2022-01-01,2024-01-01,24,0.2151966570758363,0.3290140594380112,0.6723354441358266,0.5419753065061584,0.2771721557226104
224,SLV,GRU,2022-01-01,2024-01-01,25,0.2249000125985825,0.1618510936539674,0.1864462219039722,0.2344378338188912,0.2496261082729191
225,SLV,GRU,2022-01-01,2024-01-01,26,0.1997384004265407,0.1661612074261218,0.1740149473610416,0.1784731783332759,0.2490472626221735
226,SLV,GRU,2022-01-01,2024-01-01,27,0.1882857787457265,0.1555072095043506,0.1577212172889327,0.207324201463452,0.2621003139678218
227,SLV,GRU,2022-01-01,2024-01-01,28,0.1398296751826977,0.1602748863882377,0.149772014627238,0.2441514877532687,0.2588746603336482
228,SLV,GRU,2022-01-01,2024-01-01,29,0.1868904612484241,0.1610538778954659,0.2014764288667613,0.1692038614807167,0.2553691821739
229,SLV,GRU,2022-01-01,2024-01-01,30,0.2149455352123226,0.1739505944831465,0.201181631103037,0.1954443319563784,0.2538050734798768
230,SLV,GRU,2022-01-01,2024-01-01,31,0.1600047531884871,0.2282238624671168,0.1567953627214091,0.1755457745166915,0.2547954079569712
231,SLV,GRU,2022-01-01,2024-01-01,32,0.1899769176586014,0.1728792516535639,0.1846440579195113,0.1848180568808734,0.2530123604034769
232,SLV,GRU,2022-01-01,2024-01-01,33,0.1929089674255345,0.1731655200585668,0.2171002649124697,0.1778089896183922,0.2561716213255405
233,SLV,GRU,2022-01-01,2024-01-01,34,0.1831294500337399,0.1555987549461723,0.1511349589142268,0.1757489024751191,0.2528329416762949
234,SLV,GRU,2022-01-01,2024-01-01,35,0.2275192747255887,0.1925609692290029,0.1708813847515876,0.1904529487247501,0.2524789172318833
235,SLV,GRU,2022-01-01,2024-01-01,36,0.1573979096917821,0.2189129692709016,0.2283428163878102,0.2374337839238916,0.2511504187778795
236,SLV,GRU,2022-01-01,2024-01-01,37,0.180573443390237,0.1541591500660999,0.1649939520078058,0.2148396298073136,0.2526206286248083
237,SLV,GRU,2022-01-01,2024-01-01,38,0.1620195933685434,0.1539954610552776,0.182264195214446,0.1890381066258604,0.252797922504112
238,SLV,GRU,2022-01-01,2024-01-01,39,0.3940465656701414,0.2358903168862438,0.2715765792678064,0.1809584547933593,0.2553703906552931
239,SLV,GRU,2022-01-01,2024-01-01,40,0.2529664736719125,0.1594911117397589,0.1852070992581125,0.1799707871496564,0.2549659260358634
240,SLV,GRU,2022-01-01,2024-01-01,41,0.224340758010549,0.1686117154624526,0.1722832115037721,0.1662412077754171,0.2577074085126007
241,SLV,GRU,2022-01-01,2024-01-01,42,0.1673849425049099,0.1715032645281018,0.1840128301542749,0.2035859250205111,0.2514205315613788
242,SLV,GRU,2022-01-01,2024-01-01,43,0.2314433574557273,0.1971709248562997,0.1685389285539046,0.1773636302586433,0.2509283648548201
243,SLV,GRU,2022-01-01,2024-01-01,44,0.1489233024702685,0.1948569486952577,0.2612624148942635,0.2724926889198862,0.2554415621835946
244,SLV,GRU,2022-01-01,2024-01-01,45,0.2221734382282086,0.1678123077132827,0.1693523805795588,0.1773855614159219,0.2584767676145083
245,SLV,GRU,2022-01-01,2024-01-01,46,0.3189472421641267,0.1611917512974474,0.4059404674524761,0.2096402995395032,0.2599520333099863
246,SLV,GRU,2022-01-01,2024-01-01,47,0.1950924170367154,0.153854071890932,0.1623675417693529,0.1863304707112693,0.2593101337021463
247,SLV,GRU,2022-01-01,2024-01-01,48,0.2189735167695377,0.2043110525076009,0.1748583207676668,0.1815563099534435,0.2507896221168301
248,SLV,GRU,2022-01-01,2024-01-01,49,0.4074508895280272,0.1726436434195579,0.2895175650918479,0.19200096631171,0.2559348584785983
249,SLV,GRU,2022-01-01,2024-01-01,50,0.3377389806847581,0.236115513751138,0.194916726024178,0.2201939342237912,0.2598573149697971
250,SLV,GRU,2022-09-01,2024-09-01,1,0.5445249421309895,0.3895415112759194,0.481396919325349,0.2580770741045086,0.2411427780699354
251,SLV,GRU,2022-09-01,2024-09-01,2,0.2803443798473647,0.266271950898038,0.2429935445099404,0.2617436528507985,0.2460039748982995
252,SLV,GRU,2022-09-01,2024-09-01,3,0.3139724906003309,0.2986828240730391,0.1818270664045335,0.2047927666041936,0.24621751708251
253,SLV,GRU,2022-09-01,2024-09-01,4,0.2529809965674329,0.2749314781753428,0.2186145903028815,0.241450245814735,0.2424941888468354
254,SLV,GRU,2022-09-01,2024-09-01,5,0.2637398069236779,0.3001604859047052,0.1837760542008259,0.2767592053892106,0.2526397925621463
255,SLV,GRU,2022-09-01,2024-09-01,6,0.4473350482608123,0.3423498949940941,0.1942797520209598,0.2117702301776352,0.241345207728986
256,SLV,GRU,2022-09-01,2024-09-01,7,0.2477102989019481,0.2427887515718412,0.1923060531698977,0.2073326605698406,0.2368092385724365
257,SLV,GRU,2022-09-01,2024-09-01,8,0.2493892519904207,0.2439362470632918,0.2532088314858433,0.2429256796202148,0.2447265123305659
258,SLV,GRU,2022-09-01,2024-09-01,9,0.2592642476401499,0.2431474467927346,0.2066744069898692,0.2117711401402349,0.2432891807566224
259,SLV,GRU,2022-09-01,2024-09-01,10,0.318470345610198,0.3067447918291191,0.2663224674363806,0.2235568357836447,0.2417980913995688
260,SLV,GRU,2022-09-01,2024-09-01,11,0.350416146164826,0.3251992885816939,0.2324520295629176,0.2448330223933285,0.2487067969585614
261,SLV,GRU,2022-09-01,2024-09-01,12,0.3723053734732967,0.2405271974723113,0.2226043676832769,0.221187677193595,0.24454850281547
262,SLV,GRU,2022-09-01,2024-09-01,13,0.3542580094819559,0.3113511239550554,0.2466572803644483,0.2015622723336886,0.2466922881470624
263,SLV,GRU,2022-09-01,2024-09-01,14,0.2393979658404161,0.3855386991130403,0.4398697335140402,0.323613536827079,0.2473765050789763
264,SLV,GRU,2022-09-01,2024-09-01,15,0.2915133479589848,0.350414306191028,0.2352333894074255,0.2926156215007621,0.2460393719761133
265,SLV,GRU,2022-09-01,2024-09-01,16,0.2649745658880799,0.3225508686878462,0.211881248809685,0.2277168900736877,0.2471027539343574
266,SLV,GRU,2022-09-01,2024-09-01,17,0.3239776271972474,0.2548845973829983,0.2715717258171096,0.2316701776808811,0.2529550693205167
267,SLV,GRU,2022-09-01,2024-09-01,18,0.4181444883593251,0.3481489066165529,0.3289277623194111,0.2850359474933315,0.2508518905847294
268,SLV,GRU,2022-09-01,2024-09-01,19,0.3370272025143593,0.3599161168695677,0.2168757314541211,0.2319059538240662,0.2435943510685392
269,SLV,GRU,2022-09-01,2024-09-01,20,0.3210587065197434,0.2723231818351811,0.2469742082175246,0.2218835453932592,0.2437279769312816
270,SLV,GRU,2022-09-01,2024-09-01,21,0.4343669270158055,0.3831976561171429,0.2107670375799233,0.225989614266042,0.2407122491747457
271,SLV,GRU,2022-09-01,2024-09-01,22,0.2444298918820261,0.2754931719772582,0.2311197867334699,0.2912159786024107,0.2455747416864713
272,SLV,GRU,2022-09-01,2024-09-01,23,0.2901210180949647,0.450980086592272,0.2329534384034883,0.2452122734134809,0.2453200340197363
273,SLV,GRU,2022-09-01,2024-09-01,24,0.361300705705481,0.3180837231399089,0.2463210339988492,0.253320213267063,0.2599726630750349
274,SLV,GRU,2022-09-01,2024-09-01,25,0.5798811559438263,0.2512016510421456,0.4739261416929517,0.2377312263057361,0.2394941840305797
275,SLV,GRU,2022-09-01,2024-09-01,26,0.2325982994140709,0.3114048148083016,0.2308488995494324,0.2345642377077723,0.2389623660018776
276,SLV,GRU,2022-09-01,2024-09-01,27,0.2718551573538201,0.3017803750609186,0.2963011118810277,0.2535462849002513,0.2398859858663057
277,SLV,GRU,2022-09-01,2024-09-01,28,0.2224929345205341,0.2453889073619821,0.1838897670410856,0.2124911645441911,0.2419867343497803
278,SLV,GRU,2022-09-01,2024-09-01,29,0.416396937120917,0.2977578072795649,0.2810935921627972,0.4402665496010787,0.2708376637268135
279,SLV,GRU,2022-09-01,2024-09-01,30,0.2213693769615955,0.265250845036797,0.1954893844560267,0.2143953497694601,0.2443812933588052
280,SLV,GRU,2022-09-01,2024-09-01,31,0.2347310876313142,0.2673010134539796,0.216095948184118,0.2167036184150945,0.2465092783511028
281,SLV,GRU,2022-09-01,2024-09-01,32,0.2861483799274239,0.2413751830265548,0.2491536853501344,0.2581443984073769,0.2472672554212761
282,SLV,GRU,2022-09-01,2024-09-01,33,0.4354076900233952,0.4163906234899961,0.2539186593545526,0.3288405032642366,0.2403824482769307
283,SLV,GRU,2022-09-01,2024-09-01,34,0.2788264904072836,0.252829555893811,0.2240323649254841,0.2929365692757501,0.2419478448033456
284,SLV,GRU,2022-09-01,2024-09-01,35,0.3234450688858172,0.3281766757315131,0.5200317353244978,0.3094330113556499,0.2456218257117431
285,SLV,GRU,2022-09-01,2024-09-01,36,0.2318422897728369,0.258675524557312,0.2747483864337214,0.239035688282805,0.2562538148094619
286,SLV,GRU,2022-09-01,2024-09-01,37,0.2380962541864908,0.338458077907472,0.214132920433193,0.2232654225328841,0.2423613881390934
287,SLV,GRU,2022-09-01,2024-09-01,38,0.2372210333352812,0.2597482167389698,0.2095268798318609,0.2229395417443657,0.2530278605603869
288,SLV,GRU,2022-09-01,2024-09-01,39,0.2848805208576467,0.3020679707616795,0.2480264860540745,0.2702433223150655,0.2447442243046174
289,SLV,GRU,2022-09-01,2024-09-01,40,0.2610473727136075,0.3008388795948997,0.3867526815532918,0.2501161887643623,0.2464848281716604
290,SLV,GRU,2022-09-01,2024-09-01,41,0.2980114545948403,0.4026251181244712,0.3709088101435078,0.3070576914560211,0.2475317999915941
291,SLV,GRU,2022-09-01,2024-09-01,42,0.274264284202349,0.2241570563974417,0.2050259001344818,0.2205914939625051,0.2421650435205384
292,SLV,GRU,2022-09-01,2024-09-01,43,0.2511125791297408,0.2882450674516881,0.2002292180245735,0.2413803668050527,0.2378998164937123
293,SLV,GRU,2022-09-01,2024-09-01,44,0.3224126967771192,0.2265174305057296,0.2161546887706357,0.204312211757155,0.2433122057864029
294,SLV,GRU,2022-09-01,2024-09-01,45,0.2825516140912356,0.2545406163182101,0.2077685064805902,0.2011387992386179,0.2509173907570453
295,SLV,GRU,2022-09-01,2024-09-01,46,0.2378142613123675,0.2485838048957234,0.1935259598857052,0.3513536417118222,0.2558728002604711
296,SLV,GRU,2022-09-01,2024-09-01,47,0.2760280873441686,0.2617951734227099,0.209094381748349,0.2353190421553047,0.2426082671824032
297,SLV,GRU,2022-09-01,2024-09-01,48,0.2545727317913681,0.251399126880662,0.2988600054287814,0.4712975206288639,0.2479721201658244
298,SLV,GRU,2022-09-01,2024-09-01,49,0.349268735757807,0.3062482823793766,0.3663818003533533,0.321599458112031,0.2443126876447355
299,SLV,GRU,2022-09-01,2024-09-01,50,0.6234661843514115,0.6902893820621263,1.6027256479290348,1.0288653541695203,0.2717429778398964
300,SLV,GRU,2023-05-01,2025-05-01,1,0.2228399410144564,0.1853998604346451,0.423107016657208,0.1832983278376503,0.2015441481437708
301,SLV,GRU,2023-05-01,2025-05-01,2,0.1464657588805821,0.1804549503284823,0.1626948284644824,0.1830116374593664,0.2017489747505507
302,SLV,GRU,2023-05-01,2025-05-01,3,0.1894082375632592,0.1808927826136858,0.1692624588215671,0.1981229119480179,0.2003696602522552
303,SLV,GRU,2023-05-01,2025-05-01,4,0.1698504200123705,0.196709011633076,0.1934871754505771,0.2037611196081448,0.2033375523661801
304,SLV,GRU,2023-05-01,2025-05-01,5,0.3313037439494782,0.2150525849511926,0.1866896181773945,0.261275981056657,0.2036418923133449
305,SLV,GRU,2023-05-01,2025-05-01,6,0.1859941123953426,0.2454949030216662,0.1984024391920014,0.2670480622301369,0.199781258740234
306,SLV,GRU,2023-05-01,2025-05-01,7,0.1428703519584197,0.179691715239184,0.1791755022848168,0.1844490376985336,0.2040471291858978
307,SLV,GRU,2023-05-01,2025-05-01,8,0.2349112195288525,0.2564399373395218,0.154058692498312,0.1787220220940755,0.2016657185314906
308,SLV,GRU,2023-05-01,2025-05-01,9,0.1587964182765638,0.1893666350272309,0.1903031906819181,0.1885101413625223,0.2068217380218913
309,SLV,GRU,2023-05-01,2025-05-01,10,0.1822086430798206,0.1822730372084429,0.21040478217283,0.1672964121457718,0.2016046716171828
310,SLV,GRU,2023-05-01,2025-05-01,11,0.2008488247458706,0.1935389134085591,0.2745662090804839,0.238167941569827,0.2029994936290419
311,SLV,GRU,2023-05-01,2025-05-01,12,0.2044296081755426,0.299380619909865,0.1882801935951489,0.3230777608448778,0.211246652003274
312,SLV,GRU,2023-05-01,2025-05-01,13,0.1832617377733135,0.185065669936464,0.1723941407449884,0.1820531999539932,0.205555544166251
313,SLV,GRU,2023-05-01,2025-05-01,14,0.2333611424912162,0.1749347323603948,0.1939525324463712,0.1819983122639626,0.209039419357472
314,SLV,GRU,2023-05-01,2025-05-01,15,0.1687335748654132,0.1839765375095192,0.1708820853014397,0.1770422223596315,0.2027695434523254
315,SLV,GRU,2023-05-01,2025-05-01,16,0.2390096936746786,0.2358339581033957,0.1937693654786648,0.1947803840801617,0.2063456630378731
316,SLV,GRU,2023-05-01,2025-05-01,17,0.1882804532411571,0.2197853701664983,0.2204831740398586,0.2696740535151354,0.2014782199579401
317,SLV,GRU,2023-05-01,2025-05-01,18,0.2366935362951659,0.2265650454811581,0.2330816143873378,0.1933519673241332,0.2128702933014631
318,SLV,GRU,2023-05-01,2025-05-01,19,0.1764468096678184,0.1858439930847144,0.1858583857319861,0.1894178825767644,0.2035900980620948
319,SLV,GRU,2023-05-01,2025-05-01,20,0.145870071095872,0.2010341663998519,0.1913039901020331,0.2011688882941137,0.2035375130989807
320,SLV,GRU,2023-05-01,2025-05-01,21,0.1585702651004048,0.1972564822719615,0.2195776823252467,0.2118441134651737,0.2071992098550802
321,SLV,GRU,2023-05-01,2025-05-01,22,0.1590917460271566,0.1828833065543602,0.1812651494603256,0.1916340442919425,0.2027338197067326
322,SLV,GRU,2023-05-01,2025-05-01,23,0.233770772085631,0.1891035213893322,0.2035036979971334,0.1948209707588992,0.2077208743966827
323,SLV,GRU,2023-05-01,2025-05-01,24,0.2086165171464452,0.1959432804124062,0.186371722300914,0.2041939078016462,0.2022888551500875
324,SLV,GRU,2023-05-01,2025-05-01,25,0.4619727047642005,0.2316688147318677,0.2743592979432318,0.3052516382494086,0.2014112839720419
325,SLV,GRU,2023-05-01,2025-05-01,26,0.1695530253594267,0.2000177980854774,0.226951457690532,0.2027678810087128,0.2041446737021288
326,SLV,GRU,2023-05-01,2025-05-01,27,0.2073442608898208,0.2059942819340408,0.2120867287396186,0.2132706467470486,0.2062289933253966
327,SLV,GRU,2023-05-01,2025-05-01,28,0.1504354878869603,0.1680961443977424,0.1618161557937613,0.181318515919339,0.2074485646984593
328,SLV,GRU,2023-05-01,2025-05-01,29,0.3208891101325433,0.1854372846519532,0.1826520302344944,0.3327889611359709,0.2043966838917736
329,SLV,GRU,2023-05-01,2025-05-01,30,0.1945538796621061,0.2081077311922223,0.1545565815660115,0.173771855480997,0.2021821628138675
330,SLV,GRU,2023-05-01,2025-05-01,31,0.177911944285555,0.1888906551403434,0.1914577586513859,0.202025872438148,0.2029644417331753
331,SLV,GRU,2023-05-01,2025-05-01,32,0.3781163445323047,0.5231432575451629,0.267017416541347,0.2518843198666064,0.2051490369489333
332,SLV,GRU,2023-05-01,2025-05-01,33,0.150386497218244,0.2677656985186378,0.158037437620691,0.177493131475281,0.2053257734098532
333,SLV,GRU,2023-05-01,2025-05-01,34,0.223222210256247,0.1682647846272086,0.2010571755463622,0.1890292204496685,0.2022795744914743
334,SLV,GRU,2023-05-01,2025-05-01,35,0.2418080494746002,0.1981446965642489,0.2495309081556345,0.2532507626537985,0.2039905817098378
335,SLV,GRU,2023-05-01,2025-05-01,36,0.1866327810679407,0.2218669977508453,0.2013146568138497,0.2072461809617914,0.2021561234802984
336,SLV,GRU,2023-05-01,2025-05-01,37,0.1584328252929929,0.2481722122333008,0.221424869475094,0.2433607009801808,0.2286916488624686
337,SLV,GRU,2023-05-01,2025-05-01,38,0.2343670521310398,0.1979153457866966,0.1784783221103064,0.1903827253162955,0.214376493285452
338,SLV,GRU,2023-05-01,2025-05-01,39,0.1848743159321421,0.2302642839489388,0.2475623511917182,0.2094841925018153,0.2073949368797266
339,SLV,GRU,2023-05-01,2025-05-01,40,0.1641526540779017,0.1691235566529721,0.182615533820968,0.2005900021872904,0.1992942142948295
340,SLV,GRU,2023-05-01,2025-05-01,41,0.4845081309577252,0.4502270938306091,0.6158307739982536,0.9054478087537696,0.2962834541796059
341,SLV,GRU,2023-05-01,2025-05-01,42,0.1875092236797071,0.2042192201048051,0.1980322723005735,0.2279435376247499,0.2040095218899613
342,SLV,GRU,2023-05-01,2025-05-01,43,0.1662893081580007,0.2127199425700559,0.2161067518181178,0.1871681725984584,0.2056059416525749
343,SLV,GRU,2023-05-01,2025-05-01,44,0.158704414305325,0.1842721628145125,0.2200471332583041,0.1950749376594086,0.1954587290498042
344,SLV,GRU,2023-05-01,2025-05-01,45,0.1837039922585026,0.2223235962428083,0.2455806984938417,0.1971202828237797,0.2016199759069619
345,SLV,GRU,2023-05-01,2025-05-01,46,0.1565130325541923,0.1843638841916747,0.2070448346106484,0.3891219570748366,0.2031876381340743
346,SLV,GRU,2023-05-01,2025-05-01,47,0.1677949589919475,0.1846074528762999,0.1771935289153568,0.1789673012976861,0.2045638062703589
347,SLV,GRU,2023-05-01,2025-05-01,48,0.4409937720622873,0.1653849646962962,0.2760112080863787,0.1982582019563344,0.2042170448818228
348,SLV,GRU,2023-05-01,2025-05-01,49,0.1635506713914374,0.1821446525910801,0.1825940701976623,0.2064596654474872,0.2018932950587231
349,SLV,GRU,2023-05-01,2025-05-01,50,0.188762092944419,0.1990253262666856,0.2136816315842413,0.2501866978787316,0.2152759991327764
350,SLV,GRU,2024-01-01,2026-01-01,1,0.1325525331289046,0.0982426150442205,0.1044580435830057,0.0871805183852018,0.2690520834482107
351,SLV,GRU,2024-01-01,2026-01-01,2,0.0933007273297863,0.0894840583495404,0.0849815451012188,0.1040643280242281,0.2072341731294935
352,SLV,GRU,2024-01-01,2026-01-01,3,0.1070136498019596,0.0988893947659417,0.0750060890536727,0.0932468270243406,0.1763223636114185
353,SLV,GRU,2024-01-01,2026-01-01,4,0.1332067887597753,0.180058085535502,0.2501167992801846,0.2075999271814983,0.1784281648119466
354,SLV,GRU,2024-01-01,2026-01-01,5,0.0789262204876443,0.0929636916586002,0.0861062354828147,0.0969101680280833,0.1893472123816063
355,SLV,GRU,2024-01-01,2026-01-01,6,0.1070088746028676,0.091818360290529,0.0865891358178524,0.0873403431573979,0.1808598224015022
356,SLV,GRU,2024-01-01,2026-01-01,7,0.1019080581017562,0.116331702771484,0.1117672285275051,0.1205980599984362,0.1946194284076431
357,SLV,GRU,2024-01-01,2026-01-01,8,0.2194228709588215,0.2774476878057957,0.3625760296177643,0.240823316626532,0.1732121814444675
358,SLV,GRU,2024-01-01,2026-01-01,9,0.1054005388118949,0.1080031012982446,0.082526958335768,0.1066452654196892,0.195287677359192
359,SLV,GRU,2024-01-01,2026-01-01,10,0.0894321419202891,0.1312778797038508,0.0764311753944661,0.1114519901174673,0.2706785764517555
360,SLV,GRU,2024-01-01,2026-01-01,11,0.0786010678510117,0.0976647722524003,0.0982485849813822,0.1207489442286422,0.2211466265725353
361,SLV,GRU,2024-01-01,2026-01-01,12,0.1940980420156246,0.4337858241987294,0.2583744951314707,0.3582597636459301,0.1947197230372911
362,SLV,GRU,2024-01-01,2026-01-01,13,0.1339881492519698,0.2479782200969927,0.1558400639390236,0.0845205194252021,0.2835248911106556
363,SLV,GRU,2024-01-01,2026-01-01,14,0.1762381270775833,0.0867356396203289,0.126618356068571,0.0989825100492065,0.1773312768688167
364,SLV,GRU,2024-01-01,2026-01-01,15,0.0733426144463163,0.1090896258904562,0.0846034197631471,0.110747008224588,0.1802991761410851
365,SLV,GRU,2024-01-01,2026-01-01,16,0.0823563734006098,0.0838005800201943,0.0746789732797809,0.091533252523839,0.1783431475309936
366,SLV,GRU,2024-01-01,2026-01-01,17,0.0797633972625561,0.1115701977069475,0.0977687069232971,0.1118020981461217,0.1887308146105079
367,SLV,GRU,2024-01-01,2026-01-01,18,0.0746480358853593,0.084991145394404,0.0777999520414209,0.0884377087300337,0.1895838038566316
368,SLV,GRU,2024-01-01,2026-01-01,19,0.1062362058804259,0.144530983695677,0.1506019176339934,0.2220163451214594,0.1988684750183766
369,SLV,GRU,2024-01-01,2026-01-01,20,0.1696332625697858,0.1722807297806139,0.1272044449561081,0.1552259668266689,0.2163427441349744
370,SLV,GRU,2024-01-01,2026-01-01,21,0.1791377934321172,0.1619289863164378,0.16258104128579,0.147398373843181,0.1820977049516266
371,SLV,GRU,2024-01-01,2026-01-01,22,0.1219647351024919,0.0883057731630682,0.0731934668172578,0.0899331078233607,0.1839749081946427
372,SLV,GRU,2024-01-01,2026-01-01,23,0.1159787630939941,0.1138005118497598,0.0852843163730351,0.1361981437999624,0.1842166591551864
373,SLV,GRU,2024-01-01,2026-01-01,24,0.0758949893972041,0.0782897199199107,0.0856090774939307,0.0942134875505529,0.2307521146944201
374,SLV,GRU,2024-01-01,2026-01-01,25,0.0694928208974102,0.1086085351053361,0.2292005474365848,0.0875420925764475,0.2136452354456444
375,SLV,GRU,2024-01-01,2026-01-01,26,0.1222072113929581,0.1769869463746113,0.090942071392388,0.1116546723460392,0.1831698093371938
376,SLV,GRU,2024-01-01,2026-01-01,27,0.070572842116672,0.0872630518089832,0.0677436888265748,0.1123418740791367,0.1827755111064256
377,SLV,GRU,2024-01-01,2026-01-01,28,0.0697236811700715,0.0865806792433575,0.1508542069670149,0.0726197325883149,0.169802152914731
378,SLV,GRU,2024-01-01,2026-01-01,29,0.0988895455846303,0.0993203517932246,0.1138495990364959,0.1102934296638776,0.2145064615360944
379,SLV,GRU,2024-01-01,2026-01-01,30,0.0668849173888979,0.0968517840319244,0.0900053727830046,0.0927781638496411,0.1831897303144717
380,SLV,GRU,2024-01-01,2026-01-01,31,0.2290762021137986,0.1845611508794755,0.2021145342076424,0.2483470206274194,0.2057560266626401
381,SLV,GRU,2024-01-01,2026-01-01,32,0.0811363320864502,0.075447990247168,0.0818711105343547,0.0902809848211381,0.2000351281350911
382,SLV,GRU,2024-01-01,2026-01-01,33,0.1680220643593917,0.1693711789798384,0.1324545098238156,0.2163485672071481,0.2075974959937025
383,SLV,GRU,2024-01-01,2026-01-01,34,0.0764772357739694,0.0828269646187277,0.087889405522473,0.1538660464546569,0.1968617991512414
384,SLV,GRU,2024-01-01,2026-01-01,35,0.0824151726513223,0.0824654036271946,0.0866876612662451,0.075470309801065,0.206800995796351
385,SLV,GRU,2024-01-01,2026-01-01,36,0.0899149389184423,0.1001509740002735,0.0834218711984958,0.1010707421197192,0.200037309476706
386,SLV,GRU,2024-01-01,2026-01-01,37,0.1217532827990597,0.1415033529658255,0.1922492227159177,0.1813328666621944,0.1868175585860951
387,SLV,GRU,2024-01-01,2026-01-01,38,0.0808609615970026,0.1001666596908244,0.0921797919561542,0.0901313344295047,0.252855094956802
388,SLV,GRU,2024-01-01,2026-01-01,39,0.0772025622353669,0.088482354808606,0.1047054823999805,0.142407970379538,0.2253648926775475
389,SLV,GRU,2024-01-01,2026-01-01,40,0.1491572176713994,0.0902107605471595,0.1196562649557577,0.0989065295944788,0.1837862435648148
390,SLV,GRU,2024-01-01,2026-01-01,41,0.0677870196190945,0.115489806664768,0.2080510015228754,0.0837166144480778,0.1719771347244053
391,SLV,GRU,2024-01-01,2026-01-01,42,0.074559122257119,0.0840095177415253,0.0983644902974666,0.1036106416322841,0.2052895243275208
392,SLV,GRU,2024-01-01,2026-01-01,43,0.0827264303749193,0.1015559107267229,0.0831693842033798,0.1246964835266261,0.2129307949433481
393,SLV,GRU,2024-01-01,2026-01-01,44,0.06449590758705,0.0937291368760756,0.1750941101413758,0.0923476238711807,0.1871544399133669
394,SLV,GRU,2024-01-01,2026-01-01,45,0.1026556901934806,0.1151906365581585,0.097313061361545,0.0986710990716509,0.1884550938858321
395,SLV,GRU,2024-01-01,2026-01-01,46,0.205374240018865,0.2723651532402169,0.2444077137081567,0.1089774524514868,0.2402019496078343
396,SLV,GRU,2024-01-01,2026-01-01,47,0.0901258990393965,0.1111638736298605,0.1228013567742341,0.1169776001883153,0.1926219817261406
397,SLV,GRU,2024-01-01,2026-01-01,48,0.1131569735964756,0.1035537917811324,0.0901234071540901,0.1545250858669639,0.1996890495986565
398,SLV,GRU,2024-01-01,2026-01-01,49,0.1002527015623234,0.1025100871263585,0.1159218190193845,0.1079097714437585,0.1764122630814232
399,SLV,GRU,2024-01-01,2026-01-01,50,0.1011295688810913,0.1121923276593512,0.1066086769870462,0.0823837024462251,0.2261484967396624
400,MSFT,GRU,2022-01-01,2024-01-01,1,0.7699159565946105,0.4583077088540894,0.9771616881034776,0.6650174634349636,0.1983603876174927
401,MSFT,GRU,2022-01-01,2024-01-01,2,1.0698584256087988,0.3224642220496339,0.3089090904023705,0.5369637929458005,0.2016076873784412
402,MSFT,GRU,2022-01-01,2024-01-01,3,0.975127810192954,0.6099392776538078,2.458219634473992,1.391296894669688,0.2029467884838013
403,MSFT,GRU,2022-01-01,2024-01-01,4,0.3169748256610564,0.3495530698806875,0.3009111296123795,0.335123509845561,0.1971569056834905
404,MSFT,GRU,2022-01-01,2024-01-01,5,0.4970048274243482,0.3106376298738028,0.5451706852687396,0.2499566534397054,0.2040758746071694
405,MSFT,GRU,2022-01-01,2024-01-01,6,0.7512000785980782,0.1934060335407994,0.485510777386675,0.6555651736629945,0.2033658203020159
406,MSFT,GRU,2022-01-01,2024-01-01,7,1.4202969745129472,0.6281008434712585,0.281265716733689,0.6670989140382076,0.2207585011227131
407,MSFT,GRU,2022-01-01,2024-01-01,8,0.3182702023587818,0.3447039874862289,0.336355731798151,0.2749944900143221,0.202495285706762
408,MSFT,GRU,2022-01-01,2024-01-01,9,0.2348071130863754,0.2467252242672434,0.2585345508727116,0.289929045810463,0.2014122950836696
409,MSFT,GRU,2022-01-01,2024-01-01,10,0.5641929623827414,0.3622129781128796,1.0480707288646929,0.4714652284745194,0.2038404120266056
410,MSFT,GRU,2022-01-01,2024-01-01,11,0.1753835189332886,0.339842736523806,0.5262880053981899,0.4061887690165307,0.2025027366662797
411,MSFT,GRU,2022-01-01,2024-01-01,12,0.2128455146646749,0.5942637759105539,0.3312431497969723,0.3963375334129355,0.2011264319193396
412,MSFT,GRU,2022-01-01,2024-01-01,13,0.4384798950515978,0.2876405589673336,0.4315715536505826,0.2734732153941707,0.2007254477002653
413,MSFT,GRU,2022-01-01,2024-01-01,14,1.495434626573979,0.3198718489013219,0.3708205387941863,0.634588935280271,0.2056129703675358
414,MSFT,GRU,2022-01-01,2024-01-01,15,0.2014046053930587,0.4719290760646221,0.8293070558489711,0.5910751691430762,0.2047782152363808
415,MSFT,GRU,2022-01-01,2024-01-01,16,1.76679636290775,2.0425190281492576,1.7724213258656751,1.7968016195764125,0.2007712476241916
416,MSFT,GRU,2022-01-01,2024-01-01,17,0.2069653101158999,0.5524353594868131,0.5013031903730534,0.387436145138903,0.2032454604254131
417,MSFT,GRU,2022-01-01,2024-01-01,18,0.6639144783976891,0.8062854009207413,0.8738681349557553,0.941993232502804,0.1974467893137697
418,MSFT,GRU,2022-01-01,2024-01-01,19,1.115608534948785,0.8469343106494159,1.2713712259548435,1.0686313883397096,0.2172459165337156
419,MSFT,GRU,2022-01-01,2024-01-01,20,0.2518738640402737,0.3879281198489446,0.3123493571778168,0.266005043472457,0.2023847852952016
420,MSFT,GRU,2022-01-01,2024-01-01,21,0.1881249434005596,0.2029043932165374,0.3065900657381468,0.2267207919538909,0.1987111219297452
421,MSFT,GRU,2022-01-01,2024-01-01,22,2.598800893341236,1.4615868807891232,0.3071520633472941,1.136114808809211,0.1973670703578943
422,MSFT,GRU,2022-01-01,2024-01-01,23,0.9713649261877232,1.1226660111192304,1.431552741679188,0.8094614404652081,0.2045269540901882
423,MSFT,GRU,2022-01-01,2024-01-01,24,0.7280084271564163,0.407116751327772,0.316893162596689,0.456393911792152,0.1995128032856416
424,MSFT,GRU,2022-01-01,2024-01-01,25,0.2429623896865437,0.2082251211737864,0.6571812315842281,0.2889178855799073,0.2019643350025178
425,MSFT,GRU,2022-01-01,2024-01-01,26,0.272496150937112,0.2921934491995022,0.2356188276436423,0.1969926822191181,0.2025636496313572
426,MSFT,GRU,2022-01-01,2024-01-01,27,0.6484851812102856,0.5473619258698763,0.6266199960992189,0.3677552439712346,0.2013527342047391
427,MSFT,GRU,2022-01-01,2024-01-01,28,0.2971976359180737,0.251090130580497,0.4018854905245799,0.3000982301830326,0.1926459039806595
428,MSFT,GRU,2022-01-01,2024-01-01,29,0.2531817975845238,0.1907815692218342,1.0847229463960313,0.5817570830150068,0.2097750698121852
429,MSFT,GRU,2022-01-01,2024-01-01,30,0.282341401486003,0.3561892717916761,0.4825258755460463,0.2418006511525563,0.2028331506998447
430,MSFT,GRU,2022-01-01,2024-01-01,31,0.1558247746598959,0.2134762821273651,0.2308916581778769,0.2068100061938053,0.1965954924417396
431,MSFT,GRU,2022-01-01,2024-01-01,32,0.3205923504032659,0.516444258529532,0.3565595898369716,0.3269990931609584,0.2032493366343818
432,MSFT,GRU,2022-01-01,2024-01-01,33,0.29602988282687,0.4233558307070842,0.3642418273441234,0.2829740783671667,0.2027471661355384
433,MSFT,GRU,2022-01-01,2024-01-01,34,0.1810178782519629,0.3208077537408593,0.3254762483147431,0.2639861950123709,0.2003687805151709
434,MSFT,GRU,2022-01-01,2024-01-01,35,0.2417231240193596,0.7032558293146678,0.4466913224412441,0.2136766968670621,0.2003815543960733
435,MSFT,GRU,2022-01-01,2024-01-01,36,0.3136157016828954,0.3556931842856066,0.5239463110883182,0.7047037261855384,0.2001378587213163
436,MSFT,GRU,2022-01-01,2024-01-01,37,0.3443494168862052,1.3706292642032094,0.5917347624430204,1.0630415615732836,0.2312396014673971
437,MSFT,GRU,2022-01-01,2024-01-01,38,0.7289011967087513,0.7595021092939024,0.8222875749758439,0.9152574511729854,0.2000911981177434
438,MSFT,GRU,2022-01-01,2024-01-01,39,0.3613909168931659,0.6035663031112981,1.224521524567991,0.5409124340767335,0.1982817103449653
439,MSFT,GRU,2022-01-01,2024-01-01,40,0.282339500474796,0.2283293842871459,1.0539403141734485,1.0878988790850106,0.1952675096326313
440,MSFT,GRU,2022-01-01,2024-01-01,41,0.4529151832527374,0.548487848259716,0.6046792659529486,0.4809602307379595,0.2046139434330029
441,MSFT,GRU,2022-01-01,2024-01-01,42,0.3085102851879631,0.2347335931051301,0.3053720191620789,0.297532626105045,0.2015685128272067
442,MSFT,GRU,2022-01-01,2024-01-01,43,0.2223654103273238,0.208396353717283,0.440168034665551,0.4466303359399681,0.207474877309201
443,MSFT,GRU,2022-01-01,2024-01-01,44,0.4535850804301471,0.8928506613679693,0.8318434260937057,0.926591893283973,0.208638815139742
444,MSFT,GRU,2022-01-01,2024-01-01,45,0.2962789787530302,0.2236494038941962,0.6068962254050794,0.4131932724216232,0.1972650990704854
445,MSFT,GRU,2022-01-01,2024-01-01,46,0.7702571997213659,0.3784111518213342,0.2795991168437705,1.3967144500790405,0.2114679702683112
446,MSFT,GRU,2022-01-01,2024-01-01,47,0.2904452438343635,0.3029476842271186,0.2806650810635873,0.5744008919251649,0.2061213652673824
447,MSFT,GRU,2022-01-01,2024-01-01,48,0.5900482112197473,0.5384366281645053,0.2566738391056186,0.6911385449256597,0.2088987275225145
448,MSFT,GRU,2022-01-01,2024-01-01,49,0.4101688931903458,0.6077788846856178,0.576341480965217,0.2225191322907053,0.1985247974649327
449,MSFT,GRU,2022-01-01,2024-01-01,50,0.5020548396278403,0.5246198465942821,0.7661639191487417,0.6028413245149596,0.201954788613504
450,MSFT,GRU,2022-09-01,2024-09-01,1,0.1411131020018007,0.1538589675294355,0.2307180236697237,0.1713338900079542,0.2438294479321159
451,MSFT,GRU,2022-09-01,2024-09-01,2,0.1539658625012786,0.1413889190764686,0.1308309082892381,0.18329124375404,0.2278892877494086
452,MSFT,GRU,2022-09-01,2024-09-01,3,0.1322806079576126,0.123837836206639,0.1705594600324391,0.194639187047713,0.2324877544675506
453,MSFT,GRU,2022-09-01,2024-09-01,4,0.111436568354468,0.1223810873296728,0.1399825025896248,0.1531099200153891,0.225088077674561
454,MSFT,GRU,2022-09-01,2024-09-01,5,0.1215518064352928,0.1416853653497453,0.2055108457532769,0.1610820618873659,0.2329728839401157
455,MSFT,GRU,2022-09-01,2024-09-01,6,0.2016772167544426,0.1853368035252065,0.1640413829720307,0.2372275632705313,0.2276819471387406
456,MSFT,GRU,2022-09-01,2024-09-01,7,0.1541344920560041,0.165263927743174,0.1567745826505584,0.1686462151181051,0.2303474652470869
457,MSFT,GRU,2022-09-01,2024-09-01,8,0.145396605179515,0.1668207137878,0.1776212012255084,0.1463700519542144,0.2304726770349324
458,MSFT,GRU,2022-09-01,2024-09-01,9,0.2033283175918902,0.2258852462098032,0.2069699517905396,0.2636575451760874,0.2399861088596642
459,MSFT,GRU,2022-09-01,2024-09-01,10,0.142710910526703,0.1150915727000635,0.1457555650245981,0.1674728012122933,0.2295409008931966
460,MSFT,GRU,2022-09-01,2024-09-01,11,0.1845171059468991,0.1452888117936822,0.1310765432793282,0.1460889697450461,0.2422800554218475
461,MSFT,GRU,2022-09-01,2024-09-01,12,0.2312623957373764,0.4953841855510699,0.1744029336686356,0.3747301556100645,0.2458998050049502
462,MSFT,GRU,2022-09-01,2024-09-01,13,0.1245230549342336,0.143958165255271,0.1917877583761321,0.1315756071130724,0.2314767722823994
463,MSFT,GRU,2022-09-01,2024-09-01,14,0.3200635227725015,0.2619329089320334,0.3991519313818839,0.4809740506436277,0.241600918145439
464,MSFT,GRU,2022-09-01,2024-09-01,15,0.1096269369089919,0.1249043669593371,0.1525295002953509,0.1423292501273715,0.2319552280871436
465,MSFT,GRU,2022-09-01,2024-09-01,16,0.1323436451103685,0.114311761127424,0.1865344440959463,0.1939411438176971,0.2390819315123417
466,MSFT,GRU,2022-09-01,2024-09-01,17,0.2193442947385485,0.1343709371832069,0.2247912441604812,0.1931278429845491,0.2335414252711668
467,MSFT,GRU,2022-09-01,2024-09-01,18,0.1597975633634395,0.136610894393881,0.1828006207072657,0.145841783019296,0.2285381380250029
468,MSFT,GRU,2022-09-01,2024-09-01,19,0.3135254929345053,0.2359247632891246,0.2476896353888476,0.3654820110045578,0.2276021254053905
469,MSFT,GRU,2022-09-01,2024-09-01,20,0.1184895447468259,0.1245720936972322,0.1282858374640419,0.1460371645392615,0.2332062844942067
470,MSFT,GRU,2022-09-01,2024-09-01,21,0.2247920249415383,0.1592464350633366,0.1518967754951597,0.3453989346426564,0.2376086712453324
471,MSFT,GRU,2022-09-01,2024-09-01,22,0.2627601001685303,0.2112514666296653,0.2330268135031809,0.2197154075907655,0.242729098285851
472,MSFT,GRU,2022-09-01,2024-09-01,23,0.3627170696256221,0.2085236112109268,0.2433227934681924,0.3357899391697231,0.238030670951521
473,MSFT,GRU,2022-09-01,2024-09-01,24,0.4079739438501578,0.2487670686120588,0.5421560110171477,0.9788369288582384,0.2296887165960931
474,MSFT,GRU,2022-09-01,2024-09-01,25,0.1453615167477755,0.1527468038366611,0.1673919287529112,0.133401538758302,0.2296217111097263
475,MSFT,GRU,2022-09-01,2024-09-01,26,0.350351489164124,0.2074561405001501,0.2950755095764699,0.3021370435084166,0.2330302693359451
476,MSFT,GRU,2022-09-01,2024-09-01,27,0.1548709236627056,0.1256365541229302,0.1395055782453704,0.2007115092129394,0.2329443796543052
477,MSFT,GRU,2022-09-01,2024-09-01,28,0.1994711092719341,0.1238880259206656,0.2043657976070622,0.1869486291749463,0.2292057523041883
478,MSFT,GRU,2022-09-01,2024-09-01,29,0.5226189579256493,0.4852976740491428,0.323706136648392,0.1664607191602065,0.2390974686813464
479,MSFT,GRU,2022-09-01,2024-09-01,30,0.1250116142289944,0.185489493243879,0.1503348056421715,0.177583183717287,0.2252642898596468
480,MSFT,GRU,2022-09-01,2024-09-01,31,0.1306929216201059,0.1429699040519494,0.2044586311635007,0.2347268736062578,0.22948742612681
481,MSFT,GRU,2022-09-01,2024-09-01,32,0.1318552430600394,0.1230850522791175,0.164115886879079,0.1430566833253257,0.2278842595351684
482,MSFT,GRU,2022-09-01,2024-09-01,33,0.4258453612465405,0.2358344120202866,0.1315132219452774,0.2430451004060001,0.2719269824861821
483,MSFT,GRU,2022-09-01,2024-09-01,34,0.1546312712112073,0.1935697301627867,0.1647983364494038,0.1501559633996424,0.2299519990722142
484,MSFT,GRU,2022-09-01,2024-09-01,35,0.1630582121100503,0.1547448842034685,0.1421249366465554,0.1373819296850455,0.2345087525490125
485,MSFT,GRU,2022-09-01,2024-09-01,36,0.1536951090598693,0.1509473426210056,0.1383810168151979,0.1632163598516468,0.2321484645841458
486,MSFT,GRU,2022-09-01,2024-09-01,37,0.2105604195893762,0.2205489189919238,0.2494455363000233,0.2520104895570528,0.2448079624111775
487,MSFT,GRU,2022-09-01,2024-09-01,38,0.1607206671068751,0.1430297355490225,0.1531907913872492,0.1446028005056458,0.2316110708128689
488,MSFT,GRU,2022-09-01,2024-09-01,39,0.1422903014837752,0.1508047861245365,0.1636576158287523,0.1510684375633449,0.2317757028859023
489,MSFT,GRU,2022-09-01,2024-09-01,40,0.2454840568177526,0.2057526707914614,0.1973609209386444,0.2532717828584641,0.2352297287036883
490,MSFT,GRU,2022-09-01,2024-09-01,41,0.184057337032301,0.3097582545286652,0.9150727573553312,0.84830680769476,0.2756100886605672
491,MSFT,GRU,2022-09-01,2024-09-01,42,0.1426443895406235,0.1385746720229219,0.1787275756052136,0.179497393816445,0.2287978471219998
492,MSFT,GRU,2022-09-01,2024-09-01,43,0.1379230077007382,0.1690739152943012,0.1448418990048657,0.1834394290171838,0.2384167337958128
493,MSFT,GRU,2022-09-01,2024-09-01,44,0.1659203718617019,0.1931711602499298,0.2168923532608908,0.1545066514969732,0.2300575174573247
494,MSFT,GRU,2022-09-01,2024-09-01,45,0.1385218411066128,0.1322087400851453,0.1503520464624371,0.1370589008852068,0.2373081591840664
495,MSFT,GRU,2022-09-01,2024-09-01,46,0.2868749425917659,0.2427774749178179,0.190837463712166,0.1664172108190187,0.2323684887935244
496,MSFT,GRU,2022-09-01,2024-09-01,47,0.3355840273495355,0.4562305877494388,0.2284393996352941,0.456907453203885,0.2382960594636413
497,MSFT,GRU,2022-09-01,2024-09-01,48,0.3065628159390646,0.152881197839613,0.1775871329555532,0.1620879213591884,0.2324502923576336
498,MSFT,GRU,2022-09-01,2024-09-01,49,0.1866363187627455,0.1122329356271537,0.1718549527786202,0.2164802034248699,0.2297155966599658
499,MSFT,GRU,2022-09-01,2024-09-01,50,0.1963342432117082,0.1312548027336077,0.2052426902922783,0.2512003303675316,0.2282341805809189
500,MSFT,GRU,2023-05-01,2025-05-01,1,0.258616571478308,0.3456821230312951,0.2189126109168499,0.3382268347056413,0.2909821387293445
501,MSFT,GRU,2023-05-01,2025-05-01,2,0.2145878050503689,0.3933878902209182,0.2118596983658575,0.3021352237048175,0.2868350932382894
502,MSFT,GRU,2023-05-01,2025-05-01,3,0.2633026123848331,0.4634213614252051,0.1913331543219262,0.3163802804717664,0.2893417751713324
503,MSFT,GRU,2023-05-01,2025-05-01,4,0.2095018838683547,0.3265770829571525,0.2066103661448815,0.2996976597785677,0.2855096361264505
504,MSFT,GRU,2023-05-01,2025-05-01,5,0.2630075207048436,0.3669577976819627,0.2515161181027924,0.3246672887191461,0.2908969108408548
505,MSFT,GRU,2023-05-01,2025-05-01,6,0.2172384296972948,0.3131376507384014,0.2188418720922199,0.3027118601835997,0.2905486900647481
506,MSFT,GRU,2023-05-01,2025-05-01,7,0.2679327312179371,0.3576455849940094,0.2155637289005463,0.3041900383308918,0.2911028430674965
507,MSFT,GRU,2023-05-01,2025-05-01,8,0.2376710090462366,0.3301281342608723,0.2795391317860165,0.3209867306308155,0.2914296304275192
508,MSFT,GRU,2023-05-01,2025-05-01,9,0.1982833126938368,0.2666893455103279,0.2027627156368997,0.2787620144664073,0.2932905737261443
509,MSFT,GRU,2023-05-01,2025-05-01,10,0.2498372474483485,0.303631802005025,0.2528205424372381,0.3158114687152871,0.2908198029923591
510,MSFT,GRU,2023-05-01,2025-05-01,11,0.2170075151977354,0.3975847948078086,0.2226030600398852,0.3509368391344426,0.2907852178268149
511,MSFT,GRU,2023-05-01,2025-05-01,12,0.2207528787159674,0.369179974259356,0.2150381313078225,0.334534515715829,0.2919155316627024
512,MSFT,GRU,2023-05-01,2025-05-01,13,0.2445954862262411,0.3381584972427284,0.2108877379518715,0.3486243688033151,0.2976509512838486
513,MSFT,GRU,2023-05-01,2025-05-01,14,0.2382146919857017,0.3827696765100983,0.2251244991444078,0.3141083127927041,0.2985179608194952
514,MSFT,GRU,2023-05-01,2025-05-01,15,0.1876874364963802,0.3020040940477025,0.1919238455086367,0.3104256381191362,0.2911233117370098
515,MSFT,GRU,2023-05-01,2025-05-01,16,0.2329178571092196,0.3324871408696823,0.2097655375286914,0.2913496319948503,0.284764131805708
516,MSFT,GRU,2023-05-01,2025-05-01,17,0.2500591321224914,0.4088847258171186,0.2059704619670528,0.3295511679892484,0.2960626140662593
517,MSFT,GRU,2023-05-01,2025-05-01,18,0.216541978126519,0.3194181143703952,0.2338365860420965,0.3472288571201193,0.2993580993383534
518,MSFT,GRU,2023-05-01,2025-05-01,19,0.2123287618865944,0.3748770195197801,0.2190326676659179,0.3057441220396703,0.2868387354950187
519,MSFT,GRU,2023-05-01,2025-05-01,20,0.2253505918393969,0.3169504997302221,0.2455950437015285,0.3249766034163832,0.2955724491571307
520,MSFT,GRU,2023-05-01,2025-05-01,21,0.2116428342220816,0.3800949092343956,0.2586014379051476,0.2967167832340137,0.2885615584150158
521,MSFT,GRU,2023-05-01,2025-05-01,22,0.2514911688641986,0.3255823132692566,0.2409884439962449,0.3094527454349112,0.2984758001351328
522,MSFT,GRU,2023-05-01,2025-05-01,23,0.1949199538587876,0.3260156505906112,0.2960659992053216,0.3406440698318989,0.2874687073413285
523,MSFT,GRU,2023-05-01,2025-05-01,24,0.3077558625283431,0.3535375366587869,0.2529094644639831,0.3839486581775885,0.2913105121819847
524,MSFT,GRU,2023-05-01,2025-05-01,25,0.3659757411365433,0.3438594818050088,0.1941676192548178,0.31429451486176,0.2948265910921359
525,MSFT,GRU,2023-05-01,2025-05-01,26,0.2226824979892393,0.4013149502172594,0.2220221917940306,0.3040538519794992,0.2918792996712647
526,MSFT,GRU,2023-05-01,2025-05-01,27,0.2099030279743747,0.3652767392090195,0.2132035252199666,0.2795460296693053,0.2904552321922203
527,MSFT,GRU,2023-05-01,2025-05-01,28,0.2456285748924461,0.371462071206643,0.2008478377562558,0.3129174179447395,0.2987553757482425
528,MSFT,GRU,2023-05-01,2025-05-01,29,0.217294545583737,0.3079630097389572,0.2203331846703698,0.3037830185665266,0.2990259288552399
529,MSFT,GRU,2023-05-01,2025-05-01,30,0.2456759434333646,0.2713485630263059,0.2105556295041881,0.2696442950235563,0.2946081005641208
530,MSFT,GRU,2023-05-01,2025-05-01,31,0.2720120299046967,0.4076185907950719,0.3010094941309353,0.3251203717104539,0.2952686836451127
531,MSFT,GRU,2023-05-01,2025-05-01,32,0.2472759701088869,0.3991396764298528,0.2349320320872773,0.3575044318170579,0.2877100767423224
532,MSFT,GRU,2023-05-01,2025-05-01,33,0.2313515816432572,0.3800477478596908,0.2432356570010928,0.3362130193214669,0.3097471859113946
533,MSFT,GRU,2023-05-01,2025-05-01,34,0.1926072588602685,0.3149158289032927,0.2007339275314456,0.28985122610545,0.2926801442940889
534,MSFT,GRU,2023-05-01,2025-05-01,35,0.2161878058919375,0.334785279809881,0.2298772654021228,0.3181428456360783,0.2924689933229917
535,MSFT,GRU,2023-05-01,2025-05-01,36,0.1978367352799655,0.3382163406641567,0.202950606066747,0.2973354960632017,0.2967499789467057
536,MSFT,GRU,2023-05-01,2025-05-01,37,0.2313617682962849,0.3506839430678655,0.2232113971408158,0.2763584927231045,0.2950198210854857
537,MSFT,GRU,2023-05-01,2025-05-01,38,0.1911692716928572,0.3181805167611454,0.1951794511178798,0.3165976239984099,0.295143632819103
538,MSFT,GRU,2023-05-01,2025-05-01,39,0.2541957433004981,0.3578734378143661,0.2382886999818301,0.3065991351262892,0.2938307764878304
539,MSFT,GRU,2023-05-01,2025-05-01,40,0.2285501450198148,0.3565318471333935,0.2198210028907631,0.2873393465965052,0.2922682724873553
540,MSFT,GRU,2023-05-01,2025-05-01,41,0.219299124927005,0.360801307349637,0.2115680390139731,0.3234331899907053,0.3030539797445364
541,MSFT,GRU,2023-05-01,2025-05-01,42,0.2238688216225797,0.3312884416381263,0.2839225294460819,0.2984408076962165,0.2882989604331353
542,MSFT,GRU,2023-05-01,2025-05-01,43,0.2436099353635533,0.2929584522318124,0.2568166937330374,0.3393256866285944,0.2917241333381112
543,MSFT,GRU,2023-05-01,2025-05-01,44,0.1926051916838425,0.325972773394109,0.1995892744087454,0.3133518861862468,0.2904088508390842
544,MSFT,GRU,2023-05-01,2025-05-01,45,0.2509716774374544,0.339737075689654,0.2126331499982153,0.3249052199475374,0.2766817362823681
545,MSFT,GRU,2023-05-01,2025-05-01,46,0.2267960953296672,0.3465565715744829,0.219023247006016,0.3424535837985892,0.2906812989394582
546,MSFT,GRU,2023-05-01,2025-05-01,47,0.2873380892532038,0.4705579632402917,0.1962367449615714,0.3351552881566607,0.2943887698993536
547,MSFT,GRU,2023-05-01,2025-05-01,48,0.2354223600876833,0.4175825189363554,0.2180262683350228,0.3100898095716976,0.2866118248874331
548,MSFT,GRU,2023-05-01,2025-05-01,49,0.2144584748750216,0.333728930500879,0.2098078403674476,0.3009139406718236,0.2923689655866684
549,MSFT,GRU,2023-05-01,2025-05-01,50,0.2436927218654639,0.2879010595968602,0.2156911785102907,0.3085754219386033,0.2886278955456461
550,MSFT,GRU,2024-01-01,2026-01-01,1,0.4959341287026081,0.2298645875230599,0.4582580079644672,0.393908769813214,0.1811253558405492
551,MSFT,GRU,2024-01-01,2026-01-01,2,0.306779250076974,0.2208253940779843,0.3161370985474983,0.3559689441454472,0.18926823764137
552,MSFT,GRU,2024-01-01,2026-01-01,3,0.2829683212300998,0.2597088218804705,0.3118579079853269,0.3851703904883907,0.1805460076589627
553,MSFT,GRU,2024-01-01,2026-01-01,4,0.3581793524766932,0.2989280772288539,0.308640929968091,0.3708987954839579,0.1914460570555216
554,MSFT,GRU,2024-01-01,2026-01-01,5,0.3792348234892096,0.3730524904988932,0.3123072705150662,0.3752253791912459,0.1813801011197657
555,MSFT,GRU,2024-01-01,2026-01-01,6,0.3321703480731195,0.1983190785897254,0.2794781704181122,0.3965599367851656,0.1798473682889743
556,MSFT,GRU,2024-01-01,2026-01-01,7,0.2795887018610486,0.2317432642057657,0.3245455560214488,0.3523218678359361,0.1821466423584287
557,MSFT,GRU,2024-01-01,2026-01-01,8,0.2702925328708582,0.3229686080164912,0.3443497684334318,0.3789738602986912,0.1911802533465289
558,MSFT,GRU,2024-01-01,2026-01-01,9,0.2931834998026981,0.2450398906363415,0.3247856399234929,0.4095401029047629,0.1806007720538886
559,MSFT,GRU,2024-01-01,2026-01-01,10,0.3110503207741423,0.2267200716387277,0.4225022459263963,0.349760780529949,0.1885119670672629
560,MSFT,GRU,2024-01-01,2026-01-01,11,0.4629376511887142,0.2799289564896589,0.3734446009984946,0.4547096138162819,0.1813630562886453
561,MSFT,GRU,2024-01-01,2026-01-01,12,0.2744674891749055,0.3629318935065372,0.3367112073231849,0.3900310256014205,0.1826715074110293
562,MSFT,GRU,2024-01-01,2026-01-01,13,0.3383565794449407,0.2375870852081065,0.3113095502222736,0.4475422714360357,0.1803914418738427
563,MSFT,GRU,2024-01-01,2026-01-01,14,0.6528444543858096,0.4296869644600292,0.7983157114148175,0.6274356140739619,0.1869636040253235
564,MSFT,GRU,2024-01-01,2026-01-01,15,0.3019853955391916,0.2696850332285859,0.2987110719872075,0.4238855716067355,0.1812516252718237
565,MSFT,GRU,2024-01-01,2026-01-01,16,0.5932369508177384,0.536981970860774,0.4483591398116933,0.3804478133330647,0.1946993839342974
566,MSFT,GRU,2024-01-01,2026-01-01,17,0.4069834683975312,0.3919912479723025,0.3170340372602703,0.4158435722611552,0.191226049834521
567,MSFT,GRU,2024-01-01,2026-01-01,18,0.3316930236582534,0.3019167075114655,0.3079554987409479,0.4038323668976289,0.180882747478296
568,MSFT,GRU,2024-01-01,2026-01-01,19,0.3564905658978999,0.2883465891571447,0.3345919361527766,0.3755288402239445,0.1833609168151563
569,MSFT,GRU,2024-01-01,2026-01-01,20,0.2685829732392994,0.2296717075578361,0.3507729549828633,0.3681703218576104,0.184205083866997
570,MSFT,GRU,2024-01-01,2026-01-01,21,0.7530105702582157,0.3963123505709709,0.3571882784332939,0.4281701896008136,0.1798897629863219
571,MSFT,GRU,2024-01-01,2026-01-01,22,0.2771970636594359,0.2572568656676636,0.3757734193911959,0.3689410998242061,0.1823846434402317
572,MSFT,GRU,2024-01-01,2026-01-01,23,0.2302706862494214,0.2594643665757385,0.2934090695031239,0.3486390172027498,0.1861619756852063
573,MSFT,GRU,2024-01-01,2026-01-01,24,0.4014409382461102,0.3901023152214835,0.8830847803708415,0.5587721322487955,0.1785723995361681
574,MSFT,GRU,2024-01-01,2026-01-01,25,0.4723624324168462,0.2488931371681895,0.4062085639617923,0.4457925344479422,0.1846429412008999
575,MSFT,GRU,2024-01-01,2026-01-01,26,0.5847558939612308,0.948111859932543,0.7647457676291075,1.1737651859354647,0.1799170847966091
576,MSFT,GRU,2024-01-01,2026-01-01,27,0.2549087603941831,0.226247799125914,0.2927990319341289,0.3261395415232437,0.1803584259059442
577,MSFT,GRU,2024-01-01,2026-01-01,28,0.3801676384997874,0.4002888064447139,0.4554961384287012,0.4996991253887458,0.181808035191275
578,MSFT,GRU,2024-01-01,2026-01-01,29,0.273363984497498,0.2137313491982619,0.416979704779758,0.3491632361143959,0.1803825274177355
579,MSFT,GRU,2024-01-01,2026-01-01,30,0.2963435873998419,0.3180586981233254,0.283507624850113,0.3760727184681899,0.1833789393605762
580,MSFT,GRU,2024-01-01,2026-01-01,31,0.2717216373365565,0.2550308746258132,0.3630268796351537,0.3657963730553293,0.1909977858757724
581,MSFT,GRU,2024-01-01,2026-01-01,32,0.3093732671040682,0.2730153698411052,0.3211510505201915,0.3927814785220316,0.187849139533333
582,MSFT,GRU,2024-01-01,2026-01-01,33,0.3080259573024825,0.2729948133104272,0.3486058530987849,0.3915390014271894,0.1923499467810874
583,MSFT,GRU,2024-01-01,2026-01-01,34,1.0836621346924418,0.5367905005228563,0.668420106598759,0.496872448546113,0.1805899548011383
584,MSFT,GRU,2024-01-01,2026-01-01,35,0.3453759775801897,0.2171702770737218,0.3140289055065552,0.3867710665661301,0.1812932362380594
585,MSFT,GRU,2024-01-01,2026-01-01,36,0.2482554518296345,0.2498873035035591,0.3033505279800602,0.3405099854922587,0.1825373873109032
586,MSFT,GRU,2024-01-01,2026-01-01,37,0.3205050986122736,0.2801623203332132,0.3903933442304258,0.4274155038024461,0.1837326262113315
587,MSFT,GRU,2024-01-01,2026-01-01,38,0.3267486205559817,0.3317232675447474,0.6778121596866254,0.3547598106076515,0.2029582372605367
588,MSFT,GRU,2024-01-01,2026-01-01,39,0.3497259989351741,0.3016112970542218,0.4003219638066689,0.5407751442627367,0.1804165328633926
589,MSFT,GRU,2024-01-01,2026-01-01,40,0.3391258540390623,0.3122411496117462,0.4333643102622626,0.3431378231542069,0.189020093032339
590,MSFT,GRU,2024-01-01,2026-01-01,41,0.4603899238444789,0.3409689334339454,0.6186918229177912,0.727571432110708,0.1842919789020788
591,MSFT,GRU,2024-01-01,2026-01-01,42,0.2985225393441335,0.245346213099622,0.3406117664591914,0.4380093427417522,0.184846530137366
592,MSFT,GRU,2024-01-01,2026-01-01,43,0.298024968712871,0.2454322002791995,0.3617874984880534,0.4522733138956348,0.1842226350878638
593,MSFT,GRU,2024-01-01,2026-01-01,44,0.3061807853777414,0.2051697333016349,0.3456961180520161,0.350264579134584,0.1822653069732644
594,MSFT,GRU,2024-01-01,2026-01-01,45,0.3203680402409364,0.2714849593689152,0.363369805287888,0.3698002073982399,0.178992306384928
595,MSFT,GRU,2024-01-01,2026-01-01,46,0.2795568194577563,0.2172180314438876,0.3405324964197396,0.3624393330696461,0.1822834234402674
596,MSFT,GRU,2024-01-01,2026-01-01,47,0.3548507748732395,0.2827997381064761,0.3497203599054194,0.4281095299265587,0.1857860493677333
597,MSFT,GRU,2024-01-01,2026-01-01,48,0.2940857500504995,0.3518516670524477,0.4477216920091268,0.3492603968586549,0.1780348883866442
598,MSFT,GRU,2024-01-01,2026-01-01,49,0.3289887864549015,0.2794180968434058,0.291428710435455,0.4260334270137435,0.1856040372833295
599,MSFT,GRU,2024-01-01,2026-01-01,50,0.3378128888472175,0.3404877345395273,0.3574218980218446,0.3891689457640784,0.182786511015552
600,TSLA,GRU,2022-01-01,2024-01-01,1,0.2277193637245397,0.2172928571488584,0.2095149139747347,0.2669185865570286,0.2355415447989984
601,TSLA,GRU,2022-01-01,2024-01-01,2,0.3234567910520196,0.2196989159786902,0.2840397361002831,0.3783641872692305,0.2322301154470116
602,TSLA,GRU,2022-01-01,2024-01-01,3,0.2793256283472367,0.2295569101189801,0.3459900433019893,0.4574865083099664,0.2350068309010442
603,TSLA,GRU,2022-01-01,2024-01-01,4,0.6221246713173397,0.7298332803623333,0.6923758876155868,0.6782352544734149,0.2337040140120621
604,TSLA,GRU,2022-01-01,2024-01-01,5,0.1868934958934437,0.2233163925330872,0.2069149756673155,0.2556851907779456,0.2369188249929583
605,TSLA,GRU,2022-01-01,2024-01-01,6,0.6116749313690795,0.8776121774276266,0.5120636263600098,0.2398448136848986,0.2339228467079381
606,TSLA,GRU,2022-01-01,2024-01-01,7,0.3501376669282406,0.4072412413006234,0.3208412078306496,0.4438157989485461,0.2838707714412777
607,TSLA,GRU,2022-01-01,2024-01-01,8,0.184928810324105,0.290010225285854,0.3003203256238173,0.3630523906369859,0.227828707648385
608,TSLA,GRU,2022-01-01,2024-01-01,9,0.1908412043988775,0.2620578316067372,0.2158987797631938,0.279847101520426,0.2418551231778163
609,TSLA,GRU,2022-01-01,2024-01-01,10,0.276297134288211,0.2815626187453132,0.2740335853452629,0.2760641545759664,0.2398857122532479
610,TSLA,GRU,2022-01-01,2024-01-01,11,0.2531696982198611,0.3323427692709541,0.3374437376077463,0.3929011745511008,0.2321753159509841
611,TSLA,GRU,2022-01-01,2024-01-01,12,0.1983726569459833,0.222969061992679,0.3389317995422347,0.2821023813993598,0.2312283862356614
612,TSLA,GRU,2022-01-01,2024-01-01,13,0.2366496673741686,0.211865414355308,0.2213054013395332,0.2398721044052154,0.2329107466019491
613,TSLA,GRU,2022-01-01,2024-01-01,14,0.2375032567088337,0.2445861339632647,0.2378562344694584,0.2716590462489636,0.2342314983443384
614,TSLA,GRU,2022-01-01,2024-01-01,15,0.2578002471306386,0.4169191439730348,0.6762675175934649,0.4703661189505692,0.2389583498629169
615,TSLA,GRU,2022-01-01,2024-01-01,16,0.2075768796236637,0.2274369431706024,0.3188082110553382,0.2790354162713555,0.2306341453049588
616,TSLA,GRU,2022-01-01,2024-01-01,17,0.2081746659409087,0.2666931917982009,0.2737862552075912,0.2568171053838228,0.2345197324052323
617,TSLA,GRU,2022-01-01,2024-01-01,18,0.18278977263074,0.1974028286767242,0.1833167059721822,0.2474677073370298,0.2379183728301849
618,TSLA,GRU,2022-01-01,2024-01-01,19,0.2217944989203627,0.4877030183465408,0.2986895158849102,0.5085822018053101,0.2395369915800724
619,TSLA,GRU,2022-01-01,2024-01-01,20,0.2141408751800082,0.2276690322520791,0.2624031824197414,0.2878048055028132,0.2319459053177561
620,TSLA,GRU,2022-01-01,2024-01-01,21,0.2029492710678707,0.2589998804320157,0.230653633582324,0.2561228140305893,0.2454112371934152
621,TSLA,GRU,2022-01-01,2024-01-01,22,0.5371731904077183,0.6061732874574018,0.544882180313738,0.7568722766310739,0.2399018928975686
622,TSLA,GRU,2022-01-01,2024-01-01,23,0.167492766699245,0.2202530824279107,0.1986147848339406,0.3104680656577901,0.2318552722040869
623,TSLA,GRU,2022-01-01,2024-01-01,24,0.4502440225151368,0.5194124853544989,0.2206296387357256,0.3940564729233644,0.2309249184965886
624,TSLA,GRU,2022-01-01,2024-01-01,25,0.2861450172117535,0.2466779377713733,0.1990796158438251,0.2989682504927874,0.2322804813114053
625,TSLA,GRU,2022-01-01,2024-01-01,26,1.353408641119098,0.9187946684862638,0.6871947852601655,0.9712321641339544,0.2623401621749167
626,TSLA,GRU,2022-01-01,2024-01-01,27,0.2306208644962684,0.2568346971297486,0.2871752903496672,0.3694172012398495,0.2330895627367183
627,TSLA,GRU,2022-01-01,2024-01-01,28,0.2551140241156772,0.2193220671892742,0.2624529248237832,0.3313934903749237,0.2323005144641807
628,TSLA,GRU,2022-01-01,2024-01-01,29,0.2271923227240769,0.2191782559300556,0.2363831294817273,0.2546727717610134,0.2303218966942088
629,TSLA,GRU,2022-01-01,2024-01-01,30,0.1484352541799829,0.2075425456210078,0.2303684812130025,0.2580443209906335,0.2311297072061676
630,TSLA,GRU,2022-01-01,2024-01-01,31,0.1826990761365612,0.292485275619313,0.334732752929895,0.4057354585477093,0.2314816862880268
631,TSLA,GRU,2022-01-01,2024-01-01,32,0.2168436551919488,0.2242572320474879,0.2122415508488385,0.2843079859437309,0.232448018315679
632,TSLA,GRU,2022-01-01,2024-01-01,33,0.3672450432333624,0.3041443020345752,0.2647676985284073,0.3140286187980667,0.2366875235122515
633,TSLA,GRU,2022-01-01,2024-01-01,34,0.2330814358398396,0.2345462463028548,0.2257734566368533,0.2981793696289361,0.2305971428478483
634,TSLA,GRU,2022-01-01,2024-01-01,35,0.192217458072954,0.2018515772446398,0.1936032708806745,0.2437322370990681,0.2293796058371868
635,TSLA,GRU,2022-01-01,2024-01-01,36,0.2987638235275701,0.2695777718797157,0.3255139035219851,0.4998764181552327,0.2337259455717527
636,TSLA,GRU,2022-01-01,2024-01-01,37,0.2086090294932025,0.3092847714816987,0.2244880202926338,0.3834391075578313,0.233073487801821
637,TSLA,GRU,2022-01-01,2024-01-01,38,0.6568858689961566,0.8785687577333767,0.7465846525156956,0.6704024026843242,0.2325212097682658
638,TSLA,GRU,2022-01-01,2024-01-01,39,0.3026688320671686,0.3288103758984922,0.3505999417770761,0.5077211642719097,0.2342844496539932
639,TSLA,GRU,2022-01-01,2024-01-01,40,0.2174802786082784,0.5033514984847565,0.3979170778434078,0.8961699851139435,0.2496148406086662
640,TSLA,GRU,2022-01-01,2024-01-01,41,0.2655091518568446,0.6332774693496381,0.2238800075273036,0.4910807805580778,0.2353484505493403
641,TSLA,GRU,2022-01-01,2024-01-01,42,0.1790552316518869,0.264718034447571,0.3171803237889533,0.3483245487941189,0.2297400910094083
642,TSLA,GRU,2022-01-01,2024-01-01,43,0.1828056191991739,0.2196826907521888,0.2424848487502256,0.3150196737567615,0.2291695693418829
643,TSLA,GRU,2022-01-01,2024-01-01,44,0.1579371712852915,0.1972878729873123,0.1848428683574569,0.2439636265170308,0.2385564419841163
644,TSLA,GRU,2022-01-01,2024-01-01,45,0.2387028475723301,0.2131490016128781,0.2859741085917855,0.2975011226057674,0.2326281644791867
645,TSLA,GRU,2022-01-01,2024-01-01,46,0.2173025346314099,0.3403783667650751,0.240422661805049,0.3352084610242802,0.2346454223452348
646,TSLA,GRU,2022-01-01,2024-01-01,47,0.421628649237978,0.4625212249235402,0.5073338645521369,0.3512271104013325,0.2308464624938566
647,TSLA,GRU,2022-01-01,2024-01-01,48,0.27884619135694,0.3648826154485468,0.2527867386579312,0.5165078960701225,0.231521115884915
648,TSLA,GRU,2022-01-01,2024-01-01,49,0.1884835599631328,0.2276474509163305,0.1961217382864614,0.2326203098470404,0.2332786243962509
649,TSLA,GRU,2022-01-01,2024-01-01,50,0.2001462960306258,0.2342322282475165,0.2237422612265818,0.2688901571486131,0.2301968251644688
650,TSLA,GRU,2022-09-01,2024-09-01,1,0.1287637584955649,0.1381401484699567,0.1467657556078355,0.1619570520133885,0.1820557899084171
651,TSLA,GRU,2022-09-01,2024-09-01,2,0.1282284441089942,0.1420887116526841,0.1556311250991001,0.1675737749166151,0.183891786518126
652,TSLA,GRU,2022-09-01,2024-09-01,3,0.1497797348289196,0.1708506387963027,0.1512957345643162,0.1810844594937384,0.1950130938020136
653,TSLA,GRU,2022-09-01,2024-09-01,4,0.1357960056718292,0.1490441408466011,0.1503237216310766,0.1666141583138795,0.1769474071691739
654,TSLA,GRU,2022-09-01,2024-09-01,5,0.3219870396569836,0.239558805750364,0.1702069658405722,0.2402660939308545,0.1695661333824523
655,TSLA,GRU,2022-09-01,2024-09-01,6,0.134741029233097,0.1386903163705246,0.1480213081159452,0.1756590742411531,0.1771222791709877
656,TSLA,GRU,2022-09-01,2024-09-01,7,0.1405673865868948,0.1674549302684586,0.1673535850399166,0.1997412556530903,0.1840738272154164
657,TSLA,GRU,2022-09-01,2024-09-01,8,0.1637500322921912,0.1659587979862617,0.1787694169236639,0.1815087628147179,0.1779194477713703
658,TSLA,GRU,2022-09-01,2024-09-01,9,0.1608299899130564,0.2016184684817829,0.1701232290611181,0.2106416120759942,0.1758534292640503
659,TSLA,GRU,2022-09-01,2024-09-01,10,0.1388372034927526,0.1524425910950194,0.1582507690265384,0.1822302141031302,0.1846816066677841
660,TSLA,GRU,2022-09-01,2024-09-01,11,0.1266190685518851,0.1420844149491958,0.152746205963971,0.1680074818484868,0.176114058496943
661,TSLA,GRU,2022-09-01,2024-09-01,12,0.1381421406416397,0.1470009747025935,0.1573843035303387,0.1724566838683317,0.1794396750896989
662,TSLA,GRU,2022-09-01,2024-09-01,13,0.1326219975067802,0.1740413986005303,0.1551150742699958,0.17938430464097,0.1802776986409182
663,TSLA,GRU,2022-09-01,2024-09-01,14,0.1585032609896659,0.1969172080178166,0.1643416136193265,0.2531752135916941,0.1742624594684938
664,TSLA,GRU,2022-09-01,2024-09-01,15,0.133278852537485,0.1647042010604009,0.1628989136883948,0.1909539706258578,0.1855937810606478
665,TSLA,GRU,2022-09-01,2024-09-01,16,0.1299122132089627,0.1329727580071872,0.1501915294013317,0.1882271375168605,0.1777839215080559
666,TSLA,GRU,2022-09-01,2024-09-01,17,0.1306709043303194,0.165478892276853,0.1562979910807982,0.1819491590589449,0.1878325756716338
667,TSLA,GRU,2022-09-01,2024-09-01,18,0.1440039105284429,0.1791030263477108,0.1736458333947874,0.2182324783105796,0.181248745295651
668,TSLA,GRU,2022-09-01,2024-09-01,19,0.147154360592962,0.152844019151427,0.181362023696641,0.1647359853590698,0.1765333072630275
669,TSLA,GRU,2022-09-01,2024-09-01,20,0.1339644707468321,0.1453849795004033,0.1559020937014078,0.1679561919962289,0.1810904341564022
670,TSLA,GRU,2022-09-01,2024-09-01,21,0.1309076703421589,0.1415497290453367,0.1565090433485404,0.1688646891559378,0.1725879722430964
671,TSLA,GRU,2022-09-01,2024-09-01,22,0.1623574473712308,0.1777831133144219,0.1904731447862456,0.1964073525100716,0.1772323928170832
672,TSLA,GRU,2022-09-01,2024-09-01,23,0.1458032542473327,0.1594223579589085,0.1529406996286363,0.1833768055212981,0.1764944068751271
673,TSLA,GRU,2022-09-01,2024-09-01,24,0.1525201495357306,0.2416571164393987,0.3300927819156915,0.2615610733279198,0.1790315495280945
674,TSLA,GRU,2022-09-01,2024-09-01,25,0.2872088066018083,0.2475826390350456,0.1537908102405305,0.236578718111738,0.1823554791774729
675,TSLA,GRU,2022-09-01,2024-09-01,26,0.157298631841893,0.1956605890759439,0.1589130560094535,0.1980053881156378,0.1812703594428616
676,TSLA,GRU,2022-09-01,2024-09-01,27,0.1530383006579986,0.1570676967042225,0.1800132033048234,0.1723834872162684,0.1739165343189294
677,TSLA,GRU,2022-09-01,2024-09-01,28,0.1251538331198903,0.1476788512241679,0.1417441732253958,0.165748060057859,0.1758603740089017
678,TSLA,GRU,2022-09-01,2024-09-01,29,0.1381894990681863,0.1489258498373571,0.1629566003570775,0.1759831542105311,0.1810416192704075
679,TSLA,GRU,2022-09-01,2024-09-01,30,0.1246253699169789,0.1569194375405583,0.1503893794123052,0.1719074271697359,0.1784321719432354
680,TSLA,GRU,2022-09-01,2024-09-01,31,0.1262863968402262,0.1473409780816603,0.1597278715449232,0.2178458135806092,0.1888309801675943
681,TSLA,GRU,2022-09-01,2024-09-01,32,0.1527694963106501,0.1869913196225864,0.1695308001547679,0.1981728421612486,0.1733280656432935
682,TSLA,GRU,2022-09-01,2024-09-01,33,0.1445413168108916,0.1657686403742807,0.1756060139720857,0.1772443250952359,0.2050431242084748
683,TSLA,GRU,2022-09-01,2024-09-01,34,0.14439434925892,0.1555306061601363,0.1519949534859116,0.2520227501214263,0.1794206248409308
684,TSLA,GRU,2022-09-01,2024-09-01,35,0.2232594744554774,0.200426953838202,0.1713640042088137,0.209667365873834,0.1732618531326924
685,TSLA,GRU,2022-09-01,2024-09-01,36,0.1840482611792828,0.220575687810717,0.2029848575697538,0.2127271052897913,0.179198803515676
686,TSLA,GRU,2022-09-01,2024-09-01,37,0.1545663032105552,0.1497681051102822,0.1679696768627985,0.1779780656039007,0.1838422713058903
687,TSLA,GRU,2022-09-01,2024-09-01,38,0.1414338418757364,0.1605192259945379,0.1649811582863208,0.1808786906979136,0.1730661164697357
688,TSLA,GRU,2022-09-01,2024-09-01,39,0.1665652320465219,0.2158648978885719,0.1625507223871835,0.2002861079000231,0.1745432162034553
689,TSLA,GRU,2022-09-01,2024-09-01,40,0.1366564615335903,0.154805569369226,0.1660325571724445,0.1766481566841632,0.2051546797360249
690,TSLA,GRU,2022-09-01,2024-09-01,41,0.1884208409239419,0.1833766263266371,0.2082529758973993,0.2119177538307499,0.1836999827715829
691,TSLA,GRU,2022-09-01,2024-09-01,42,0.1572040954289706,0.1383366498170681,0.1521514453842553,0.1921196871664222,0.225239814751978
692,TSLA,GRU,2022-09-01,2024-09-01,43,0.1334372719577947,0.1471273538182026,0.156234731185165,0.1678051489408565,0.1768268319860886
693,TSLA,GRU,2022-09-01,2024-09-01,44,0.1477961182287903,0.1526456005058981,0.1584391329595975,0.180304807539774,0.1761808718515171
694,TSLA,GRU,2022-09-01,2024-09-01,45,0.15306770123691,0.1590594981447176,0.162402881666094,0.1814325801415794,0.1773587445418106
695,TSLA,GRU,2022-09-01,2024-09-01,46,0.184757478800469,0.1941914937323519,0.1574398034155949,0.1776534999940478,0.1748326115375916
696,TSLA,GRU,2022-09-01,2024-09-01,47,0.1467226298318382,0.1701114727533735,0.161330084687603,0.1849002247203493,0.1772133905637479
697,TSLA,GRU,2022-09-01,2024-09-01,48,0.1515731804716079,0.2301065390994173,0.1630157916815117,0.2960842326370406,0.1787243775348814
698,TSLA,GRU,2022-09-01,2024-09-01,49,0.1271298351528488,0.1562943487468232,0.1546179448355648,0.1702519265980507,0.1770687944257932
699,TSLA,GRU,2022-09-01,2024-09-01,50,0.1658164054111922,0.2296923859811648,0.235990225819983,0.264832063366669,0.1767176281578495
700,TSLA,GRU,2023-05-01,2025-05-01,1,0.2676408286421275,0.3158604483686679,0.2181929438407087,0.3048517789965299,0.2530089874944348
701,TSLA,GRU,2023-05-01,2025-05-01,2,0.2896245634753562,0.2394668708904658,0.3065932742070844,0.3120112284244797,0.2693384625617402
702,TSLA,GRU,2023-05-01,2025-05-01,3,0.385332603160135,0.3270824032970754,0.21374059292364,0.3865411147255633,0.2525311480390085
703,TSLA,GRU,2023-05-01,2025-05-01,4,0.246422658247318,0.2783149088022387,0.282984197391041,0.2836893297655605,0.2572074227767735
704,TSLA,GRU,2023-05-01,2025-05-01,5,0.2462697395995586,0.2489996096217084,0.2219167501601604,0.2543470785540651,0.2585680411867428
705,TSLA,GRU,2023-05-01,2025-05-01,6,0.456117003621939,0.6574753971580085,0.4437647170707038,0.517773491380283,0.2637148490666866
706,TSLA,GRU,2023-05-01,2025-05-01,7,0.2289904803460791,0.2628103519633427,0.2118742568059498,0.2579673976886743,0.2540859614255308
707,TSLA,GRU,2023-05-01,2025-05-01,8,0.2407723365328497,0.3192560007846611,0.2270811190852714,0.3216568969772767,0.2595842167860026
708,TSLA,GRU,2023-05-01,2025-05-01,9,0.266259722953216,0.2414743518575097,0.2662473928442612,0.2784783154272151,0.2588304050903336
709,TSLA,GRU,2023-05-01,2025-05-01,10,0.2088520647459586,0.2932453793616796,0.2019987535975334,0.2994453143268932,0.2587360637355494
710,TSLA,GRU,2023-05-01,2025-05-01,11,0.2411820633856858,0.3695651927212431,0.2954001795963629,0.3864889706985147,0.2589164145068536
711,TSLA,GRU,2023-05-01,2025-05-01,12,0.2630578559090361,0.3599661781043501,0.3669884817366994,0.3615815796558095,0.2727294049914181
712,TSLA,GRU,2023-05-01,2025-05-01,13,0.4036582499141553,0.3847385098157004,0.5706988624991708,0.5793768502815679,0.3250084357524944
713,TSLA,GRU,2023-05-01,2025-05-01,14,0.2674728564594296,0.426226465024966,0.2552236637615224,0.335559658653891,0.2626502925031274
714,TSLA,GRU,2023-05-01,2025-05-01,15,0.1871954762926286,0.2375116778711818,0.3142727759638645,0.2514940766170305,0.2515271252425459
715,TSLA,GRU,2023-05-01,2025-05-01,16,0.247845485045102,0.2754072173171478,0.2697625298155803,0.2801400246847977,0.2541365177761691
716,TSLA,GRU,2023-05-01,2025-05-01,17,0.2607011269421892,0.2812472511737307,0.2444700180588434,0.2911432529118833,0.2616322457696162
717,TSLA,GRU,2023-05-01,2025-05-01,18,0.2330733025104416,0.3215992067299586,0.2150075760209651,0.3199937867654469,0.246303413215384
718,TSLA,GRU,2023-05-01,2025-05-01,19,0.2758812830205574,0.2644100547715449,0.2508436888706988,0.3866184764184749,0.294747953334856
719,TSLA,GRU,2023-05-01,2025-05-01,20,0.2210531949226159,0.2733440372483935,0.2483334627127014,0.2723367481867716,0.2563827685982022
720,TSLA,GRU,2023-05-01,2025-05-01,21,0.2400169079518641,0.3330600428461446,0.2590055281820522,0.2962046895243692,0.2575496494447438
721,TSLA,GRU,2023-05-01,2025-05-01,22,0.2659930078019201,0.2407521850320691,0.3647362064677432,0.3007384758585344,0.2561039490173089
722,TSLA,GRU,2023-05-01,2025-05-01,23,0.2534623282566723,0.3375783771948109,0.2435218916154315,0.2770217696521754,0.2668933116690474
723,TSLA,GRU,2023-05-01,2025-05-01,24,0.2138597656998724,0.2258664660432053,0.194598124828138,0.2571937756535699,0.2597191818326061
724,TSLA,GRU,2023-05-01,2025-05-01,25,0.2644809625634676,0.3220907861449774,0.2548341564046836,0.3414131457329902,0.2602435381574047
725,TSLA,GRU,2023-05-01,2025-05-01,26,0.2103453213484626,0.3655596860083828,0.2023043841807741,0.2879652918642876,0.2612935344478678
726,TSLA,GRU,2023-05-01,2025-05-01,27,0.2245267058601948,0.3345610074573615,0.2334097769193691,0.2901954579529914,0.2628394691734591
727,TSLA,GRU,2023-05-01,2025-05-01,28,0.2414947454708375,0.2521305610869463,0.2667715388174906,0.2711389423562658,0.2533132799122091
728,TSLA,GRU,2023-05-01,2025-05-01,29,0.2755131645293837,0.4331471954882378,0.2440708000853848,0.3869523511946621,0.2612876924630197
729,TSLA,GRU,2023-05-01,2025-05-01,30,0.2031428113812619,0.2833386676780253,0.2259324857269918,0.2699696610242943,0.2560547751715758
730,TSLA,GRU,2023-05-01,2025-05-01,31,0.2111452586756383,0.2990629627744829,0.2137272237655366,0.2921828827109066,0.2552975830873941
731,TSLA,GRU,2023-05-01,2025-05-01,32,0.3098909910171133,0.2822855102957066,0.3475976582000715,0.3353182893685613,0.2662685609038747
732,TSLA,GRU,2023-05-01,2025-05-01,33,0.2362297036414167,0.2908734935686761,0.2735567015266161,0.2973246317987361,0.2660029753952948
733,TSLA,GRU,2023-05-01,2025-05-01,34,0.221261816631767,0.2766914507658775,0.2257959507543752,0.262743536453316,0.2573205739740037
734,TSLA,GRU,2023-05-01,2025-05-01,35,0.2102900788090426,0.3355836062439107,0.2212493837800215,0.2960685466244367,0.2626746451837416
735,TSLA,GRU,2023-05-01,2025-05-01,36,0.2513667458568046,0.3183406357259901,0.2187227584826857,0.3048110179069158,0.2527028118729698
736,TSLA,GRU,2023-05-01,2025-05-01,37,0.2475285754180654,0.2946421727435009,0.247825537433177,0.269375403599667,0.2586452816981524
737,TSLA,GRU,2023-05-01,2025-05-01,38,0.4403392714345389,0.2442780022800663,0.249133065303539,0.3140571721392169,0.2585976836930374
738,TSLA,GRU,2023-05-01,2025-05-01,39,0.2226190870651401,0.3037312353609259,0.2065564535445861,0.2668438019383043,0.2586676364685017
739,TSLA,GRU,2023-05-01,2025-05-01,40,0.240136851317217,0.2963160113816435,0.2285132446380298,0.2664254703138686,0.2729377484290587
740,TSLA,GRU,2023-05-01,2025-05-01,41,0.2385446938465828,0.3653307812401891,0.3188728701756282,0.2765603047203324,0.2612536848430812
741,TSLA,GRU,2023-05-01,2025-05-01,42,0.3757019632851148,0.4330277103923871,0.3566434671573902,0.5358737703736052,0.2901792152195841
742,TSLA,GRU,2023-05-01,2025-05-01,43,0.2428392968595606,0.2707994186117877,0.3115144513132424,0.5095985551918467,0.2583633392799744
743,TSLA,GRU,2023-05-01,2025-05-01,44,0.2128510674167152,0.2688932542686118,0.2235382110430641,0.2593605506259334,0.2546502799197267
744,TSLA,GRU,2023-05-01,2025-05-01,45,0.2496356221007363,0.2419379861656091,0.2817186298915148,0.2710085030362468,0.25611899075868
745,TSLA,GRU,2023-05-01,2025-05-01,46,0.2574058619717517,0.3647859722521929,0.3794995634523848,0.4043606445446394,0.2616868584707094
746,TSLA,GRU,2023-05-01,2025-05-01,47,0.294894701785282,0.4148067223509908,0.3001254272913183,0.306769605566773,0.2608973236082935
747,TSLA,GRU,2023-05-01,2025-05-01,48,0.6113455357619552,0.4481255096002772,0.7356185513697009,0.3643641713993313,0.3274558957880035
748,TSLA,GRU,2023-05-01,2025-05-01,49,0.2316092842160553,0.2436323863747799,0.2604935917560024,0.2699508205136882,0.2583133104606982
749,TSLA,GRU,2023-05-01,2025-05-01,50,0.2512808448728341,0.3163797335325401,0.2861294639823631,0.3483411465653871,0.2548911887778464
750,TSLA,GRU,2024-01-01,2026-01-01,1,0.0939459761504781,0.1315020697854417,0.1727927317438261,0.1314217056877253,0.2722466756706242
751,TSLA,GRU,2024-01-01,2026-01-01,2,0.1564357114825469,0.1755365538168473,0.143835943998465,0.198082949789083,0.2726077964800008
752,TSLA,GRU,2024-01-01,2026-01-01,3,0.1038457973403141,0.1322063104576191,0.1116213263376925,0.1310045049861126,0.2731898324976012
753,TSLA,GRU,2024-01-01,2026-01-01,4,0.1276194098941453,0.1304930275329761,0.1156953687720158,0.1638456891958185,0.254590606630765
754,TSLA,GRU,2024-01-01,2026-01-01,5,0.2077476357602899,0.1096508040644475,0.1688634876298842,0.1266810366983004,0.2712435098015834
755,TSLA,GRU,2024-01-01,2026-01-01,6,0.1606233923001786,0.1537341205249217,0.1488911068385225,0.2370999245869269,0.2626224293913186
756,TSLA,GRU,2024-01-01,2026-01-01,7,0.1102453520390048,0.1450071377768197,0.1044733723848286,0.1358832082584556,0.2811823657598739
757,TSLA,GRU,2024-01-01,2026-01-01,8,0.0982229425130971,0.1112662709078834,0.1130409051254762,0.1444102285404758,0.2557334893784621
758,TSLA,GRU,2024-01-01,2026-01-01,9,0.1185408789875685,0.1453141413106984,0.1407201810582103,0.1559148383692226,0.2887254231378457
759,TSLA,GRU,2024-01-01,2026-01-01,10,0.1550154943692367,0.1742794688402467,0.1287474676156144,0.1711346102110826,0.2687542449971566
760,TSLA,GRU,2024-01-01,2026-01-01,11,0.1211963691510067,0.1414199487223407,0.1704087300209761,0.1711264709905628,0.2535260503568907
761,TSLA,GRU,2024-01-01,2026-01-01,12,0.1375033972076761,0.1333407280990632,0.123930975034348,0.1432713548150608,0.2729099488225024
762,TSLA,GRU,2024-01-01,2026-01-01,13,0.2540248578011646,0.2184452908589496,0.195543354212955,0.2237272481848783,0.293677837554975
763,TSLA,GRU,2024-01-01,2026-01-01,14,0.1750884034752246,0.1470893470012646,0.1205960427722813,0.156877881044629,0.2861299066738704
764,TSLA,GRU,2024-01-01,2026-01-01,15,0.1742884606883466,0.2116085054213242,0.1069390684777467,0.1671228114061171,0.268488133231445
765,TSLA,GRU,2024-01-01,2026-01-01,16,0.2908534587396931,0.3205184731709699,0.2537945000067293,0.385458679246241,0.2637212972456004
766,TSLA,GRU,2024-01-01,2026-01-01,17,0.1339703429663971,0.136985165702771,0.1271832487895197,0.1836152704197254,0.2745036371065618
767,TSLA,GRU,2024-01-01,2026-01-01,18,0.2506735174414018,0.1389728008332327,0.2249565051417756,0.1417551359649765,0.2616685018502201
768,TSLA,GRU,2024-01-01,2026-01-01,19,0.1318760999633045,0.128532024095577,0.1461554807139486,0.1313090773290893,0.2681238864639164
769,TSLA,GRU,2024-01-01,2026-01-01,20,0.2681338700750957,0.2335313382506747,0.2976303246820682,0.2915754775711315,0.2721633242683993
770,TSLA,GRU,2024-01-01,2026-01-01,21,0.1290781817728954,0.1700285706891477,0.1424479409824537,0.2543407285383147,0.3134111990571418
771,TSLA,GRU,2024-01-01,2026-01-01,22,0.2342997951848834,0.2066168138029701,0.1570067982221753,0.1895532940342958,0.2571689076994158
772,TSLA,GRU,2024-01-01,2026-01-01,23,0.1602823474727513,0.1582629070094749,0.1584453100216234,0.1906052650510776,0.2709806271464428
773,TSLA,GRU,2024-01-01,2026-01-01,24,0.2345894976218747,0.1243470725712349,0.163107961758341,0.1340409204150081,0.2509633721198718
774,TSLA,GRU,2024-01-01,2026-01-01,25,0.1855442333198101,0.1498669235368503,0.1105829806734491,0.1969097025803432,0.2644916620720545
775,TSLA,GRU,2024-01-01,2026-01-01,26,0.2971684012212378,0.2593960131825569,0.36368315936328,0.1726634677204552,0.2738338789323513
776,TSLA,GRU,2024-01-01,2026-01-01,27,0.1321675692562046,0.1283941664308417,0.1175854338937085,0.1185794462441911,0.2674402871072527
777,TSLA,GRU,2024-01-01,2026-01-01,28,0.3406604354447005,0.1702529189024068,0.2264110655388597,0.1901892543939103,0.2880014795947174
778,TSLA,GRU,2024-01-01,2026-01-01,29,0.1467299953122302,0.1716652933730786,0.2535993804146983,0.2136114428620928,0.2935981368847308
779,TSLA,GRU,2024-01-01,2026-01-01,30,0.0924045472033362,0.1015431887712876,0.1376014703854621,0.1402869586202914,0.2514306169910235
780,TSLA,GRU,2024-01-01,2026-01-01,31,0.183381322769494,0.2667505006849252,0.2045979303233195,0.2668676988216734,0.2529267955484023
781,TSLA,GRU,2024-01-01,2026-01-01,32,0.1683757598787053,0.1770833005739594,0.1269685499415564,0.171016937592965,0.2635142581700094
782,TSLA,GRU,2024-01-01,2026-01-01,33,0.3101439286856724,0.2232939338789732,0.2408464527333415,0.2226426500438883,0.3292638120924031
783,TSLA,GRU,2024-01-01,2026-01-01,34,0.1484230338691768,0.1255540666486556,0.1843852387773971,0.2449580619475829,0.2649799321289454
784,TSLA,GRU,2024-01-01,2026-01-01,35,0.1008506050892061,0.1059851317749037,0.1053870422501521,0.1501324245612134,0.28836505255083
785,TSLA,GRU,2024-01-01,2026-01-01,36,0.2778085359014494,0.1343769702537179,0.2504387461925974,0.2313774660353642,0.2696002268062371
786,TSLA,GRU,2024-01-01,2026-01-01,37,0.1265847101572796,0.1532481440149164,0.171226543048398,0.1564232314617017,0.2602850197171792
787,TSLA,GRU,2024-01-01,2026-01-01,38,0.0981245569620729,0.1409350712584329,0.1195553860650871,0.1752833060111578,0.286112434112215
788,TSLA,GRU,2024-01-01,2026-01-01,39,0.2121350811698823,0.2499950761369065,0.3260878188558118,0.2039430140399226,0.2620776821098238
789,TSLA,GRU,2024-01-01,2026-01-01,40,0.1124279017567771,0.1292647163755758,0.0999850245403889,0.1719382469503554,0.2573366024667222
790,TSLA,GRU,2024-01-01,2026-01-01,41,0.1148298966105571,0.134289562224583,0.1061007801462038,0.1677171247807225,0.2763118859994472
791,TSLA,GRU,2024-01-01,2026-01-01,42,0.1343417786983828,0.1205691141773366,0.2445657281734764,0.1470124598839853,0.2972158604545171
792,TSLA,GRU,2024-01-01,2026-01-01,43,0.1082251258724252,0.1133613726442539,0.1449017496914997,0.1875849415870835,0.2750589188398107
793,TSLA,GRU,2024-01-01,2026-01-01,44,0.2289793051425368,0.3493173111865156,0.2228202595094262,0.408695236996463,0.2757892575793193
794,TSLA,GRU,2024-01-01,2026-01-01,45,0.1646513781462932,0.1170557055736711,0.1503642572589076,0.1832740392964836,0.2677344139067056
795,TSLA,GRU,2024-01-01,2026-01-01,46,0.3034564861884825,0.1906652194046457,0.1607961551698709,0.1324615077920568,0.2634744427722487
796,TSLA,GRU,2024-01-01,2026-01-01,47,0.1190896995720524,0.1572407785020006,0.1321095927739723,0.1339148054294722,0.2909661974541857
797,TSLA,GRU,2024-01-01,2026-01-01,48,0.2548449073958151,0.184613957081939,0.2416496628162829,0.1974261017307893,0.2652705978863687
798,TSLA,GRU,2024-01-01,2026-01-01,49,0.2351857998951236,0.1196503399649242,0.3184797799016901,0.323441274564778,0.2631805642186736
799,TSLA,GRU,2024-01-01,2026-01-01,50,0.3260599947915303,0.2037595481937434,0.1452450009016983,0.1614767833019809,0.2684096379467431
800,CNQ_TO,GRU,2022-01-01,2024-01-01,1,0.4322767574647769,0.1838184611194566,0.3270762105802814,0.4015567213479814,0.1947047248696557
801,CNQ_TO,GRU,2022-01-01,2024-01-01,2,0.2175785553004912,0.2424988599766141,0.4112924519268073,0.3202080572462827,0.1973686458304084
802,CNQ_TO,GRU,2022-01-01,2024-01-01,3,1.0668854198323685,0.2523075097755858,0.767981818666126,0.3206583267393695,0.2188268850697092
803,CNQ_TO,GRU,2022-01-01,2024-01-01,4,0.6979544816871477,0.4620395762251888,0.4167101006013464,0.562975568293609,0.2004095610341741
804,CNQ_TO,GRU,2022-01-01,2024-01-01,5,0.3235135325359916,0.2117340156171524,0.2943754501410154,0.322937126277913,0.1967846347981269
805,CNQ_TO,GRU,2022-01-01,2024-01-01,6,0.3761891523535645,0.2027274468452588,0.3205808835594679,0.2882739139636048,0.2136134683694696
806,CNQ_TO,GRU,2022-01-01,2024-01-01,7,0.1763572795826463,0.1988107984632761,0.2967909569654528,0.3003515069654487,0.1935854279725009
807,CNQ_TO,GRU,2022-01-01,2024-01-01,8,0.3146696809576295,0.2410064374342264,0.4027701480895406,0.2825049035059232,0.2209979808796832
808,CNQ_TO,GRU,2022-01-01,2024-01-01,9,0.6978106760644449,0.1967583490062152,0.3208826615844246,0.2578788251352971,0.2047076826552993
809,CNQ_TO,GRU,2022-01-01,2024-01-01,10,0.347112098343881,0.2481967169327382,0.2542575876117829,0.2690691154631438,0.2187997279560424
810,CNQ_TO,GRU,2022-01-01,2024-01-01,11,0.5350934835146495,0.5303552618411596,0.6192769639604168,0.7981654316425725,0.1998086404575512
811,CNQ_TO,GRU,2022-01-01,2024-01-01,12,0.2164704984113315,0.2827456415625431,0.2865076726063406,0.3342442646868387,0.2129712481004456
812,CNQ_TO,GRU,2022-01-01,2024-01-01,13,0.2064744622768848,0.1931136469406787,0.2414528526701792,0.2723618933644811,0.220080534911426
813,CNQ_TO,GRU,2022-01-01,2024-01-01,14,0.398609189412316,0.2269373394197691,0.2583644128635812,0.4124005435390626,0.1999464459933089
814,CNQ_TO,GRU,2022-01-01,2024-01-01,15,1.1333131641841518,0.2613187641940845,0.2547508123929269,0.3029495922594684,0.1914406525422096
815,CNQ_TO,GRU,2022-01-01,2024-01-01,16,0.2522810282366045,0.2559285274409068,0.3335027751829102,0.3314693133788538,0.2058600407605824
816,CNQ_TO,GRU,2022-01-01,2024-01-01,17,0.1839458919207194,0.2047847008725694,0.2957562618382823,0.3213321125483271,0.2050825888881701
817,CNQ_TO,GRU,2022-01-01,2024-01-01,18,0.2539101765026179,0.2344823147200866,0.2827699076683195,0.2942955722717165,0.2016072868895696
818,CNQ_TO,GRU,2022-01-01,2024-01-01,19,0.3054206151385244,0.2414381682207341,0.303451117926958,0.275710836967132,0.1996310277162775
819,CNQ_TO,GRU,2022-01-01,2024-01-01,20,0.2604661663883792,0.2310261349880838,0.2992633144369028,0.2779509081422347,0.2085292197309028
820,CNQ_TO,GRU,2022-01-01,2024-01-01,21,0.2891872504238984,0.2127369206413934,0.4256777901695986,0.6345710907915094,0.23154408862392
821,CNQ_TO,GRU,2022-01-01,2024-01-01,22,0.5823680708647606,0.2468880091114631,0.3127030278172535,0.3003525320702463,0.2317111004920388
822,CNQ_TO,GRU,2022-01-01,2024-01-01,23,0.2112018883314268,0.2338694508538093,0.4045225454587521,0.2581990228874248,0.2035720930635324
823,CNQ_TO,GRU,2022-01-01,2024-01-01,24,0.2804029659162493,0.334254825627496,0.3603306403648484,0.3080146589990346,0.1997152374558311
824,CNQ_TO,GRU,2022-01-01,2024-01-01,25,0.2798874161249715,0.2108798717595268,0.2797739770114578,0.3361325691040603,0.2213964184723506
825,CNQ_TO,GRU,2022-01-01,2024-01-01,26,0.370753369026214,0.2943641767025493,0.3689839124497265,0.2791676202058936,0.1932393134479278
826,CNQ_TO,GRU,2022-01-01,2024-01-01,27,0.4384557070786439,0.3434431689297666,0.3278159276863986,0.4393170804070224,0.204612651401633
827,CNQ_TO,GRU,2022-01-01,2024-01-01,28,0.2774452372322118,0.2139563188504344,0.2536681732181227,0.257474143961116,0.2129269122019537
828,CNQ_TO,GRU,2022-01-01,2024-01-01,29,0.2893978935550377,0.2085485209480236,0.3002906101517359,0.2764163437068695,0.2134982475328972
829,CNQ_TO,GRU,2022-01-01,2024-01-01,30,0.4242790910720208,0.2738877925982676,0.4681209396784894,0.4071912254940354,0.1953488263949058
830,CNQ_TO,GRU,2022-01-01,2024-01-01,31,0.2856224684213969,0.2767484733922844,0.2506055287303557,0.3410784563372389,0.2143517220292749
831,CNQ_TO,GRU,2022-01-01,2024-01-01,32,0.1906396425158252,0.2107704735549047,0.5513826782218662,0.2736554988008235,0.2167054593016498
832,CNQ_TO,GRU,2022-01-01,2024-01-01,33,0.222958222222124,0.244327172569627,0.4825233423422151,0.2793912898613637,0.2221520906561206
833,CNQ_TO,GRU,2022-01-01,2024-01-01,34,0.2513644437504991,0.2742401998344392,0.2663996460358145,0.3199371094326027,0.2190700659874442
834,CNQ_TO,GRU,2022-01-01,2024-01-01,35,0.3370128969644252,0.2182089256134903,0.4161409846877088,0.3232470191127539,0.204250887659857
835,CNQ_TO,GRU,2022-01-01,2024-01-01,36,0.3833165373554789,0.2613595216700399,0.3177494819337197,0.337347747420861,0.2068037311364781
836,CNQ_TO,GRU,2022-01-01,2024-01-01,37,0.2388312736499121,0.243743586172175,0.2908811847451583,0.3836475578052103,0.1950617026431926
837,CNQ_TO,GRU,2022-01-01,2024-01-01,38,0.4910862252058719,0.2532951672352564,0.3462068356971124,0.3535864880250947,0.2099763815983031
838,CNQ_TO,GRU,2022-01-01,2024-01-01,39,0.411125917005931,0.7420439940805345,0.3177813478780981,0.2993033080244284,0.2118958001724403
839,CNQ_TO,GRU,2022-01-01,2024-01-01,40,0.3684511823046111,0.3461077100489682,0.2923848477232361,0.452160775793614,0.2238030748781691
840,CNQ_TO,GRU,2022-01-01,2024-01-01,41,0.3416184114921535,0.229639689497406,0.5131134625776186,0.2628871723804037,0.1970982012348345
841,CNQ_TO,GRU,2022-01-01,2024-01-01,42,0.3313956263072549,0.200353805714227,0.3832196018467502,0.2710609169964607,0.2094681856234829
842,CNQ_TO,GRU,2022-01-01,2024-01-01,43,0.2014569942380592,0.4037972258024167,0.2544975403940162,0.3065801449017303,0.2097818800033363
843,CNQ_TO,GRU,2022-01-01,2024-01-01,44,0.2620713287692102,0.1961190558489442,0.2751538395636201,0.2884602420036569,0.2052397838414171
844,CNQ_TO,GRU,2022-01-01,2024-01-01,45,0.2140432662096801,0.2396339610719553,0.3105136656937511,0.2728707127686541,0.1966224420283218
845,CNQ_TO,GRU,2022-01-01,2024-01-01,46,0.3772382375630645,0.2217421741365647,0.5095590415877094,0.3826102238541803,0.1982431059005215
846,CNQ_TO,GRU,2022-01-01,2024-01-01,47,0.3247796184078259,0.2584140084128803,0.5620886668171743,0.3931244976724506,0.2068617928839417
847,CNQ_TO,GRU,2022-01-01,2024-01-01,48,0.1862766262844206,0.1922277191517711,0.2839295918403379,0.2651561571854697,0.2271930347320777
848,CNQ_TO,GRU,2022-01-01,2024-01-01,49,0.7014884864603943,0.2376130136097584,0.6152975392098363,0.294688098791702,0.1975110659452409
849,CNQ_TO,GRU,2022-01-01,2024-01-01,50,0.210441167587442,0.2653683710100435,0.252732604154184,0.265551751691267,0.1984840100225068
850,CNQ_TO,GRU,2022-09-01,2024-09-01,1,0.6550718236080985,0.3949195338735046,0.2181696063348208,0.5289802495697171,0.2551719702905012
851,CNQ_TO,GRU,2022-09-01,2024-09-01,2,0.4841135722704413,0.4136551278502685,0.3899893779503807,0.4818789843982901,0.2603725985990487
852,CNQ_TO,GRU,2022-09-01,2024-09-01,3,0.2559551417856657,0.2436735391927244,0.2449666694394261,0.267514243695687,0.2526467190573448
853,CNQ_TO,GRU,2022-09-01,2024-09-01,4,0.2040197900609902,0.2668327959819272,0.3022599674621586,0.3514591458549018,0.2712705436392608
854,CNQ_TO,GRU,2022-09-01,2024-09-01,5,0.1691596274931156,0.2221904934362709,0.2522532175024403,0.259241011676829,0.2680717329113195
855,CNQ_TO,GRU,2022-09-01,2024-09-01,6,0.2831328850966524,0.2142867429361742,0.271059325538923,0.2480616835848922,0.2544862002523536
856,CNQ_TO,GRU,2022-09-01,2024-09-01,7,0.262910927062815,0.2645213018854274,0.2194465992284927,0.2539602731355129,0.2549243024693747
857,CNQ_TO,GRU,2022-09-01,2024-09-01,8,0.2044879431617394,0.2301016407375869,0.2030534073900917,0.2819222542793155,0.2564411242103326
858,CNQ_TO,GRU,2022-09-01,2024-09-01,9,0.2833033073022727,0.4420827377880495,0.2527475573858386,0.5086944178929803,0.2631271104760003
859,CNQ_TO,GRU,2022-09-01,2024-09-01,10,0.2372290129275069,0.2975088308121983,0.2338474019598158,0.467061456429511,0.2576377699724778
860,CNQ_TO,GRU,2022-09-01,2024-09-01,11,0.4993974754821045,0.5805173156269411,0.2343982183921774,0.3687529429595786,0.2550293229648908
861,CNQ_TO,GRU,2022-09-01,2024-09-01,12,0.2263539987018291,0.367101871150288,0.2073588745606037,0.3304539121757633,0.2568421075989402
862,CNQ_TO,GRU,2022-09-01,2024-09-01,13,0.2184608238021362,0.3437572525070909,0.2791442831446332,0.246188840210293,0.2637931836755058
863,CNQ_TO,GRU,2022-09-01,2024-09-01,14,0.3133562491109568,0.2936368868906885,0.3457755774543807,0.2504961553962971,0.2540424157217555
864,CNQ_TO,GRU,2022-09-01,2024-09-01,15,0.28029745845469,0.3413633023028578,0.2202491778203932,0.2572675037668115,0.258725980216677
865,CNQ_TO,GRU,2022-09-01,2024-09-01,16,0.1693550663208295,0.2245683736761229,0.2855495852711162,0.2741764060703858,0.2574125927499925
866,CNQ_TO,GRU,2022-09-01,2024-09-01,17,0.2878494577612558,0.2848227503951343,0.249954751318219,0.2832025793890828,0.2541794984940722
867,CNQ_TO,GRU,2022-09-01,2024-09-01,18,0.3256736999789648,0.4626077397762994,0.36666018070871,0.4882484501190929,0.2721358883279832
868,CNQ_TO,GRU,2022-09-01,2024-09-01,19,0.2041303454750737,0.2264570773156708,0.2061938895428401,0.243524428843614,0.2564567728917981
869,CNQ_TO,GRU,2022-09-01,2024-09-01,20,0.3531010866518171,0.3065998711746568,0.2487902191853312,0.3320468926760492,0.2606611906052535
870,CNQ_TO,GRU,2022-09-01,2024-09-01,21,0.2257786383152966,0.3132767705238354,0.2200876538010489,0.3246545954109873,0.2555992204380583
871,CNQ_TO,GRU,2022-09-01,2024-09-01,22,0.1909440471390998,0.2502600291712924,0.2733114341654449,0.3536694032287484,0.2542259882731704
872,CNQ_TO,GRU,2022-09-01,2024-09-01,23,0.2527888528863691,0.2982604407358552,0.3601474343749238,0.3496675381076113,0.2554564032759954
873,CNQ_TO,GRU,2022-09-01,2024-09-01,24,0.2142564948177054,0.2993165214018582,0.3717676544897593,0.2653290565383494,0.257000216794696
874,CNQ_TO,GRU,2022-09-01,2024-09-01,25,0.4575054545994632,0.3174481581990593,0.4335421492197363,0.2849183926015864,0.2604472276911486
875,CNQ_TO,GRU,2022-09-01,2024-09-01,26,0.2011309748901816,0.2205509780143299,0.3447042922060845,0.2697876034299547,0.2584898010452809
876,CNQ_TO,GRU,2022-09-01,2024-09-01,27,0.1969229762477538,0.3318198667383365,0.3214665225733205,0.2960295056313894,0.2585029567454453
877,CNQ_TO,GRU,2022-09-01,2024-09-01,28,0.2626144354721909,0.2185595151963264,0.2895473086977611,0.2254766776037232,0.2616496196040156
878,CNQ_TO,GRU,2022-09-01,2024-09-01,29,0.2119551101908486,0.4000233027222593,0.4359900988858725,0.3605020373718133,0.2618678254051255
879,CNQ_TO,GRU,2022-09-01,2024-09-01,30,0.2286806835108607,0.3239036710135477,0.3194319703078574,0.4030938870241621,0.2570666787531459
880,CNQ_TO,GRU,2022-09-01,2024-09-01,31,0.2387424015826039,0.3142262271332636,0.4859624653412069,0.3320523601978747,0.2551749276076445
881,CNQ_TO,GRU,2022-09-01,2024-09-01,32,0.1955398430039842,0.2340007492534269,0.221567169272037,0.2977284668849727,0.2575077739486947
882,CNQ_TO,GRU,2022-09-01,2024-09-01,33,0.2228199107754529,0.2865576036212229,0.2585168978213011,0.2774514336876126,0.2648071033957143
883,CNQ_TO,GRU,2022-09-01,2024-09-01,34,0.2240732452315116,0.2341682527402935,0.2086035480524179,0.2359050015379693,0.2589732822725488
884,CNQ_TO,GRU,2022-09-01,2024-09-01,35,0.2038720519214589,0.2478650784539528,0.2842621372221562,0.2452973024433243,0.2548781686887588
885,CNQ_TO,GRU,2022-09-01,2024-09-01,36,0.2510636932019061,0.5561138883128736,0.487571758863994,0.4222642446152375,0.2621122481857146
886,CNQ_TO,GRU,2022-09-01,2024-09-01,37,0.2216657725259044,0.2210635341163259,0.2212923740578871,0.2370158554238474,0.2535773649787811
887,CNQ_TO,GRU,2022-09-01,2024-09-01,38,0.2685017608627562,0.3222606526804236,0.3248771881299858,0.304359056614171,0.2563091045428792
888,CNQ_TO,GRU,2022-09-01,2024-09-01,39,0.2847070636489622,0.4214146464465978,0.2753182739759456,0.3789165934928992,0.2593081985595026
889,CNQ_TO,GRU,2022-09-01,2024-09-01,40,0.240409945321385,0.2612418504718454,0.2526964621677856,0.5578888033276765,0.2574964441152422
890,CNQ_TO,GRU,2022-09-01,2024-09-01,41,0.1905950379737678,0.234124286541236,0.2117062808717477,0.2988049678524371,0.2545101287264099
891,CNQ_TO,GRU,2022-09-01,2024-09-01,42,0.2093795783128401,0.4730664746339422,0.2957567238884085,0.4646502118120688,0.2806362915391631
892,CNQ_TO,GRU,2022-09-01,2024-09-01,43,0.3086661842972744,0.269992553788441,0.2984385697901012,0.2935752307704135,0.2589580440460036
893,CNQ_TO,GRU,2022-09-01,2024-09-01,44,0.186175396603515,0.2747682253687128,0.4341478834905439,0.2603390840209802,0.2563960648578218
894,CNQ_TO,GRU,2022-09-01,2024-09-01,45,0.1967309145846839,0.236463426656266,0.2325277214945622,0.2440083578165367,0.254502272766372
895,CNQ_TO,GRU,2022-09-01,2024-09-01,46,0.1982556261233878,0.2396624788714072,0.2270961365702403,0.3684978425123479,0.2576756761037173
896,CNQ_TO,GRU,2022-09-01,2024-09-01,47,0.2610608218049977,0.3163978098566309,0.3080780717616149,0.3314086885734412,0.2579110296087348
897,CNQ_TO,GRU,2022-09-01,2024-09-01,48,0.4945313369804762,0.2663274565760201,0.3437522831102971,0.6899845855366112,0.2681886927967722
898,CNQ_TO,GRU,2022-09-01,2024-09-01,49,0.3706651363805578,0.258185004855484,0.4054619748945033,0.4539065684678112,0.2561117499682296
899,CNQ_TO,GRU,2022-09-01,2024-09-01,50,0.1893732521268837,0.4105270604379037,0.6090502791245398,0.5250339909959229,0.262116186643983
900,CNQ_TO,GRU,2023-05-01,2025-05-01,1,0.1451783653216896,0.1634661870869986,0.1747199834843489,0.1712657601548592,0.2059091810461467
901,CNQ_TO,GRU,2023-05-01,2025-05-01,2,0.1348093521396468,0.1439791189775879,0.1642638299003031,0.1454061625104364,0.2079498853238528
902,CNQ_TO,GRU,2023-05-01,2025-05-01,3,0.1306750804210355,0.1370250142773426,0.1583999113018737,0.1566217597762493,0.2067209765249402
903,CNQ_TO,GRU,2023-05-01,2025-05-01,4,0.1229036328517481,0.126660031414587,0.1510811944567127,0.1435891252474726,0.205973085562824
904,CNQ_TO,GRU,2023-05-01,2025-05-01,5,0.1557305346042586,0.1677642064686304,0.1939951225843194,0.1872021067283159,0.2070767148697544
905,CNQ_TO,GRU,2023-05-01,2025-05-01,6,0.1332332590041959,0.1483732775680566,0.1648758877679691,0.1542403846871779,0.2060616941697839
906,CNQ_TO,GRU,2023-05-01,2025-05-01,7,0.1403850215280319,0.1541476468324572,0.1788764055447654,0.160223999862668,0.207313632154687
907,CNQ_TO,GRU,2023-05-01,2025-05-01,8,0.1576022403589707,0.1516631074628678,0.1454776396938544,0.1651932816763363,0.2086547833784416
908,CNQ_TO,GRU,2023-05-01,2025-05-01,9,0.1403796354238453,0.1331558088810772,0.1666004023353725,0.154751196002627,0.2099372092112666
909,CNQ_TO,GRU,2023-05-01,2025-05-01,10,0.1612733162593403,0.1258525803402637,0.1640297201379522,0.1359624061408582,0.2063327252400459
910,CNQ_TO,GRU,2023-05-01,2025-05-01,11,0.1559986383989113,0.160898134177873,0.1911966833358441,0.1725688552843819,0.2073602412559762
911,CNQ_TO,GRU,2023-05-01,2025-05-01,12,0.1325381897483795,0.1514386378157516,0.2384377200160229,0.1706792233012842,0.2069565514273072
912,CNQ_TO,GRU,2023-05-01,2025-05-01,13,0.1538182025494742,0.1758371834167456,0.1590477478276787,0.1599965960629764,0.2057268532119922
913,CNQ_TO,GRU,2023-05-01,2025-05-01,14,0.1279216709669758,0.1479189614123382,0.177626364914265,0.1652241949316206,0.2130363323521863
914,CNQ_TO,GRU,2023-05-01,2025-05-01,15,0.127011836156462,0.1453877079200858,0.1693401881981861,0.1661387016996658,0.2089501938880258
915,CNQ_TO,GRU,2023-05-01,2025-05-01,16,0.1351732635838382,0.1396581999834915,0.1971796250984946,0.1782019563653177,0.2068141139912507
916,CNQ_TO,GRU,2023-05-01,2025-05-01,17,0.1316947861002401,0.1578679247610083,0.1890194734389835,0.1644206400422722,0.2054437586673183
917,CNQ_TO,GRU,2023-05-01,2025-05-01,18,0.1495548352045881,0.1398888905945703,0.1812269200415464,0.1603564130961158,0.2092484922284296
918,CNQ_TO,GRU,2023-05-01,2025-05-01,19,0.1629003467044165,0.1865201684868084,0.1921422178186629,0.2149526114664724,0.2055556627069752
919,CNQ_TO,GRU,2023-05-01,2025-05-01,20,0.1425940084130693,0.1479051162910289,0.1987592418023873,0.1733890592060374,0.2092004453175382
920,CNQ_TO,GRU,2023-05-01,2025-05-01,21,0.2069264791644214,0.1634566285814515,0.1707895175067295,0.1673000013617576,0.2065132183592903
921,CNQ_TO,GRU,2023-05-01,2025-05-01,22,0.1599961756709406,0.1388855413992892,0.1707947498569351,0.1669615684205171,0.2074675694699762
922,CNQ_TO,GRU,2023-05-01,2025-05-01,23,0.2154913299642631,0.1359249099622672,0.1493357013999405,0.1497947207848379,0.2076440867725742
923,CNQ_TO,GRU,2023-05-01,2025-05-01,24,0.202538699736626,0.162486604419121,0.1710110369327971,0.208143690917518,0.205699234221025
924,CNQ_TO,GRU,2023-05-01,2025-05-01,25,0.1214341028967896,0.1339163925990577,0.1537332821705044,0.1594773389521918,0.2078909698087871
925,CNQ_TO,GRU,2023-05-01,2025-05-01,26,0.1224961435335324,0.1422962159379692,0.1476325617410359,0.1471658677930176,0.207236025541932
926,CNQ_TO,GRU,2023-05-01,2025-05-01,27,0.1198245489214469,0.1564735639033379,0.1476064802452316,0.1438748352030373,0.205024708467145
927,CNQ_TO,GRU,2023-05-01,2025-05-01,28,0.1296871571810366,0.1931670713373693,0.1998087887964138,0.195215244597498,0.2011456979148944
928,CNQ_TO,GRU,2023-05-01,2025-05-01,29,0.1448135113385915,0.163354901690017,0.1793654497644456,0.1637098914672685,0.2058420799539224
929,CNQ_TO,GRU,2023-05-01,2025-05-01,30,0.1274792808738774,0.1534488828997832,0.1484935283166661,0.1531708881920672,0.2027471848271086
930,CNQ_TO,GRU,2023-05-01,2025-05-01,31,0.1845893315342743,0.1831122953723125,0.2365568568568751,0.201443504168627,0.2062020406040328
931,CNQ_TO,GRU,2023-05-01,2025-05-01,32,0.1310754799047591,0.1395201802701911,0.1777886393965393,0.1707517994159759,0.2082931391088235
932,CNQ_TO,GRU,2023-05-01,2025-05-01,33,0.1749467304178504,0.1705082399981396,0.1806003141698313,0.170677815899308,0.2148022877521644
933,CNQ_TO,GRU,2023-05-01,2025-05-01,34,0.1668229635734181,0.1347956848230663,0.2037770060467618,0.1797439763383077,0.2063487049599146
934,CNQ_TO,GRU,2023-05-01,2025-05-01,35,0.1785333640808112,0.1379437849626783,0.1628213009008059,0.1722322885564741,0.2077627134967259
935,CNQ_TO,GRU,2023-05-01,2025-05-01,36,0.1261766211856599,0.1441450355825123,0.1699968595991862,0.1506882192294877,0.2113543880192713
936,CNQ_TO,GRU,2023-05-01,2025-05-01,37,0.1443560153098619,0.1597863340250216,0.1680318474140769,0.1614407649637133,0.2127856400786233
937,CNQ_TO,GRU,2023-05-01,2025-05-01,38,0.1365581397474256,0.1662518271311723,0.1579327972361259,0.1625419728702982,0.2098009541986395
938,CNQ_TO,GRU,2023-05-01,2025-05-01,39,0.1651081561789499,0.187737341705217,0.1937243285363171,0.1716849458199595,0.2098789951970851
939,CNQ_TO,GRU,2023-05-01,2025-05-01,40,0.1439249572726951,0.1560592152232323,0.1647015070341766,0.1747173395154307,0.2063889123499949
940,CNQ_TO,GRU,2023-05-01,2025-05-01,41,0.1327110779030969,0.1383413971528537,0.1578233454262225,0.1475917373503558,0.2087288092888351
941,CNQ_TO,GRU,2023-05-01,2025-05-01,42,0.1333239397811779,0.1659155534037648,0.1720255048994797,0.1677383587029839,0.2024070578570162
942,CNQ_TO,GRU,2023-05-01,2025-05-01,43,0.1410359880863276,0.1517710171259609,0.1826247407998897,0.1594762726144887,0.2076282720577298
943,CNQ_TO,GRU,2023-05-01,2025-05-01,44,0.1315351510438666,0.1472853948873834,0.1629982420493872,0.1474383028060577,0.2139156028677099
944,CNQ_TO,GRU,2023-05-01,2025-05-01,45,0.1434461742214911,0.1615495107097138,0.1681831876478,0.1550439072187116,0.2073193700634251
945,CNQ_TO,GRU,2023-05-01,2025-05-01,46,0.1501583540692665,0.1659599957459432,0.1807664288495618,0.174370299408429,0.2107714695605198
946,CNQ_TO,GRU,2023-05-01,2025-05-01,47,0.1590903225550901,0.1600593618070578,0.1637689465102389,0.154105278129976,0.2086419884344736
947,CNQ_TO,GRU,2023-05-01,2025-05-01,48,0.1346180166634862,0.1478670481523184,0.1766851150023801,0.1564316671158987,0.2088919395411301
948,CNQ_TO,GRU,2023-05-01,2025-05-01,49,0.1399104477673635,0.1469877975191293,0.169448983281624,0.1774493597200261,0.2041490279266393
949,CNQ_TO,GRU,2023-05-01,2025-05-01,50,0.1432299566351793,0.1481545560633137,0.1744124015942725,0.1629069076453248,0.2040245243261919
950,CNQ_TO,GRU,2024-01-01,2026-01-01,1,0.2424411794760609,0.1703039294544134,0.2222788236456183,0.1651588262713068,0.2280433131972251
951,CNQ_TO,GRU,2024-01-01,2026-01-01,2,0.1630438930551093,0.1941617032313359,0.195661400708241,0.1881027646003779,0.2224165877529981
952,CNQ_TO,GRU,2024-01-01,2026-01-01,3,0.1344240748445274,0.1157576892868406,0.1599761764906985,0.1554926769533173,0.2342050549276157
953,CNQ_TO,GRU,2024-01-01,2026-01-01,4,0.1969116215444752,0.1259410093774686,0.1492341154730901,0.1559673801329443,0.2395729563703619
954,CNQ_TO,GRU,2024-01-01,2026-01-01,5,0.2604995529859973,0.1755451687677837,0.1905466180594887,0.182374604743354,0.2453147055605992
955,CNQ_TO,GRU,2024-01-01,2026-01-01,6,0.1570158654375552,0.1425600615269312,0.1577581743978819,0.1487841435147298,0.2221199418019535
956,CNQ_TO,GRU,2024-01-01,2026-01-01,7,0.1484026046342571,0.1391436906929911,0.1344057540689428,0.1439983665989433,0.2177904306710983
957,CNQ_TO,GRU,2024-01-01,2026-01-01,8,0.1357255116642959,0.1417297080324927,0.2183599518619879,0.1465218856653715,0.224943291113008
958,CNQ_TO,GRU,2024-01-01,2026-01-01,9,0.1359469439201219,0.1281821666084817,0.1598549843356455,0.1568704557671542,0.2195917440798957
959,CNQ_TO,GRU,2024-01-01,2026-01-01,10,0.1909957326585813,0.1411230871944047,0.1893805838885293,0.1447036139376263,0.2226325321878587
960,CNQ_TO,GRU,2024-01-01,2026-01-01,11,0.1595296802943242,0.1740957098106975,0.1997702749195304,0.1599704769940616,0.2476760336950262
961,CNQ_TO,GRU,2024-01-01,2026-01-01,12,0.1524146567684493,0.1241940956337159,0.1464186513110993,0.1484542488351585,0.2296991865170329
962,CNQ_TO,GRU,2024-01-01,2026-01-01,13,0.1576991457030302,0.1229243551020475,0.1953684878285478,0.1778617514788659,0.2345695347521352
963,CNQ_TO,GRU,2024-01-01,2026-01-01,14,0.3190161517976285,0.1653844181224665,0.2016948139471293,0.2890548820751494,0.2511327232949077
964,CNQ_TO,GRU,2024-01-01,2026-01-01,15,0.2065408011885219,0.1430077433286515,0.1410298506901339,0.1398448472127029,0.223453201400129
965,CNQ_TO,GRU,2024-01-01,2026-01-01,16,0.2359140251281326,0.2081953673871879,0.1465919872582976,0.1655465818736065,0.2173199743967937
966,CNQ_TO,GRU,2024-01-01,2026-01-01,17,0.1883139540340265,0.12375913386368,0.1855538878472786,0.167479097081516,0.2293815878114339
967,CNQ_TO,GRU,2024-01-01,2026-01-01,18,0.1717446717221834,0.1305457491627768,0.1637206645288539,0.1760739395029088,0.2238315398788191
968,CNQ_TO,GRU,2024-01-01,2026-01-01,19,0.1255752753468328,0.198984361911089,0.157605431236321,0.187751951806709,0.2366875753723641
969,CNQ_TO,GRU,2024-01-01,2026-01-01,20,0.2097734131767809,0.1404513311765928,0.1588114737457634,0.1318388123978653,0.2509258812317014
970,CNQ_TO,GRU,2024-01-01,2026-01-01,21,0.1795786356926359,0.1353275001855406,0.1490179512311532,0.2161006284918839,0.232989348923343
971,CNQ_TO,GRU,2024-01-01,2026-01-01,22,0.2542372822465249,0.1275804845330749,0.1500012154629773,0.1762836562201296,0.2193869728015132
972,CNQ_TO,GRU,2024-01-01,2026-01-01,23,0.523360272409035,0.1993996195051073,0.4284437177396129,0.1751883880736867,0.2346104617680923
973,CNQ_TO,GRU,2024-01-01,2026-01-01,24,0.1855122187981544,0.197015017033501,0.2270821331571833,0.21123632801688,0.2280971332843758
974,CNQ_TO,GRU,2024-01-01,2026-01-01,25,0.2747219594703726,0.1714992903257573,0.1464024308746186,0.1971866425265951,0.2290474661390364
975,CNQ_TO,GRU,2024-01-01,2026-01-01,26,0.2217439149393202,0.1711170544862955,0.2135426335926734,0.1480958007236803,0.2273101443574591
976,CNQ_TO,GRU,2024-01-01,2026-01-01,27,0.1630649563270753,0.1341586096412663,0.1411015778998421,0.1758714346260833,0.2262872834634991
977,CNQ_TO,GRU,2024-01-01,2026-01-01,28,0.1376510272323765,0.1319646248924574,0.2081716709147887,0.1942057510465996,0.2194387124009827
978,CNQ_TO,GRU,2024-01-01,2026-01-01,29,0.1702659775152311,0.139380546837752,0.1528280727123773,0.1951190765539731,0.2442204466771324
979,CNQ_TO,GRU,2024-01-01,2026-01-01,30,0.1538097202164687,0.1493021266131431,0.1924103159550329,0.1840182465693741,0.2268597275591271
980,CNQ_TO,GRU,2024-01-01,2026-01-01,31,0.1521242051495078,0.1672964964710474,0.2480679801374612,0.2384460605781621,0.2179578771954866
981,CNQ_TO,GRU,2024-01-01,2026-01-01,32,0.1307948436397822,0.2062487267788833,0.2067584313815942,0.1442867113369635,0.2195597701495152
982,CNQ_TO,GRU,2024-01-01,2026-01-01,33,0.497734064584142,0.2546456076762117,0.3071752849834421,0.2665497606998614,0.2377166154172042
983,CNQ_TO,GRU,2024-01-01,2026-01-01,34,0.9690130843045224,0.138341332775041,0.4525109735518143,0.1825490600691938,0.215294218675804
984,CNQ_TO,GRU,2024-01-01,2026-01-01,35,0.3837307942161598,0.1563092988710639,0.4699938775028274,0.1933700430219703,0.2276013852726831
985,CNQ_TO,GRU,2024-01-01,2026-01-01,36,0.1840089908416603,0.1260342876160071,0.1462686473126477,0.1555839338421688,0.2328478156183397
986,CNQ_TO,GRU,2024-01-01,2026-01-01,37,0.1738853815916957,0.2264749907953513,0.2654302680263554,0.1555492012259924,0.212162101777492
987,CNQ_TO,GRU,2024-01-01,2026-01-01,38,0.1767528539745122,0.1443018355283701,0.167574899382696,0.1779981468554373,0.2313144230569774
988,CNQ_TO,GRU,2024-01-01,2026-01-01,39,0.1708609712175036,0.1314074012883105,0.1763481512195815,0.1881859140130426,0.2349961603737012
989,CNQ_TO,GRU,2024-01-01,2026-01-01,40,0.2067381549277123,0.1302970555765968,0.1937244124992221,0.2020165624445304,0.2381494597935818
990,CNQ_TO,GRU,2024-01-01,2026-01-01,41,0.1814719898192492,0.1409775922408522,0.1998737451519699,0.1640618724238509,0.2247388158971801
991,CNQ_TO,GRU,2024-01-01,2026-01-01,42,0.235130037096505,0.3073378961095275,0.2319835881256867,0.3039356626459357,0.2221689996374009
992,CNQ_TO,GRU,2024-01-01,2026-01-01,43,0.1385482471514495,0.1372754913991837,0.1744210420105099,0.1560660724309203,0.2403914290584317
993,CNQ_TO,GRU,2024-01-01,2026-01-01,44,0.1354627031048559,0.1214242865453343,0.1455726127365093,0.1430330070442094,0.2260671605397113
994,CNQ_TO,GRU,2024-01-01,2026-01-01,45,0.1684873770283652,0.1502126605972821,0.1864677312820988,0.1959214898349774,0.2154072228946286
995,CNQ_TO,GRU,2024-01-01,2026-01-01,46,0.259189487969273,0.1740717186410469,0.155772824383891,0.1460154578049821,0.2457043625564184
996,CNQ_TO,GRU,2024-01-01,2026-01-01,47,0.1454305149041832,0.118248098412594,0.1384571271492904,0.1501435200396135,0.2278946549733316
997,CNQ_TO,GRU,2024-01-01,2026-01-01,48,0.1319866841175539,0.1308356928160233,0.1554710722202616,0.1639061549224114,0.233583944804789
998,CNQ_TO,GRU,2024-01-01,2026-01-01,49,0.1929894760628984,0.2626409287436541,0.1996920906245758,0.2438408872052284,0.2210045369940937
999,CNQ_TO,GRU,2024-01-01,2026-01-01,50,0.1572749334363822,0.1492339397434424,0.144982717276188,0.1694825835033255,0.2209292639028696
1000,BHP,GRU,2022-01-01,2024-01-01,1,0.1432135376842022,0.1693024398473523,0.1939166679229161,0.1783820159111986,0.2516291255216819
1001,BHP,GRU,2022-01-01,2024-01-01,2,0.3875868888369494,0.1228064973673532,0.2604727076302495,0.1519949311640212,0.2393197676140669
1002,BHP,GRU,2022-01-01,2024-01-01,3,0.5981879464789844,0.0986701000983351,0.5299635240417773,0.119923375559164,0.2669352416304599
1003,BHP,GRU,2022-01-01,2024-01-01,4,0.1009693887355708,0.1031554778027604,0.1336054703115869,0.1668134374468996,0.2371467169038409
1004,BHP,GRU,2022-01-01,2024-01-01,5,0.2930795766215773,0.1132182926873188,0.1267357846364059,0.1241686787359964,0.2415877628568626
1005,BHP,GRU,2022-01-01,2024-01-01,6,0.3200375735408762,0.1176169499707312,0.2145302474101216,0.135164715879576,0.2293934313631927
1006,BHP,GRU,2022-01-01,2024-01-01,7,0.2985778536376055,0.149129014872531,0.2775747685660538,0.1228396513135568,0.2396019147679513
1007,BHP,GRU,2022-01-01,2024-01-01,8,0.1000798429522627,0.1484062360215771,0.0877009398861171,0.1278785827884555,0.2590159349580654
1008,BHP,GRU,2022-01-01,2024-01-01,9,0.1020814474983166,0.1291524302383667,0.1178206035286045,0.1234012486482991,0.2379632712365088
1009,BHP,GRU,2022-01-01,2024-01-01,10,0.1145971800346282,0.2002961869440534,0.2961758430149528,0.1658968504337726,0.23665569322264
1010,BHP,GRU,2022-01-01,2024-01-01,11,0.1237239225890195,0.1101172692154039,0.255864610838254,0.1526115206708823,0.2500227656118818
1011,BHP,GRU,2022-01-01,2024-01-01,12,0.1823310597289809,0.1475109566915947,0.1396923045516464,0.1969826180387588,0.2382259947437005
1012,BHP,GRU,2022-01-01,2024-01-01,13,0.101658017902928,0.1169876299222397,0.1014073268817562,0.1625496122138666,0.2834728510166128
1013,BHP,GRU,2022-01-01,2024-01-01,14,0.2817064955266449,0.1397622108147372,0.1403963124885811,0.1120370602660657,0.2346780351465004
1014,BHP,GRU,2022-01-01,2024-01-01,15,0.2552463501319715,0.4214629107824204,0.309125727563815,0.205440481368767,0.2380786636370607
1015,BHP,GRU,2022-01-01,2024-01-01,16,0.1488897443718122,0.1570492598352964,0.1617665724445673,0.1600263208842907,0.2465877066481485
1016,BHP,GRU,2022-01-01,2024-01-01,17,0.1453420516984169,0.1437329689032517,0.1170233793507473,0.1199864106335786,0.2396106558886888
1017,BHP,GRU,2022-01-01,2024-01-01,18,0.0998222357222823,0.1280500640654673,0.1878499872179447,0.1376156831466558,0.2765155109372913
1018,BHP,GRU,2022-01-01,2024-01-01,19,0.1291996193843656,0.1462148619977067,0.3109136164181003,0.2457449999238533,0.2489490752013474
1019,BHP,GRU,2022-01-01,2024-01-01,20,0.1209220510385644,0.1111396378346554,0.094211555918867,0.1257433352800704,0.2359735797781884
1020,BHP,GRU,2022-01-01,2024-01-01,21,0.1229335102729051,0.1241024139562424,0.0985202251487067,0.1146040325446613,0.2393865282522495
1021,BHP,GRU,2022-01-01,2024-01-01,22,0.2565410068683741,0.143532642814999,0.2175125388588891,0.1454679329152546,0.2373009398193602
1022,BHP,GRU,2022-01-01,2024-01-01,23,0.1450264140666835,0.1204171850399591,0.1623829101075113,0.1119707999228335,0.245684086608493
1023,BHP,GRU,2022-01-01,2024-01-01,24,0.1747646732606579,0.1711160199873834,0.3934003655574809,0.1888084902802449,0.2420646646313144
1024,BHP,GRU,2022-01-01,2024-01-01,25,0.1386374697580685,0.2229502233070347,0.1625136734881506,0.1639705121207676,0.2834627488246612
1025,BHP,GRU,2022-01-01,2024-01-01,26,0.126836130679727,0.1099548584906126,0.102100361484736,0.119633792264769,0.2346841501518053
1026,BHP,GRU,2022-01-01,2024-01-01,27,0.1665908018697477,0.1391358529417465,0.1020218862585458,0.1227197759532737,0.2374154695039386
1027,BHP,GRU,2022-01-01,2024-01-01,28,0.0968328698477278,0.1661833047402076,0.2848031462721107,0.2214094279255312,0.2368243418780087
1028,BHP,GRU,2022-01-01,2024-01-01,29,0.2152759708018206,0.4017151111838726,0.1435435637775276,0.4845749031832086,0.2710450446252223
1029,BHP,GRU,2022-01-01,2024-01-01,30,0.2630251746508171,0.1825316425588158,0.2119859936314473,0.2517287736125378,0.2442357325492284
1030,BHP,GRU,2022-01-01,2024-01-01,31,0.1568490022382048,0.1291049667637194,0.1762690661236781,0.1138534004449305,0.2529478932407543
1031,BHP,GRU,2022-01-01,2024-01-01,32,0.1417422964621775,0.184956737906838,0.1474315021003725,0.2069577740856819,0.2754499223429771
1032,BHP,GRU,2022-01-01,2024-01-01,33,0.1403994359048681,0.2239201438436688,0.0953533550560344,0.1217146816109218,0.2531543604724222
1033,BHP,GRU,2022-01-01,2024-01-01,34,0.1488474043063256,0.1728265189565416,0.1522924457541981,0.1615059367587156,0.2394377745905128
1034,BHP,GRU,2022-01-01,2024-01-01,35,0.1295649297119749,0.1885582580186851,0.1054177487371893,0.1523126671585932,0.2356392129306219
1035,BHP,GRU,2022-01-01,2024-01-01,36,0.1024189779081049,0.1146621761654081,0.1517229303200654,0.1292613279488813,0.2371610079597556
1036,BHP,GRU,2022-01-01,2024-01-01,37,0.0986849148215083,0.217679670590261,0.1074916188744705,0.1220272013340614,0.2822967315518521
1037,BHP,GRU,2022-01-01,2024-01-01,38,0.1756850667008425,0.2468596512883036,0.3107174195418081,0.2453364546605377,0.2442161732610298
1038,BHP,GRU,2022-01-01,2024-01-01,39,0.2074629003351887,0.1139855254459686,0.2626304157968894,0.3197923765938623,0.2413717134311611
1039,BHP,GRU,2022-01-01,2024-01-01,40,0.2127411916209244,0.1118290708284798,0.1043280016376858,0.1198940342061545,0.3124835791852006
1040,BHP,GRU,2022-01-01,2024-01-01,41,0.1121503415397562,0.1992515691431658,0.1648340835758646,0.1186821524904961,0.2536844367607935
1041,BHP,GRU,2022-01-01,2024-01-01,42,0.1199406040827962,0.1082517138334601,0.0910606869795477,0.1593799413247317,0.2367062042869145
1042,BHP,GRU,2022-01-01,2024-01-01,43,0.1008440410682663,0.1116638848484419,0.093554989433327,0.1447442529071803,0.2340992197718934
1043,BHP,GRU,2022-01-01,2024-01-01,44,0.1196139748717121,0.11615445847095,0.309786289548378,0.1752940521680766,0.2846412122246811
1044,BHP,GRU,2022-01-01,2024-01-01,45,0.1169752335991136,0.1205897265244223,0.0965856840301247,0.1202338972147753,0.2357452277534791
1045,BHP,GRU,2022-01-01,2024-01-01,46,0.4836637095160067,0.1182377970632651,0.1904884559952399,0.1891884465645092,0.2684461801552107
1046,BHP,GRU,2022-01-01,2024-01-01,47,0.3134635533016422,0.3128432521589009,0.2598292887991838,0.2777484343549621,0.2351862341959582
1047,BHP,GRU,2022-01-01,2024-01-01,48,0.1526433832183406,0.1218048695288664,0.1061276535542399,0.1120119446786828,0.2377776279602526
1048,BHP,GRU,2022-01-01,2024-01-01,49,0.3439639927949716,0.104925184020866,0.3672295589169184,0.1142782967298645,0.2363736273231775
1049,BHP,GRU,2022-01-01,2024-01-01,50,0.1141631206010817,0.1130387199704287,0.1346061916866908,0.1146876724518009,0.2503124567990882
1050,BHP,GRU,2022-09-01,2024-09-01,1,0.4510345599491509,0.4395170484870567,0.3147697905186913,0.3335350569028205,0.2932768401977201
1051,BHP,GRU,2022-09-01,2024-09-01,2,0.4036127920978969,0.4409480688561336,0.3632153386520778,0.4333999446503467,0.2900998735921034
1052,BHP,GRU,2022-09-01,2024-09-01,3,0.2510285234015426,0.2532567809870714,0.2627863214503758,0.2538683764946589,0.2904699965899388
1053,BHP,GRU,2022-09-01,2024-09-01,4,0.3404425541029697,0.349879477798282,0.2561457634113125,0.2768953905336495,0.2903434568215079
1054,BHP,GRU,2022-09-01,2024-09-01,5,0.3779709387917813,0.4334704945749049,0.3556156294267069,0.4503153937486051,0.2944803614769458
1055,BHP,GRU,2022-09-01,2024-09-01,6,0.3633627134488366,0.4722967180933358,0.3500909688001931,0.4394666878248985,0.2864066898967167
1056,BHP,GRU,2022-09-01,2024-09-01,7,0.2883464357967917,0.3951080614872281,0.2971181305118994,0.2946077204742607,0.3047718761091913
1057,BHP,GRU,2022-09-01,2024-09-01,8,0.3583496288458665,0.3443669530044629,0.2654200417481737,0.3528575413522574,0.3211249777180766
1058,BHP,GRU,2022-09-01,2024-09-01,9,0.2608795555893204,0.2863098518951439,0.270951022130581,0.2630782845938788,0.2903372940883892
1059,BHP,GRU,2022-09-01,2024-09-01,10,0.3048947709059086,0.3084750922371276,0.2384215418325828,0.2827665551427153,0.2961270523238046
1060,BHP,GRU,2022-09-01,2024-09-01,11,0.3680172275649163,0.3265131632387896,0.2692785406358353,0.260250253725786,0.3262141627034242
1061,BHP,GRU,2022-09-01,2024-09-01,12,0.4189684600460178,0.3099776774502127,0.3311138717654728,0.2862659075591791,0.2964219987750678
1062,BHP,GRU,2022-09-01,2024-09-01,13,0.3495119183654891,0.3553238668309808,0.3149825646370337,0.3995676292609215,0.299475426717186
1063,BHP,GRU,2022-09-01,2024-09-01,14,0.3746983395371242,0.2896752195395346,0.2645617928716586,0.4298340242384151,0.2888366902999507
1064,BHP,GRU,2022-09-01,2024-09-01,15,0.3410067308131717,0.3649087720747359,0.2495073735535335,0.300515779458651,0.2953676077574175
1065,BHP,GRU,2022-09-01,2024-09-01,16,0.4611702857511773,0.3689074106466495,0.3878336852419108,0.2887005917120449,0.2862440408944866
1066,BHP,GRU,2022-09-01,2024-09-01,17,0.3651333870598729,0.4056529692813326,0.3095355694425124,0.2575782732522795,0.2871665915523557
1067,BHP,GRU,2022-09-01,2024-09-01,18,0.517599774147819,0.6320192208475115,0.5677971186515796,0.6106135719439144,0.2912119824164252
1068,BHP,GRU,2022-09-01,2024-09-01,19,0.3608690327748149,0.3238626630778358,0.2361505980312168,0.2760240332062119,0.2981165700521848
1069,BHP,GRU,2022-09-01,2024-09-01,20,0.2826162361697709,0.2866122134629553,0.2601779162429863,0.302005715421728,0.2960632141310143
1070,BHP,GRU,2022-09-01,2024-09-01,21,0.4423776548139131,0.4213486719936684,0.2724724262768177,0.2869430669967582,0.3009114550364434
1071,BHP,GRU,2022-09-01,2024-09-01,22,0.3076886900025306,0.3108698718087412,0.2721605197914646,0.2921057605607378,0.3026389002689898
1072,BHP,GRU,2022-09-01,2024-09-01,23,0.4408208809035198,0.3847750801254175,0.4999140844172962,0.3844194685245778,0.29537825174953
1073,BHP,GRU,2022-09-01,2024-09-01,24,0.3330124272235789,0.3725105344675313,0.2561619845929918,0.3016177159230644,0.3003059921801869
1074,BHP,GRU,2022-09-01,2024-09-01,25,0.2815947546425093,0.2623400118196089,0.4481597964893984,0.2510970537796851,0.3018216132980433
1075,BHP,GRU,2022-09-01,2024-09-01,26,0.4788887259911107,0.4670252813727576,0.4547425298799989,0.3424371316699037,0.2921042602590516
1076,BHP,GRU,2022-09-01,2024-09-01,27,0.3080854367649809,0.413759787853706,0.3526212746301937,0.3886470949112754,0.2949899696169921
1077,BHP,GRU,2022-09-01,2024-09-01,28,0.3118104120356902,0.3478899763188423,0.2987665805080751,0.3471001748689115,0.294918215447762
1078,BHP,GRU,2022-09-01,2024-09-01,29,0.4979132859762851,0.333765560230318,0.2665355792225767,0.3387130544579931,0.2907144214006154
1079,BHP,GRU,2022-09-01,2024-09-01,30,0.2811925637531678,0.2952563075116292,0.2419574144482842,0.2603400759641847,0.3170526807649038
1080,BHP,GRU,2022-09-01,2024-09-01,31,0.4686950378463346,0.4547915998898406,0.3981382756957271,0.3139023762475685,0.2827169086118229
1081,BHP,GRU,2022-09-01,2024-09-01,32,0.3406172165025832,0.3610883440218956,0.3136952527966029,0.2876132803646773,0.2907376388303909
1082,BHP,GRU,2022-09-01,2024-09-01,33,0.2986378050662638,0.412056090022086,0.2937986270019307,0.3204317371619756,0.2945244985021168
1083,BHP,GRU,2022-09-01,2024-09-01,34,0.3661281550134985,0.3601744073248027,0.2820889487083806,0.3099555518089049,0.2997834980172584
1084,BHP,GRU,2022-09-01,2024-09-01,35,0.2915997815226181,0.2616775610990842,0.2790131667983371,0.2591649420765264,0.2999193624292924
1085,BHP,GRU,2022-09-01,2024-09-01,36,0.331575494556149,0.3444826747953443,0.3720554255216091,0.3358393828306498,0.2929132048097864
1086,BHP,GRU,2022-09-01,2024-09-01,37,0.340151603000826,0.4758369839918688,0.3443191430372871,0.3381353238785576,0.2982732271081714
1087,BHP,GRU,2022-09-01,2024-09-01,38,0.2952597835951359,0.3387115744443661,0.2657134723914584,0.3006559664470974,0.2927769106883168
1088,BHP,GRU,2022-09-01,2024-09-01,39,0.3885416688599757,0.3408522658277196,0.2993369641186914,0.3561150973069092,0.2990774788991969
1089,BHP,GRU,2022-09-01,2024-09-01,40,0.3348590446355711,0.3423997287591758,0.2472573066848913,0.3028487321383319,0.2949312945081238
1090,BHP,GRU,2022-09-01,2024-09-01,41,0.3073179825575707,0.3516437208898211,0.3143441692314575,0.250494925292528,0.2943869095152993
1091,BHP,GRU,2022-09-01,2024-09-01,42,0.3088500246734414,0.2802345997171216,0.2482659532994805,0.2814048494026002,0.2912516881456765
1092,BHP,GRU,2022-09-01,2024-09-01,43,0.2807209948294459,0.3453999116576485,0.2163499330800898,0.2929616713093065,0.2926944751026052
1093,BHP,GRU,2022-09-01,2024-09-01,44,0.4974718673009211,0.3332261899167499,0.2484751134957325,0.3577017675009263,0.2967404796308168
1094,BHP,GRU,2022-09-01,2024-09-01,45,0.2949183855954183,0.2996235132848498,0.2670303479120831,0.2534201122447013,0.2906645292685407
1095,BHP,GRU,2022-09-01,2024-09-01,46,0.3200067564531194,0.3311911920176683,0.2901510611765549,0.3965175468817074,0.2967586386671447
1096,BHP,GRU,2022-09-01,2024-09-01,47,0.3512512272203537,0.3057013453337409,0.270871902793185,0.3264659495332265,0.2947497105013602
1097,BHP,GRU,2022-09-01,2024-09-01,48,0.2651015266843339,0.3492720907303919,0.4624816888015298,0.5321766639357941,0.2904724301316441
1098,BHP,GRU,2022-09-01,2024-09-01,49,0.3762500453342536,0.3499714336677252,0.3315523811153973,0.365482021231949,0.2924453686760415
1099,BHP,GRU,2022-09-01,2024-09-01,50,0.2959315621260909,0.3145018296648121,0.5389367578977362,0.416168044671878,0.3085983578322253
1100,BHP,GRU,2023-05-01,2025-05-01,1,0.233032439758391,0.2255494978291082,0.1785260112520958,0.1953190464717914,0.2739643290301133
1101,BHP,GRU,2023-05-01,2025-05-01,2,0.1684227957897398,0.2230453774810478,0.1515198015570333,0.1663601079987896,0.2540672348990386
1102,BHP,GRU,2023-05-01,2025-05-01,3,0.1635244591067738,0.1844406012234635,0.1734041577183081,0.1669280258209542,0.255111872828244
1103,BHP,GRU,2023-05-01,2025-05-01,4,0.1664153262132193,0.2114997855068585,0.1519232152330092,0.1615771903261595,0.2437911819407617
1104,BHP,GRU,2023-05-01,2025-05-01,5,0.1838907138884874,0.2257483025524463,0.1731812701256573,0.1943176355775603,0.255001499570097
1105,BHP,GRU,2023-05-01,2025-05-01,6,0.2055782673882446,0.2651184163488412,0.2058848369948666,0.2038356511943829,0.2580983563503943
1106,BHP,GRU,2023-05-01,2025-05-01,7,0.1698536015337633,0.2217773215731594,0.164897095560781,0.1747353595631102,0.2489866557120904
1107,BHP,GRU,2023-05-01,2025-05-01,8,0.259141900864929,0.246998396271303,0.1865599927770357,0.1821006674142841,0.2878361415171208
1108,BHP,GRU,2023-05-01,2025-05-01,9,0.1577977961233914,0.2031202639494997,0.1807379213513854,0.1702244235592864,0.2648034923908818
1109,BHP,GRU,2023-05-01,2025-05-01,10,0.2837984688463454,0.2719845879817997,0.2365790296256222,0.2291061912252045,0.2603346380089401
1110,BHP,GRU,2023-05-01,2025-05-01,11,0.2274241397342493,0.271780931171729,0.193462018633666,0.1960495510151121,0.2592236748534021
1111,BHP,GRU,2023-05-01,2025-05-01,12,0.1882953859634532,0.2559906269081801,0.1830349431928521,0.1777506733867585,0.2546222441145201
1112,BHP,GRU,2023-05-01,2025-05-01,13,0.1920207185092849,0.2117459687289153,0.1598770784961601,0.1810894443772341,0.2724069817699907
1113,BHP,GRU,2023-05-01,2025-05-01,14,0.2106924242006282,0.2033168501515377,0.1653319031500652,0.1839012212654243,0.2714636331847218
1114,BHP,GRU,2023-05-01,2025-05-01,15,0.1552543044308485,0.197852589942538,0.1683704589422629,0.1893397289253016,0.2419961473106817
1115,BHP,GRU,2023-05-01,2025-05-01,16,0.2010766143390879,0.2154045078704646,0.1805108583359458,0.169540986035174,0.2494046878345901
1116,BHP,GRU,2023-05-01,2025-05-01,17,0.1600029690385371,0.2471156227637694,0.1820334188458316,0.1603152427907871,0.2565043951384431
1117,BHP,GRU,2023-05-01,2025-05-01,18,0.2117991621434998,0.2677410664707512,0.2100242378134169,0.237141036259407,0.2383867212509375
1118,BHP,GRU,2023-05-01,2025-05-01,19,0.1583537782999378,0.2797507817943831,0.1675871082345407,0.1575201359061944,0.2405504018479663
1119,BHP,GRU,2023-05-01,2025-05-01,20,0.1728201752357255,0.2031604382636868,0.2053635517051033,0.184760713520088,0.2602902519320674
1120,BHP,GRU,2023-05-01,2025-05-01,21,0.20835723307067,0.248461091493792,0.1643111841287895,0.2010161847870622,0.2704017067574615
1121,BHP,GRU,2023-05-01,2025-05-01,22,0.199990237272679,0.192852143084952,0.1980675992089382,0.1799902464127607,0.254409469168356
1122,BHP,GRU,2023-05-01,2025-05-01,23,0.2101498372943828,0.2142453527954717,0.1964455892256222,0.1746843210751915,0.2770304546570336
1123,BHP,GRU,2023-05-01,2025-05-01,24,0.1991549051951444,0.2053428467975221,0.1898971224215472,0.1940236363862102,0.2487717011381027
1124,BHP,GRU,2023-05-01,2025-05-01,25,0.2080995130671179,0.2203406293875325,0.1473744461665829,0.1897963009598103,0.2497258264123864
1125,BHP,GRU,2023-05-01,2025-05-01,26,0.1927928050228356,0.2899657554038125,0.2109400462797854,0.181966208572434,0.2627169884750818
1126,BHP,GRU,2023-05-01,2025-05-01,27,0.1588921756728833,0.2612381140133455,0.1533787470966993,0.1666888909392068,0.2495102948365477
1127,BHP,GRU,2023-05-01,2025-05-01,28,0.151496683222784,0.2588928478639285,0.1784833045667546,0.1641534512692002,0.2687253555286918
1128,BHP,GRU,2023-05-01,2025-05-01,29,0.2075824035286124,0.247386729613535,0.181376108435362,0.1970073227660046,0.262142428568385
1129,BHP,GRU,2023-05-01,2025-05-01,30,0.1921740793105258,0.2222267653653352,0.1619925638825764,0.1731503544385185,0.2330941132768294
1130,BHP,GRU,2023-05-01,2025-05-01,31,0.1686934444679522,0.2212490365403198,0.1872293476314273,0.1874260231417497,0.2507467221210445
1131,BHP,GRU,2023-05-01,2025-05-01,32,0.1922500642696796,0.2541272170314655,0.1788438074702514,0.1703739711901149,0.2530279453629827
1132,BHP,GRU,2023-05-01,2025-05-01,33,0.2036124864723488,0.2263954634846106,0.1747925949582423,0.1947827965358848,0.2613445623107102
1133,BHP,GRU,2023-05-01,2025-05-01,34,0.1731362242838529,0.213714838715411,0.1617979151497765,0.1637040711625464,0.2619115234640587
1134,BHP,GRU,2023-05-01,2025-05-01,35,0.306631340601538,0.2115695299587288,0.183925161274632,0.2146278050550901,0.2440775518801438
1135,BHP,GRU,2023-05-01,2025-05-01,36,0.2204621671875839,0.2585135705525587,0.1923577585559917,0.1804113446523495,0.2441938098254109
1136,BHP,GRU,2023-05-01,2025-05-01,37,0.1830488490720524,0.2328715501726792,0.2124525694797654,0.2234319208317873,0.2460601123489667
1137,BHP,GRU,2023-05-01,2025-05-01,38,0.1843102844129371,0.1975970528478263,0.1641700681161693,0.1663458723913613,0.2646664934960275
1138,BHP,GRU,2023-05-01,2025-05-01,39,0.1824089158291056,0.2046771228888112,0.1931339636562913,0.1981905185548149,0.261233755927737
1139,BHP,GRU,2023-05-01,2025-05-01,40,0.1929848370677729,0.2300157699825292,0.1898574465051114,0.1775775895424134,0.2729222817326613
1140,BHP,GRU,2023-05-01,2025-05-01,41,0.1868812941518939,0.2403302077998878,0.1783957298034195,0.1968136280796934,0.2724202653000923
1141,BHP,GRU,2023-05-01,2025-05-01,42,0.1724765371716982,0.2176189705525395,0.191278226920684,0.1867880323633249,0.2597987627281869
1142,BHP,GRU,2023-05-01,2025-05-01,43,0.1828099556510619,0.253665376127686,0.1670920149201087,0.2026439002945784,0.2748195063563095
1143,BHP,GRU,2023-05-01,2025-05-01,44,0.222637921245484,0.1819780051185395,0.206193339808534,0.1900122637874977,0.2646153013496859
1144,BHP,GRU,2023-05-01,2025-05-01,45,0.2341691937338584,0.2002493443492431,0.2102871970626873,0.2060494040313119,0.2504909776709824
1145,BHP,GRU,2023-05-01,2025-05-01,46,0.2269354315888292,0.2345657283833116,0.2364083766851779,0.2643867274826007,0.2628195724272666
1146,BHP,GRU,2023-05-01,2025-05-01,47,0.1613199418030135,0.1716922464557331,0.1692516445441012,0.1725364963755105,0.2689084910864081
1147,BHP,GRU,2023-05-01,2025-05-01,48,0.16192472876751,0.1764295537307498,0.1618092453615862,0.1505902211436651,0.266192555793049
1148,BHP,GRU,2023-05-01,2025-05-01,49,0.1700174978185511,0.1867228122913335,0.1800528500084541,0.1662799483850888,0.2456567785552472
1149,BHP,GRU,2023-05-01,2025-05-01,50,0.171806350997067,0.1907251523395558,0.1846149642530138,0.1896913868338706,0.2533670149129539
1150,BHP,GRU,2024-01-01,2026-01-01,1,0.128410086268756,0.1807338912005262,0.2399287309298026,0.1631153795154918,0.2241820257818231
1151,BHP,GRU,2024-01-01,2026-01-01,2,0.1529911353040876,0.1705977153303302,0.184350915746776,0.1662057926417214,0.2232879008791454
1152,BHP,GRU,2024-01-01,2026-01-01,3,0.1645382932394173,0.1190879954116397,0.1069603666440106,0.1335602655482967,0.2201006465591792
1153,BHP,GRU,2024-01-01,2026-01-01,4,0.1440652347345531,0.1337226661821893,0.1238633706522075,0.1343546898183185,0.2314150859352732
1154,BHP,GRU,2024-01-01,2026-01-01,5,0.1501782999779796,0.148392664710116,0.1404566505370944,0.1452431451395511,0.2220616089716525
1155,BHP,GRU,2024-01-01,2026-01-01,6,0.1933510375725832,0.1337106029492528,0.1299092865326561,0.138327368862013,0.2221710829627534
1156,BHP,GRU,2024-01-01,2026-01-01,7,0.1212560781407801,0.1397061130178692,0.1217887056760483,0.1268921587810865,0.2549685009451377
1157,BHP,GRU,2024-01-01,2026-01-01,8,0.16861836295889,0.1593860023024182,0.1269548876596091,0.1588965331129387,0.2219503034475227
1158,BHP,GRU,2024-01-01,2026-01-01,9,0.12580670332245,0.1442455361874036,0.127664830893742,0.1457268224605947,0.2235897562247935
1159,BHP,GRU,2024-01-01,2026-01-01,10,0.2230446426465073,0.1612854689616356,0.1401116792696907,0.1732930799059123,0.2222412032584536
1160,BHP,GRU,2024-01-01,2026-01-01,11,0.1410896074043708,0.149827502874115,0.1975873945577539,0.1670336438798182,0.2185465165688556
1161,BHP,GRU,2024-01-01,2026-01-01,12,0.1398038797643716,0.1370545270141803,0.160068193117773,0.1702618854048399,0.2239294543056373
1162,BHP,GRU,2024-01-01,2026-01-01,13,0.142711279901573,0.1319160074422337,0.1156520192876046,0.1429903166816707,0.222295796455888
1163,BHP,GRU,2024-01-01,2026-01-01,14,0.1328133592559359,0.1572215489111686,0.2178737872467571,0.1382588525332916,0.2229849828593853
1164,BHP,GRU,2024-01-01,2026-01-01,15,0.1737248111687403,0.1507472329203255,0.1369772770711963,0.1576460879652788,0.2197531243779327
1165,BHP,GRU,2024-01-01,2026-01-01,16,0.1530392746181735,0.1550291035853451,0.1651338732040448,0.1522935067184758,0.2251068335809034
1166,BHP,GRU,2024-01-01,2026-01-01,17,0.1581491120912125,0.1461993171480503,0.154138412604245,0.1564698467533051,0.2222542622512228
1167,BHP,GRU,2024-01-01,2026-01-01,18,0.132189759242667,0.1247268719870812,0.1247016659169366,0.1337744469746582,0.2347241664663005
1168,BHP,GRU,2024-01-01,2026-01-01,19,0.111685563136953,0.1898113626976097,0.1329337267964884,0.1242964042576177,0.2206264596447393
1169,BHP,GRU,2024-01-01,2026-01-01,20,0.1764274794178603,0.1620597038454245,0.1279413864117067,0.1506430842704794,0.2215401796103939
1170,BHP,GRU,2024-01-01,2026-01-01,21,0.1747610010477178,0.1656534658023759,0.1166494055553677,0.1588637504512232,0.2212854903241327
1171,BHP,GRU,2024-01-01,2026-01-01,22,0.1445366086731956,0.1250487591379044,0.1178561296813598,0.125606620783485,0.2358557628883162
1172,BHP,GRU,2024-01-01,2026-01-01,23,0.1323102534767757,0.1564230849112194,0.1206138426293349,0.1375860975535305,0.2229223261301768
1173,BHP,GRU,2024-01-01,2026-01-01,24,0.1674959966908637,0.1416802924804025,0.122914825036644,0.14669004922172,0.2247600888186509
1174,BHP,GRU,2024-01-01,2026-01-01,25,0.2329230657197904,0.1385431569382058,0.2285959375202721,0.1383685840578049,0.2239087663581771
1175,BHP,GRU,2024-01-01,2026-01-01,26,0.1194791644587331,0.1391885509092743,0.1123640338972702,0.1284544221574816,0.2211809896285503
1176,BHP,GRU,2024-01-01,2026-01-01,27,0.1232700559661001,0.1405201835186026,0.1461583094617446,0.1395458344307924,0.2209952906345529
1177,BHP,GRU,2024-01-01,2026-01-01,28,0.1280599481448038,0.1727217764920018,0.1212960474430082,0.1307260038939772,0.2247184567577313
1178,BHP,GRU,2024-01-01,2026-01-01,29,0.1767215823474204,0.1266621423779143,0.1529130107652311,0.1802958573056347,0.2206709305154103
1179,BHP,GRU,2024-01-01,2026-01-01,30,0.1118346519190895,0.1348709476811957,0.1131273062584039,0.1244664472100441,0.226615263831307
1180,BHP,GRU,2024-01-01,2026-01-01,31,0.1458293833903457,0.1625778773602752,0.1788510749395162,0.1323606473838193,0.2233653008823477
1181,BHP,GRU,2024-01-01,2026-01-01,32,0.1474402365252603,0.1310586498042804,0.1245668882516668,0.1301958112031707,0.2217440379247601
1182,BHP,GRU,2024-01-01,2026-01-01,33,0.1928605292159073,0.2014685212772698,0.1742409915602721,0.1800607663099713,0.2219948184012311
1183,BHP,GRU,2024-01-01,2026-01-01,34,0.1575790817570906,0.1280967542766476,0.136260270923741,0.1511190786281878,0.2183169002459972
1184,BHP,GRU,2024-01-01,2026-01-01,35,0.1523767364341577,0.1253985606117542,0.1906373231147909,0.1246927099668775,0.2171396255892329
1185,BHP,GRU,2024-01-01,2026-01-01,36,0.1345241458718666,0.1316670416595052,0.1196731758552388,0.1331896249646547,0.2238793817884802
1186,BHP,GRU,2024-01-01,2026-01-01,37,0.1665273039874037,0.1633021296170277,0.1642171005219485,0.1756563204763968,0.2305978790542759
1187,BHP,GRU,2024-01-01,2026-01-01,38,0.1455214616221299,0.1334458663886594,0.1319986443606784,0.1411518867261876,0.2215189677241739
1188,BHP,GRU,2024-01-01,2026-01-01,39,0.1484880930025443,0.128063261036917,0.1350694740063841,0.1382900391692203,0.2224107884782599
1189,BHP,GRU,2024-01-01,2026-01-01,40,0.1429542267549255,0.1767305967268465,0.1611682165479776,0.1276883352568123,0.225650136313517
1190,BHP,GRU,2024-01-01,2026-01-01,41,0.1505937913075166,0.158084948154761,0.1173737931886032,0.1196912512984789,0.2233627138441195
1191,BHP,GRU,2024-01-01,2026-01-01,42,0.1159597091842903,0.1316351655439839,0.1630073661416225,0.1607828884593141,0.2208625177572646
1192,BHP,GRU,2024-01-01,2026-01-01,43,0.1201106935270293,0.1665425726338744,0.1778197459906533,0.1615883542991345,0.2186080266689485
1193,BHP,GRU,2024-01-01,2026-01-01,44,0.120638326144622,0.151556002453907,0.1613916017147816,0.1281919241668153,0.2411895508358115
1194,BHP,GRU,2024-01-01,2026-01-01,45,0.1512609965930613,0.1454787605095707,0.1176383590738477,0.1326545574593355,0.2233855445661638
1195,BHP,GRU,2024-01-01,2026-01-01,46,0.2042254483673156,0.1784242431508785,0.1680892408236804,0.1327595962322551,0.2205133561051885
1196,BHP,GRU,2024-01-01,2026-01-01,47,0.1325979464521692,0.1266309725006991,0.1137886263597675,0.1393017743427305,0.2275251657391928
1197,BHP,GRU,2024-01-01,2026-01-01,48,0.1878327193255501,0.1455577073236877,0.1614049301742788,0.1544420805615141,0.2217201950259242
1198,BHP,GRU,2024-01-01,2026-01-01,49,0.1253603753046711,0.1235015902997792,0.115371290690103,0.1249288179076187,0.2263808646245685
1199,BHP,GRU,2024-01-01,2026-01-01,50,0.2490843550108075,0.1351134761575653,0.1554895337259924,0.1615285872404393,0.2229124854272574
1200,BMO,GRU,2022-01-01,2024-01-01,1,0.1078865701994063,0.0768115025256498,0.1308250176026544,0.1109272895694629,0.2502349180857185
1201,BMO,GRU,2022-01-01,2024-01-01,2,0.1751900253830509,0.0819896755144247,0.0841195831495572,0.1143704564613703,0.2453149726817152
1202,BMO,GRU,2022-01-01,2024-01-01,3,0.1488174851798887,0.0680562103275624,0.2050196416021723,0.0979148643455242,0.2500185553116412
1203,BMO,GRU,2022-01-01,2024-01-01,4,0.0826701797519922,0.0740943935495071,0.0684501619443366,0.0748729337498844,0.2496473859291182
1204,BMO,GRU,2022-01-01,2024-01-01,5,0.0596569576919589,0.0805710236328289,0.0777706852330523,0.0980808544493721,0.2417288360539975
1205,BMO,GRU,2022-01-01,2024-01-01,6,0.1111097038027515,0.075184973846363,0.1237876035486924,0.0776651771138973,0.2400488345578092
1206,BMO,GRU,2022-01-01,2024-01-01,7,0.1011353969074033,0.0898347348689647,0.1077561943126166,0.0764688063990258,0.241615976025198
1207,BMO,GRU,2022-01-01,2024-01-01,8,0.0776567847851779,0.0874905674295347,0.187643571095616,0.1046757572507149,0.2439459043657192
1208,BMO,GRU,2022-01-01,2024-01-01,9,0.0770218682949275,0.0861552384396166,0.0693453388989835,0.1031972481162303,0.25118266617011
1209,BMO,GRU,2022-01-01,2024-01-01,10,0.089735192866329,0.0851896830938597,0.0636399763489298,0.0866020892785455,0.2442532944913405
1210,BMO,GRU,2022-01-01,2024-01-01,11,0.0746235919551294,0.0793779578256471,0.0642669824541051,0.0857123620394035,0.2527675249326944
1211,BMO,GRU,2022-01-01,2024-01-01,12,0.0723061819926648,0.1573120251738489,0.1024681134864594,0.1343386454222081,0.2511049533189157
1212,BMO,GRU,2022-01-01,2024-01-01,13,0.0968868612566534,0.1591349419417274,0.1451050538145147,0.1805328552175632,0.2403336734725908
1213,BMO,GRU,2022-01-01,2024-01-01,14,0.0634629662721001,0.1001344441697946,0.0961661698903803,0.0908917915664389,0.2427428230647264
1214,BMO,GRU,2022-01-01,2024-01-01,15,0.0669848983749053,0.1104486184676606,0.1069598264131677,0.1002236658269664,0.2448727597353076
1215,BMO,GRU,2022-01-01,2024-01-01,16,0.0683421602388251,0.0646889024909174,0.0652543659527881,0.06868356057108,0.2449142442534909
1216,BMO,GRU,2022-01-01,2024-01-01,17,0.228902260689583,0.2010154786022457,0.1782152589449075,0.2716443753643886,0.2456600295909058
1217,BMO,GRU,2022-01-01,2024-01-01,18,0.0694382809714417,0.0820755114770061,0.0628451124109482,0.0774232535549763,0.2502120205314133
1218,BMO,GRU,2022-01-01,2024-01-01,19,0.0484317203270269,0.0744723054183664,0.1006372888101264,0.0777077683018207,0.2482575073472207
1219,BMO,GRU,2022-01-01,2024-01-01,20,0.0684379940050799,0.0792063907902213,0.0932731507991626,0.1020136674900128,0.2481408014073244
1220,BMO,GRU,2022-01-01,2024-01-01,21,0.106036777655937,0.0807103326793148,0.0635688625796085,0.0851481203934101,0.2465027313706096
1221,BMO,GRU,2022-01-01,2024-01-01,22,0.1903039518895246,0.1009037785570108,0.0591435601067783,0.1065096604308424,0.2500296178844657
1222,BMO,GRU,2022-01-01,2024-01-01,23,0.1079491945090403,0.0888625011395712,0.0852573935184595,0.1133844025033893,0.2490721329823471
1223,BMO,GRU,2022-01-01,2024-01-01,24,0.1658336009748191,0.1095562327557726,0.0639098576793481,0.1058489359647745,0.2715158650972104
1224,BMO,GRU,2022-01-01,2024-01-01,25,0.0804187354703081,0.0790755999947543,0.0679425140180824,0.0806569531247329,0.2499994236732665
1225,BMO,GRU,2022-01-01,2024-01-01,26,0.0725515443217235,0.0810773486574601,0.0628485822151525,0.0910047438284015,0.2443447328703846
1226,BMO,GRU,2022-01-01,2024-01-01,27,0.0921547081183001,0.0842078099960924,0.0762305256647088,0.0787218092409128,0.2476261309563697
1227,BMO,GRU,2022-01-01,2024-01-01,28,0.0926321447634398,0.0702166709805091,0.0600494162575995,0.0902594561678454,0.2394560496419829
1228,BMO,GRU,2022-01-01,2024-01-01,29,0.0822399215983477,0.0790181136638248,0.0847978522475646,0.0906864847879799,0.2494972061386825
1229,BMO,GRU,2022-01-01,2024-01-01,30,0.0556885526554526,0.094831387073475,0.065560675640739,0.0719260040395275,0.2471545945005488
1230,BMO,GRU,2022-01-01,2024-01-01,31,0.0698923319638913,0.0786692228297848,0.0576402202680973,0.0678397385092091,0.2503873440896453
1231,BMO,GRU,2022-01-01,2024-01-01,32,0.0785372727494794,0.0881679493883286,0.0772815680955413,0.0803394403408006,0.2556978278660587
1232,BMO,GRU,2022-01-01,2024-01-01,33,0.0864439593154988,0.0901867847953992,0.0941571953064331,0.1001149025166174,0.2468531200162968
1233,BMO,GRU,2022-01-01,2024-01-01,34,0.1219985173241771,0.1393016456576055,0.112576770735106,0.1612457450493317,0.2500265783150506
1234,BMO,GRU,2022-01-01,2024-01-01,35,0.0770786851660015,0.1083134496294203,0.0726609029714401,0.0688593524799143,0.2419726256918925
1235,BMO,GRU,2022-01-01,2024-01-01,36,0.0972584484082845,0.0932866318243661,0.0963416609477348,0.1236648835365096,0.2508681819565971
1236,BMO,GRU,2022-01-01,2024-01-01,37,0.1766546760130808,0.1770446023919475,0.2197980614807112,0.1138599588113688,0.2513812595414225
1237,BMO,GRU,2022-01-01,2024-01-01,38,0.0613369508828332,0.0861389717139145,0.0851905264213998,0.1010434148850937,0.244860666350709
1238,BMO,GRU,2022-01-01,2024-01-01,39,0.1444294887790267,0.0717391721921535,0.0704489052929129,0.0835602038313835,0.2528779614289326
1239,BMO,GRU,2022-01-01,2024-01-01,40,0.0987366785726781,0.0669744687611347,0.1062687491045651,0.1240580014449455,0.2387799871354691
1240,BMO,GRU,2022-01-01,2024-01-01,41,0.1458008875026958,0.1165902075169283,0.0605675397349206,0.0770702274021184,0.2500065775768453
1241,BMO,GRU,2022-01-01,2024-01-01,42,0.0805330407626787,0.0854201195683238,0.0721815707922638,0.1009907005704686,0.2419766428835017
1242,BMO,GRU,2022-01-01,2024-01-01,43,0.054287609766344,0.0737504271242886,0.0725805073377593,0.078875330599889,0.2441468625869647
1243,BMO,GRU,2022-01-01,2024-01-01,44,0.0705643945474648,0.107499682775049,0.1190845385287827,0.1231955727318418,0.2408243739106875
1244,BMO,GRU,2022-01-01,2024-01-01,45,0.1187152207462775,0.0924976706827221,0.0964260274255969,0.0771332365267796,0.2472537257771488
1245,BMO,GRU,2022-01-01,2024-01-01,46,0.0901949276488038,0.0776065069834166,0.0679382974609232,0.0802659776557888,0.2463071499783582
1246,BMO,GRU,2022-01-01,2024-01-01,47,0.0850040902804348,0.0760492386366283,0.0648886879236658,0.0772144261714125,0.2418511645426894
1247,BMO,GRU,2022-01-01,2024-01-01,48,0.080283115441187,0.1123199442187704,0.1103947706634289,0.1225624990718088,0.2430095783957457
1248,BMO,GRU,2022-01-01,2024-01-01,49,0.1183210687239264,0.0986226389667958,0.112311866117529,0.0841894426699109,0.2489667652886835
1249,BMO,GRU,2022-01-01,2024-01-01,50,0.092268475414625,0.0873368841767135,0.0650061975221411,0.077759576826249,0.2435083526198818
1250,BMO,GRU,2022-09-01,2024-09-01,1,0.1294784734743853,0.1288673091428886,0.1581996837813138,0.1956970298434649,0.2504209587946521
1251,BMO,GRU,2022-09-01,2024-09-01,2,0.1506671622246009,0.1478194091298389,0.1589705829849691,0.1969110943116938,0.2500227290419469
1252,BMO,GRU,2022-09-01,2024-09-01,3,0.1319409800356638,0.138861361184343,0.1562241650534093,0.1842403759540118,0.249489477154948
1253,BMO,GRU,2022-09-01,2024-09-01,4,0.1429858215901545,0.1463155022333569,0.1564970730828563,0.1928352463224181,0.2500562104508751
1254,BMO,GRU,2022-09-01,2024-09-01,5,0.14879964099498,0.1705978141868848,0.164071627580803,0.2047144552005569,0.246846871267787
1255,BMO,GRU,2022-09-01,2024-09-01,6,0.1479143815247288,0.1564173209301783,0.1808375269694101,0.1997470501412751,0.2402768364661271
1256,BMO,GRU,2022-09-01,2024-09-01,7,0.1492603639826144,0.1583908286071329,0.1503871019782671,0.1947843276700714,0.2544171449467932
1257,BMO,GRU,2022-09-01,2024-09-01,8,0.1383131355571189,0.142696422255998,0.1533373508277516,0.176433078796501,0.2582925055007795
1258,BMO,GRU,2022-09-01,2024-09-01,9,0.1396547922895578,0.1595342858575809,0.17527695456289,0.1879194626036163,0.2506408488542943
1259,BMO,GRU,2022-09-01,2024-09-01,10,0.1739611528654038,0.1697842196151221,0.1528885718485502,0.1934866889896155,0.2420655533919339
1260,BMO,GRU,2022-09-01,2024-09-01,11,0.2208925348746587,0.1910036682694184,0.1563977999403425,0.1994515204768588,0.2365394884374094
1261,BMO,GRU,2022-09-01,2024-09-01,12,0.1457913769456246,0.1525047785326509,0.1540804880304707,0.1933740201109542,0.2347604432191233
1262,BMO,GRU,2022-09-01,2024-09-01,13,0.1434587364026585,0.1562245221458525,0.1604061930256168,0.2083262398553107,0.2530483253566164
1263,BMO,GRU,2022-09-01,2024-09-01,14,0.1944236816136323,0.1493590572558169,0.1483601137436979,0.1724222608156221,0.2308670339808741
1264,BMO,GRU,2022-09-01,2024-09-01,15,0.1594599262115682,0.1626698555968954,0.1815749479218341,0.1806424218201154,0.2388530645097739
1265,BMO,GRU,2022-09-01,2024-09-01,16,0.181976726512636,0.2295680088968641,0.1840364034174105,0.2882191824855951,0.2492797289996557
1266,BMO,GRU,2022-09-01,2024-09-01,17,0.1408506054325337,0.1511089085346845,0.1787271382201845,0.20661273623789,0.2386806043761973
1267,BMO,GRU,2022-09-01,2024-09-01,18,0.1512395734705248,0.1521348390087412,0.1621028384079443,0.1826696610328215,0.247537256630784
1268,BMO,GRU,2022-09-01,2024-09-01,19,0.143963676468191,0.1425218347010882,0.1614581717854041,0.2242218398743063,0.2454841922215286
1269,BMO,GRU,2022-09-01,2024-09-01,20,0.1564722717052407,0.148585865016524,0.1545943363499604,0.1946607965651225,0.2457415966017321
1270,BMO,GRU,2022-09-01,2024-09-01,21,0.1831462562814903,0.1864114741411695,0.1562329707618186,0.2520200772055583,0.2429434956532391
1271,BMO,GRU,2022-09-01,2024-09-01,22,0.1436571835496315,0.1467143833642264,0.1723866810394969,0.2011038938634017,0.2379433543323929
1272,BMO,GRU,2022-09-01,2024-09-01,23,0.2019726496192191,0.1973028356985275,0.203881465069173,0.2027088939426639,0.252052927881076
1273,BMO,GRU,2022-09-01,2024-09-01,24,0.1519974151889161,0.1833926552490393,0.1615811807682876,0.1814981903327732,0.2419740042335738
1274,BMO,GRU,2022-09-01,2024-09-01,25,0.2170596439582345,0.1822418667658667,0.1601970277679609,0.2194220833228113,0.2510697993738301
1275,BMO,GRU,2022-09-01,2024-09-01,26,0.1637896181836922,0.1498334419061451,0.2101880881560809,0.2168131787890578,0.2530879866599224
1276,BMO,GRU,2022-09-01,2024-09-01,27,0.1783301483297112,0.1756739903600652,0.2094088633684894,0.2522894230044961,0.2428286050522892
1277,BMO,GRU,2022-09-01,2024-09-01,28,0.1347810515924329,0.1388837144098579,0.154175734158201,0.1814739953961549,0.2416576792343106
1278,BMO,GRU,2022-09-01,2024-09-01,29,0.2042831520770852,0.2018571482637423,0.1698882401627643,0.2700465898029381,0.2394315455836048
1279,BMO,GRU,2022-09-01,2024-09-01,30,0.1484206919725074,0.1860072831638689,0.1625550043506655,0.2146990845494242,0.2542363694798215
1280,BMO,GRU,2022-09-01,2024-09-01,31,0.1426899425837353,0.1781433152247174,0.168054195479524,0.221216328339682,0.2483250458748966
1281,BMO,GRU,2022-09-01,2024-09-01,32,0.1465157395825666,0.1367185456679171,0.1534946974020739,0.1767133513500388,0.242018219979026
1282,BMO,GRU,2022-09-01,2024-09-01,33,0.132388197422667,0.144215061414192,0.1419617177850408,0.1893635978567124,0.2522156092960321
1283,BMO,GRU,2022-09-01,2024-09-01,34,0.2413372445500695,0.1976619088330481,0.2097440944750669,0.2443129459716349,0.238893599778058
1284,BMO,GRU,2022-09-01,2024-09-01,35,0.1679309788150212,0.1502435957413904,0.1629293743822875,0.1834358967085333,0.2319534063238344
1285,BMO,GRU,2022-09-01,2024-09-01,36,0.1602059495818391,0.1622091614662942,0.1688083343519004,0.2016235580297795,0.2416969898174478
1286,BMO,GRU,2022-09-01,2024-09-01,37,0.1365263979894994,0.1461143359509507,0.1679458938254563,0.2118390283465012,0.254512815296805
1287,BMO,GRU,2022-09-01,2024-09-01,38,0.15501311707911,0.1614507836700257,0.1712656985758916,0.1995002032091632,0.2491585950081531
1288,BMO,GRU,2022-09-01,2024-09-01,39,0.1980443278766393,0.2337089703763565,0.1698121871006339,0.2373952606192743,0.2429903826892971
1289,BMO,GRU,2022-09-01,2024-09-01,40,0.1515101775137944,0.1690140443778502,0.1715202834985613,0.2097382970067921,0.2424290600162369
1290,BMO,GRU,2022-09-01,2024-09-01,41,0.1419814739428807,0.1507411609732548,0.1472749761120478,0.1844343060713474,0.2398914956221293
1291,BMO,GRU,2022-09-01,2024-09-01,42,0.1502914384562318,0.1336512617674365,0.167569102046472,0.192432592541299,0.2391376667173667
1292,BMO,GRU,2022-09-01,2024-09-01,43,0.2197307336352622,0.2418384213507328,0.1994070999764907,0.252835428761589,0.2582242618507143
1293,BMO,GRU,2022-09-01,2024-09-01,44,0.2114159968165744,0.1677097892621634,0.1712567432668797,0.2769589227656442,0.2367808433121579
1294,BMO,GRU,2022-09-01,2024-09-01,45,0.1430585009754591,0.1494769036868422,0.1702681579183234,0.1889981885224734,0.2453313019171366
1295,BMO,GRU,2022-09-01,2024-09-01,46,0.1531630205025189,0.1596012843594357,0.1516376582920845,0.2085976981281247,0.2465300191929367
1296,BMO,GRU,2022-09-01,2024-09-01,47,0.1382607026482518,0.1578183322935304,0.1489578588411998,0.1934591184384902,0.2565864392598206
1297,BMO,GRU,2022-09-01,2024-09-01,48,0.1347379547050517,0.1704990281800874,0.245952279017661,0.293531975772356,0.2484821767454142
1298,BMO,GRU,2022-09-01,2024-09-01,49,0.1402138986233425,0.1511897646215594,0.160987170168044,0.1839600309806125,0.2456169444027953
1299,BMO,GRU,2022-09-01,2024-09-01,50,0.1740857896122374,0.1494968451184527,0.1491586341238945,0.2006366594967643,0.2445453659981861
1300,BMO,GRU,2023-05-01,2025-05-01,1,0.2441705202102272,0.164227653683479,0.2647873843056933,0.2412766735364529,0.2558816600328173
1301,BMO,GRU,2023-05-01,2025-05-01,2,0.1374090166787042,0.1978267946736831,0.1696425282281183,0.1906536816698878,0.2524196240319741
1302,BMO,GRU,2023-05-01,2025-05-01,3,0.195220291037386,0.2461858227095801,0.1618290861779404,0.1974234518023634,0.2570324364929925
1303,BMO,GRU,2023-05-01,2025-05-01,4,0.1475878373757761,0.1864502355286038,0.1616128596037478,0.185168184213055,0.2539880083867974
1304,BMO,GRU,2023-05-01,2025-05-01,5,0.2674576226268744,0.195868308661324,0.2058173198057662,0.2531619666418573,0.2540947402811598
1305,BMO,GRU,2023-05-01,2025-05-01,6,0.2019911946590914,0.2158046990861547,0.1636582772387997,0.1956330486229389,0.2546358135253423
1306,BMO,GRU,2023-05-01,2025-05-01,7,0.1407241333812959,0.1681053264998825,0.1621919022383331,0.1809492339743492,0.2546149569341089
1307,BMO,GRU,2023-05-01,2025-05-01,8,0.1515408419315841,0.2091693812862153,0.1564198626805432,0.1911208670883638,0.2514766565864061
1308,BMO,GRU,2023-05-01,2025-05-01,9,0.1541139135565212,0.219690635027158,0.1678844233320995,0.2058455321946451,0.2480734059348484
1309,BMO,GRU,2023-05-01,2025-05-01,10,0.1558220772437071,0.1912019914012462,0.1893169820555239,0.1935685819957071,0.2513021409520272
1310,BMO,GRU,2023-05-01,2025-05-01,11,0.3216203841317899,0.3418518254511772,0.1840905068312016,0.2600473788593826,0.2533250851151924
1311,BMO,GRU,2023-05-01,2025-05-01,12,0.1493088776200627,0.2345630444235313,0.1672846722927222,0.1890103933410888,0.2545836713287946
1312,BMO,GRU,2023-05-01,2025-05-01,13,0.2113248660861011,0.2715073660626632,0.2547926336116115,0.2418469246538112,0.2465135496770059
1313,BMO,GRU,2023-05-01,2025-05-01,14,0.1922779527368577,0.1935096563335185,0.2095920978193127,0.200745877509036,0.2514170588794926
1314,BMO,GRU,2023-05-01,2025-05-01,15,0.1708913725017324,0.2655146079211139,0.1689921456517516,0.2032262782533384,0.2567531830720551
1315,BMO,GRU,2023-05-01,2025-05-01,16,0.1463480070104652,0.2060025309816969,0.1528552361470237,0.1986681450753134,0.2535153482709074
1316,BMO,GRU,2023-05-01,2025-05-01,17,0.158069218258237,0.1921985165286361,0.1608490975184172,0.1926788704080049,0.2506845220811301
1317,BMO,GRU,2023-05-01,2025-05-01,18,0.1675206232148327,0.2884591252244947,0.2288196767103371,0.2885761099294533,0.2539394558310888
1318,BMO,GRU,2023-05-01,2025-05-01,19,0.1741277538909922,0.1987691525603895,0.1744268768420227,0.2078080043303578,0.2546036925338634
1319,BMO,GRU,2023-05-01,2025-05-01,20,0.2075591840660471,0.2596554998221978,0.1566796287230334,0.2148911693263104,0.261219254630158
1320,BMO,GRU,2023-05-01,2025-05-01,21,0.1643213225027211,0.2097166185835936,0.1679427626360871,0.2106168478367031,0.2520577272697046
1321,BMO,GRU,2023-05-01,2025-05-01,22,0.144773143681303,0.1714621211071709,0.1631498831578149,0.1812462593070335,0.2526521314011475
1322,BMO,GRU,2023-05-01,2025-05-01,23,0.1595949585612298,0.2132937985406203,0.1648316989406394,0.2272149273114889,0.262062165992394
1323,BMO,GRU,2023-05-01,2025-05-01,24,0.1798121504390325,0.1880748883982728,0.1823309165596465,0.2629691267640672,0.2580532386020285
1324,BMO,GRU,2023-05-01,2025-05-01,25,0.3109363809909838,0.194593385957092,0.2213640763398233,0.2140694141947014,0.2587694947578238
1325,BMO,GRU,2023-05-01,2025-05-01,26,0.140902918317977,0.1977160465854468,0.1790595831633595,0.1930768459407274,0.2525157148572677
1326,BMO,GRU,2023-05-01,2025-05-01,27,0.1803164176271154,0.2486290685446082,0.1735060555133522,0.2378343573999119,0.2537396804644508
1327,BMO,GRU,2023-05-01,2025-05-01,28,0.154635615027544,0.2879279207340319,0.1977876116652699,0.2631575037418921,0.2677077251919143
1328,BMO,GRU,2023-05-01,2025-05-01,29,0.1596902209581175,0.230364855858439,0.1920176000332437,0.1854816924701638,0.2509241778718056
1329,BMO,GRU,2023-05-01,2025-05-01,30,0.2027933680570348,0.2152654396830971,0.1929333506236204,0.2104712198344488,0.2576084024691874
1330,BMO,GRU,2023-05-01,2025-05-01,31,0.1586109713018635,0.1968402598104163,0.1641125335450093,0.2146025772393391,0.2622100764826967
1331,BMO,GRU,2023-05-01,2025-05-01,32,0.1560261846713724,0.2099009572005599,0.1858355468636534,0.2267033001215732,0.2512095287662837
1332,BMO,GRU,2023-05-01,2025-05-01,33,0.1636128969427832,0.2546860052014843,0.230353892157888,0.2430489273440065,0.2518907559184337
1333,BMO,GRU,2023-05-01,2025-05-01,34,0.1702898691459166,0.2055179822617809,0.1764019119980079,0.1887150339863037,0.2576779108425884
1334,BMO,GRU,2023-05-01,2025-05-01,35,0.1858727522962281,0.1670555738799543,0.2458959700229116,0.2151092837130144,0.2539939720939631
1335,BMO,GRU,2023-05-01,2025-05-01,36,0.1577407486775389,0.1766761068605754,0.1616017412784922,0.1865518118172909,0.2519124448267602
1336,BMO,GRU,2023-05-01,2025-05-01,37,0.144480709047741,0.341038016458862,0.1764476523314597,0.2158368316596262,0.2510760615971691
1337,BMO,GRU,2023-05-01,2025-05-01,38,0.1758826880180958,0.1916347777574139,0.1813504816982132,0.2072570991312967,0.2511584236752918
1338,BMO,GRU,2023-05-01,2025-05-01,39,0.1430261701539292,0.2009623899800892,0.1710647606316764,0.2073697406621189,0.2533263498679998
1339,BMO,GRU,2023-05-01,2025-05-01,40,0.1540597680183769,0.2485007395912963,0.1864858223713533,0.2948376903493681,0.2561385359197966
1340,BMO,GRU,2023-05-01,2025-05-01,41,0.1432848791915391,0.1921618458811238,0.1506452587907616,0.1877497048649413,0.2537365481483886
1341,BMO,GRU,2023-05-01,2025-05-01,42,0.1493558776643021,0.187678516675624,0.1802723675233414,0.1983268900097156,0.2514220615479724
1342,BMO,GRU,2023-05-01,2025-05-01,43,0.1633117749033246,0.1901578641876027,0.2031963524499788,0.2054514607365037,0.2481303691894509
1343,BMO,GRU,2023-05-01,2025-05-01,44,0.2658484446430393,0.2156817141033857,0.1794374168021702,0.2664454487952287,0.2554157439548436
1344,BMO,GRU,2023-05-01,2025-05-01,45,0.1517264077763145,0.1942807037974662,0.1806338671530415,0.1948924636925326,0.2556136399931235
1345,BMO,GRU,2023-05-01,2025-05-01,46,0.1598741364343337,0.208891922219101,0.1621145635804814,0.2834955038823518,0.2463507798897092
1346,BMO,GRU,2023-05-01,2025-05-01,47,0.1308565497462157,0.1702366483385066,0.1501981656964338,0.1758775305687179,0.2569592922170715
1347,BMO,GRU,2023-05-01,2025-05-01,48,0.2119154259554765,0.3203105384413615,0.15387467936153,0.2034198501412718,0.2512506713731276
1348,BMO,GRU,2023-05-01,2025-05-01,49,0.1682716205535268,0.2055905460266295,0.1705131287899836,0.2275298266542488,0.2524798540012165
1349,BMO,GRU,2023-05-01,2025-05-01,50,0.2268850707255167,0.2581077780603368,0.1747309600799304,0.191383640544321,0.2557078182289704
1350,BMO,GRU,2024-01-01,2026-01-01,1,0.4430974218052879,0.5352419625799797,1.0500623558310505,0.2600485915921809,0.2270809693279002
1351,BMO,GRU,2024-01-01,2026-01-01,2,0.3660063493233646,0.3474283585917275,0.1961448437783405,0.2847989830141618,0.2202217822699368
1352,BMO,GRU,2024-01-01,2026-01-01,3,0.139150208466536,0.1669363549439743,0.184738415354863,0.2051086496168683,0.2199528441467079
1353,BMO,GRU,2024-01-01,2026-01-01,4,0.2047193158596717,0.1561365186440143,0.1923508311694568,0.1585376017661209,0.2251825589712881
1354,BMO,GRU,2024-01-01,2026-01-01,5,0.3071529441086134,0.2932259935115143,0.4281753864541335,0.5044442937066719,0.228312491080212
1355,BMO,GRU,2024-01-01,2026-01-01,6,0.462203920781564,0.3101030946864022,0.1886723693903017,0.2764214832667491,0.284927426081464
1356,BMO,GRU,2024-01-01,2026-01-01,7,0.3087450367827527,0.326229200071497,0.1822452165851872,0.2087022006667896,0.2237739800757286
1357,BMO,GRU,2024-01-01,2026-01-01,8,0.1432737013786911,0.3191618932205936,0.2975544635195853,0.2100160090622642,0.3105785005846742
1358,BMO,GRU,2024-01-01,2026-01-01,9,0.4176059504946549,0.4732987151406282,0.273054163738272,0.4085159568661492,0.2257834443039468
1359,BMO,GRU,2024-01-01,2026-01-01,10,0.2000601767382858,0.173068452150073,0.170452531662229,0.1740768926359872,0.2391404009895811
1360,BMO,GRU,2024-01-01,2026-01-01,11,0.1587640537755474,0.1757656770398784,0.1705266461073225,0.1942817110055628,0.2241832452122484
1361,BMO,GRU,2024-01-01,2026-01-01,12,0.1453753556428854,0.1685467197048822,0.1661340055555039,0.1843121223691309,0.2290273747800549
1362,BMO,GRU,2024-01-01,2026-01-01,13,0.5509566991967544,0.5840147635976881,0.5903195722774922,0.4278587680635841,0.2268398227028668
1363,BMO,GRU,2024-01-01,2026-01-01,14,0.2765403831161941,0.3228861423928324,0.1798221174175876,0.6403201517453312,0.2629352752530768
1364,BMO,GRU,2024-01-01,2026-01-01,15,0.2863401253760745,0.2468759887078588,0.1350025552213302,0.2571710239108624,0.2198096638273888
1365,BMO,GRU,2024-01-01,2026-01-01,16,0.738093229578863,0.6982238380621384,0.2417157794320326,0.5457600356357668,0.2601094830417603
1366,BMO,GRU,2024-01-01,2026-01-01,17,0.1569579513105019,0.1715921500213243,0.1611503853267581,0.1487991668099901,0.2226644013186003
1367,BMO,GRU,2024-01-01,2026-01-01,18,0.147287185033702,0.1622150216766843,0.1924728676948807,0.1781814086134936,0.2719082864973714
1368,BMO,GRU,2024-01-01,2026-01-01,19,0.1518715597224265,0.1384725447300124,0.1296302557793011,0.1559519378816991,0.2164566828465685
1369,BMO,GRU,2024-01-01,2026-01-01,20,0.1978309739106118,0.2556243810069311,0.2198664339301871,0.2587818227946566,0.2263263105494335
1370,BMO,GRU,2024-01-01,2026-01-01,21,0.3938540695614377,0.2836762975845767,0.3159949468379092,0.1590680998337874,0.2374279237114678
1371,BMO,GRU,2024-01-01,2026-01-01,22,0.1924545750994354,0.2093815248880314,0.2048546447205227,0.2498848332694606,0.2300557197458046
1372,BMO,GRU,2024-01-01,2026-01-01,23,0.2805347650255637,0.2837072766489261,0.2286887510417807,0.2013151348646947,0.2321764541342251
1373,BMO,GRU,2024-01-01,2026-01-01,24,0.2622048387235949,0.2526803321536254,0.2112171249384222,0.2544886513557754,0.2390887027666191
1374,BMO,GRU,2024-01-01,2026-01-01,25,0.4921760900367418,0.2768313666888202,0.2770954818845346,0.2975634352382946,0.2217145870764978
1375,BMO,GRU,2024-01-01,2026-01-01,26,0.3444882604793686,0.5356808710519789,0.4442948829850737,0.1922773973346937,0.227915401823753
1376,BMO,GRU,2024-01-01,2026-01-01,27,0.1860740866639159,0.1933918520108201,0.1636244687659041,0.1542942935313989,0.2212950414284127
1377,BMO,GRU,2024-01-01,2026-01-01,28,0.6651316684897974,0.3593806466575863,0.406626135890228,0.4624215872277383,0.2576988936169255
1378,BMO,GRU,2024-01-01,2026-01-01,29,0.4318321503888861,0.1983867049302565,0.1543524807101154,0.310321540460838,0.2329084484670074
1379,BMO,GRU,2024-01-01,2026-01-01,30,0.4381320211646888,0.510512185672781,0.4200783301143301,0.5060953639315369,0.2288026849408299
1380,BMO,GRU,2024-01-01,2026-01-01,31,0.1208252518201993,0.2095159498291336,0.4589569160400327,0.346827868510668,0.2192640833991177
1381,BMO,GRU,2024-01-01,2026-01-01,32,0.2744736550487014,0.2015865982784455,0.1998592177471898,0.2381563724024851,0.2226527856105677
1382,BMO,GRU,2024-01-01,2026-01-01,33,0.1827526192047733,0.2029870225198035,0.4747594478793843,0.2591514912851287,0.2245699951651192
1383,BMO,GRU,2024-01-01,2026-01-01,34,0.1578751264436446,0.1921264722897687,0.1525542078648148,0.1576985526721722,0.225360210671195
1384,BMO,GRU,2024-01-01,2026-01-01,35,0.1574771506683261,0.1300230998415724,0.1424477544784334,0.1556667760882971,0.2278285687777575
1385,BMO,GRU,2024-01-01,2026-01-01,36,0.2617761301093084,0.1622893179713434,0.1579972527194357,0.1745607928161912,0.2203152645772073
1386,BMO,GRU,2024-01-01,2026-01-01,37,0.3131789310141609,0.4585988237047232,0.2116228747616773,0.1852552122753834,0.2177762576251365
1387,BMO,GRU,2024-01-01,2026-01-01,38,0.1646255551205218,0.227552376538536,0.2067720025063786,0.2045152520788381,0.2240040657076477
1388,BMO,GRU,2024-01-01,2026-01-01,39,0.2671818593657433,0.1950600362886833,0.1644458921620546,0.2887646479798678,0.2259457595245409
1389,BMO,GRU,2024-01-01,2026-01-01,40,0.3710513445386106,0.3905523045925586,0.7499868432460544,0.2011064062772668,0.2966205997607487
1390,BMO,GRU,2024-01-01,2026-01-01,41,0.1698878333095151,0.37668104273983,0.2276907187977743,0.1581016073728135,0.232938464980914
1391,BMO,GRU,2024-01-01,2026-01-01,42,0.1828298833691221,0.1954421122588623,0.1469954717788726,0.171042598383841,0.219410561271271
1392,BMO,GRU,2024-01-01,2026-01-01,43,0.289957907719782,0.257586616645804,0.283820026892755,0.1943284175484278,0.230819419517111
1393,BMO,GRU,2024-01-01,2026-01-01,44,0.1978082726614614,0.1319160216731467,0.2130913768085667,0.2100385251254773,0.2228853075912012
1394,BMO,GRU,2024-01-01,2026-01-01,45,0.20598746147532,0.1594875987188438,0.2370559747870495,0.2366481670853596,0.2218920979944725
1395,BMO,GRU,2024-01-01,2026-01-01,46,0.2520165180787349,0.2882441740450392,0.3296643886487908,0.154591941953185,0.2242423650813406
1396,BMO,GRU,2024-01-01,2026-01-01,47,0.2139511806659286,0.2413461782416563,0.2459551468436071,0.2721784132833535,0.2293384061129689
1397,BMO,GRU,2024-01-01,2026-01-01,48,0.5526174658154327,0.2342232620285252,0.1917287810364689,0.168096990333601,0.2269476987863748
1398,BMO,GRU,2024-01-01,2026-01-01,49,0.1304823609052389,0.3686600256208052,0.1527232134203821,0.1562976245941215,0.2278483193105968
1399,BMO,GRU,2024-01-01,2026-01-01,50,0.5028419988894117,0.3729370966267489,0.1578297220300633,0.1704581786854056,0.2264587937939402
1400,V,GRU,2022-01-01,2024-01-01,1,0.4947333486612886,0.4504881776487061,0.4245877505050687,0.5926658642596734,0.1986549673793148
1401,V,GRU,2022-01-01,2024-01-01,2,0.9765449602150622,0.1527049906291983,0.1927792624208974,0.5366442088533281,0.1988439246152712
1402,V,GRU,2022-01-01,2024-01-01,3,0.7955865453709132,0.1650253256020861,1.130334322426253,0.4973474674409628,0.211458903397912
1403,V,GRU,2022-01-01,2024-01-01,4,0.3792118565148938,0.4807992794788907,0.3689464978026928,0.3215465489578363,0.1860280475857277
1404,V,GRU,2022-01-01,2024-01-01,5,0.3685855486185977,0.235773568040488,0.1656150392189956,0.1704584005275,0.1975538697471091
1405,V,GRU,2022-01-01,2024-01-01,6,0.8222563988951265,0.2278388901534796,0.2501092970405686,0.4494068064471362,0.1890768982855553
1406,V,GRU,2022-01-01,2024-01-01,7,0.5275114128019699,0.1402645320567761,0.4052361205255818,0.1652171109650319,0.1866892605951555
1407,V,GRU,2022-01-01,2024-01-01,8,0.2257092215439098,0.1353982897608057,0.1452395307246912,0.1709979380026837,0.1874803501920264
1408,V,GRU,2022-01-01,2024-01-01,9,0.1324806864134268,0.1585199501822415,0.1670907969802161,0.1526326994655223,0.2072679506310444
1409,V,GRU,2022-01-01,2024-01-01,10,0.3150296027352474,0.5073770605756922,0.6320110956497073,0.4277175280086965,0.1904516925569917
1410,V,GRU,2022-01-01,2024-01-01,11,0.3125767747300554,0.2215766248348724,0.1480865984052625,0.218649998667664,0.1878325764412244
1411,V,GRU,2022-01-01,2024-01-01,12,0.1398702204140147,0.2965344790215,0.1722958626308593,0.258986739216863,0.2067509164781228
1412,V,GRU,2022-01-01,2024-01-01,13,0.1876228306499776,0.1585048099854329,0.1562414881406348,0.1657862060560847,0.1887698580840824
1413,V,GRU,2022-01-01,2024-01-01,14,0.3847789255797171,0.144347685406781,0.719781257462004,0.2201125095595347,0.2119420510689498
1414,V,GRU,2022-01-01,2024-01-01,15,0.2232251431846859,0.3922186817763168,0.6059910934220097,0.4801729172295042,0.1983918243334012
1415,V,GRU,2022-01-01,2024-01-01,16,0.5048480023321514,0.7720812893710034,0.8431934135134721,0.6601209773841503,0.2076558274822247
1416,V,GRU,2022-01-01,2024-01-01,17,0.3400413343456014,0.3562241068922747,0.2978287053744201,0.2330451593982157,0.2020694455884019
1417,V,GRU,2022-01-01,2024-01-01,18,0.150785878261058,0.1333522960886166,0.1410000425141188,0.2228990449707774,0.1933294012444644
1418,V,GRU,2022-01-01,2024-01-01,19,0.3064405028889841,0.2591372225837935,0.3037283835552344,0.3609039597594701,0.1860391244725719
1419,V,GRU,2022-01-01,2024-01-01,20,0.2325040770562519,0.1275523295808828,0.1532507276769586,0.2031167460075861,0.1890470282982513
1420,V,GRU,2022-01-01,2024-01-01,21,0.140726493401069,0.1713058023724336,0.2294288610976151,0.2135081447539705,0.185500419726711
1421,V,GRU,2022-01-01,2024-01-01,22,0.4465623683767749,0.3366359833543512,0.3786229444751711,0.2795019683735585,0.1882851398418209
1422,V,GRU,2022-01-01,2024-01-01,23,0.8519507166025321,0.5129947850005081,0.2123395326241375,0.1847655541217482,0.2422462843863325
1423,V,GRU,2022-01-01,2024-01-01,24,0.5210477670328724,0.2943214026619392,0.2153891305643063,0.1481459606414184,0.197427357289206
1424,V,GRU,2022-01-01,2024-01-01,25,0.2884085708633074,0.4237431066925609,0.3234851522208856,0.4129425727468738,0.1886738345501717
1425,V,GRU,2022-01-01,2024-01-01,26,0.1704364437213735,0.2935010630764027,0.1945473872833782,0.2056227434225671,0.188097381718204
1426,V,GRU,2022-01-01,2024-01-01,27,0.3774252902768696,0.5674655691597247,1.043868806683424,0.6392888943006474,0.1961358824142773
1427,V,GRU,2022-01-01,2024-01-01,28,0.3581990604274928,0.1866587022799415,0.1742355750923919,0.1405238960540742,0.2038287385056046
1428,V,GRU,2022-01-01,2024-01-01,29,0.6562214787926275,1.0051796838486409,0.6559897126647388,1.2042259293677688,0.1946300111801948
1429,V,GRU,2022-01-01,2024-01-01,30,0.3343801077779766,0.5043356240581395,0.63098298753263,0.4695797154044388,0.1890018219496603
1430,V,GRU,2022-01-01,2024-01-01,31,0.3082238945427142,0.3541248500309317,0.2328542675988951,0.4713488640771798,0.1845384924097637
1431,V,GRU,2022-01-01,2024-01-01,32,0.6312557292653475,0.5963785782327099,0.6963139833817767,0.8440792096578226,0.2045504314724688
1432,V,GRU,2022-01-01,2024-01-01,33,0.3049079368886058,0.4067265859052604,0.379525416459597,0.3602788670488645,0.1902894254713091
1433,V,GRU,2022-01-01,2024-01-01,34,0.1281021827111,0.152980709044897,0.130983767507488,0.2190182086587367,0.2249479251419522
1434,V,GRU,2022-01-01,2024-01-01,35,0.2382869762162814,0.3830219916551393,0.1234438588949721,0.3926028144643872,0.1971595149683454
1435,V,GRU,2022-01-01,2024-01-01,36,0.2222856868909919,0.6285912480634066,0.2247460693599979,0.4436029916831562,0.2187755672614233
1436,V,GRU,2022-01-01,2024-01-01,37,0.2899406792573075,0.6260857185027734,0.5242496374523854,0.2607508045169005,0.1901201247261348
1437,V,GRU,2022-01-01,2024-01-01,38,0.1812307438907783,0.2785599610423693,0.3511302089328717,0.3137704187774439,0.2063975623882126
1438,V,GRU,2022-01-01,2024-01-01,39,0.2071056402934916,0.2758990864140845,0.3145269008152099,0.5699478414032056,0.2012337388873969
1439,V,GRU,2022-01-01,2024-01-01,40,0.2212318896342639,0.147240445941379,0.1301646303331042,0.2596855138662838,0.1819549251123588
1440,V,GRU,2022-01-01,2024-01-01,41,0.2411796512210773,0.2076352093665092,0.3361278107927818,0.2541399130779375,0.1958561423483408
1441,V,GRU,2022-01-01,2024-01-01,42,0.1935891954743192,0.1524276492010636,0.1220440521571866,0.1802554240747269,0.2282401481061766
1442,V,GRU,2022-01-01,2024-01-01,43,0.1389519347575403,0.1629989653826952,0.2668774823774367,0.2652745061269708,0.1933822225759417
1443,V,GRU,2022-01-01,2024-01-01,44,0.1107941864376775,0.1755481435567086,0.2058242809447061,0.3617548537718014,0.1876197410667748
1444,V,GRU,2022-01-01,2024-01-01,45,0.1655350353230583,0.2364323720650016,0.1849907373823587,0.3070960147833502,0.1888539541016172
1445,V,GRU,2022-01-01,2024-01-01,46,0.4847767412165218,0.2232200897242494,0.4012064580389552,0.5963537595252539,0.2958028522528207
1446,V,GRU,2022-01-01,2024-01-01,47,0.4527867972807318,0.48228496574829,0.4794869246110227,0.5284371847617123,0.1892485800216648
1447,V,GRU,2022-01-01,2024-01-01,48,0.2260932089766535,0.1757342033095942,0.3317129305358114,0.3631868603137778,0.2025563972363203
1448,V,GRU,2022-01-01,2024-01-01,49,1.2274466040749377,1.1321621170576173,0.9122400157453906,1.36345277239951,0.2133902827486438
1449,V,GRU,2022-01-01,2024-01-01,50,0.3646744262381236,0.1960400794336327,0.2857386535255479,0.2110106495037419,0.1936868599822462
1450,V,GRU,2022-09-01,2024-09-01,1,0.2077272165226932,0.1764404403982201,0.2305412208194275,0.1961281677062441,0.2023013147383265
1451,V,GRU,2022-09-01,2024-09-01,2,0.1648760201697147,0.3030297257165552,0.220616359796776,0.1882658363303005,0.2047108565911643
1452,V,GRU,2022-09-01,2024-09-01,3,0.1874824182292213,0.1948746971679878,0.2012580876058201,0.190036884144769,0.2031271346105371
1453,V,GRU,2022-09-01,2024-09-01,4,0.296614771883765,0.2504033396725247,0.2706562293484262,0.2046187311326299,0.2040121414510975
1454,V,GRU,2022-09-01,2024-09-01,5,0.2521271394947041,0.206070775428168,0.1816852099404822,0.2380780241125863,0.2062347965948104
1455,V,GRU,2022-09-01,2024-09-01,6,0.2320773453719891,0.2520129302159328,0.1926066674137058,0.2167520940522667,0.2047159019102079
1456,V,GRU,2022-09-01,2024-09-01,7,0.1999623720401388,0.1940854101007142,0.2340174415186643,0.2647915404135877,0.204600025034476
1457,V,GRU,2022-09-01,2024-09-01,8,0.1895768875335638,0.2167762026755753,0.1907370896798088,0.1998237615286368,0.2067806842729381
1458,V,GRU,2022-09-01,2024-09-01,9,0.2304784645680703,0.2234177164987169,0.2996774951033778,0.2395092139422761,0.2020755564194588
1459,V,GRU,2022-09-01,2024-09-01,10,0.2357196763237564,0.1828665435172456,0.255455642196457,0.1946624523986986,0.2026923388856277
1460,V,GRU,2022-09-01,2024-09-01,11,0.2505717238997441,0.3005016303233635,0.3094859701182726,0.349638401401857,0.2072315395161056
1461,V,GRU,2022-09-01,2024-09-01,12,0.259285300220461,0.1705443561430606,0.1939479785902206,0.1909039874645829,0.2060482290838061
1462,V,GRU,2022-09-01,2024-09-01,13,0.2048847438555153,0.2287717561822421,0.1915052005928627,0.2111533284082184,0.2092757882407402
1463,V,GRU,2022-09-01,2024-09-01,14,0.1674412624570662,0.1888636919573402,0.2782330497012313,0.2098811750304903,0.2029040395068066
1464,V,GRU,2022-09-01,2024-09-01,15,0.1864785361162947,0.1945731518633495,0.1986683097511025,0.2103748648764883,0.2049344241212878
1465,V,GRU,2022-09-01,2024-09-01,16,0.2075687387621293,0.211651569013277,0.245524864935253,0.2237393393432893,0.2088888336965057
1466,V,GRU,2022-09-01,2024-09-01,17,0.2281016454391385,0.2687381174528492,0.2546196066980229,0.2126241532792711,0.2159756717390817
1467,V,GRU,2022-09-01,2024-09-01,18,0.2252877874353457,0.1914857363387996,0.2114937787640466,0.1807521580859753,0.2120829845866482
1468,V,GRU,2022-09-01,2024-09-01,19,0.362115742207751,0.2411950954145034,0.2750308612944916,0.2933597884714732,0.2028661805307801
1469,V,GRU,2022-09-01,2024-09-01,20,0.2173799268465199,0.1962151642007216,0.1729218019967208,0.1830644015222087,0.2052622738242945
1470,V,GRU,2022-09-01,2024-09-01,21,0.3594784466435984,0.1868377950670361,0.2199350904873905,0.2399579349983792,0.202433801865627
1471,V,GRU,2022-09-01,2024-09-01,22,0.2120033196993481,0.1798076806095697,0.1835631234885505,0.1920676881369468,0.2052236960975154
1472,V,GRU,2022-09-01,2024-09-01,23,0.1719932318690483,0.1852547597219604,0.1801241863252179,0.2306762279178457,0.222650392600212
1473,V,GRU,2022-09-01,2024-09-01,24,0.2063250333425564,0.3072415083479303,0.2205234707418467,0.2016740353889815,0.2197009074636579
1474,V,GRU,2022-09-01,2024-09-01,25,0.1951515661736294,0.2444083380814089,0.4741670613543314,0.2291668313688533,0.2091402498665696
1475,V,GRU,2022-09-01,2024-09-01,26,0.183136025491346,0.197096586218788,0.2678321111854674,0.2590670909630562,0.2080930666518629
1476,V,GRU,2022-09-01,2024-09-01,27,0.1783561125248733,0.2090007738221651,0.3435810300555246,0.3414257952792033,0.2011328643642647
1477,V,GRU,2022-09-01,2024-09-01,28,0.1672549134947497,0.2552845243030532,0.1887847682697481,0.2375897802561672,0.2017897486706411
1478,V,GRU,2022-09-01,2024-09-01,29,0.2052579034162961,0.3775553452423393,0.1857316240222367,0.1922792067465719,0.2083175040486282
1479,V,GRU,2022-09-01,2024-09-01,30,0.1683659906236206,0.204133694917967,0.1765604785951017,0.1911101293194892,0.208135662791487
1480,V,GRU,2022-09-01,2024-09-01,31,0.4809522114592937,0.3601195973046652,0.3057647532038444,0.4471542484884184,0.2215266177462527
1481,V,GRU,2022-09-01,2024-09-01,32,0.1759660169163165,0.2859650945925475,0.187989046703689,0.1826800074875055,0.2028558753236065
1482,V,GRU,2022-09-01,2024-09-01,33,0.2552592560744091,0.1843118242100306,0.1934566221141788,0.1905543894322761,0.2176798650969153
1483,V,GRU,2022-09-01,2024-09-01,34,0.3315688586233159,0.2434804576447195,0.2346110022815697,0.2051802808454695,0.2064692814809942
1484,V,GRU,2022-09-01,2024-09-01,35,0.2155483591255603,0.2461228676084947,0.2867325655399778,0.1952925974938064,0.2028179432245257
1485,V,GRU,2022-09-01,2024-09-01,36,0.2060293568273546,0.2117386314338474,0.1901401223760253,0.1926739461238591,0.2061795426182001
1486,V,GRU,2022-09-01,2024-09-01,37,0.181012663576705,0.1667308188598601,0.1857692131365142,0.1846010672238034,0.2060976169161867
1487,V,GRU,2022-09-01,2024-09-01,38,0.1929661581754382,0.2117653078635105,0.2061773170268672,0.2841420366040747,0.2022456705737962
1488,V,GRU,2022-09-01,2024-09-01,39,0.200304378512543,0.2723038121838398,0.2390208452560212,0.2447856216399881,0.2051849136796121
1489,V,GRU,2022-09-01,2024-09-01,40,0.1728094962650826,0.2103055266282451,0.1891789854419671,0.3568340406525452,0.2073430857253643
1490,V,GRU,2022-09-01,2024-09-01,41,0.1902808071412951,0.2964540596371915,0.2277871432496259,0.3257887528758337,0.2153476443083632
1491,V,GRU,2022-09-01,2024-09-01,42,0.2099574097014091,0.1752829861213358,0.2286863708198996,0.2161200835212894,0.20443495496169
1492,V,GRU,2022-09-01,2024-09-01,43,0.1956024387430629,0.2594982446639953,0.202801060582726,0.1976797687613174,0.2233223608418506
1493,V,GRU,2022-09-01,2024-09-01,44,0.4198062909306598,0.237704096611091,0.228203831064023,0.2025168568729591,0.2066609289256531
1494,V,GRU,2022-09-01,2024-09-01,45,0.5122858120496576,0.2423569930252644,0.5118451188795798,0.4163634075454913,0.2152981643227711
1495,V,GRU,2022-09-01,2024-09-01,46,0.2311844219622553,0.2355682932500746,0.2184505196760491,0.2020832284454798,0.2084731377740178
1496,V,GRU,2022-09-01,2024-09-01,47,0.2321142894018501,0.1732898580052645,0.1814895312951282,0.2381000805942491,0.2036545015374883
1497,V,GRU,2022-09-01,2024-09-01,48,0.1680856746261419,0.1706708828450902,0.2145209070035972,0.3631746549998254,0.2034037098826611
1498,V,GRU,2022-09-01,2024-09-01,49,0.2127280820711947,0.2647499630891812,0.2847283540829097,0.3017497084060706,0.2062426071373017
1499,V,GRU,2022-09-01,2024-09-01,50,0.1706488998903648,0.1591029268397009,0.3160877073085101,0.2332279087599457,0.2017303036750125
1500,V,GRU,2023-05-01,2025-05-01,1,0.2232827231561129,0.4780068538454213,0.3478906863698636,0.3813528463412163,0.2427406977617155
1501,V,GRU,2023-05-01,2025-05-01,2,0.1893924495121648,0.2650356412425014,0.2728382873462993,0.2696135095562866,0.2424403964304381
1502,V,GRU,2023-05-01,2025-05-01,3,0.1660090595523302,0.3192906578126867,0.2236122805539995,0.2349534369187753,0.2343113162749108
1503,V,GRU,2023-05-01,2025-05-01,4,0.1943335189538627,0.2264717511843555,0.2135329208342868,0.224096327154754,0.2403664695498398
1504,V,GRU,2023-05-01,2025-05-01,5,0.300348000649983,0.3266969998728832,0.2282191858918336,0.2771742553775526,0.2350538457322052
1505,V,GRU,2023-05-01,2025-05-01,6,0.2935713958258422,0.4456275824197394,0.2228428267634733,0.2731632181021669,0.239581775167237
1506,V,GRU,2023-05-01,2025-05-01,7,0.1897053901956839,0.3240750192010411,0.2151574972413013,0.2507426295971663,0.2359175284228814
1507,V,GRU,2023-05-01,2025-05-01,8,0.1820540871786064,0.3378186488188412,0.1995376236657922,0.2410250294092049,0.2381024237299782
1508,V,GRU,2023-05-01,2025-05-01,9,0.1740320553210491,0.2300223028250128,0.2256260798339984,0.2271850913419425,0.2409530996297093
1509,V,GRU,2023-05-01,2025-05-01,10,0.2306302595223165,0.3665715765611045,0.2132019068898771,0.2808780229323735,0.2425734684556322
1510,V,GRU,2023-05-01,2025-05-01,11,0.2356022406271857,0.2262264129471903,0.2134616987466714,0.2434911776269742,0.2442230898350163
1511,V,GRU,2023-05-01,2025-05-01,12,0.2244760801865468,0.226430046020473,0.259825695173125,0.2321924065558666,0.2368768981773668
1512,V,GRU,2023-05-01,2025-05-01,13,0.1876535500189598,0.5089014312896561,0.2108851816254898,0.3118506255218118,0.2397235625401144
1513,V,GRU,2023-05-01,2025-05-01,14,0.1720497110515474,0.3303147125532248,0.3008745287190481,0.2328713132031518,0.2358023973583962
1514,V,GRU,2023-05-01,2025-05-01,15,0.1816275572375357,0.259325409730672,0.2170738546018848,0.2357374315632611,0.2369478813266309
1515,V,GRU,2023-05-01,2025-05-01,16,0.1652292278033264,0.2337526706976874,0.2028850785615137,0.2229439493639537,0.2354678682697391
1516,V,GRU,2023-05-01,2025-05-01,17,0.16789645383458,0.2324182434865215,0.2135168692859917,0.2283632471639202,0.2401685550579851
1517,V,GRU,2023-05-01,2025-05-01,18,0.1929828904340133,0.2888135848134324,0.23901668500634,0.3662740109141191,0.2602117695528311
1518,V,GRU,2023-05-01,2025-05-01,19,0.40042108301398,0.3234459980677931,0.3376561138040976,0.4013906863377922,0.2366308410900222
1519,V,GRU,2023-05-01,2025-05-01,20,0.1734700091111062,0.2098018403661513,0.2084399032675829,0.2305648529551754,0.2378760365745649
1520,V,GRU,2023-05-01,2025-05-01,21,0.1932104389514326,0.2337536431083275,0.2560368791925014,0.2337914119181597,0.2379384927452949
1521,V,GRU,2023-05-01,2025-05-01,22,0.2121287612913514,0.2429294828321745,0.2767633232188894,0.2483732229806196,0.2423045753875755
1522,V,GRU,2023-05-01,2025-05-01,23,0.2203448180695165,0.2095908628222606,0.3829255753001266,0.3754284281608078,0.2405966522954492
1523,V,GRU,2023-05-01,2025-05-01,24,0.2449991480704791,0.2962853495315766,0.3691329420427229,0.3290803480730389,0.2296910419513804
1524,V,GRU,2023-05-01,2025-05-01,25,0.2089103457970676,0.2871322726904618,0.327392806136861,0.2339869976694288,0.2408450957015355
1525,V,GRU,2023-05-01,2025-05-01,26,0.1890295575122641,0.2759065685693934,0.2160945957256402,0.2283861703086771,0.2520696398170337
1526,V,GRU,2023-05-01,2025-05-01,27,0.1674369485803497,0.2060637089688218,0.2132637626882573,0.2187301923374921,0.2327675654781469
1527,V,GRU,2023-05-01,2025-05-01,28,0.1810690011686813,0.2128825977449793,0.1989423631754049,0.2221243708938663,0.2350502202868826
1528,V,GRU,2023-05-01,2025-05-01,29,0.1679049231068468,0.3240230424882019,0.3892265921618205,0.345861128950046,0.245190232735958
1529,V,GRU,2023-05-01,2025-05-01,30,0.1863035086316092,0.3552530806440854,0.339829674414015,0.2768886434742332,0.2328018320077903
1530,V,GRU,2023-05-01,2025-05-01,31,0.2034651420364748,0.255591045487255,0.2948902320147245,0.2520779063820689,0.2363948469743461
1531,V,GRU,2023-05-01,2025-05-01,32,0.2498439893467869,0.2358848448194332,0.3302039556664683,0.3078997709668689,0.238375127290518
1532,V,GRU,2023-05-01,2025-05-01,33,0.1740892704546328,0.2916567952556662,0.2329499055014969,0.2333844535974638,0.2372134405099028
1533,V,GRU,2023-05-01,2025-05-01,34,0.1750425533770801,0.2897179159672945,0.2211271531934953,0.262008356421147,0.2417109621040238
1534,V,GRU,2023-05-01,2025-05-01,35,0.1994820557775832,0.2283272360336247,0.3226986202381604,0.2602865430502576,0.2392455123431443
1535,V,GRU,2023-05-01,2025-05-01,36,0.1617902651020163,0.2013128606172245,0.2051742686836905,0.2161623917228357,0.2407375168062139
1536,V,GRU,2023-05-01,2025-05-01,37,0.1771611890233529,0.3893126816081472,0.2796798291182701,0.2963684429606106,0.239817628387872
1537,V,GRU,2023-05-01,2025-05-01,38,0.1794079790311822,0.2919938416023387,0.2180691789058538,0.2190564924869362,0.2395216501388438
1538,V,GRU,2023-05-01,2025-05-01,39,0.2283918414018057,0.4434780607679871,0.2392071571005647,0.2916350433864288,0.238590453884493
1539,V,GRU,2023-05-01,2025-05-01,40,0.2004914947094637,0.3243603769067749,0.2158006887820178,0.2482905565040029,0.2426255132569085
1540,V,GRU,2023-05-01,2025-05-01,41,0.1992078625994346,0.2188664775006847,0.2147197896907622,0.2213661812776765,0.2369577416741048
1541,V,GRU,2023-05-01,2025-05-01,42,0.1975188599500192,0.2128044691309926,0.2708157443570793,0.2352157633864235,0.2388710942327765
1542,V,GRU,2023-05-01,2025-05-01,43,0.1702770039873405,0.350896574172013,0.2057094798058102,0.2432759723726963,0.24016273291419
1543,V,GRU,2023-05-01,2025-05-01,44,0.2295492296138235,0.2034455039279887,0.212548836026896,0.23248486003249,0.239957817754663
1544,V,GRU,2023-05-01,2025-05-01,45,0.2415655516995345,0.4515545228657009,0.2492571489680927,0.3183181731435073,0.2391937198435598
1545,V,GRU,2023-05-01,2025-05-01,46,0.3261099920951127,0.7079810324372685,0.4668831418731214,0.4045256618525322,0.250274420003463
1546,V,GRU,2023-05-01,2025-05-01,47,0.20165230696076,0.2582856422744851,0.240966497508278,0.2445408058565903,0.2379594523528402
1547,V,GRU,2023-05-01,2025-05-01,48,0.2150319107567505,0.261531011288336,0.2163871215330506,0.312857505045708,0.2383171986169014
1548,V,GRU,2023-05-01,2025-05-01,49,0.1839273248560086,0.2150612415557172,0.2112814007038882,0.2358239483522411,0.2364986079653327
1549,V,GRU,2023-05-01,2025-05-01,50,0.2561710991198633,0.3264136299888933,0.237811742156174,0.2315248174066253,0.2595578054575183
1550,V,GRU,2024-01-01,2026-01-01,1,0.1324752305018152,0.2077506390185201,0.1574811785657047,0.1860661880930682,0.1960637254763537
1551,V,GRU,2024-01-01,2026-01-01,2,0.1451812505331209,0.1927940373412191,0.1588768806802938,0.1868284681047448,0.1946661001939926
1552,V,GRU,2024-01-01,2026-01-01,3,0.1575796226560052,0.1785419197542866,0.1300010924703929,0.178826922474215,0.2003993969811582
1553,V,GRU,2024-01-01,2026-01-01,4,0.1550380915843728,0.1767591599652106,0.1385009584396147,0.1715227875568265,0.1977149155828191
1554,V,GRU,2024-01-01,2026-01-01,5,0.2374058871760841,0.2339624386818926,0.1804297945435877,0.1897726954653831,0.1958275983753912
1555,V,GRU,2024-01-01,2026-01-01,6,0.2534105754295038,0.2064501894719773,0.2217172116620135,0.2330772123781568,0.1964013281982292
1556,V,GRU,2024-01-01,2026-01-01,7,0.2352067050410823,0.2139080614265717,0.1661292098512531,0.2463859538347276,0.2007309003022828
1557,V,GRU,2024-01-01,2026-01-01,8,0.2852507597751491,0.1787655461287173,0.1810163944278979,0.2682688289292676,0.2015560837865467
1558,V,GRU,2024-01-01,2026-01-01,9,0.1467807881237815,0.1871595320362537,0.1886364618941607,0.2021731615919715,0.1982246449970003
1559,V,GRU,2024-01-01,2026-01-01,10,0.2262147598693756,0.2112579436410593,0.2013393745409772,0.2364050123419495,0.1957513641196472
1560,V,GRU,2024-01-01,2026-01-01,11,0.1943538956356729,0.1930993656274058,0.4501496350785768,0.349829862041169,0.2290173835488577
1561,V,GRU,2024-01-01,2026-01-01,12,0.2821893634784273,0.1976791111972104,0.159873617753194,0.2102293132631245,0.1977804423506754
1562,V,GRU,2024-01-01,2026-01-01,13,0.1517523248688444,0.2621493131134763,0.1474445645583168,0.2240095984127713,0.199175757726409
1563,V,GRU,2024-01-01,2026-01-01,14,0.1692310430460242,0.2506345079821918,0.2625557897692667,0.2218559657980774,0.1995123465533715
1564,V,GRU,2024-01-01,2026-01-01,15,0.211011755127992,0.2831098718805241,0.2019166635506586,0.2693461161452409,0.1968739994350694
1565,V,GRU,2024-01-01,2026-01-01,16,0.1694015413619984,0.1767628553116358,0.1903829441343066,0.1905372736952315,0.1980899620506934
1566,V,GRU,2024-01-01,2026-01-01,17,0.1446129411514262,0.1932266656401122,0.1580993810503718,0.2683435100057662,0.2020876959370768
1567,V,GRU,2024-01-01,2026-01-01,18,0.1460989354678633,0.1914512630557733,0.1565043814226122,0.2022368449685476,0.1968526086892811
1568,V,GRU,2024-01-01,2026-01-01,19,0.176390749452334,0.1801148912071634,0.1804415825462481,0.1820215502735678,0.1960878097616814
1569,V,GRU,2024-01-01,2026-01-01,20,0.1328914530711244,0.1815573706709576,0.1812458661197827,0.175118291537719,0.1976898387334661
1570,V,GRU,2024-01-01,2026-01-01,21,0.2250789880228905,0.2008265760242238,0.3381336093780364,0.2996988853711643,0.1976874162400813
1571,V,GRU,2024-01-01,2026-01-01,22,0.1645500100027032,0.1711812164212471,0.1511672519795302,0.1900436526839855,0.2019261465304271
1572,V,GRU,2024-01-01,2026-01-01,23,0.1447757537949366,0.2167613218979445,0.1372648119772644,0.1770910357371916,0.196264237679973
1573,V,GRU,2024-01-01,2026-01-01,24,0.2161080818320752,0.2305362389020693,0.236577821186309,0.2252860676161371,0.1977520336235081
1574,V,GRU,2024-01-01,2026-01-01,25,0.1362345945474714,0.1782379855202654,0.2723495082083567,0.196532084530302,0.1984571359617023
1575,V,GRU,2024-01-01,2026-01-01,26,0.1495926431959122,0.2183651764177394,0.2610881309109149,0.2220603360661824,0.1967282478907427
1576,V,GRU,2024-01-01,2026-01-01,27,0.2096724889780287,0.2214872041007992,0.2278112117268302,0.2504719415903481,0.1987247810707208
1577,V,GRU,2024-01-01,2026-01-01,28,0.1192077052844133,0.1765973520251329,0.1346749006105866,0.1794137871345672,0.1992207770140174
1578,V,GRU,2024-01-01,2026-01-01,29,0.1826215643904043,0.1700275624472313,0.1784724367141562,0.2315324904694288,0.2066301761131379
1579,V,GRU,2024-01-01,2026-01-01,30,0.1140764947148389,0.1624377282918293,0.1782990559697177,0.1710484641243656,0.2015677962246921
1580,V,GRU,2024-01-01,2026-01-01,31,0.1384411564372111,0.2060291471739347,0.1418072051523348,0.1804686756096834,0.2019333351187941
1581,V,GRU,2024-01-01,2026-01-01,32,0.1448718383432201,0.1909598162665438,0.167737193327394,0.1932106903832355,0.1991843285843771
1582,V,GRU,2024-01-01,2026-01-01,33,0.2244504183582995,0.3081233775982847,0.6291524157702725,0.365865222722902,0.2032085359470594
1583,V,GRU,2024-01-01,2026-01-01,34,0.1551866054924536,0.1912915600944509,0.1715631381906792,0.2819540815006796,0.1986670079975268
1584,V,GRU,2024-01-01,2026-01-01,35,0.1374996098745837,0.1938412625769897,0.140716611859204,0.1741907312722518,0.1933794245417344
1585,V,GRU,2024-01-01,2026-01-01,36,0.1617285772456534,0.1792180132271519,0.1932979499630217,0.2012379777964553,0.1992982990096394
1586,V,GRU,2024-01-01,2026-01-01,37,0.2451563322355851,0.2090776632664503,0.2591649514193,0.1714168071138036,0.2084717212520727
1587,V,GRU,2024-01-01,2026-01-01,38,0.1256199926600195,0.1837297757464497,0.1478313345855468,0.1883397846066493,0.1978703452405915
1588,V,GRU,2024-01-01,2026-01-01,39,0.2425897396899307,0.2241150339977472,0.2764605175592475,0.2095202509666724,0.1961499363151433
1589,V,GRU,2024-01-01,2026-01-01,40,0.1449700965536245,0.2333008030263318,0.1619919358770137,0.2369456615412641,0.2080947199228552
1590,V,GRU,2024-01-01,2026-01-01,41,0.150615189583441,0.2111441732734589,0.3422536756662008,0.2426141407464649,0.2012610523138928
1591,V,GRU,2024-01-01,2026-01-01,42,0.1392367232030283,0.1810103400674872,0.2286355426404011,0.1845137236759562,0.1978732360754559
1592,V,GRU,2024-01-01,2026-01-01,43,0.1592263229263717,0.17365071865265,0.2159676175862647,0.2228547429543882,0.1949633454644897
1593,V,GRU,2024-01-01,2026-01-01,44,0.1708919363725964,0.1726803413159193,0.1662919245979262,0.2239080364620793,0.2162855866143909
1594,V,GRU,2024-01-01,2026-01-01,45,0.1594229132269285,0.1848897979677673,0.1575915564192944,0.1721047090037688,0.1929081720698517
1595,V,GRU,2024-01-01,2026-01-01,46,0.150408006290052,0.1757184181463978,0.1715742566131319,0.1803220482888179,0.1986884659618264
1596,V,GRU,2024-01-01,2026-01-01,47,0.1630612662415166,0.1844275802914487,0.1552617759899781,0.1823453925301808,0.1969010005635232
1597,V,GRU,2024-01-01,2026-01-01,48,0.1410045395061349,0.3822321669520743,0.2020400516291584,0.2162424084895613,0.2047584285658424
1598,V,GRU,2024-01-01,2026-01-01,49,0.2081013656045228,0.2052289879756136,0.1676417967275603,0.2796852186004407,0.1953167411828575
1599,V,GRU,2024-01-01,2026-01-01,50,0.3219179067521406,0.2640711346929591,0.181555992465879,0.2219362693742854,0.196142596987637
1600,L_TO,GRU,2022-01-01,2024-01-01,1,0.3568025952984904,0.2791851177310436,0.2543279828678094,0.2024701602502311,0.1969692298514078
1601,L_TO,GRU,2022-01-01,2024-01-01,2,0.2333272428581885,0.219759099193032,0.1756537190902663,0.1857160174492954,0.202768245115443
1602,L_TO,GRU,2022-01-01,2024-01-01,3,0.7353702104338232,0.150803575845471,0.5511632808273026,0.2344430841666408,0.2015825824267311
1603,L_TO,GRU,2022-01-01,2024-01-01,4,0.2526712840174366,0.2580778628751005,0.3556184026334699,0.2688932105286304,0.1954049407370955
1604,L_TO,GRU,2022-01-01,2024-01-01,5,0.3210229099195972,0.1870844805415144,0.1639347087076233,0.2254985493607385,0.1991978759596533
1605,L_TO,GRU,2022-01-01,2024-01-01,6,0.2456833724619224,0.2296970044687738,0.2522461576972244,0.1772599026346479,0.1983436089133899
1606,L_TO,GRU,2022-01-01,2024-01-01,7,0.3510162633298371,0.2570853369745626,0.2353617060157093,0.2508528354427516,0.1977322285297532
1607,L_TO,GRU,2022-01-01,2024-01-01,8,0.2296753894140173,0.2362538938807204,0.2281568756870146,0.2150223439736359,0.198405283819472
1608,L_TO,GRU,2022-01-01,2024-01-01,9,0.5240348564662233,0.1645240663957942,0.1744766127871686,0.2217067597006732,0.2053238074525552
1609,L_TO,GRU,2022-01-01,2024-01-01,10,0.2613028673682395,0.2394397242836799,0.2598083478010695,0.3176886521978099,0.1937685952161056
1610,L_TO,GRU,2022-01-01,2024-01-01,11,0.2484355930892056,0.2158615397140736,0.2332581286249134,0.2064936626744212,0.2095574851575394
1611,L_TO,GRU,2022-01-01,2024-01-01,12,0.2352575182099869,0.2122121620052995,0.2216812065379526,0.2426109291428094,0.2057594992028996
1612,L_TO,GRU,2022-01-01,2024-01-01,13,0.2454480550753952,0.1983980487831098,0.1980846677978433,0.1787434360169692,0.2041106462730796
1613,L_TO,GRU,2022-01-01,2024-01-01,14,0.1664697110418354,0.2503026849687464,0.1949387036580571,0.3224094186404768,0.1979388059576807
1614,L_TO,GRU,2022-01-01,2024-01-01,15,0.5597641663413843,0.2640866890097794,0.1913512612470614,0.23531887292932,0.2158547089868991
1615,L_TO,GRU,2022-01-01,2024-01-01,16,0.2862161630767509,0.1935961725474123,0.3157262185691679,0.2592881238491206,0.200313294591672
1616,L_TO,GRU,2022-01-01,2024-01-01,17,0.2432660646057259,0.3068025068503768,0.2207422158404439,0.2681432263652288,0.1969159803842609
1617,L_TO,GRU,2022-01-01,2024-01-01,18,0.2482387482432606,0.2235180013340825,0.2286213826222544,0.2588852051166119,0.2006274863959641
1618,L_TO,GRU,2022-01-01,2024-01-01,19,0.2555266945849856,0.2510547099014613,0.2607900665049031,0.2115023963747349,0.2031629654282997
1619,L_TO,GRU,2022-01-01,2024-01-01,20,0.2653497985504167,0.2114656023211344,0.2157170518182348,0.2482185685162134,0.1975847199198553
1620,L_TO,GRU,2022-01-01,2024-01-01,21,0.3352816630299554,0.2136757568109713,0.2235528225228813,0.2187568146580802,0.2006868439866805
1621,L_TO,GRU,2022-01-01,2024-01-01,22,0.4233971538214507,0.2738936660428893,0.2030260497662263,0.2819540774068951,0.2043031442327262
1622,L_TO,GRU,2022-01-01,2024-01-01,23,0.232467231877973,0.1676924382334125,0.1794130220117841,0.2057005720210031,0.2077509298521554
1623,L_TO,GRU,2022-01-01,2024-01-01,24,0.2153909174150293,0.2195126977627303,0.2892522920170755,0.3884557223191499,0.1961236760322289
1624,L_TO,GRU,2022-01-01,2024-01-01,25,0.284195829845818,0.1624730058338494,0.2337091103508579,0.2068563788727745,0.1988411526229364
1625,L_TO,GRU,2022-01-01,2024-01-01,26,0.2222107059316417,0.2112968889533557,0.1949904104704136,0.1979992068887475,0.1944243508088274
1626,L_TO,GRU,2022-01-01,2024-01-01,27,0.2366752084840898,0.3312352577416377,0.2475501953486495,0.3037862262711603,0.2005059146309243
1627,L_TO,GRU,2022-01-01,2024-01-01,28,0.1787612749698082,0.182228346702482,0.1725154202479647,0.1861349796141879,0.1981425961838286
1628,L_TO,GRU,2022-01-01,2024-01-01,29,0.241499041547389,0.302744525549262,0.1930281932485431,0.2465173373825108,0.1984273288511193
1629,L_TO,GRU,2022-01-01,2024-01-01,30,0.2560965561826716,0.2478685194218323,0.2550741864779254,0.2490410981334501,0.2008388070291903
1630,L_TO,GRU,2022-01-01,2024-01-01,31,0.2347143605796306,0.1933556193397338,0.1886452798743064,0.1723979838563522,0.1978382247746288
1631,L_TO,GRU,2022-01-01,2024-01-01,32,0.2682084676440431,0.2047123215273685,0.5081877051398161,0.2006609822400979,0.2105252425812374
1632,L_TO,GRU,2022-01-01,2024-01-01,33,0.2693914596551807,0.1867525241507958,0.2242025422380227,0.2011113593927749,0.2123754455580375
1633,L_TO,GRU,2022-01-01,2024-01-01,34,0.3036034275641784,0.1900499331910104,0.197418599909614,0.2321682533967862,0.1967432844319937
1634,L_TO,GRU,2022-01-01,2024-01-01,35,0.286064524825395,0.1838186633143396,0.2124316847693399,0.2004965944365953,0.1976945488005731
1635,L_TO,GRU,2022-01-01,2024-01-01,36,0.284087633004458,0.3011369303799874,0.2265955525878686,0.1871659960363564,0.2028886207629855
1636,L_TO,GRU,2022-01-01,2024-01-01,37,0.2445390785212874,0.195738955738467,0.1514349985319293,0.1994765145697785,0.2057790178441987
1637,L_TO,GRU,2022-01-01,2024-01-01,38,0.2521325907792106,0.184133671048471,0.1910372711108495,0.2450469775092251,0.2065672172936054
1638,L_TO,GRU,2022-01-01,2024-01-01,39,0.3915119893485064,0.4273662804832942,0.2132900427744783,0.3096305161462177,0.1943638108277769
1639,L_TO,GRU,2022-01-01,2024-01-01,40,0.265271822833889,0.2254954741533156,0.1904976861147749,0.2519714767924371,0.1945934526417795
1640,L_TO,GRU,2022-01-01,2024-01-01,41,0.3058595286608817,0.255575952046887,0.2370990110364723,0.2787177433431387,0.2035319961787458
1641,L_TO,GRU,2022-01-01,2024-01-01,42,0.2823496381346186,0.2149692319007748,0.2593418808510586,0.2490463493474041,0.1957760358186622
1642,L_TO,GRU,2022-01-01,2024-01-01,43,0.2281145606682357,0.2500756459499861,0.1965162387350726,0.2361323148936723,0.1976542489889492
1643,L_TO,GRU,2022-01-01,2024-01-01,44,0.2313389955282292,0.1585927285162104,0.1856675512132531,0.2310635100518696,0.1960815520436139
1644,L_TO,GRU,2022-01-01,2024-01-01,45,0.270185389263569,0.2050400547065768,0.2341948976339648,0.2068861416123341,0.2010458399886199
1645,L_TO,GRU,2022-01-01,2024-01-01,46,0.2388285938323293,0.2339940893353247,0.2771356668599509,0.3418375116879497,0.1961959995709737
1646,L_TO,GRU,2022-01-01,2024-01-01,47,0.3737618453238324,0.1857898183069891,0.1987511494892283,0.1944918996388161,0.2020449935364382
1647,L_TO,GRU,2022-01-01,2024-01-01,48,0.2170632775903949,0.1595472517900279,0.196855940115405,0.1815775761574372,0.2070629329316928
1648,L_TO,GRU,2022-01-01,2024-01-01,49,0.2484248885072465,0.1907242040349474,0.2060787319546345,0.2123995791629837,0.1982177264129822
1649,L_TO,GRU,2022-01-01,2024-01-01,50,0.3228899585130946,0.1559535599099975,0.2950843013304762,0.2055428004827368,0.2003564145429337
1650,L_TO,GRU,2022-09-01,2024-09-01,1,0.6464819503724875,0.2759680236125095,0.4320187220070289,0.5531398484881564,0.2885682909206929
1651,L_TO,GRU,2022-09-01,2024-09-01,2,0.5833464670913665,0.4043146863921639,0.1979855898917897,0.2642246482072794,0.2800659918782878
1652,L_TO,GRU,2022-09-01,2024-09-01,3,0.4909260510288987,0.6393131893236682,0.3655623158809383,0.2721824716518946,0.2938421450356565
1653,L_TO,GRU,2022-09-01,2024-09-01,4,0.5288091402607119,0.2115317766546587,0.5787485333084692,0.2578439364722608,0.2886001481980686
1654,L_TO,GRU,2022-09-01,2024-09-01,5,0.5774764746832847,0.3574436908850973,0.264759630753963,0.3021224768886956,0.2932501090949091
1655,L_TO,GRU,2022-09-01,2024-09-01,6,0.8484503697454517,0.9174123667987184,0.5801142885443012,0.4500096181687321,0.2787011043623806
1656,L_TO,GRU,2022-09-01,2024-09-01,7,0.1934058759982479,0.2172531470831163,0.1949469924959088,0.1568876334976081,0.2861304710439672
1657,L_TO,GRU,2022-09-01,2024-09-01,8,0.3517671224264959,0.5166434227584792,0.3899979784894491,0.2059676000007103,0.3994860686724488
1658,L_TO,GRU,2022-09-01,2024-09-01,9,0.2358269544437296,0.2393341957451462,0.2884349605331572,0.1634077578675387,0.2788947695934182
1659,L_TO,GRU,2022-09-01,2024-09-01,10,0.6740468568383943,0.6784596584986785,0.3612049922345864,0.5048035731625865,0.2796369341468377
1660,L_TO,GRU,2022-09-01,2024-09-01,11,0.5030182409621721,0.2985255970483336,0.6356551255977168,0.4431583510100021,0.2815607305714762
1661,L_TO,GRU,2022-09-01,2024-09-01,12,0.7882895989269985,0.6492920532625007,0.1836545292196078,0.3408576155877064,0.2970960472366855
1662,L_TO,GRU,2022-09-01,2024-09-01,13,0.2247747333360288,0.2097370254685202,0.4240173707774211,0.4189256240824018,0.3189090832915331
1663,L_TO,GRU,2022-09-01,2024-09-01,14,0.9155695080022082,0.2564486899194444,0.5525126620194349,0.1892437571544057,0.36203526487448
1664,L_TO,GRU,2022-09-01,2024-09-01,15,0.2716855804071039,0.363996359268569,0.209768952706304,0.1878036205889969,0.286959460880256
1665,L_TO,GRU,2022-09-01,2024-09-01,16,0.2351442984533366,0.1936386067671244,0.1977151487496495,0.2538367563730545,0.2916647275870833
1666,L_TO,GRU,2022-09-01,2024-09-01,17,0.2127335214371983,0.1756628821264847,0.2489314330831854,0.2929576450389941,0.277217874570987
1667,L_TO,GRU,2022-09-01,2024-09-01,18,0.5297470688666084,0.666230885396161,0.3538812305895168,0.4238329867556441,0.2791843692292477
1668,L_TO,GRU,2022-09-01,2024-09-01,19,0.2130808502129282,0.2429394307291388,0.2971747806622213,0.1968562977204195,0.2857928567852195
1669,L_TO,GRU,2022-09-01,2024-09-01,20,0.251866898591124,0.1798191013309238,0.1962581063377001,0.1530852258276934,0.2795451484260606
1670,L_TO,GRU,2022-09-01,2024-09-01,21,0.526178416149636,0.4132342115941214,0.3948398113915323,0.2117018076683143,0.2852183736774618
1671,L_TO,GRU,2022-09-01,2024-09-01,22,0.3779184580383763,0.5655584942901567,0.501239692917985,0.4208124644829255,0.279242626627375
1672,L_TO,GRU,2022-09-01,2024-09-01,23,2.9684126668700235,0.8224614647252981,1.3680020862643656,0.2931630864471334,0.2661756597279227
1673,L_TO,GRU,2022-09-01,2024-09-01,24,0.618146154122837,0.3491774098079354,0.2759302113652218,0.45479291795534,0.3432204820853716
1674,L_TO,GRU,2022-09-01,2024-09-01,25,1.595290454733702,0.5163807316378053,0.2524853726195356,0.7050526737402895,0.3063395219863083
1675,L_TO,GRU,2022-09-01,2024-09-01,26,0.959129474725717,0.4245375521631318,0.927648367640672,0.3505447285466876,0.2792962968439421
1676,L_TO,GRU,2022-09-01,2024-09-01,27,0.2718080815027282,0.3292831429373007,0.3531574073560672,0.2796064325681168,0.2921920667869289
1677,L_TO,GRU,2022-09-01,2024-09-01,28,0.9874862225637868,0.825359128730315,0.4829875240379869,0.4784517060716649,0.275072721309874
1678,L_TO,GRU,2022-09-01,2024-09-01,29,0.9578253590381782,0.2327497231510983,0.2156985132657426,0.7103231615111147,0.2955354460233239
1679,L_TO,GRU,2022-09-01,2024-09-01,30,1.0377423367607264,0.6927658548307448,0.9507998679019058,0.8352750229864665,0.3130955730234119
1680,L_TO,GRU,2022-09-01,2024-09-01,31,0.2273779966930429,0.2215208683807766,0.368673746501238,0.3102170802951015,0.3166588129926989
1681,L_TO,GRU,2022-09-01,2024-09-01,32,0.3975454842437511,0.3003671690373509,0.5588242533266126,0.2725570050394855,0.2860955681748454
1682,L_TO,GRU,2022-09-01,2024-09-01,33,0.4571913772122742,0.1966347028421691,0.1833756095864402,0.2714288091645986,0.282371740877499
1683,L_TO,GRU,2022-09-01,2024-09-01,34,0.3987817963501835,0.1769368508087722,0.2116073756857593,0.1649832161817236,0.2809974264653514
1684,L_TO,GRU,2022-09-01,2024-09-01,35,0.3118567624966779,0.1896314881307413,0.3070752330501242,0.1637311241302247,0.2950599189755265
1685,L_TO,GRU,2022-09-01,2024-09-01,36,0.2321091019566692,0.209829911182354,0.2396282217408112,0.2000783017872237,0.2821364147863943
1686,L_TO,GRU,2022-09-01,2024-09-01,37,1.0362058012934876,1.5968166297852575,2.168670414563957,1.8409015841047356,0.3406781414975881
1687,L_TO,GRU,2022-09-01,2024-09-01,38,0.5614382298310056,0.5533164713610432,0.5478036784043852,0.3472922608442353,0.3150165789093793
1688,L_TO,GRU,2022-09-01,2024-09-01,39,0.3414111161756065,0.2559054467909068,0.3473528252323221,0.2329259554740731,0.2839493123693518
1689,L_TO,GRU,2022-09-01,2024-09-01,40,0.509341902495552,1.5568469535673088,0.934055587780896,0.7986316375659215,0.4410658517444787
1690,L_TO,GRU,2022-09-01,2024-09-01,41,0.6670635083541069,0.1589117988368517,0.3511753972943905,0.381373955567921,0.2811423508126557
1691,L_TO,GRU,2022-09-01,2024-09-01,42,0.257082159929337,0.1851480566041122,0.316533084892927,0.1990754273913703,0.2932649879711261
1692,L_TO,GRU,2022-09-01,2024-09-01,43,0.6586641339415411,0.989560628727834,0.4499675131838478,0.7736794570991896,0.2749811957306025
1693,L_TO,GRU,2022-09-01,2024-09-01,44,0.2057077305253238,0.4325835493645254,0.439935138397367,0.1841654544299968,0.2970643501446062
1694,L_TO,GRU,2022-09-01,2024-09-01,45,0.3158598818002457,0.3450896447842724,0.2400493650351713,0.2152842413096844,0.2771162141460145
1695,L_TO,GRU,2022-09-01,2024-09-01,46,0.5870275448481785,0.6159708418781098,0.7102023248475009,0.9748772796180426,0.3337855898741498
1696,L_TO,GRU,2022-09-01,2024-09-01,47,0.2364067034765341,0.3175337521549157,0.2771247926270997,0.2013691046996573,0.2951345935950545
1697,L_TO,GRU,2022-09-01,2024-09-01,48,0.4304296787710193,0.1898934632600973,0.3775595658216727,0.4825366143019092,0.3129451979012527
1698,L_TO,GRU,2022-09-01,2024-09-01,49,0.3413491045048661,0.3725661441536923,0.703157234371236,0.464635621865837,0.2827718464980717
1699,L_TO,GRU,2022-09-01,2024-09-01,50,0.4282953108583718,0.2711764139174326,0.9447758119986324,0.6858109861882893,0.3336610415820353
1700,L_TO,GRU,2023-05-01,2025-05-01,1,0.1359884909462267,0.0945924918986241,0.0994917175889186,0.1539309184918566,0.2207236485688138
1701,L_TO,GRU,2023-05-01,2025-05-01,2,0.1198780599647237,0.1779397956516755,0.1565145860633515,0.1408619281272903,0.2250255227012929
1702,L_TO,GRU,2023-05-01,2025-05-01,3,0.1803749534070773,0.177929712822567,0.1437358309393024,0.1613912599683314,0.2153296225213666
1703,L_TO,GRU,2023-05-01,2025-05-01,4,0.1029858277334702,0.1191091250154567,0.1201351872377078,0.1341992024789977,0.2178882993197254
1704,L_TO,GRU,2023-05-01,2025-05-01,5,0.1471372974359048,0.2005304644549351,0.1929291646262201,0.2396031818467628,0.2299596794666144
1705,L_TO,GRU,2023-05-01,2025-05-01,6,0.1404292710512379,0.1780734345746418,0.2324691907848258,0.1637361750164385,0.224579436606797
1706,L_TO,GRU,2023-05-01,2025-05-01,7,0.2884726610708834,0.2620594546638188,0.1735955289430875,0.1530037915922671,0.2135170060260571
1707,L_TO,GRU,2023-05-01,2025-05-01,8,0.1797742567053041,0.1764395111716272,0.3357271562294844,0.267684561331479,0.2290571690685357
1708,L_TO,GRU,2023-05-01,2025-05-01,9,0.2551574652385135,0.350071496963049,0.3122754302858291,0.4504612952767015,0.2153415131376896
1709,L_TO,GRU,2023-05-01,2025-05-01,10,0.1179440569689099,0.1472825286047653,0.1785206139388944,0.1152022155924902,0.2134035056855395
1710,L_TO,GRU,2023-05-01,2025-05-01,11,0.1434391632199066,0.1669357877651903,0.1911722146879072,0.1716734017786516,0.2178124148976315
1711,L_TO,GRU,2023-05-01,2025-05-01,12,0.3447986397504799,0.4374786534249594,0.2130365561545657,0.4454221188288879,0.2363650237260425
1712,L_TO,GRU,2023-05-01,2025-05-01,13,0.3554917031068806,0.5129731172075518,0.5798232143618803,0.5266780353317054,0.2216290043210662
1713,L_TO,GRU,2023-05-01,2025-05-01,14,0.1013300937066505,0.091326935461187,0.1244932771459271,0.1290917910494599,0.2235576180087145
1714,L_TO,GRU,2023-05-01,2025-05-01,15,0.4064368458972751,0.7219360821092288,0.231112019492856,0.4994176575350346,0.2236993199435534
1715,L_TO,GRU,2023-05-01,2025-05-01,16,0.3234885440857832,0.1399977504088717,0.1267922384101512,0.1317675446082084,0.2185461716389206
1716,L_TO,GRU,2023-05-01,2025-05-01,17,0.1256588532364773,0.10649193632949,0.1228639877820459,0.2101222292008042,0.2251575756167868
1717,L_TO,GRU,2023-05-01,2025-05-01,18,0.1232137242807727,0.1238202876389189,0.1301958480226562,0.1220806471773725,0.2129568949074006
1718,L_TO,GRU,2023-05-01,2025-05-01,19,0.2365555619866792,0.3354381158637077,0.1571370954394429,0.357220085569241,0.2180103634695836
1719,L_TO,GRU,2023-05-01,2025-05-01,20,0.1107431866529761,0.1039044615756736,0.1161685171775677,0.1187842605141257,0.2242158621349811
1720,L_TO,GRU,2023-05-01,2025-05-01,21,0.146258713775317,0.2216434461603104,0.2407199135500998,0.1409454612648025,0.2208770129427513
1721,L_TO,GRU,2023-05-01,2025-05-01,22,0.1983480343777669,0.2768803760458949,0.2389118501270905,0.164819353783834,0.2147934396900713
1722,L_TO,GRU,2023-05-01,2025-05-01,23,0.6619747446958378,0.273040268716547,0.4444306113309554,0.106563617937605,0.2325523816366028
1723,L_TO,GRU,2023-05-01,2025-05-01,24,0.1787317881635639,0.1499528108135304,0.2867830424446368,0.3701251987063551,0.218317388339614
1724,L_TO,GRU,2023-05-01,2025-05-01,25,0.0935337415854331,0.122233560388537,0.1207462076578044,0.1232705756225566,0.2149913502543093
1725,L_TO,GRU,2023-05-01,2025-05-01,26,0.1153259378156556,0.2330357024248942,0.1497942790853992,0.1421625102339981,0.2153544075234909
1726,L_TO,GRU,2023-05-01,2025-05-01,27,0.1194016120812009,0.1063608807534855,0.1417570714807904,0.1483474484324463,0.2416975794284707
1727,L_TO,GRU,2023-05-01,2025-05-01,28,0.461861127578998,0.119298516165253,0.1930302297004629,0.3809522722725915,0.2302305620851439
1728,L_TO,GRU,2023-05-01,2025-05-01,29,0.1121674904612733,0.1105582020985937,0.1247697694915178,0.1711346018799245,0.2583075115388261
1729,L_TO,GRU,2023-05-01,2025-05-01,30,0.1174176984771363,0.1593473280721551,0.1278824764790823,0.1464725045388712,0.2193478535823979
1730,L_TO,GRU,2023-05-01,2025-05-01,31,0.1228803701149795,0.2157661549126503,0.122332834486645,0.1906547052869689,0.2135449669878106
1731,L_TO,GRU,2023-05-01,2025-05-01,32,0.1597181838524067,0.1350042906487897,0.120857843860385,0.1297765038275638,0.2144910337729899
1732,L_TO,GRU,2023-05-01,2025-05-01,33,0.2678119802009645,0.3140008638056715,0.1527808014092803,0.2820157127300278,0.2268084347788506
1733,L_TO,GRU,2023-05-01,2025-05-01,34,0.2172770253387612,0.1661477603523813,0.4576277037860112,0.2499967840810655,0.2131680511039137
1734,L_TO,GRU,2023-05-01,2025-05-01,35,0.2662435775793556,0.1104746871787241,0.2828249315736889,0.2584875875684703,0.2160511495476116
1735,L_TO,GRU,2023-05-01,2025-05-01,36,0.1297263204140653,0.2775109874647648,0.1684323485648384,0.1468640983241111,0.2294730903077343
1736,L_TO,GRU,2023-05-01,2025-05-01,37,0.2469464360948541,0.1477370998752152,0.3274422482697417,0.1152560922903006,0.2173058559949667
1737,L_TO,GRU,2023-05-01,2025-05-01,38,0.1241663426667898,0.1183735309378848,0.1375790458592989,0.1582066469146918,0.2148657938539293
1738,L_TO,GRU,2023-05-01,2025-05-01,39,0.2047539334358008,0.1498226050702301,0.2132808973437713,0.1875766858881739,0.2188858768017761
1739,L_TO,GRU,2023-05-01,2025-05-01,40,0.0959324783501669,0.1959693860525123,0.1933090760168792,0.1729606013260527,0.2373260893142332
1740,L_TO,GRU,2023-05-01,2025-05-01,41,0.1871526172527612,0.2074939714557667,0.1672937139243017,0.280520997462067,0.2204792907293455
1741,L_TO,GRU,2023-05-01,2025-05-01,42,0.176285295556067,0.2807477194179051,0.1715003122229685,0.3346372861301049,0.229450640515803
1742,L_TO,GRU,2023-05-01,2025-05-01,43,0.1632779182770605,0.1611444963247345,0.2191305760171842,0.186177179018558,0.2135599583646307
1743,L_TO,GRU,2023-05-01,2025-05-01,44,0.2400885920122329,0.2357255796240489,0.1341351948491889,0.1854185458187078,0.213559921861315
1744,L_TO,GRU,2023-05-01,2025-05-01,45,0.1539265850759467,0.1636765478454075,0.2531073791755762,0.2106110289601296,0.2366454268074161
1745,L_TO,GRU,2023-05-01,2025-05-01,46,0.1759996476378768,0.1291076297031984,0.121136318673105,0.1578931180725388,0.2232616265736746
1746,L_TO,GRU,2023-05-01,2025-05-01,47,0.1186899674304646,0.1355676552042159,0.109993391955902,0.1560285080462638,0.2358941121960358
1747,L_TO,GRU,2023-05-01,2025-05-01,48,0.218849813940125,0.3898050386622456,0.2638190423881735,0.513285903625433,0.2145540211012606
1748,L_TO,GRU,2023-05-01,2025-05-01,49,0.1804041903050474,0.2317003980871986,0.1527850839538642,0.1692370954205737,0.2126635956276213
1749,L_TO,GRU,2023-05-01,2025-05-01,50,0.3654763348624963,0.1343372306926962,0.3120682378909379,0.2007311254393739,0.2133578158464451
1750,L_TO,GRU,2024-01-01,2026-01-01,1,0.3607312546174496,0.4437910302682911,0.2438041588306101,0.3333405249707489,0.2078698899430104
1751,L_TO,GRU,2024-01-01,2026-01-01,2,0.4698287879481941,0.4649550346718952,0.2910104487701964,0.3669832587609664,0.2120687364334699
1752,L_TO,GRU,2024-01-01,2026-01-01,3,0.4392661877059607,0.5854425446440005,0.354769170079435,0.3820839270710554,0.208822337775541
1753,L_TO,GRU,2024-01-01,2026-01-01,4,0.2477104914072747,0.334925778307485,0.2998841854341947,0.3355702386658477,0.2107927209397318
1754,L_TO,GRU,2024-01-01,2026-01-01,5,0.7940890868902973,0.2841109991255192,0.6922347815981551,0.472418016942844,0.2122090227271468
1755,L_TO,GRU,2024-01-01,2026-01-01,6,0.3613505760192569,0.3104481416863172,0.4076941342844314,0.3130675692191662,0.207090262789364
1756,L_TO,GRU,2024-01-01,2026-01-01,7,0.3970296084358993,1.0987849669891363,0.5393179184391692,0.3564672729815044,0.2090851684652236
1757,L_TO,GRU,2024-01-01,2026-01-01,8,0.3268579990266348,0.408311031723011,0.2614905103062652,0.3110556412868913,0.2100302962709171
1758,L_TO,GRU,2024-01-01,2026-01-01,9,1.6516209138396074,1.6201990038638778,1.3093351639549031,1.703445254802112,0.2082372776647453
1759,L_TO,GRU,2024-01-01,2026-01-01,10,0.2467454713946729,0.3083414010697513,0.423735526691975,0.7851844804302862,0.206971037612987
1760,L_TO,GRU,2024-01-01,2026-01-01,11,0.2178254922193863,0.3322740610304203,0.2217220489240767,0.3722553023033171,0.2080276949955101
1761,L_TO,GRU,2024-01-01,2026-01-01,12,0.7589557286354507,0.8899698108633558,0.266206578041094,0.2783664557280003,0.219362626523656
1762,L_TO,GRU,2024-01-01,2026-01-01,13,0.6019243098085897,1.727459160319213,0.2347161219275045,0.448092067417935,0.2243608147457027
1763,L_TO,GRU,2024-01-01,2026-01-01,14,0.7261204087524455,0.8022616850150088,0.9743992805192482,0.7393956971002267,0.205151413713274
1764,L_TO,GRU,2024-01-01,2026-01-01,15,0.4066794590644347,0.2895097538758128,0.2573165982943935,0.3797284081703064,0.2261994034400494
1765,L_TO,GRU,2024-01-01,2026-01-01,16,0.3988857983484438,0.3140581645693177,0.4690285982442304,0.3904766593100162,0.2076210154532165
1766,L_TO,GRU,2024-01-01,2026-01-01,17,0.8055600634548017,0.3200151424222081,0.2715558017055592,0.4970881046615359,0.2056876920908704
1767,L_TO,GRU,2024-01-01,2026-01-01,18,1.0066197600012647,0.980745864086174,0.8723174460999167,0.8001745036765543,0.209838433054045
1768,L_TO,GRU,2024-01-01,2026-01-01,19,1.5163029773392622,1.3255231489990411,0.8274000947011874,0.6135556046903363,0.2102688536943765
1769,L_TO,GRU,2024-01-01,2026-01-01,20,0.8798318871009616,0.9952288823557548,0.4583315278963715,0.8054649198800641,0.2087402548375705
1770,L_TO,GRU,2024-01-01,2026-01-01,21,1.592092714736891,1.047572763129291,0.9114949068383174,1.1712566744651411,0.2067727350889135
1771,L_TO,GRU,2024-01-01,2026-01-01,22,0.9806510268170432,1.2425220249565547,0.88343759425896,0.7998448095940601,0.2081953720785634
1772,L_TO,GRU,2024-01-01,2026-01-01,23,2.6060627227288315,0.2902684835783083,1.436011329881565,0.633506907856699,0.2104246704484748
1773,L_TO,GRU,2024-01-01,2026-01-01,24,0.2358923527170759,0.3678147808467097,0.2556319717587111,0.2606402409455812,0.2090373863704956
1774,L_TO,GRU,2024-01-01,2026-01-01,25,0.3376839683056482,0.3325398706228104,0.3768580839433082,0.3880011849732598,0.2079703939518807
1775,L_TO,GRU,2024-01-01,2026-01-01,26,0.3778223329232826,0.2603680463487727,0.2819406882560159,0.3002031940625632,0.2060733746773977
1776,L_TO,GRU,2024-01-01,2026-01-01,27,0.9467996373247638,1.6151256811000498,1.210467139798418,2.275919200929334,0.2151558035979385
1777,L_TO,GRU,2024-01-01,2026-01-01,28,0.2940825858614797,0.3442769490544519,0.6984806749563354,0.7224618505953028,0.2071381417528582
1778,L_TO,GRU,2024-01-01,2026-01-01,29,0.5833795698279403,1.1209309208495648,0.2522861819379952,0.5842313704353872,0.2083698261916707
1779,L_TO,GRU,2024-01-01,2026-01-01,30,0.2618467035554617,0.518476603712134,0.211025138335907,0.3106007080083593,0.2095221225195497
1780,L_TO,GRU,2024-01-01,2026-01-01,31,0.4968316103190792,0.3431741350539329,0.2234444582379678,0.7425993391054605,0.2119747004446193
1781,L_TO,GRU,2024-01-01,2026-01-01,32,0.2255931061168707,0.3531625823364772,0.8810269323743007,0.5771873976595403,0.2121986419253744
1782,L_TO,GRU,2024-01-01,2026-01-01,33,0.3722757808678041,0.5979126760506277,0.3119935533987579,0.3627353787092145,0.2096332702041619
1783,L_TO,GRU,2024-01-01,2026-01-01,34,2.1015212743712097,0.7524769493004337,1.99025051520636,2.489365751988717,0.2098553719809566
1784,L_TO,GRU,2024-01-01,2026-01-01,35,0.957121683722992,0.3716861197377707,0.9373962145523624,0.5075527180834942,0.2086599436533104
1785,L_TO,GRU,2024-01-01,2026-01-01,36,0.5652844259492752,1.0310480229869634,0.4493509534193002,0.9055435295955738,0.2141596758755309
1786,L_TO,GRU,2024-01-01,2026-01-01,37,1.181082491937509,0.473145337348359,0.8693603963589258,1.11855312091678,0.2109962725788035
1787,L_TO,GRU,2024-01-01,2026-01-01,38,1.527099216396732,1.1758217741236576,1.2446938251786974,1.293428425092635,0.2067759183235278
1788,L_TO,GRU,2024-01-01,2026-01-01,39,0.4801206935526847,0.3921030213157225,0.6920786053982168,0.3214638725289209,0.2073722789291146
1789,L_TO,GRU,2024-01-01,2026-01-01,40,0.7172684077259514,0.5401797263107518,0.8226632373625186,0.6974957271952823,0.2102044332946614
1790,L_TO,GRU,2024-01-01,2026-01-01,41,0.4894747068909151,0.4096283448375638,0.5438261042889826,0.4413403634525701,0.2108076050162978
1791,L_TO,GRU,2024-01-01,2026-01-01,42,0.7036031133627902,0.3489169303283391,0.6458145599625013,0.4477415260074281,0.2086233513905707
1792,L_TO,GRU,2024-01-01,2026-01-01,43,0.3933213430744908,0.3445431808161796,0.5221101951053807,0.3146128506877169,0.2073860237100453
1793,L_TO,GRU,2024-01-01,2026-01-01,44,0.2740961233923681,0.4956499552709549,0.3834042836392282,0.4285907006067384,0.210933130892429
1794,L_TO,GRU,2024-01-01,2026-01-01,45,0.64471433914783,0.7342441249036951,0.3187711017106505,0.3262815908755693,0.2082258519449607
1795,L_TO,GRU,2024-01-01,2026-01-01,46,0.5216173333302051,0.3591487348497386,0.299878819383927,0.4295868245555124,0.2107818427667726
1796,L_TO,GRU,2024-01-01,2026-01-01,47,0.4533077198505789,0.4701151057668192,0.6064670472672823,0.613376435467772,0.2075995579954158
1797,L_TO,GRU,2024-01-01,2026-01-01,48,0.4714841401731783,0.5300531726145904,0.3735012952157712,0.5664951088103026,0.2074908974720511
1798,L_TO,GRU,2024-01-01,2026-01-01,49,0.3803379197393698,0.3579589664247875,0.23837018080063,0.3190865716419558,0.2113019941638319
1799,L_TO,GRU,2024-01-01,2026-01-01,50,0.2824781982092847,0.3816121527624596,0.439691153268371,0.3247617846658734,0.2095569613397282
1800,USO,GRU,2022-01-01,2024-01-01,1,0.18211226580425005,0.17016995174699523,0.2784626606964235,0.21128936464741882,0.24235523458809696
1801,USO,GRU,2022-01-01,2024-01-01,2,0.3360975885104855,0.2024369569544149,0.2280449087934083,0.2805039714526116,0.23820762851829821
1802,USO,GRU,2022-01-01,2024-01-01,3,0.38143506271068656,0.23934322316318377,0.31852214556110037,0.22269130508214788,0.23892271917121297
1803,USO,GRU,2022-01-01,2024-01-01,4,0.2868807552284872,0.27452811402228655,0.30235509677826256,0.27915225143204375,0.24253119144980828
1804,USO,GRU,2022-01-01,2024-01-01,5,0.21628192518428166,0.2592325490810955,0.3166838219839842,0.3964823819097402,0.24357237147332644
1805,USO,GRU,2022-01-01,2024-01-01,6,0.35437497647118604,0.23461942548376066,0.24831449413969262,0.26899872443145245,0.23336950619070618
1806,USO,GRU,2022-01-01,2024-01-01,7,0.17022563164016383,0.2152306438543751,0.21248726343186963,0.21522511289642074,0.24030254326928746
1807,USO,GRU,2022-01-01,2024-01-01,8,0.2791443421998467,0.203288762917922,0.2217132292745851,0.2276082310930349,0.2344245074567669
1808,USO,GRU,2022-01-01,2024-01-01,9,0.2222526651908643,0.20386525193137603,0.23587747511203197,0.2457894664202198,0.24129913654397492
1809,USO,GRU,2022-01-01,2024-01-01,10,0.18367481231195273,0.1903685571345833,0.21467205674924095,0.21079469719544794,0.2440023479259094
1810,USO,GRU,2022-01-01,2024-01-01,11,0.2158201076095935,0.2085462831230945,0.22268787320672062,0.23209512517783126,0.23827110690708594
1811,USO,GRU,2022-01-01,2024-01-01,12,0.18873619271456213,0.4453696172415633,0.24226138418742432,0.38173075847570165,0.2557848798200706
1812,USO,GRU,2022-01-01,2024-01-01,13,0.20504252965378303,0.1975465336632106,0.25314496801838804,0.20912603869762314,0.24192222548312922
1813,USO,GRU,2022-01-01,2024-01-01,14,0.2475916301827704,0.18956633507248363,0.2124631608518689,0.2251194391684769,0.24155441337527944
1814,USO,GRU,2022-01-01,2024-01-01,15,0.22784571777304163,0.20542928147999046,0.21855108280619542,0.22496168983922074,0.2384557887226043
1815,USO,GRU,2022-01-01,2024-01-01,16,0.191433714093512,0.17396481053416044,0.22331442942948404,0.2268792390067675,0.24251332118187502
1816,USO,GRU,2022-01-01,2024-01-01,17,0.20769491857697378,0.1967505586595987,0.21736270101747232,0.2456455819673091,0.23605165354139335
1817,USO,GRU,2022-01-01,2024-01-01,18,0.1982566009812776,0.19660819158558493,0.2405159084900858,0.22007065447269625,0.23783955693376602
1818,USO,GRU,2022-01-01,2024-01-01,19,0.2896600348659948,0.18510761938983375,0.22759621729573912,0.23526571197422794,0.24245884898983291
1819,USO,GRU,2022-01-01,2024-01-01,20,0.1836525543926611,0.2078370346654135,0.23176213855627392,0.24962833225493591,0.23711038182456737
1820,USO,GRU,2022-01-01,2024-01-01,21,0.2164656822364601,0.24900088182362182,0.2995502577685186,0.24230377828426058,0.2413970801309594
1821,USO,GRU,2022-01-01,2024-01-01,22,0.19702008615601857,0.19173290964818715,0.22766004259399142,0.24065687700926333,0.23928590567502295
1822,USO,GRU,2022-01-01,2024-01-01,23,0.1796966565538134,0.2828021786000414,0.23139589328620658,0.36877816468923325,0.245445253294991
1823,USO,GRU,2022-01-01,2024-01-01,24,0.196425074062661,0.19998102026653,0.22654623198690055,0.23535501074669987,0.237290321188912
1824,USO,GRU,2022-01-01,2024-01-01,25,0.17571848500268972,0.18383788712552462,0.22230506706089012,0.22632828519281373,0.24653238631423974
1825,USO,GRU,2022-01-01,2024-01-01,26,0.19294622259337005,0.18493662335381983,0.24141884429889077,0.24538383833344637,0.23717393487179564
1826,USO,GRU,2022-01-01,2024-01-01,27,0.21730402921214698,0.2662621768167615,0.35731603948258983,0.34952058480645215,0.24063785683877306
1827,USO,GRU,2022-01-01,2024-01-01,28,0.20690618942987468,0.2455068389072362,0.27942801732064254,0.23655432334280477,0.23992113452261196
1828,USO,GRU,2022-01-01,2024-01-01,29,0.19560451652453972,0.19402069208397676,0.21682557638334612,0.23372004622284098,0.2408006751639622
1829,USO,GRU,2022-01-01,2024-01-01,30,0.19374861185427283,0.22492410065637602,0.2692019156402326,0.2812896963283803,0.24105329710701368
1830,USO,GRU,2022-01-01,2024-01-01,31,0.17614218737718604,0.19071273859031715,0.2226069017111105,0.22619330643921703,0.24177298470612188
1831,USO,GRU,2022-01-01,2024-01-01,32,0.2067300179877865,0.19829475759037632,0.21702471429513984,0.23232625166472093,0.24221622522836037
1832,USO,GRU,2022-01-01,2024-01-01,33,0.21700321077873527,0.19138683491977498,0.27181091471800933,0.22417337019308006,0.23984482055042916
1833,USO,GRU,2022-01-01,2024-01-01,34,0.21207666275525755,0.17443969949853502,0.2213271875915925,0.2227048930069026,0.2415164077689523
1834,USO,GRU,2022-01-01,2024-01-01,35,0.20864933285279114,0.19704543490037973,0.21335052281888708,0.22644744250040055,0.24118138245654627
1835,USO,GRU,2022-01-01,2024-01-01,36,0.1920941098005222,0.19588312324580295,0.22589240011281864,0.2494610076205045,0.24221048262651973
1836,USO,GRU,2022-01-01,2024-01-01,37,0.21126577995345291,0.19579671387924208,0.23744616503541918,0.26011176913677836,0.2457295282535068
1837,USO,GRU,2022-01-01,2024-01-01,38,0.18635709835441383,0.2965786866767713,0.3202804180301964,0.23609353920217685,0.24024701491601316
1838,USO,GRU,2022-01-01,2024-01-01,39,0.2201674770824717,0.19522661781881392,0.24145414393984635,0.24168548323192415,0.2398404516488994
1839,USO,GRU,2022-01-01,2024-01-01,40,0.18950378569834345,0.18280667615464632,0.22601470628228643,0.2294014384531848,0.244624812822097
1840,USO,GRU,2022-01-01,2024-01-01,41,0.18334318698381002,0.18467510492139802,0.29254868124615846,0.21893332057197112,0.23874714471967445
1841,USO,GRU,2022-01-01,2024-01-01,42,0.20130164816250354,0.17741074057346665,0.2219381867252631,0.2365169003982916,0.25408252811622395
1842,USO,GRU,2022-01-01,2024-01-01,43,0.2663884169901293,0.21719342026248672,0.2434447160339474,0.2559749357971491,0.23758331674199504
1843,USO,GRU,2022-01-01,2024-01-01,44,0.17811593949196772,0.17264100668927318,0.20843437175527146,0.2100493420470676,0.23937732958921532
1844,USO,GRU,2022-01-01,2024-01-01,45,0.2072546455726678,0.24261053561733276,0.3265919982204621,0.24155571132089648,0.24964376160964918
1845,USO,GRU,2022-01-01,2024-01-01,46,0.30575620738392323,0.21283603308902166,0.2031729371272246,0.2274102764191513,0.23627586750606874
1846,USO,GRU,2022-01-01,2024-01-01,47,0.18991509861524358,0.22678092163365898,0.21448881360038005,0.23430017325099034,0.23965681427016863
1847,USO,GRU,2022-01-01,2024-01-01,48,0.18262545002442257,0.20543073688379487,0.2267789018051503,0.2715318013274397,0.23733400881824765
1848,USO,GRU,2022-01-01,2024-01-01,49,0.18232383964170193,0.22763735793945078,0.21151685493940828,0.22851078659076463,0.24234702841107048
1849,USO,GRU,2022-01-01,2024-01-01,50,0.18213421811269717,0.21939427593404273,0.23935939297919254,0.27281944476902353,0.24037607771274092
1850,USO,GRU,2022-09-01,2024-09-01,1,0.24256652944936113,0.302606897445992,0.31111689398622555,0.3019414373063586,0.3111398665776676
1851,USO,GRU,2022-09-01,2024-09-01,2,0.2845880232016321,0.3330346668702082,0.4456814508880401,0.4060544994799014,0.3125963013472829
1852,USO,GRU,2022-09-01,2024-09-01,3,0.24995336425551962,0.2605060662876118,0.29228427081315933,0.3023499831002582,0.3240983504774694
1853,USO,GRU,2022-09-01,2024-09-01,4,0.32553844354247324,0.38735327642402234,0.56461315573973,0.3890915513857556,0.32122766663160274
1854,USO,GRU,2022-09-01,2024-09-01,5,0.2413438383706467,0.2941363488583171,0.2891292638653223,0.33683461683680443,0.33166502037456264
1855,USO,GRU,2022-09-01,2024-09-01,6,0.25156725161661947,0.2955279840916143,0.32125531277406033,0.29636621334705,0.31834409606529007
1856,USO,GRU,2022-09-01,2024-09-01,7,0.3027533512566305,0.36381363280438844,0.3666937217960933,0.37101882018907123,0.3105187772999022
1857,USO,GRU,2022-09-01,2024-09-01,8,0.32769694487775847,0.3365536618407713,0.3151761211929486,0.3316865204169082,0.32132108847552193
1858,USO,GRU,2022-09-01,2024-09-01,9,0.24958812949213122,0.28735855955250633,0.285811928858676,0.28673775725961587,0.31438093802496014
1859,USO,GRU,2022-09-01,2024-09-01,10,0.29850479610479586,0.33575100986312484,0.2997523641371932,0.2970890587314827,0.3150727966938077
1860,USO,GRU,2022-09-01,2024-09-01,11,0.24811299781403745,0.2862782525750894,0.28299357798686975,0.2851005697814459,0.315473290363338
1861,USO,GRU,2022-09-01,2024-09-01,12,0.24166682092485148,0.27567644617401693,0.3431856711558289,0.3216144224552711,0.317776319891264
1862,USO,GRU,2022-09-01,2024-09-01,13,0.27229772525857165,0.33835498801502334,0.4118014152928562,0.48542811638117184,0.3151153123976874
1863,USO,GRU,2022-09-01,2024-09-01,14,0.3397506010466164,0.2646510096924352,0.3870073865488854,0.3513708714141554,0.31892403510621287
1864,USO,GRU,2022-09-01,2024-09-01,15,0.30193595738644663,0.3278311435554676,0.29327374657199273,0.30258008870270636,0.31776168140895966
1865,USO,GRU,2022-09-01,2024-09-01,16,0.2546070253650668,0.3008095963160548,0.31702241590022184,0.35645343467966867,0.31630201256668117
1866,USO,GRU,2022-09-01,2024-09-01,17,0.30394413296873296,0.3173887113192897,0.2950641767329738,0.2787257157480033,0.314702548065878
1867,USO,GRU,2022-09-01,2024-09-01,18,0.3082431164184454,0.3009908293365784,0.3326641043555993,0.303557001565675,0.32042037907815374
1868,USO,GRU,2022-09-01,2024-09-01,19,0.37935186520063324,0.3347580000341658,0.30454231520622776,0.33369605087254994,0.31043009849950093
1869,USO,GRU,2022-09-01,2024-09-01,20,0.3348505654472479,0.39777948965940907,0.39883855165638415,0.3693522569565527,0.3139222677444768
1870,USO,GRU,2022-09-01,2024-09-01,21,0.3284011957036368,0.32443361613950894,0.3202564607519696,0.3093254035538866,0.31639685981076915
1871,USO,GRU,2022-09-01,2024-09-01,22,0.26406220773640093,0.31460283918331217,0.2994615985981224,0.3153786022886239,0.33002375567316494
1872,USO,GRU,2022-09-01,2024-09-01,23,0.2930928114537867,0.31452837120829436,0.2802475937075962,0.3006140487426095,0.31413768317734825
1873,USO,GRU,2022-09-01,2024-09-01,24,0.3703879928113449,0.36736353920017173,0.36559179261717906,0.49704778375041536,0.3228538870073619
1874,USO,GRU,2022-09-01,2024-09-01,25,0.597961155849065,0.38205476905963076,0.3158218305436896,0.40141400720867787,0.31808647997129263
1875,USO,GRU,2022-09-01,2024-09-01,26,0.2689580185535831,0.3085429371040146,0.3608223692534388,0.32298648837373495,0.3141910472194876
1876,USO,GRU,2022-09-01,2024-09-01,27,0.2776673776576167,0.33308597230658127,0.3099153272578446,0.33283395435328667,0.3150502365421336
1877,USO,GRU,2022-09-01,2024-09-01,28,0.5441501983631152,0.373082892052987,0.44435957130456283,0.48400760206184595,0.3332130297758846
1878,USO,GRU,2022-09-01,2024-09-01,29,0.29517534384927835,0.3078293561881947,0.3630926321614999,0.3307734887921317,0.31591500915134774
1879,USO,GRU,2022-09-01,2024-09-01,30,0.23357926942460996,0.3142673148844786,0.3000063135190011,0.31489901011580973,0.32000989201385804
1880,USO,GRU,2022-09-01,2024-09-01,31,0.35525277437402414,0.4054046144921975,0.5646837751361424,0.428777292013308,0.31912779050743456
1881,USO,GRU,2022-09-01,2024-09-01,32,0.27531631077805596,0.29066879603910967,0.3013498079876583,0.28532307302438414,0.30984387460469737
1882,USO,GRU,2022-09-01,2024-09-01,33,0.2568233969083719,0.3947536811930429,0.40846548932989757,0.4009989282841074,0.31742241198410787
1883,USO,GRU,2022-09-01,2024-09-01,34,0.29267702515884914,0.3114165903410548,0.36610338371194284,0.4192563105675349,0.31778704385552775
1884,USO,GRU,2022-09-01,2024-09-01,35,0.4177553030744417,0.2977493359874789,0.316407083148837,0.3810965897779394,0.3097677798568031
1885,USO,GRU,2022-09-01,2024-09-01,36,0.26481683673891004,0.2979570668147777,0.29058883331049534,0.30589422742694883,0.31714751921995044
1886,USO,GRU,2022-09-01,2024-09-01,37,0.3071526164745918,0.3502296844766967,0.28864973586989595,0.2858806891906355,0.32107887028546017
1887,USO,GRU,2022-09-01,2024-09-01,38,0.4183184171435383,0.32366710057721776,0.2975112289084479,0.36727631893139906,0.3161762005275213
1888,USO,GRU,2022-09-01,2024-09-01,39,0.2590775318665963,0.29989065433416895,0.30645401353647606,0.29867942010756743,0.31870330647272443
1889,USO,GRU,2022-09-01,2024-09-01,40,0.25584283075823716,0.2862495466697829,0.26964296208549315,0.307183083294886,0.3139743892803667
1890,USO,GRU,2022-09-01,2024-09-01,41,0.3265513479523271,0.3412056813525105,0.300291972519864,0.41159798313610135,0.3226090065750293
1891,USO,GRU,2022-09-01,2024-09-01,42,0.3736806496363397,0.35159466309657395,0.32091934304664443,0.39970287913170544,0.330838826657639
1892,USO,GRU,2022-09-01,2024-09-01,43,0.23903506316576717,0.307907114465251,0.3044096908861098,0.29622342138160007,0.33122805032579294
1893,USO,GRU,2022-09-01,2024-09-01,44,0.45416532944081284,0.31834526782181827,0.2856512817335678,0.34944182864418266,0.3242685803875506
1894,USO,GRU,2022-09-01,2024-09-01,45,0.29223299925661333,0.31483624683691774,0.30010104736456544,0.3093506158793861,0.30980452022943367
1895,USO,GRU,2022-09-01,2024-09-01,46,0.25650591231958464,0.3060487627729353,0.2954875639368577,0.3565445870281603,0.3226085677142588
1896,USO,GRU,2022-09-01,2024-09-01,47,0.30161269595415546,0.3501653654446557,0.2985959121109395,0.3227711790321159,0.31368913203201737
1897,USO,GRU,2022-09-01,2024-09-01,48,0.2884919120514801,0.32319255235688443,0.348882224790649,0.4521376897762239,0.3106683662263189
1898,USO,GRU,2022-09-01,2024-09-01,49,0.24424736677921813,0.33009346875905465,0.3125140508180025,0.3283195249816181,0.3117240535665275
1899,USO,GRU,2022-09-01,2024-09-01,50,0.28314105770471965,0.27758038829939813,0.43706968271929425,0.3350193415683163,0.36046699139171495
1900,USO,GRU,2023-05-01,2025-05-01,1,0.1625246031358702,0.16227448597524857,0.14074311935833272,0.16445829298537787,0.22008285532415478
1901,USO,GRU,2023-05-01,2025-05-01,2,0.1619125427259818,0.1640655647270442,0.1492599201332321,0.1740387814913082,0.21962206355138753
1902,USO,GRU,2023-05-01,2025-05-01,3,0.13288577600204424,0.14700679483635679,0.14555939709972454,0.16291809246915362,0.2190159256468776
1903,USO,GRU,2023-05-01,2025-05-01,4,0.16766613389025686,0.17685115586184885,0.15492094857207175,0.1704256861823119,0.22075142780452595
1904,USO,GRU,2023-05-01,2025-05-01,5,0.13297160311376222,0.15903407656047466,0.14733583145301124,0.16933180872110215,0.222703063293696
1905,USO,GRU,2023-05-01,2025-05-01,6,0.1372837955511328,0.16347977018928633,0.15939426232779214,0.1806728669468811,0.2221080286698833
1906,USO,GRU,2023-05-01,2025-05-01,7,0.1615918121243959,0.1887801417988061,0.1698402273617127,0.18958236548927043,0.21629321639890806
1907,USO,GRU,2023-05-01,2025-05-01,8,0.15860488302338274,0.17562312790759463,0.15540765580643218,0.17309981421742876,0.22205217407240718
1908,USO,GRU,2023-05-01,2025-05-01,9,0.13584709561539857,0.15172691918118647,0.14690530100494859,0.15640079788509248,0.22629972475525664
1909,USO,GRU,2023-05-01,2025-05-01,10,0.1704013189268992,0.18291231072301825,0.15475616420043245,0.17392914250003727,0.2165172816974381
1910,USO,GRU,2023-05-01,2025-05-01,11,0.16732629457179019,0.16841713536769537,0.1458383078078748,0.16172183252883607,0.22357638250558293
1911,USO,GRU,2023-05-01,2025-05-01,12,0.14409849627473476,0.15422681947222627,0.1472121156382435,0.14698624737402968,0.21738279952521908
1912,USO,GRU,2023-05-01,2025-05-01,13,0.14768690689548378,0.1593236572106408,0.1570292373936419,0.17474497988445947,0.22532189723855992
1913,USO,GRU,2023-05-01,2025-05-01,14,0.18866007535872717,0.18661209912812587,0.12841224935345302,0.16509310296346563,0.22219887378830352
1914,USO,GRU,2023-05-01,2025-05-01,15,0.12391050026624849,0.15942408808912636,0.1468948834813675,0.1658221746178217,0.21878688001879526
1915,USO,GRU,2023-05-01,2025-05-01,16,0.15415038235029171,0.18217888865931547,0.15787176537260633,0.18393568096711846,0.2179789768833379
1916,USO,GRU,2023-05-01,2025-05-01,17,0.1235739964291654,0.15536192885415004,0.12624819104156776,0.1635638906531275,0.2260545315904482
1917,USO,GRU,2023-05-01,2025-05-01,18,0.16907499145148852,0.14964918971459998,0.1712218339897079,0.15460021761303308,0.23522243446062685
1918,USO,GRU,2023-05-01,2025-05-01,19,0.14246457947204202,0.1700113985532777,0.13786277400370509,0.18577633143265798,0.2111405682154548
1919,USO,GRU,2023-05-01,2025-05-01,20,0.1334388275528061,0.16100525815069716,0.138743971991517,0.16561659024954345,0.2245926980454082
1920,USO,GRU,2023-05-01,2025-05-01,21,0.1693390383293253,0.1711069180562207,0.14589592356834033,0.15858350395988902,0.21577223725264788
1921,USO,GRU,2023-05-01,2025-05-01,22,0.13561513219626387,0.15178167932278896,0.14393675428851022,0.15989172433449922,0.21331751728789794
1922,USO,GRU,2023-05-01,2025-05-01,23,0.1430775515781212,0.1498148842355379,0.14872863994472527,0.15217965270492748,0.22240967726721345
1923,USO,GRU,2023-05-01,2025-05-01,24,0.15280241719881485,0.1703751149797756,0.1601336644182922,0.16537408947350205,0.2140282856400692
1924,USO,GRU,2023-05-01,2025-05-01,25,0.17117201050682404,0.1557839596007257,0.13565170880691957,0.15855628066322408,0.23178999285099747
1925,USO,GRU,2023-05-01,2025-05-01,26,0.1710871293837276,0.19454721509122697,0.1692140221386471,0.1771384207355151,0.21651575907718096
1926,USO,GRU,2023-05-01,2025-05-01,27,0.1341795515197726,0.16421590983135997,0.14575773900391265,0.1675555693130415,0.2246790487635665
1927,USO,GRU,2023-05-01,2025-05-01,28,0.1257650264056188,0.153362836266241,0.12825502174796924,0.15940321510011565,0.23704988627389278
1928,USO,GRU,2023-05-01,2025-05-01,29,0.1774106134575426,0.16439532872506465,0.16028384033912463,0.16953955526277142,0.2328660993538227
1929,USO,GRU,2023-05-01,2025-05-01,30,0.13786977752109947,0.16778783312701187,0.12881370361115155,0.15991945131854216,0.21919100189716037
1930,USO,GRU,2023-05-01,2025-05-01,31,0.14514104082588947,0.18353466394880089,0.1586231106199604,0.16575697770163353,0.22019850528205
1931,USO,GRU,2023-05-01,2025-05-01,32,0.14761683682084303,0.17559475921416323,0.15495873102806404,0.16792503188414828,0.21684053977630155
1932,USO,GRU,2023-05-01,2025-05-01,33,0.11724345966640737,0.15253976190385451,0.1327653625669878,0.15467615738888918,0.2328973950735405
1933,USO,GRU,2023-05-01,2025-05-01,34,0.16632474062103994,0.1621793410647442,0.15558437913195144,0.16329570688173453,0.22629066660996772
1934,USO,GRU,2023-05-01,2025-05-01,35,0.14833242209121827,0.15157843630559398,0.16140845325203088,0.17532286899531116,0.2311329767834289
1935,USO,GRU,2023-05-01,2025-05-01,36,0.13396087877775834,0.1708207272141737,0.14047343219590294,0.1538797898030667,0.22075353299039838
1936,USO,GRU,2023-05-01,2025-05-01,37,0.14166854645006594,0.17273126608915076,0.13823784326153712,0.1551993427385019,0.22816276121905407
1937,USO,GRU,2023-05-01,2025-05-01,38,0.14674545004017076,0.1481965028192463,0.14521407470874897,0.16687188658636692,0.21764605536158613
1938,USO,GRU,2023-05-01,2025-05-01,39,0.14045487904768247,0.17473851305015636,0.1633840298048994,0.17417304415754706,0.2211478985676845
1939,USO,GRU,2023-05-01,2025-05-01,40,0.15487845770928416,0.1697559452245191,0.14879795090540796,0.16727443129975775,0.21662861655387375
1940,USO,GRU,2023-05-01,2025-05-01,41,0.1430652936923476,0.1708663970391362,0.17340887414764158,0.1722613213908332,0.2274864645515042
1941,USO,GRU,2023-05-01,2025-05-01,42,0.1549792365299971,0.1545271377809726,0.15561382106118626,0.16133564531979921,0.2140474495621853
1942,USO,GRU,2023-05-01,2025-05-01,43,0.14980035416188558,0.16938015552328356,0.15527626090098348,0.1799835398739497,0.2167770355472385
1943,USO,GRU,2023-05-01,2025-05-01,44,0.16542441663666932,0.15246365042756424,0.13557046531376138,0.16245652119778786,0.225967087523327
1944,USO,GRU,2023-05-01,2025-05-01,45,0.1493185588868228,0.1625708286004814,0.17093598174580155,0.16249353479546283,0.212619610266582
1945,USO,GRU,2023-05-01,2025-05-01,46,0.16208405069408857,0.17515940569471666,0.1670251769612545,0.20855556671900533,0.21676686287849445
1946,USO,GRU,2023-05-01,2025-05-01,47,0.12705966949045783,0.15250989521348482,0.12980366940429883,0.15970009603565155,0.21938939858117576
1947,USO,GRU,2023-05-01,2025-05-01,48,0.12252918069872638,0.16131890257879655,0.16489799138025987,0.17819924489117828,0.22006669624418132
1948,USO,GRU,2023-05-01,2025-05-01,49,0.15407244127567038,0.15416549365620869,0.1737927111450084,0.1777938955154163,0.21471829451440383
1949,USO,GRU,2023-05-01,2025-05-01,50,0.13382605500859018,0.15141340367363712,0.15051698490012647,0.16104655517751398,0.22081647723122086
1950,USO,GRU,2024-01-01,2026-01-01,1,0.3320907713747792,0.2736064822368697,0.27764299834972356,0.19746641998742304,0.25190775123005366
1951,USO,GRU,2024-01-01,2026-01-01,2,0.31669777867951865,0.23312309185475408,0.19212273842222963,0.2169184396664253,0.24638631784666726
1952,USO,GRU,2024-01-01,2026-01-01,3,0.2194932082257167,0.1601620393549284,0.1729989409594479,0.17345772819060376,0.2573338444379652
1953,USO,GRU,2024-01-01,2026-01-01,4,0.2601295007386749,0.18053544742234637,0.22034863409418107,0.16993016502685424,0.2433395285477623
1954,USO,GRU,2024-01-01,2026-01-01,5,0.32670347351531814,0.24649965982285243,0.2044266979311581,0.22905590889528224,0.2430192672750455
1955,USO,GRU,2024-01-01,2026-01-01,6,0.2293348546372289,0.2004998340604845,0.19677616425655461,0.17372124813459006,0.24952195951709222
1956,USO,GRU,2024-01-01,2026-01-01,7,0.3294842010299017,0.2432153057789773,0.20244484860031328,0.220787679884469,0.24443336701048177
1957,USO,GRU,2024-01-01,2026-01-01,8,0.2787218887527632,0.19165587117298752,0.3634512253870516,0.19777052827047126,0.2631647404088236
1958,USO,GRU,2024-01-01,2026-01-01,9,0.23849508185061283,0.19765257765405117,0.21038517741684548,0.17698532190881855,0.2501983899119559
1959,USO,GRU,2024-01-01,2026-01-01,10,0.3606993977138827,0.2542931387584307,0.1904515408353094,0.17214933101958277,0.25043082890873075
1960,USO,GRU,2024-01-01,2026-01-01,11,0.26276155417979535,0.18529561658528576,0.17804742685353317,0.17397220681524267,0.24533559042352485
1961,USO,GRU,2024-01-01,2026-01-01,12,0.2694903528344371,0.160260004018857,0.2028172386455625,0.18313394123721302,0.2543912889367124
1962,USO,GRU,2024-01-01,2026-01-01,13,0.288551518532457,0.20034722968369764,0.1864643447685843,0.18065273125544412,0.2653744815162546
1963,USO,GRU,2024-01-01,2026-01-01,14,0.23939433863423196,0.1860067037208667,0.3266923909736317,0.18986978766369947,0.24428926981378124
1964,USO,GRU,2024-01-01,2026-01-01,15,0.3206189937662122,0.2588327400494798,0.19510937022816197,0.20768440020709736,0.24610387229277514
1965,USO,GRU,2024-01-01,2026-01-01,16,0.28384439527669897,0.20111461137153497,0.19363287065099274,0.1871210548049475,0.2513041632122792
1966,USO,GRU,2024-01-01,2026-01-01,17,0.2801309238946091,0.21038442285481423,0.1800298896736543,0.15782990336965566,0.2583838560791649
1967,USO,GRU,2024-01-01,2026-01-01,18,0.2510200053242894,0.167583899292268,0.2075957797761064,0.17720774381903806,0.2660963237665845
1968,USO,GRU,2024-01-01,2026-01-01,19,0.2925560066419849,0.2308160251904911,0.18867526056339237,0.18350591894002935,0.24267024493807807
1969,USO,GRU,2024-01-01,2026-01-01,20,0.24967247548741298,0.18592944190667066,0.19756716439860947,0.19801092948591076,0.25656010972132814
1970,USO,GRU,2024-01-01,2026-01-01,21,0.3762634008371908,0.21348890454804653,0.2311439787353733,0.16717212076106455,0.25861551481067807
1971,USO,GRU,2024-01-01,2026-01-01,22,0.29138137369377753,0.1992434480038253,0.21693882152420715,0.19588281880201636,0.2548969028558074
1972,USO,GRU,2024-01-01,2026-01-01,23,0.26841313905198755,0.19348051757665363,0.2008924373257968,0.16469477014379305,0.25049964562488747
1973,USO,GRU,2024-01-01,2026-01-01,24,0.29781188568912287,0.19917696159521722,0.19507174331741628,0.1878348261808695,0.24680396159848558
1974,USO,GRU,2024-01-01,2026-01-01,25,0.4073848816577644,0.328341633210698,0.19350101578590964,0.25077878768905354,0.23982714602333421
1975,USO,GRU,2024-01-01,2026-01-01,26,0.3193549465292414,0.19585266093049944,0.2928464241678062,0.2183678173736262,0.24578580818198947
1976,USO,GRU,2024-01-01,2026-01-01,27,0.2944610143817303,0.2455641539226806,0.20902501232300807,0.2233496810884596,0.25422670984752704
1977,USO,GRU,2024-01-01,2026-01-01,28,0.27254856527372756,0.21696970843575045,0.22471980869436262,0.2088688603643452,0.24575458202819164
1978,USO,GRU,2024-01-01,2026-01-01,29,0.313124743417218,0.23128210611259087,0.2197248637961026,0.2167257399821286,0.24518174692520606
1979,USO,GRU,2024-01-01,2026-01-01,30,0.24553576293312326,0.18766572649182872,0.18213037552541753,0.17067757418608523,0.23883443763488857
1980,USO,GRU,2024-01-01,2026-01-01,31,0.250472276804668,0.21681954113923094,0.20011734950286833,0.17313082541455774,0.24687112859821708
1981,USO,GRU,2024-01-01,2026-01-01,32,0.3586830507527781,0.24909878712751593,0.22599903402168267,0.19838545823771322,0.2471973211801171
1982,USO,GRU,2024-01-01,2026-01-01,33,0.2527705490575742,0.19686665030739994,0.24054989483092587,0.1968501581838194,0.24746739227055864
1983,USO,GRU,2024-01-01,2026-01-01,34,0.3577937291223048,0.17740712109769044,0.18340527752953162,0.19058383436180276,0.24233201750301836
1984,USO,GRU,2024-01-01,2026-01-01,35,0.2665394347815775,0.17220429411080268,0.20818724708735456,0.17893568494084616,0.24443759883624674
1985,USO,GRU,2024-01-01,2026-01-01,36,0.253370648305855,0.20691387813984558,0.18277124032259462,0.1758740347772895,0.25137892293337305
1986,USO,GRU,2024-01-01,2026-01-01,37,0.45177745513659373,0.3548989440882517,0.33024760303443385,0.24426356930163892,0.27444811340994835
1987,USO,GRU,2024-01-01,2026-01-01,38,0.27856452553430966,0.2097435415031522,0.17834439531994295,0.17537241673716364,0.2497394683986807
1988,USO,GRU,2024-01-01,2026-01-01,39,0.2786046369313248,0.2114187705407571,0.24140528490263496,0.17982555066795308,0.2468853811414713
1989,USO,GRU,2024-01-01,2026-01-01,40,0.2524644514673378,0.18493951816112555,0.17024837978706375,0.18112724360472246,0.24380484239527997
1990,USO,GRU,2024-01-01,2026-01-01,41,0.27614396220839976,0.2256231479410017,0.19155378330119016,0.16804260075978972,0.24622455690068376
1991,USO,GRU,2024-01-01,2026-01-01,42,0.26104721768694533,0.18049021166394089,0.18989665561921473,0.17450311799540064,0.24011676954449962
1992,USO,GRU,2024-01-01,2026-01-01,43,0.20951091563381102,0.1641310344343405,0.21280302973900614,0.1652941873161213,0.2567465106287373
1993,USO,GRU,2024-01-01,2026-01-01,44,0.26390169829286025,0.17264682280657342,0.18223420896964626,0.21730801132442892,0.2480689407798026
1994,USO,GRU,2024-01-01,2026-01-01,45,0.3127093414494097,0.1713720323561882,0.19762905485412782,0.15302515657045143,0.24201782583314196
1995,USO,GRU,2024-01-01,2026-01-01,46,0.2862672388129395,0.22400940194055194,0.23024033594350876,0.2405278162112497,0.24748018323520055
1996,USO,GRU,2024-01-01,2026-01-01,47,0.2649529329092563,0.17929154205332506,0.16960761825077242,0.19055759236450287,0.25274364653826553
1997,USO,GRU,2024-01-01,2026-01-01,48,0.22763413034485838,0.18736526541647203,0.2309989964081433,0.25449891353930193,0.25362934588082003
1998,USO,GRU,2024-01-01,2026-01-01,49,0.22602312568289745,0.18357403328912786,0.18209776885991044,0.1800796947698166,0.24177068012687936
1999,USO,GRU,2024-01-01,2026-01-01,50,0.2700806850865077,0.2452191339064254,0.3660104329043221,0.2631942948022217,0.2519351399167757
