,Stock,Type,Start Date,End Date,Seed,Open,High,Low,Close,Volume
0,^GSPTSE,DNN,2022-01-01,2024-01-01,1,0.4836876448093721,0.5318274699333904,0.5121004989378968,0.538350749322342,0.1678491055941438
1,^GSPTSE,DNN,2022-01-01,2024-01-01,2,3.0926263015819515,3.057143618414141,3.220214383556024,3.349306900754194,0.3182915373543079
2,^GSPTSE,DNN,2022-01-01,2024-01-01,3,2.513195812282877,2.5706389973603163,2.6606817797016387,2.85321934005406,0.2168193230664719
3,^GSPTSE,DNN,2022-01-01,2024-01-01,4,0.3585252937392761,0.2864600594834253,0.2681390094618679,0.3282075504435658,0.1750264681283357
4,^GSPTSE,DNN,2022-01-01,2024-01-01,5,1.150148930710932,1.1489023586490918,1.238975147576774,1.2531439666684658,0.1705342281474469
5,^GSPTSE,DNN,2022-01-01,2024-01-01,6,1.2740379674424969,1.3414009964366311,1.453622386521002,1.442254837129736,0.1865258614033396
6,^GSPTSE,DNN,2022-01-01,2024-01-01,7,1.3804307938234033,1.4366579229593266,1.475729803203154,1.4640896552671572,0.1687531054006396
7,^GSPTSE,DNN,2022-01-01,2024-01-01,8,1.1863035198398164,1.1726424923024197,1.2357448247372715,1.189823929761382,0.1664499210957586
8,^GSPTSE,DNN,2022-01-01,2024-01-01,9,1.349633762265015,1.382270523853085,1.444963855002509,1.4306415595969049,0.1679577993147194
9,^GSPTSE,DNN,2022-01-01,2024-01-01,10,1.501590578628535,1.5267387516008806,1.571007260052849,1.616416298238376,0.1682307781111963
10,^GSPTSE,DNN,2022-01-01,2024-01-01,11,1.3017541942580515,1.3105508134857151,1.4292421260166386,1.381760219854093,0.1650203755734775
11,^GSPTSE,DNN,2022-01-01,2024-01-01,12,0.831154025531395,0.9158263139931646,0.9145026375580182,0.9440410105280784,0.1693101436831624
12,^GSPTSE,DNN,2022-01-01,2024-01-01,13,3.4604967215364377,3.5056388916519228,3.69312277101356,3.823285003789771,0.4130049718822199
13,^GSPTSE,DNN,2022-01-01,2024-01-01,14,0.6742993341261774,0.6947686829256788,0.6694981669650237,0.697584826618309,0.1685778791892954
14,^GSPTSE,DNN,2022-01-01,2024-01-01,15,0.5599759232919862,0.5938727390004775,0.6480589953607812,0.6361559711132433,0.1682301215768503
15,^GSPTSE,DNN,2022-01-01,2024-01-01,16,0.8491187069986006,0.8316492431102357,0.8386293287687078,0.8769002063739773,0.1661749939076467
16,^GSPTSE,DNN,2022-01-01,2024-01-01,17,0.4715083934625384,0.48968239679552,0.4885546615346579,0.4619182702790327,0.183067952131962
17,^GSPTSE,DNN,2022-01-01,2024-01-01,18,0.5199632258627872,0.5135643554230629,0.5606675514810956,0.5751675654987235,0.1715834678779105
18,^GSPTSE,DNN,2022-01-01,2024-01-01,19,0.2871096796969587,0.2169740063975362,0.3283646519082599,0.2690883871437202,0.1710590501765747
19,^GSPTSE,DNN,2022-01-01,2024-01-01,20,0.1739424040701534,0.2064908159625035,0.1886495799326426,0.2151724763852052,0.1673580974068994
20,^GSPTSE,DNN,2022-01-01,2024-01-01,21,1.260877424964593,1.2792289002685435,1.3377679869558885,1.34870130822635,0.1875606821938564
21,^GSPTSE,DNN,2022-01-01,2024-01-01,22,0.7861354528796847,0.768629238605757,0.6129579529144618,0.7327562315122224,0.1711148001617254
22,^GSPTSE,DNN,2022-01-01,2024-01-01,23,0.4233519090799608,0.4586724319907006,0.454862000635154,0.5182655684292049,0.1782998551188954
23,^GSPTSE,DNN,2022-01-01,2024-01-01,24,0.4039312479647171,0.2759447724176546,0.2414291585518787,0.3045233362368204,0.1698763877325688
24,^GSPTSE,DNN,2022-01-01,2024-01-01,25,0.8056299214831993,0.8390856637378347,0.8713827061263894,0.8722599646104898,0.1671544675346032
25,^GSPTSE,DNN,2022-01-01,2024-01-01,26,0.6623615599934404,0.701084710264283,0.6786224131735433,0.7365225138739426,0.1725192339676663
26,^GSPTSE,DNN,2022-01-01,2024-01-01,27,0.7951226473826277,0.8619312923235667,0.9743884211617414,0.9862167267616084,0.2195015246182831
27,^GSPTSE,DNN,2022-01-01,2024-01-01,28,0.35180674503177,0.3545692742460894,0.3550488379707843,0.3916505659874603,0.1736094352146191
28,^GSPTSE,DNN,2022-01-01,2024-01-01,29,0.9253671340802668,0.9504810901217988,0.9809375538875544,0.9942281752937072,0.1654282904890839
29,^GSPTSE,DNN,2022-01-01,2024-01-01,30,1.1469391216806508,1.1516116671896346,1.2365985735023348,1.2382950072773489,0.1672890829079734
30,^GSPTSE,DNN,2022-01-01,2024-01-01,31,0.6530433386642998,0.6792654503779255,0.6224763074467946,0.6266667276593765,0.1833208226866587
31,^GSPTSE,DNN,2022-01-01,2024-01-01,32,1.0341057424430404,1.0496697951309486,1.113776887331399,1.0863660648388491,0.169557701194232
32,^GSPTSE,DNN,2022-01-01,2024-01-01,33,1.3854302521194986,1.391113822572979,1.4357084325531455,1.4798234999393047,0.1705994385432233
33,^GSPTSE,DNN,2022-01-01,2024-01-01,34,0.7726956332419551,0.808229288854717,0.7489761822644772,0.8664975586603424,0.168170593871745
34,^GSPTSE,DNN,2022-01-01,2024-01-01,35,0.8695441221710515,0.7824579251668102,0.889187334797099,0.8326215627121921,0.1699030288982257
35,^GSPTSE,DNN,2022-01-01,2024-01-01,36,0.3524433184910967,0.3787249090855286,0.3905365024983062,0.4028024577109995,0.1689083578117231
36,^GSPTSE,DNN,2022-01-01,2024-01-01,37,1.0265558756821591,1.059705156944389,1.1517332454207825,1.1169723542335208,0.1721008170234387
37,^GSPTSE,DNN,2022-01-01,2024-01-01,38,1.0291595425162134,1.0396292221532184,1.165713145568681,1.1312157736348742,0.1650235059811839
38,^GSPTSE,DNN,2022-01-01,2024-01-01,39,2.036647671720725,1.8159144040220527,1.8132289643231183,2.0570118433651694,0.2080805454948094
39,^GSPTSE,DNN,2022-01-01,2024-01-01,40,1.2129759795679285,1.242518983655279,1.231051973875604,1.1806134774979964,0.2074362084060373
40,^GSPTSE,DNN,2022-01-01,2024-01-01,41,0.4676614914742256,0.3364728789281108,0.3751831478873999,0.3990675804694751,0.1671073535076991
41,^GSPTSE,DNN,2022-01-01,2024-01-01,42,0.935112637255774,0.9306847920538625,1.0217456714360558,1.0168386061290653,0.1666354371049285
42,^GSPTSE,DNN,2022-01-01,2024-01-01,43,0.9240775831162426,0.8808443660213541,0.9952972389725716,0.8911542272190319,0.1739681446519875
43,^GSPTSE,DNN,2022-01-01,2024-01-01,44,1.293307395454488,1.2960750269458472,1.408321634596897,1.5121347927570534,0.2029282541560526
44,^GSPTSE,DNN,2022-01-01,2024-01-01,45,1.227227529200272,1.2119113498359697,1.271780125068177,1.2351662104993952,0.172116884269308
45,^GSPTSE,DNN,2022-01-01,2024-01-01,46,1.3137827438385647,1.5508656047634075,1.3105907092530469,1.4544401378583018,0.3080380743522138
46,^GSPTSE,DNN,2022-01-01,2024-01-01,47,0.4285147498848721,0.3578415328757015,0.3956181397202116,0.3157533629080246,0.1713330465552301
47,^GSPTSE,DNN,2022-01-01,2024-01-01,48,0.2402632848191426,0.2252579710109283,0.2581401117310586,0.2604865976508191,0.1682398062200197
48,^GSPTSE,DNN,2022-01-01,2024-01-01,49,0.5938008771885314,0.6249954615178112,0.6371959395617673,0.6323134691645232,0.1771054447645429
49,^GSPTSE,DNN,2022-01-01,2024-01-01,50,0.3497718800076782,0.4120743293695356,0.5125415870934963,0.4782463972804742,0.169772128862526
50,^GSPTSE,DNN,2022-09-01,2024-09-01,1,0.8409082852487553,0.8294055490541792,0.6468008918897808,0.7459996174307567,0.2570347611598892
51,^GSPTSE,DNN,2022-09-01,2024-09-01,2,0.2531018746545112,0.2521179665425037,0.231064441863544,0.2642898994571685,0.2510710277794189
52,^GSPTSE,DNN,2022-09-01,2024-09-01,3,1.467599833543277,1.4952939390036488,1.219481238856453,1.390420893222271,0.2789623365906633
53,^GSPTSE,DNN,2022-09-01,2024-09-01,4,0.8538840867199436,0.8474510399472084,0.7558023517503769,0.8568031811128242,0.2661301974701709
54,^GSPTSE,DNN,2022-09-01,2024-09-01,5,0.2582562076838079,0.3115887404677316,0.2741189151505511,0.2691042244215591,0.251482609646774
55,^GSPTSE,DNN,2022-09-01,2024-09-01,6,0.9002522868140703,0.8855196188738768,0.7439463986886429,0.8461423688179694,0.2623387193815431
56,^GSPTSE,DNN,2022-09-01,2024-09-01,7,1.1630127427106354,1.1000161629961378,0.9942785261287173,1.0536543706288393,0.3293926145464293
57,^GSPTSE,DNN,2022-09-01,2024-09-01,8,1.466204640200598,1.5069829451394856,1.3069628731639449,1.403848345040632,0.2571893210350447
58,^GSPTSE,DNN,2022-09-01,2024-09-01,9,0.2579784027321168,0.2435606709640459,0.2266724178385222,0.3692532834672737,0.2657822674313286
59,^GSPTSE,DNN,2022-09-01,2024-09-01,10,1.771669599066758,1.8157132554198705,1.5188666845025325,1.775585473133494,0.2647931526284232
60,^GSPTSE,DNN,2022-09-01,2024-09-01,11,0.4799956691898667,0.4987746175605216,0.5116555554642588,0.5408730509647384,0.3347387649459608
61,^GSPTSE,DNN,2022-09-01,2024-09-01,12,0.8260726572137416,0.9970842047445784,0.8407610032637668,0.8111135312777464,0.306098151683097
62,^GSPTSE,DNN,2022-09-01,2024-09-01,13,0.9178967893151254,0.7607687753716164,0.7817217324833677,0.86263854771674,0.2705320842233781
63,^GSPTSE,DNN,2022-09-01,2024-09-01,14,0.7486449075341696,0.7384466465078713,0.5475871549596476,0.5971226834988556,0.287194583463389
64,^GSPTSE,DNN,2022-09-01,2024-09-01,15,1.1167516811856075,1.1166807378128412,0.905592352426006,1.0302038642404523,0.2825087485335321
65,^GSPTSE,DNN,2022-09-01,2024-09-01,16,2.0404147452954846,1.9802192700460293,1.6429928357178478,1.8935084313041235,0.2538305740159392
66,^GSPTSE,DNN,2022-09-01,2024-09-01,17,0.238797261657096,0.287599738077372,0.2123451599302968,0.2211124527825535,0.2617946666087987
67,^GSPTSE,DNN,2022-09-01,2024-09-01,18,1.5835001535049598,1.562622653396259,1.2259714066608138,1.4768464674680686,0.264038350665909
68,^GSPTSE,DNN,2022-09-01,2024-09-01,19,1.8182121108368217,1.8564793783855968,1.4637197929944956,1.7465326901467522,0.4038665839202828
69,^GSPTSE,DNN,2022-09-01,2024-09-01,20,2.0437651017851683,1.986617935558126,1.6259787275632336,1.8224521036847647,0.2707257945094277
70,^GSPTSE,DNN,2022-09-01,2024-09-01,21,0.711675650128191,0.7281503218587929,0.5781287321337375,0.6736345236212955,0.255777460247495
71,^GSPTSE,DNN,2022-09-01,2024-09-01,22,1.4105682588032933,1.5057587973861215,1.1151370744564562,1.256366929156052,0.327582909502984
72,^GSPTSE,DNN,2022-09-01,2024-09-01,23,2.1769381407722417,2.2082819875828754,1.9506145477167045,2.1938823149191555,0.2657944516301342
73,^GSPTSE,DNN,2022-09-01,2024-09-01,24,0.8576309091244051,0.9341254066906124,0.7979319540369701,0.8409639865607746,0.2531363932633685
74,^GSPTSE,DNN,2022-09-01,2024-09-01,25,0.2379207597959043,0.2271961565046375,0.2221580529563419,0.2235452296226029,0.250391153393312
75,^GSPTSE,DNN,2022-09-01,2024-09-01,26,1.783469618631911,1.6557643771126964,1.4392776031432433,1.6234070253857862,0.2555582394427204
76,^GSPTSE,DNN,2022-09-01,2024-09-01,27,1.3590027662747266,1.3987540146414952,1.2093268277406664,1.3458717686135997,0.3205456961874292
77,^GSPTSE,DNN,2022-09-01,2024-09-01,28,3.006348148555269,2.7681560124303823,2.5620454862913222,2.984569243220644,0.4268000261446992
78,^GSPTSE,DNN,2022-09-01,2024-09-01,29,13.910865875150082,12.020937081681096,10.152743530865296,11.662226908706185,2.737552791834324
79,^GSPTSE,DNN,2022-09-01,2024-09-01,30,0.6671458040984941,0.7671236313327658,0.6272206846149364,0.7220854519569944,0.3528525729361531
80,^GSPTSE,DNN,2022-09-01,2024-09-01,31,1.185616963407957,1.086405424188689,0.9121275829139472,1.145051433138599,0.3266011430786039
81,^GSPTSE,DNN,2022-09-01,2024-09-01,32,0.2677544564434538,0.3596034166926022,0.3291663624365312,0.27897031574555,0.2498303857658246
82,^GSPTSE,DNN,2022-09-01,2024-09-01,33,1.4131404671979635,1.4461369738372365,1.183298609544271,1.3416689203321517,0.2565754170801514
83,^GSPTSE,DNN,2022-09-01,2024-09-01,34,0.6420711704696295,0.6605799689637845,0.4970079380602842,0.6717918079653686,0.2859010085736985
84,^GSPTSE,DNN,2022-09-01,2024-09-01,35,0.7172913692345996,0.6436125825201509,0.5534228785537968,0.5260552265318635,0.2604611781605971
85,^GSPTSE,DNN,2022-09-01,2024-09-01,36,0.3402513189283497,0.3436889798618155,0.3015392920055729,0.3171040611893208,0.2635582474189709
86,^GSPTSE,DNN,2022-09-01,2024-09-01,37,1.772627944384996,1.7688481238868532,1.5061855086762734,1.702746190892878,0.2600416036973271
87,^GSPTSE,DNN,2022-09-01,2024-09-01,38,0.666159754127889,0.9295600443090248,0.4921594597839617,0.5995391050952973,0.2548897639331635
88,^GSPTSE,DNN,2022-09-01,2024-09-01,39,1.869321688472877,1.943432909600784,1.5086384478663604,1.714408174165074,0.7579354616184273
89,^GSPTSE,DNN,2022-09-01,2024-09-01,40,3.9619642460477262,3.778064654904907,3.190081655379806,3.858916265223128,0.763218309308326
90,^GSPTSE,DNN,2022-09-01,2024-09-01,41,1.458893333319004,1.4823611337224587,1.2340909001857403,1.4001036761108754,0.2598054771352453
91,^GSPTSE,DNN,2022-09-01,2024-09-01,42,1.736417192491654,1.784066347386312,1.4721376928401184,1.6696156679348764,0.2650560125086651
92,^GSPTSE,DNN,2022-09-01,2024-09-01,43,1.2485903073960418,1.255943160565063,1.0661278880103902,1.1793269771245307,0.2562896548829628
93,^GSPTSE,DNN,2022-09-01,2024-09-01,44,0.3389122410175035,0.2646413900261716,0.2628762676800618,0.3290440934513725,0.2851261506136742
94,^GSPTSE,DNN,2022-09-01,2024-09-01,45,0.2073074581232592,0.2057365967029459,0.1923627456541853,0.2042899232719577,0.2988013095326144
95,^GSPTSE,DNN,2022-09-01,2024-09-01,46,2.200320721941812,2.106936034597298,1.7573377440771627,1.9840577610674364,0.2555003913090174
96,^GSPTSE,DNN,2022-09-01,2024-09-01,47,0.2309610421339721,0.2222140500413176,0.2258600577259188,0.226701043851379,0.2661177011542838
97,^GSPTSE,DNN,2022-09-01,2024-09-01,48,2.1133946269091632,2.051070910262292,1.562952396506136,1.9308336992800283,0.450042899152791
98,^GSPTSE,DNN,2022-09-01,2024-09-01,49,0.2854005820078447,0.2739964880078225,0.2861817938310883,0.2848385093006938,0.2599040128451068
99,^GSPTSE,DNN,2022-09-01,2024-09-01,50,1.7031307350081,1.667687700839278,1.7424210250095946,1.8503407473928275,0.36740105983486
100,^GSPTSE,DNN,2023-05-01,2025-05-01,1,0.2770935440208825,0.3269554241940599,0.3318459424412096,0.2931297827645633,0.3010774608876433
101,^GSPTSE,DNN,2023-05-01,2025-05-01,2,0.4593037636008708,0.6096880157749001,0.5191099052482139,0.4946361703574524,0.3073711690841288
102,^GSPTSE,DNN,2023-05-01,2025-05-01,3,0.4071693984137246,0.5347760735005914,0.4750230702407537,0.4550775690241487,0.2921625752978476
103,^GSPTSE,DNN,2023-05-01,2025-05-01,4,0.3699590838350768,0.5163124214652097,0.3546253201643872,0.3755712145108294,0.312438039586442
104,^GSPTSE,DNN,2023-05-01,2025-05-01,5,0.2688226418786226,0.3161180413795175,0.3045920731320195,0.2841041221897858,0.2948067743003794
105,^GSPTSE,DNN,2023-05-01,2025-05-01,6,0.8525859469343866,1.1648416703216042,0.805833879663922,0.8563008549122068,0.2946773508371119
106,^GSPTSE,DNN,2023-05-01,2025-05-01,7,0.2952734828540486,0.4110725497882461,0.3167231910652908,0.3400512703302358,0.3091465042625909
107,^GSPTSE,DNN,2023-05-01,2025-05-01,8,2.8155050416437297,3.754082629700788,2.9607437211175665,2.898757157364217,0.3604191081396058
108,^GSPTSE,DNN,2023-05-01,2025-05-01,9,1.1349120699572814,1.506405464895504,1.1275570886146211,1.2089162285272843,0.3232446590800527
109,^GSPTSE,DNN,2023-05-01,2025-05-01,10,0.2559359064869725,0.320722067801821,0.2915659128465406,0.2807016824437103,0.329477635457888
110,^GSPTSE,DNN,2023-05-01,2025-05-01,11,0.4170019470212748,0.4620250610652106,0.4238482038069177,0.3957500480638219,0.3024230567642648
111,^GSPTSE,DNN,2023-05-01,2025-05-01,12,0.6494928331701099,0.9049838966144156,0.5891779441910833,0.6743706238571391,0.3112261428993648
112,^GSPTSE,DNN,2023-05-01,2025-05-01,13,0.7260518157073206,0.999328946509259,0.7601757091353901,0.7746514210858646,0.3409575113626161
113,^GSPTSE,DNN,2023-05-01,2025-05-01,14,0.3463458586118175,0.4177705638298229,0.3877689971976446,0.339447330955003,0.3383316515468276
114,^GSPTSE,DNN,2023-05-01,2025-05-01,15,0.6648482585963851,0.9214168396598178,0.7044094583799504,0.7223853737353265,0.3161266498875157
115,^GSPTSE,DNN,2023-05-01,2025-05-01,16,0.6576228372270375,0.7182275846055461,0.6221404071696601,0.6791667953796199,0.2969492620581337
116,^GSPTSE,DNN,2023-05-01,2025-05-01,17,0.4356616227452896,0.6147781988584174,0.5193771801722569,0.4329276954755043,0.3083720843472185
117,^GSPTSE,DNN,2023-05-01,2025-05-01,18,0.3853226959691132,0.4682988801363261,0.4147279514870383,0.4004062223297709,0.2933020720249238
118,^GSPTSE,DNN,2023-05-01,2025-05-01,19,0.2559617583816483,0.3108519245154527,0.2955501791195946,0.2736279722728293,0.3142458883906729
119,^GSPTSE,DNN,2023-05-01,2025-05-01,20,0.7770258185722849,1.0299013458002415,0.7648923100373886,0.813720354440497,0.2948798419928314
120,^GSPTSE,DNN,2023-05-01,2025-05-01,21,0.247445536640881,0.289790753055039,0.281025629056954,0.2654845551574206,0.2966288148183786
121,^GSPTSE,DNN,2023-05-01,2025-05-01,22,0.8198303827195932,1.1913399536424387,0.8087171742999663,0.8748513751845512,0.3247835917424108
122,^GSPTSE,DNN,2023-05-01,2025-05-01,23,0.4888314767369508,0.473918212126069,0.4288231048286275,0.4991065479356428,0.2996537145187005
123,^GSPTSE,DNN,2023-05-01,2025-05-01,24,0.8840191261626774,1.0821502416333657,0.8505121351616531,0.7880646462354247,0.2950999270638467
124,^GSPTSE,DNN,2023-05-01,2025-05-01,25,0.2634190799944599,0.3334651013959548,0.2850746930036031,0.2867689107513939,0.2977073118340024
125,^GSPTSE,DNN,2023-05-01,2025-05-01,26,0.2648421455595117,0.2893302237425282,0.2954154106892849,0.27324788111963,0.2942955310628926
126,^GSPTSE,DNN,2023-05-01,2025-05-01,27,0.6099807552838313,0.7743375870887446,0.6154558582461348,0.6008791220340785,0.3375636801420715
127,^GSPTSE,DNN,2023-05-01,2025-05-01,28,1.1525550142357708,1.4965391338116287,1.0676940518510087,1.1221686162290565,0.28855437632496
128,^GSPTSE,DNN,2023-05-01,2025-05-01,29,0.3034206855244096,0.3584204110334913,0.3520499529555138,0.292271380069441,0.3441407396874897
129,^GSPTSE,DNN,2023-05-01,2025-05-01,30,0.3542867983384598,0.4463457569667282,0.3735704411362512,0.3688014261023981,0.2992743110344196
130,^GSPTSE,DNN,2023-05-01,2025-05-01,31,0.277871285440068,0.3002183634807254,0.3168056185692238,0.2728168377693682,0.2981495605515513
131,^GSPTSE,DNN,2023-05-01,2025-05-01,32,1.7075890859270175,2.1157490157039023,1.3917903165951369,1.5006308207260877,0.3047030616344697
132,^GSPTSE,DNN,2023-05-01,2025-05-01,33,0.3006075895418914,0.3668560856912546,0.3501200672824947,0.3209796442827328,0.2931321794106458
133,^GSPTSE,DNN,2023-05-01,2025-05-01,34,0.2619432583081343,0.396220899807219,0.2914495954516359,0.31352969578361,0.3084281585986871
134,^GSPTSE,DNN,2023-05-01,2025-05-01,35,1.391398737885174,2.204086820934932,1.3611576187582028,1.8082460210755145,0.3174213681870512
135,^GSPTSE,DNN,2023-05-01,2025-05-01,36,1.2934709874923318,1.93702054081131,1.2217948305571598,1.3658493261407785,0.3156500436824154
136,^GSPTSE,DNN,2023-05-01,2025-05-01,37,0.5514348023519557,0.7661669572874643,0.5346773164463846,0.5613780497776337,0.3098725630997315
137,^GSPTSE,DNN,2023-05-01,2025-05-01,38,0.3532184531655429,0.4425754003639385,0.3859021767986435,0.3583492043273152,0.2937884296035817
138,^GSPTSE,DNN,2023-05-01,2025-05-01,39,0.2576449544763893,0.3338569072749213,0.3053547809374785,0.3144810649560015,0.2911507275995507
139,^GSPTSE,DNN,2023-05-01,2025-05-01,40,1.0776497216375351,1.4972421679383694,0.9632266281936154,1.1059659645953483,0.3043399111917773
140,^GSPTSE,DNN,2023-05-01,2025-05-01,41,0.4000971092496734,0.6677435227976982,0.4100553667195421,0.4395350698177512,0.3220015272189481
141,^GSPTSE,DNN,2023-05-01,2025-05-01,42,0.2656969253478718,0.3226447341612983,0.3250311714684973,0.328676769450582,0.3167753499213275
142,^GSPTSE,DNN,2023-05-01,2025-05-01,43,0.3329164786341481,0.3761411621107963,0.3665185023164223,0.3426857287753086,0.2978107997723768
143,^GSPTSE,DNN,2023-05-01,2025-05-01,44,1.1122545270106028,1.8295167680262805,1.0044485958071598,1.2943637731975963,0.3321541861996254
144,^GSPTSE,DNN,2023-05-01,2025-05-01,45,1.3217177498786248,1.836996256341259,1.3742578217092227,1.4195414035950775,0.3029863989251266
145,^GSPTSE,DNN,2023-05-01,2025-05-01,46,1.0720155010639612,1.595023562152952,1.106268506795936,1.1183953021694957,0.384816150580875
146,^GSPTSE,DNN,2023-05-01,2025-05-01,47,0.2617843317091952,0.2949888623172068,0.2982943501416288,0.2715222163265023,0.2959832851037913
147,^GSPTSE,DNN,2023-05-01,2025-05-01,48,0.3557902975462867,0.5581734553383296,0.3574934737604134,0.3929315998465326,0.3062546946693242
148,^GSPTSE,DNN,2023-05-01,2025-05-01,49,0.7755624372071686,1.028528220160805,0.7621092474555208,0.7912326719883191,0.2955218232970162
149,^GSPTSE,DNN,2023-05-01,2025-05-01,50,0.4366879285377488,0.6311942034184651,0.4449706721074143,0.4765992477703046,0.2889469573644515
150,^GSPTSE,DNN,2024-01-01,2026-01-01,1,0.2027010855463512,0.35030957150633,0.1579040429135121,0.1918400107698443,0.1653645541411065
151,^GSPTSE,DNN,2024-01-01,2026-01-01,2,1.1992954770724764,1.2908480867290368,1.2634767861137344,1.2157315871154752,0.1619613675670889
152,^GSPTSE,DNN,2024-01-01,2026-01-01,3,0.3119865666834182,0.3531226401508624,0.2938326962185961,0.3343680150748004,0.2053255640979711
153,^GSPTSE,DNN,2024-01-01,2026-01-01,4,0.3605610954755708,0.2934314948310267,0.2672920684762538,0.4692797645281407,0.1655433379176458
154,^GSPTSE,DNN,2024-01-01,2026-01-01,5,2.608796295817316,2.7608768206335847,2.6148121007060734,2.330323718731897,0.2052923496304715
155,^GSPTSE,DNN,2024-01-01,2026-01-01,6,0.3330394921280866,0.2124309351167637,0.3048642086698646,0.3258437123475463,0.1664798061393814
156,^GSPTSE,DNN,2024-01-01,2026-01-01,7,1.8357398916250167,1.8705330461502323,2.006852759936228,1.8296582268257149,0.1678243482713699
157,^GSPTSE,DNN,2024-01-01,2026-01-01,8,0.1289046962686865,0.1509802869395517,0.1459662589909856,0.1912145583895776,0.1666933926755852
158,^GSPTSE,DNN,2024-01-01,2026-01-01,9,1.0738866299300611,1.1789772060828212,1.074225778332453,1.0145443993073924,0.1616182195579274
159,^GSPTSE,DNN,2024-01-01,2026-01-01,10,0.4252660960209602,0.5122492511914114,0.4926199082317442,0.3372127331587276,0.1629485428215339
160,^GSPTSE,DNN,2024-01-01,2026-01-01,11,0.4221599181021513,0.4339864752223933,0.4512634949257947,0.3313621026744943,0.1741710124169326
161,^GSPTSE,DNN,2024-01-01,2026-01-01,12,0.9988452237011304,1.0091283335366874,0.988753083825772,0.8084922755570751,0.1634853336121133
162,^GSPTSE,DNN,2024-01-01,2026-01-01,13,1.3387348811065454,1.3409762823161746,1.1947648847641723,1.233052671370497,0.1718371916514231
163,^GSPTSE,DNN,2024-01-01,2026-01-01,14,1.3835474594476542,1.381694185619213,1.230742599542869,1.1820933807681395,0.1743894835439233
164,^GSPTSE,DNN,2024-01-01,2026-01-01,15,0.2121624391925633,0.1940162362187932,0.1128238777443334,0.2026400576694562,0.1623187012367728
165,^GSPTSE,DNN,2024-01-01,2026-01-01,16,0.1258246745083319,0.1570392253887675,0.167877346508655,0.1350730220950795,0.1882776261656281
166,^GSPTSE,DNN,2024-01-01,2026-01-01,17,0.6956217089959448,0.6123010787815668,0.4383049044351245,0.4167256425258498,0.1873624511755402
167,^GSPTSE,DNN,2024-01-01,2026-01-01,18,0.3705977205283913,0.5227831970953882,0.3305614884421984,0.4497914926307347,0.2235441418449993
168,^GSPTSE,DNN,2024-01-01,2026-01-01,19,0.1952082172500221,0.2524415525575842,0.2433860407837273,0.1867867806299753,0.1622850897008714
169,^GSPTSE,DNN,2024-01-01,2026-01-01,20,1.0938370006337026,1.1258827290061162,1.0509680009766118,1.102936128527604,0.1730512967622781
170,^GSPTSE,DNN,2024-01-01,2026-01-01,21,1.082989512662168,1.1201967740063354,1.2192155881217517,1.0473309489154876,0.1654842071968775
171,^GSPTSE,DNN,2024-01-01,2026-01-01,22,2.255732731633063,2.431439271714779,2.3593453215487457,2.195342829391234,0.163898768979618
172,^GSPTSE,DNN,2024-01-01,2026-01-01,23,1.3836760116509024,1.309407951686819,1.2340148570678595,1.3193692340922845,0.1707712590541672
173,^GSPTSE,DNN,2024-01-01,2026-01-01,24,0.1644888245045575,0.1888756709304584,0.1524244419585731,0.1631862360928714,0.1635247064362549
174,^GSPTSE,DNN,2024-01-01,2026-01-01,25,1.2018870506016983,1.2905281302434906,1.1850406105197215,1.237878836762059,0.1709862540016226
175,^GSPTSE,DNN,2024-01-01,2026-01-01,26,0.3803571633184235,0.4521460880706802,0.4383100257397254,0.4288231923118125,0.1656577358192904
176,^GSPTSE,DNN,2024-01-01,2026-01-01,27,1.3207154725444836,1.4202253469162365,1.4312540871088737,1.326170244720839,0.2073548622244648
177,^GSPTSE,DNN,2024-01-01,2026-01-01,28,1.3746069680307509,1.3244210009522697,1.1123751796146897,1.360673258383639,0.18095861098329
178,^GSPTSE,DNN,2024-01-01,2026-01-01,29,2.0556931158585554,2.352933798139348,1.974464476500491,1.97845387358404,0.2027582320405368
179,^GSPTSE,DNN,2024-01-01,2026-01-01,30,1.7959533726052717,1.8335228925076448,1.868399115581814,1.7436494309884203,0.170628155003752
180,^GSPTSE,DNN,2024-01-01,2026-01-01,31,2.776028490502505,2.9671863503613527,2.719146804402336,2.691683952393489,0.1611455144575304
181,^GSPTSE,DNN,2024-01-01,2026-01-01,32,1.966529020545268,1.8047529846327552,1.893448051097164,1.7273890764879452,0.2015851702241292
182,^GSPTSE,DNN,2024-01-01,2026-01-01,33,1.582933936274116,1.833350081440596,1.5254853235204255,1.550229270190714,0.1615250253184399
183,^GSPTSE,DNN,2024-01-01,2026-01-01,34,0.6838011902535024,0.805724487787229,0.5758996240352408,0.7353148876278369,0.1772970534033984
184,^GSPTSE,DNN,2024-01-01,2026-01-01,35,1.7138694738816245,1.7900853247518318,1.901132776239074,1.5683678506422871,0.1648793652820213
185,^GSPTSE,DNN,2024-01-01,2026-01-01,36,0.3938933119680213,0.5499932377215773,0.4468257453101933,0.4102550371667098,0.1681812144511504
186,^GSPTSE,DNN,2024-01-01,2026-01-01,37,2.573964590137785,2.867420273714865,2.6398578928972225,2.524035114835919,0.1821767170277395
187,^GSPTSE,DNN,2024-01-01,2026-01-01,38,0.1377439916857685,0.1404161591971623,0.1286593919291374,0.2034196609887391,0.2223366373198825
188,^GSPTSE,DNN,2024-01-01,2026-01-01,39,1.2296514300673,1.3332728645421932,1.2363125705509252,1.196756999553343,0.1618916940218743
189,^GSPTSE,DNN,2024-01-01,2026-01-01,40,0.5526083517246095,0.6324255517111782,0.7758940835606246,0.712966557850022,0.1636300422052432
190,^GSPTSE,DNN,2024-01-01,2026-01-01,41,1.5390559649768136,1.766192176598459,1.758505286702549,1.64725985538092,0.1621281505741524
191,^GSPTSE,DNN,2024-01-01,2026-01-01,42,0.2939538477665004,0.2394219420774504,0.2454451477883653,0.2804079445641653,0.1615037235486222
192,^GSPTSE,DNN,2024-01-01,2026-01-01,43,1.557141379683952,1.6464414379692112,1.5926039002269046,1.563783845073944,0.1751290703599286
193,^GSPTSE,DNN,2024-01-01,2026-01-01,44,0.6051393329065695,0.5215292931407903,0.5732561935206613,0.5768628550727295,0.1698603394145343
194,^GSPTSE,DNN,2024-01-01,2026-01-01,45,0.3187812923582309,0.2585379975316209,0.2700644798189585,0.3077546976310668,0.2011806290239411
195,^GSPTSE,DNN,2024-01-01,2026-01-01,46,1.815167310796302,2.297342815776669,1.882835751655354,2.0482080912899763,0.1626063824711347
196,^GSPTSE,DNN,2024-01-01,2026-01-01,47,0.6047570534051181,0.5496529024457614,0.5585876440536236,0.5549608074428765,0.1640211010169708
197,^GSPTSE,DNN,2024-01-01,2026-01-01,48,0.3686220123458378,0.3765007852924368,0.4377802342229079,0.4123253903873148,0.184332535290824
198,^GSPTSE,DNN,2024-01-01,2026-01-01,49,0.1060453781497534,0.1073116709926558,0.1014476544923539,0.1177966651017666,0.1624172326867669
199,^GSPTSE,DNN,2024-01-01,2026-01-01,50,0.17407860699386,0.2725693095845958,0.1588998258750376,0.4264792595318328,0.1614013839502551
200,SLV,DNN,2022-01-01,2024-01-01,1,1.4050881243351248,1.2899174494702692,1.0697471704701014,1.1574024411647168,0.2359713647508545
201,SLV,DNN,2022-01-01,2024-01-01,2,0.7939108058472265,0.4939703034456864,0.7468890078539696,0.428588491540694,0.3676393334276639
202,SLV,DNN,2022-01-01,2024-01-01,3,0.94313362686862,0.7927255317441154,1.0915807054626094,0.7857747326860619,0.4843764352586031
203,SLV,DNN,2022-01-01,2024-01-01,4,1.2220895444884106,1.195091584205051,1.1814192424398977,1.314650797026771,0.268019805814696
204,SLV,DNN,2022-01-01,2024-01-01,5,0.701837231433618,0.6443024717180624,0.5079288994285293,0.5496625730041477,0.2866035054810934
205,SLV,DNN,2022-01-01,2024-01-01,6,0.6026370857209065,0.5681253312647565,0.6296880868424964,0.4598038629610226,0.3423852798271896
206,SLV,DNN,2022-01-01,2024-01-01,7,0.7528351710480468,0.7116055440484093,0.793727868308745,0.6703173426624646,0.3231912351195641
207,SLV,DNN,2022-01-01,2024-01-01,8,1.318397126951803,1.328127617862931,1.4783442532206867,1.466304198635241,0.2585576696607336
208,SLV,DNN,2022-01-01,2024-01-01,9,1.562195330921759,1.557127518556566,1.4408341928418678,1.4014853846354045,0.5350697357674176
209,SLV,DNN,2022-01-01,2024-01-01,10,1.0251769566488274,1.083634046722317,1.007381567233462,1.0381380023728797,0.3306502042584707
210,SLV,DNN,2022-01-01,2024-01-01,11,0.363059377821548,0.504794904902241,0.6212743772503169,0.4545924763829447,0.2748131087665569
211,SLV,DNN,2022-01-01,2024-01-01,12,1.2747369139647675,1.209102646936536,1.1066543764328571,1.0953715729652589,0.2444822198797603
212,SLV,DNN,2022-01-01,2024-01-01,13,0.6339405499035088,0.6923957214277171,0.7487100593046497,0.6782114456686206,0.2690387241978001
213,SLV,DNN,2022-01-01,2024-01-01,14,2.1984804939511693,1.5807715829975548,1.254536092852466,1.441055730990509,0.2680476587508944
214,SLV,DNN,2022-01-01,2024-01-01,15,1.1523773208481505,1.0607022750144677,1.0309782373864378,1.0672879164425744,0.3592576219605016
215,SLV,DNN,2022-01-01,2024-01-01,16,1.425242011182883,1.1543581250602457,1.2905965124920993,1.4121617604433625,0.2855590665952427
216,SLV,DNN,2022-01-01,2024-01-01,17,0.6756084391304996,0.5238018321022067,0.5209373175181422,0.5756622469395434,0.2598588943241819
217,SLV,DNN,2022-01-01,2024-01-01,18,0.5441159329725809,0.3848461137793579,0.3913280665443897,0.3771449889202548,0.2724591719582226
218,SLV,DNN,2022-01-01,2024-01-01,19,0.5193124672304478,0.4111122939073102,0.3984839144904511,0.4583809882659014,0.3059913664078174
219,SLV,DNN,2022-01-01,2024-01-01,20,0.6246027549311021,0.3268282427206223,0.2592431409683244,0.2661410078662062,0.253902353725205
220,SLV,DNN,2022-01-01,2024-01-01,21,0.8518798398383498,0.8134182559055443,0.8143870410863316,0.75967821582022,0.3071538957003574
221,SLV,DNN,2022-01-01,2024-01-01,22,0.7267338919966319,0.3910086972156972,0.4577540862370506,0.3332720373829025,0.2914776517620414
222,SLV,DNN,2022-01-01,2024-01-01,23,0.9717941526510016,0.9855080784266064,0.8515939286588167,0.8694292671078254,0.3686698504767557
223,SLV,DNN,2022-01-01,2024-01-01,24,0.9501036302857088,0.6680530401063025,0.5214545635365349,0.5552800588681825,0.4309401412751041
224,SLV,DNN,2022-01-01,2024-01-01,25,0.5477412946296483,0.5595625986813506,0.4149823696266189,0.3463984832530927,0.2742303357180884
225,SLV,DNN,2022-01-01,2024-01-01,26,0.5770119834518144,0.3071608120295633,0.2283527863465081,0.258792439649441,0.2834183683148836
226,SLV,DNN,2022-01-01,2024-01-01,27,1.0840209342096288,0.9420528669235856,0.8415089528048489,0.8516494785723983,0.2867912448331715
227,SLV,DNN,2022-01-01,2024-01-01,28,0.6740154646651574,0.523936385805928,0.3972647901685597,0.4445253646951176,0.2477311369201443
228,SLV,DNN,2022-01-01,2024-01-01,29,2.2147085070561827,2.190445085756837,2.286024138625768,2.1811162872959726,1.0706937236058414
229,SLV,DNN,2022-01-01,2024-01-01,30,2.037091205898323,2.0213641646348823,2.144568122797728,2.1807567101765724,0.4241950903871537
230,SLV,DNN,2022-01-01,2024-01-01,31,4.268059852271025,4.243675737974187,4.053333814113433,4.340649604475937,1.0540598661641662
231,SLV,DNN,2022-01-01,2024-01-01,32,2.2045397557058526,2.126233790855713,1.830034473827476,1.801587408832391,0.3057385034677884
232,SLV,DNN,2022-01-01,2024-01-01,33,0.7789756555106965,0.7591540668444928,0.645086181175993,0.6872966926115281,0.2701953348563967
233,SLV,DNN,2022-01-01,2024-01-01,34,0.4735581939442417,0.3826845340421518,0.3631289661139659,0.3936954072814516,0.2705331409995591
234,SLV,DNN,2022-01-01,2024-01-01,35,0.9783281607642546,0.842169436986299,0.7709358591958644,0.8003574949443888,0.2558776091876739
235,SLV,DNN,2022-01-01,2024-01-01,36,2.3665044786894,2.111438798882784,1.955858557400849,2.049175639986897,0.2931080894417393
236,SLV,DNN,2022-01-01,2024-01-01,37,0.5713547411890052,0.4311100122094509,0.4735122666241605,0.3969499965952306,0.265663597520453
237,SLV,DNN,2022-01-01,2024-01-01,38,0.9580509275974456,0.7601503186132806,0.6472985940861241,0.6985472166805102,0.2820150617924666
238,SLV,DNN,2022-01-01,2024-01-01,39,1.2659677662969573,0.743063193342255,0.6510805566966401,0.9133707133870952,0.2601640891777887
239,SLV,DNN,2022-01-01,2024-01-01,40,0.8505127399124375,0.6672850767476718,0.6354233652968596,0.6658986971289624,0.2828303724172806
240,SLV,DNN,2022-01-01,2024-01-01,41,0.4791960674249803,0.2767491642149226,0.2486660215931906,0.2396810811350459,0.281686891449864
241,SLV,DNN,2022-01-01,2024-01-01,42,0.515482906688703,0.538072926937858,0.5274731151824477,0.5446900116393802,0.2651119220998005
242,SLV,DNN,2022-01-01,2024-01-01,43,0.8466740216537973,0.6871092924727509,0.5844089331914426,0.5695789865673715,0.2653149386962601
243,SLV,DNN,2022-01-01,2024-01-01,44,1.5032061445243494,1.5101861861014922,1.4652791689495157,1.3317819033579927,0.2467273116613699
244,SLV,DNN,2022-01-01,2024-01-01,45,0.6390447290250787,0.5060060485108578,0.442071833706944,0.4430834303465511,0.244317015584414
245,SLV,DNN,2022-01-01,2024-01-01,46,0.6551387308464529,0.4231169108581498,0.2697548064734484,0.3416651706514882,0.2607201027688118
246,SLV,DNN,2022-01-01,2024-01-01,47,0.4800710836902432,0.3072107172866304,0.327684605858577,0.3718858429936917,0.2668415701016035
247,SLV,DNN,2022-01-01,2024-01-01,48,0.4886951229703317,0.3909368842005067,0.2515177840687558,0.3316956217688986,0.2497444236351792
248,SLV,DNN,2022-01-01,2024-01-01,49,5.5347985471339936,4.71158688367437,4.323998076008625,4.660212987848421,0.3970318348545772
249,SLV,DNN,2022-01-01,2024-01-01,50,1.0135739136360684,1.005346381352583,0.8813773332255046,0.9792601521510912,0.2562873229328933
250,SLV,DNN,2022-09-01,2024-09-01,1,0.5505239597229883,0.6415744787771868,0.5954884126475104,0.5827854221169547,0.2937707054542711
251,SLV,DNN,2022-09-01,2024-09-01,2,0.8973835556358213,1.0570904394870635,0.9481388943203184,0.8256451515688124,0.3050038788117984
252,SLV,DNN,2022-09-01,2024-09-01,3,0.7129384959287502,0.5995918629118322,0.7542762190468765,0.7034091590902788,0.2496696199830175
253,SLV,DNN,2022-09-01,2024-09-01,4,0.5361289534789243,0.5696895058922713,0.6379173860849052,0.6267599375907752,0.2620821614195228
254,SLV,DNN,2022-09-01,2024-09-01,5,0.516426805151387,0.445174584272024,0.4289016622272591,0.4753212459228065,0.2341940972881633
255,SLV,DNN,2022-09-01,2024-09-01,6,1.1918196258211606,1.2655522550724985,1.0348046379884115,1.0409856755509266,0.2335070119147211
256,SLV,DNN,2022-09-01,2024-09-01,7,0.5419962827115907,0.4466027037444449,0.4088192730877664,0.4023645120562527,0.2506485784921795
257,SLV,DNN,2022-09-01,2024-09-01,8,1.1343968332112058,1.240061907555538,1.0808612417984005,1.101663843361221,0.3594581437407951
258,SLV,DNN,2022-09-01,2024-09-01,9,0.6965151354308551,0.6123426089479522,0.8657721963065224,0.6859512626650418,0.2333473357545768
259,SLV,DNN,2022-09-01,2024-09-01,10,0.9156495221474112,1.0407001009801988,0.8510537220554207,0.8184925750103254,0.2283910946166902
260,SLV,DNN,2022-09-01,2024-09-01,11,1.2470056830317604,1.0401674567036294,0.723783746874575,0.4725414459889188,0.3122400718580701
261,SLV,DNN,2022-09-01,2024-09-01,12,1.3765367411502802,1.5391021231028863,1.3233501301150876,1.3013701325370624,0.2480900290546008
262,SLV,DNN,2022-09-01,2024-09-01,13,1.5375326414291373,1.736863451399449,1.5440264490046924,1.4299537861746292,0.2287624388444887
263,SLV,DNN,2022-09-01,2024-09-01,14,2.0141367936212218,1.777088036686755,1.4096445713453656,2.0018712092560103,0.2773021023586131
264,SLV,DNN,2022-09-01,2024-09-01,15,0.5724658939884054,0.5669668305492599,0.547385379201631,0.476023462442016,0.2429171120430596
265,SLV,DNN,2022-09-01,2024-09-01,16,0.5568410314561577,0.5715585929997116,0.559491055965022,0.5395550768819466,0.2757829492419817
266,SLV,DNN,2022-09-01,2024-09-01,17,0.5381506819537056,0.6057599934341544,0.6845906480437608,0.3807413604740488,0.2340420315698685
267,SLV,DNN,2022-09-01,2024-09-01,18,0.4726215618720696,0.5362133678491716,0.4304870341730223,0.4250145521494532,0.2673999009405242
268,SLV,DNN,2022-09-01,2024-09-01,19,4.449564133667258,3.9372952746445047,3.897369978381111,3.8544231279735,0.3670769520828133
269,SLV,DNN,2022-09-01,2024-09-01,20,0.6151458467178434,0.5443918501860614,0.5161477942579765,0.5633263767361798,0.2888945356747849
270,SLV,DNN,2022-09-01,2024-09-01,21,2.257272106774636,1.935562467485407,1.3273872561599875,1.5687731563703358,0.3190756321031792
271,SLV,DNN,2022-09-01,2024-09-01,22,0.8239701238095709,0.8873371404423108,0.8928545781408112,0.8351994308781577,0.2628077110914094
272,SLV,DNN,2022-09-01,2024-09-01,23,0.7592268084235638,0.8186372206251308,0.8656716792029092,0.6214168978161627,0.3496029236586046
273,SLV,DNN,2022-09-01,2024-09-01,24,1.947074100812368,1.923803546432331,1.5911131008857469,1.5836770621236451,0.2793036348960331
274,SLV,DNN,2022-09-01,2024-09-01,25,1.0697898605982643,1.0008470770218985,0.8405964430157504,1.0540225627442108,0.2462242983134218
275,SLV,DNN,2022-09-01,2024-09-01,26,0.4475577520806167,0.5930706697881327,0.5519995947793234,0.4959449212778851,0.2452080028403113
276,SLV,DNN,2022-09-01,2024-09-01,27,0.8840559006435484,0.9055032686040544,0.7910889537548276,0.7713533053214382,0.2283396120369071
277,SLV,DNN,2022-09-01,2024-09-01,28,1.6814584244531303,1.4802141391646386,1.387537948998434,1.6219185437405463,0.2273854412732033
278,SLV,DNN,2022-09-01,2024-09-01,29,1.3397055055922078,1.025909412863619,0.7294529628914946,1.3220583428250472,0.2326384594097745
279,SLV,DNN,2022-09-01,2024-09-01,30,1.308038213284563,1.3035927394740403,1.1637928197642964,1.1891921100553624,0.226321725537444
280,SLV,DNN,2022-09-01,2024-09-01,31,1.2701302660910607,1.2193759454053126,1.010057114084706,1.076400390656814,0.4250699653260806
281,SLV,DNN,2022-09-01,2024-09-01,32,0.8715680932713454,0.9708775091859996,0.7764543063742395,0.85196402873428,0.2802862395176928
282,SLV,DNN,2022-09-01,2024-09-01,33,1.3156452381626609,1.4782116864878,1.3378704832758326,1.3386980817604983,0.247529216747165
283,SLV,DNN,2022-09-01,2024-09-01,34,0.4704041259207591,0.5738619304699637,0.4878998129816564,0.4693722857018092,0.2379739499290681
284,SLV,DNN,2022-09-01,2024-09-01,35,2.1623699100826315,1.398698970281551,0.9209749870132186,1.470742762869376,0.2515119148638035
285,SLV,DNN,2022-09-01,2024-09-01,36,0.2771893306352777,0.3668000814475198,0.4828167211034143,0.3840159283680961,0.6677186008129458
286,SLV,DNN,2022-09-01,2024-09-01,37,0.5188706800183008,0.4606336741121208,0.4528897101615613,0.6101388905217577,0.2363262208011136
287,SLV,DNN,2022-09-01,2024-09-01,38,1.5414859122774518,1.1472928323311882,1.026248487840844,1.3294270302342956,0.2411481969091017
288,SLV,DNN,2022-09-01,2024-09-01,39,0.8715591839374243,0.8901654372009157,0.8064990483959313,0.7999166969679075,0.2714239141986858
289,SLV,DNN,2022-09-01,2024-09-01,40,0.7744805938447268,0.6352405783141025,0.5939842127843304,0.6148207746480876,0.5549367553523904
290,SLV,DNN,2022-09-01,2024-09-01,41,1.1636178994593425,1.3436685524446823,1.238174801107354,1.350635529859163,0.3240800308234859
291,SLV,DNN,2022-09-01,2024-09-01,42,0.4295382205817674,0.6763826488730366,0.7471870581066431,0.5597857910708391,0.241972443701317
292,SLV,DNN,2022-09-01,2024-09-01,43,0.900419174241431,0.8989425668754201,0.9382967669625022,0.8731866966265411,0.2294621614929299
293,SLV,DNN,2022-09-01,2024-09-01,44,0.6963087319182221,0.6709181606065361,0.4399814287630424,0.7020735012495698,0.2989352621613146
294,SLV,DNN,2022-09-01,2024-09-01,45,1.2848184636947972,1.4877428593464346,1.144482975504517,1.2016037766759404,0.2346697909737419
295,SLV,DNN,2022-09-01,2024-09-01,46,1.3301315015012825,1.3534282818662169,1.2192817730771917,1.190866534000938,0.3120580530936261
296,SLV,DNN,2022-09-01,2024-09-01,47,0.6596732208432682,0.653835700502787,0.6638738121015846,0.6432085326927113,0.2882347440406633
297,SLV,DNN,2022-09-01,2024-09-01,48,0.4320590572994962,0.4269681682711578,0.4635275174707493,0.5324159852056894,0.2374122774402793
298,SLV,DNN,2022-09-01,2024-09-01,49,0.63658119496527,0.6708986725385974,0.5178420133030146,0.4549428580176119,0.2911624797141726
299,SLV,DNN,2022-09-01,2024-09-01,50,7.395759792264619,7.697652787491595,8.99740050407692,7.963523045301427,0.4633414862662359
300,SLV,DNN,2023-05-01,2025-05-01,1,0.7046074048629317,0.7801051120474766,0.3340036210640194,0.4059080078982672,0.1967734510893091
301,SLV,DNN,2023-05-01,2025-05-01,2,1.405728547041295,1.5585256747120946,1.3334343304329015,1.256849576603828,0.2287320443487302
302,SLV,DNN,2023-05-01,2025-05-01,3,0.4124450338375268,0.4758653740034934,0.4539282934468637,0.4724792316818788,0.2068226715656597
303,SLV,DNN,2023-05-01,2025-05-01,4,0.3039431920672851,0.3272560802668029,0.2825082509422985,0.305623280810987,0.2243897704614212
304,SLV,DNN,2023-05-01,2025-05-01,5,6.15298416630392,7.951712771465813,5.592124262791232,6.779429543187181,0.5116543185729522
305,SLV,DNN,2023-05-01,2025-05-01,6,0.2966533597796775,0.3372054082545523,0.3038283093708941,0.3577445577332143,0.2064328295540604
306,SLV,DNN,2023-05-01,2025-05-01,7,0.2741427431741384,0.2886649136707003,0.2603274078544666,0.2702596692773009,0.1982978592005743
307,SLV,DNN,2023-05-01,2025-05-01,8,0.3550597186733217,0.5095866847064043,0.4088474627609711,0.3070450091500309,0.2678225525816855
308,SLV,DNN,2023-05-01,2025-05-01,9,0.8207680128428211,0.9154479718132292,0.7257617087298566,0.7600465180181237,0.1970731810195971
309,SLV,DNN,2023-05-01,2025-05-01,10,0.3959076195104634,0.5654805996856035,0.498235458648379,0.4512051662347567,0.2045830387145331
310,SLV,DNN,2023-05-01,2025-05-01,11,0.8487410529743746,1.0495524994974452,0.8459089667538827,0.9118972438668784,0.2396702696397399
311,SLV,DNN,2023-05-01,2025-05-01,12,0.697489645448651,0.7949589099472418,0.5765298297673089,0.7535903042734645,0.2120107699412547
312,SLV,DNN,2023-05-01,2025-05-01,13,0.6896099093403635,0.7308544382514852,0.5630909622923043,0.5812169183359042,0.2401369835215523
313,SLV,DNN,2023-05-01,2025-05-01,14,0.7559498380376773,0.7369079924863465,0.6317216832347025,0.8629393040481628,0.1976509363428179
314,SLV,DNN,2023-05-01,2025-05-01,15,0.3056092287922717,0.3329562947411769,0.273773779087872,0.2979854107503796,0.2066914054747425
315,SLV,DNN,2023-05-01,2025-05-01,16,0.3895924157668063,0.5117810604060519,0.3423171029679385,0.4543051285781464,0.2229148455202424
316,SLV,DNN,2023-05-01,2025-05-01,17,1.4346139351288532,1.643464221514463,1.3828338794692714,1.4223222470043726,0.2359808490218065
317,SLV,DNN,2023-05-01,2025-05-01,18,1.2808947370602837,1.5452286252321563,1.195290759870851,1.3003788118963615,0.2026906354446271
318,SLV,DNN,2023-05-01,2025-05-01,19,1.947635630998587,2.089571664521241,1.5299333824288632,1.7359599621316653,0.199535017322697
319,SLV,DNN,2023-05-01,2025-05-01,20,0.2630900783112557,0.2539449110713747,0.2188005904024729,0.2058295599666213,0.2286405256780163
320,SLV,DNN,2023-05-01,2025-05-01,21,1.4396239280313818,1.542203864019395,1.0065954861886752,1.0677814144865403,0.2156141407083933
321,SLV,DNN,2023-05-01,2025-05-01,22,1.3767050540894594,1.373884873622406,1.2821463081172444,1.1178572467199115,0.1990312083805137
322,SLV,DNN,2023-05-01,2025-05-01,23,0.5855245705603428,0.6386084073703884,0.4992153750882304,0.5375202576298838,0.2476129649873427
323,SLV,DNN,2023-05-01,2025-05-01,24,0.3342480992104689,0.4152077137042362,0.4026426378041014,0.349326917807855,0.1972028943871921
324,SLV,DNN,2023-05-01,2025-05-01,25,1.3209354478353177,1.1918884713617768,0.788039787649745,1.2397586414794637,0.2311280825892134
325,SLV,DNN,2023-05-01,2025-05-01,26,0.8916208621644504,1.142563763420833,0.9496356273637644,0.8993824515768303,0.2193257239708666
326,SLV,DNN,2023-05-01,2025-05-01,27,2.785810273407126,3.329194643940798,2.66995078871,2.801389679253876,0.2283426761534564
327,SLV,DNN,2023-05-01,2025-05-01,28,1.4002979536168232,1.5506029690178091,1.319132726156322,1.515644186393179,0.2054276487803207
328,SLV,DNN,2023-05-01,2025-05-01,29,0.570756093113794,0.3948104847546459,0.280958099432627,0.5984372913558345,0.2029082490543133
329,SLV,DNN,2023-05-01,2025-05-01,30,2.5114877002312355,2.717616372509306,2.087177616642961,2.4082147287338045,0.2513586251106372
330,SLV,DNN,2023-05-01,2025-05-01,31,0.6614568613099888,0.6927355621247857,0.5084905987872967,0.6333316803538573,0.2243111748644493
331,SLV,DNN,2023-05-01,2025-05-01,32,2.6652291432590904,3.118875727555521,2.5374618075543034,2.492228796558153,0.2880311945261339
332,SLV,DNN,2023-05-01,2025-05-01,33,0.499064514396724,0.568647349017853,0.4689628939907925,0.5019433028244542,0.3384720725874038
333,SLV,DNN,2023-05-01,2025-05-01,34,0.3112051805801636,0.3050669977827037,0.3213464648172515,0.2710900549909136,0.1920340595407319
334,SLV,DNN,2023-05-01,2025-05-01,35,0.4662505253663653,0.8537154361838699,0.639437969078572,0.5849330051672929,0.2037220369317229
335,SLV,DNN,2023-05-01,2025-05-01,36,0.3611059379023661,0.5798995879223006,0.378515889595703,0.4559923697300572,0.2006739616248744
336,SLV,DNN,2023-05-01,2025-05-01,37,0.3852325703022377,0.3306835026639822,0.2231124666236939,0.3777759864592646,0.3113091691999419
337,SLV,DNN,2023-05-01,2025-05-01,38,1.0793220721544274,0.9769067799329628,0.7814458748910684,0.8219363828620199,0.2021163687061956
338,SLV,DNN,2023-05-01,2025-05-01,39,1.2546762201233148,1.4062654167706166,1.185925653410863,1.1981207105083302,0.2349792433475899
339,SLV,DNN,2023-05-01,2025-05-01,40,0.5190233419291163,0.4724531072530327,0.3571308536942537,0.4133408578570325,0.2033039124907813
340,SLV,DNN,2023-05-01,2025-05-01,41,2.0145567879787465,2.4047235219923024,1.882561861351477,2.067375039163,0.2663907385828095
341,SLV,DNN,2023-05-01,2025-05-01,42,1.0049192214346407,1.0702106490982364,0.9155875006153692,0.9654565920316516,0.2200939751974001
342,SLV,DNN,2023-05-01,2025-05-01,43,0.4205418231313211,0.5441083574622607,0.4153614266294448,0.452784483912443,0.2109951821003807
343,SLV,DNN,2023-05-01,2025-05-01,44,1.4680829484780842,1.7684817953269671,1.509296775247348,1.4682304408834164,0.2929019613873898
344,SLV,DNN,2023-05-01,2025-05-01,45,1.8299699382906407,2.056553081108776,1.7693477619231597,1.668398634130204,0.2167880218796354
345,SLV,DNN,2023-05-01,2025-05-01,46,0.7980665917003004,1.267438861776256,1.0293441232585818,1.4164405399131466,0.213566530345959
346,SLV,DNN,2023-05-01,2025-05-01,47,1.0082907555113576,1.1566046835051125,0.8904594572587052,0.9112985513149452,0.2033885354672622
347,SLV,DNN,2023-05-01,2025-05-01,48,1.3829717490582412,1.3201853844641025,0.8946529546915192,1.0309782104002236,0.2410048524498017
348,SLV,DNN,2023-05-01,2025-05-01,49,0.237630387385495,0.2152850017767611,0.2102542231554673,0.2698953826182607,0.2150391103965895
349,SLV,DNN,2023-05-01,2025-05-01,50,1.0047951092528018,1.3994377336280188,1.324430809806032,1.4032416116969162,0.2975945445386496
350,SLV,DNN,2024-01-01,2026-01-01,1,0.3171826471407472,0.3370340387191302,0.4253908689836606,0.3679098232532785,0.3184167147739166
351,SLV,DNN,2024-01-01,2026-01-01,2,0.5821900051720731,0.5950236968989489,0.5563526731251994,0.5719567993650111,0.3413944757703101
352,SLV,DNN,2024-01-01,2026-01-01,3,0.35020963064452,0.3504354296133941,0.3369272429764701,0.3583351184852714,0.3354130701030307
353,SLV,DNN,2024-01-01,2026-01-01,4,0.3577968711902454,0.3949262885021786,0.4195796194018126,0.3752386471283907,0.3033480695162611
354,SLV,DNN,2024-01-01,2026-01-01,5,0.1562967404978209,0.163312190653899,0.148823693391577,0.1389353148697441,0.2150408212230647
355,SLV,DNN,2024-01-01,2026-01-01,6,0.0686244432171212,0.0738816069984397,0.1070517565823947,0.1393227324152953,0.2345653867161449
356,SLV,DNN,2024-01-01,2026-01-01,7,0.2380140486484416,0.2500308071848355,0.2035633097844114,0.2067607367659765,0.2939530174635657
357,SLV,DNN,2024-01-01,2026-01-01,8,0.948332600238455,0.9167057704808752,0.9541079230521566,0.8874449690338095,0.370439693711819
358,SLV,DNN,2024-01-01,2026-01-01,9,0.5746883020282186,0.5463324211950227,0.5459152991835923,0.531410557554885,0.2972013860958516
359,SLV,DNN,2024-01-01,2026-01-01,10,0.3232087757366125,0.3116439393541828,0.2759539570172697,0.2783068378010981,0.3279710269213464
360,SLV,DNN,2024-01-01,2026-01-01,11,0.2338809602994234,0.2702192470133678,0.3038985656756651,0.2569275139990395,0.2845955875771759
361,SLV,DNN,2024-01-01,2026-01-01,12,1.033588812029688,1.0305560778138765,1.0521768686450053,1.0468783058730564,0.3298174393489533
362,SLV,DNN,2024-01-01,2026-01-01,13,0.3733605967506,0.3355435832482089,0.4305068901387306,0.440468546300697,0.2174429561978659
363,SLV,DNN,2024-01-01,2026-01-01,14,0.4574761857763646,0.5093392221111189,0.5666132703647762,0.4395911974536504,0.2898674380026049
364,SLV,DNN,2024-01-01,2026-01-01,15,0.6726932473846154,0.6820868896040522,0.6661907851280503,0.6495625033872593,0.3098643813684408
365,SLV,DNN,2024-01-01,2026-01-01,16,0.3817451893379491,0.3764217390257576,0.3524074638675719,0.322068425070552,0.1920823705032644
366,SLV,DNN,2024-01-01,2026-01-01,17,0.4890623590019681,0.5025484950980884,0.5066072591848853,0.4585300741541041,0.3042505938104738
367,SLV,DNN,2024-01-01,2026-01-01,18,0.397252592148859,0.4132119607235157,0.4450452879207232,0.383962815288661,0.1995250614835033
368,SLV,DNN,2024-01-01,2026-01-01,19,0.3809349920249409,0.3896017350716415,0.4261601261881331,0.4111692458400129,0.290622217328884
369,SLV,DNN,2024-01-01,2026-01-01,20,0.6215552810533732,0.6244082013296605,0.61758296607008,0.6012291717664704,0.3239306755553631
370,SLV,DNN,2024-01-01,2026-01-01,21,0.7425183637171454,0.7251427050046605,0.7562748804006559,0.7325607369029316,0.3032509642407994
371,SLV,DNN,2024-01-01,2026-01-01,22,0.2366800311440331,0.2548765982075334,0.3608339617262061,0.2846571757895691,0.2160820292912871
372,SLV,DNN,2024-01-01,2026-01-01,23,0.0943175048995839,0.1171216255955148,0.1264321561001222,0.1296230050398759,0.2193638153817284
373,SLV,DNN,2024-01-01,2026-01-01,24,0.2864598713882565,0.2460193772880486,0.1983044750681504,0.2745594777559151,0.2202554178222728
374,SLV,DNN,2024-01-01,2026-01-01,25,0.5528177721001412,0.6245004025217312,0.6302486787272936,0.5639980724326863,0.3512685248772348
375,SLV,DNN,2024-01-01,2026-01-01,26,0.8391961058474521,0.787603858799068,0.8185322536881766,0.7840425799176123,0.3283661700210627
376,SLV,DNN,2024-01-01,2026-01-01,27,0.3458633593830926,0.337013785254429,0.3206968312988279,0.3215239874460368,0.2846156551118378
377,SLV,DNN,2024-01-01,2026-01-01,28,0.2513708526508331,0.2599213917324015,0.3007306749887667,0.2495791096330535,0.2372660347038387
378,SLV,DNN,2024-01-01,2026-01-01,29,0.1011014054576237,0.0765882791220079,0.0853680879924084,0.1576753557904233,0.246049243789351
379,SLV,DNN,2024-01-01,2026-01-01,30,0.3029650843784453,0.325703136771341,0.2784787098325512,0.2935055172726699,0.3358327714655933
380,SLV,DNN,2024-01-01,2026-01-01,31,1.0374726669968215,1.00738029820822,1.0507500004547292,0.9360663546522404,0.3482654495040715
381,SLV,DNN,2024-01-01,2026-01-01,32,0.4874250903781379,0.4477028168828644,0.4696877711306375,0.4169318855889632,0.3388547129588498
382,SLV,DNN,2024-01-01,2026-01-01,33,0.1605086013879485,0.1988459394525627,0.1696736711473482,0.2030898141365023,0.2438811728598383
383,SLV,DNN,2024-01-01,2026-01-01,34,0.1587670143427879,0.1760341357271427,0.148878683711763,0.1814233757944024,0.2635711505808588
384,SLV,DNN,2024-01-01,2026-01-01,35,0.1692458570943182,0.1904037996983368,0.201256304270069,0.1682574010147036,0.2455627558955683
385,SLV,DNN,2024-01-01,2026-01-01,36,0.1962955119390196,0.1512092576668563,0.1218769033637782,0.1391439582967301,0.2576672798328915
386,SLV,DNN,2024-01-01,2026-01-01,37,0.8873292111278809,0.908453754004972,0.9338724521314212,0.8585709087358083,0.3313616683923063
387,SLV,DNN,2024-01-01,2026-01-01,38,0.3589522826533324,0.3906362691928596,0.3514993598189207,0.3984401226691569,0.3196194380725692
388,SLV,DNN,2024-01-01,2026-01-01,39,0.3077161038500007,0.2912138860535789,0.3196778209265907,0.2822439857561536,0.2321392100691313
389,SLV,DNN,2024-01-01,2026-01-01,40,0.6128442061932609,0.5205597662437932,0.5810823535482326,0.5222999717686878,0.1827409736564743
390,SLV,DNN,2024-01-01,2026-01-01,41,0.2757948223816731,0.3394955549068955,0.3921943680170596,0.2889513313129172,0.2926654017775379
391,SLV,DNN,2024-01-01,2026-01-01,42,0.0794698944790359,0.0947036202995901,0.0750855878384509,0.1032274835434308,0.2214023577821641
392,SLV,DNN,2024-01-01,2026-01-01,43,0.3711461944229169,0.3771185586571425,0.347407509475325,0.3471714291592653,0.3699328812573482
393,SLV,DNN,2024-01-01,2026-01-01,44,0.7951253358551277,0.7995923831325218,0.848978906156774,0.7577780707823298,0.3481453287344051
394,SLV,DNN,2024-01-01,2026-01-01,45,0.1973836992521087,0.1910011785565148,0.1926341584338362,0.1611897217364452,0.2370716528350678
395,SLV,DNN,2024-01-01,2026-01-01,46,1.062934060619645,1.0716908080385068,1.0976093956538222,1.0240699659757586,0.360965467818958
396,SLV,DNN,2024-01-01,2026-01-01,47,0.6817361796965418,0.6900339768951799,0.6919937260710263,0.6724779424424078,0.3513854137064142
397,SLV,DNN,2024-01-01,2026-01-01,48,0.7838247509959481,0.7599862473640535,0.7299051271111666,0.7074805613732184,0.2294958968920456
398,SLV,DNN,2024-01-01,2026-01-01,49,1.140410543686673,1.1089704137946683,1.1415573022626058,1.0636592649127534,0.2042180741030774
399,SLV,DNN,2024-01-01,2026-01-01,50,0.0909778391346081,0.0983000053757301,0.0913495820715951,0.0883646045485301,0.2869034069455368
400,MSFT,DNN,2022-01-01,2024-01-01,1,3.538468563324312,4.122132269060094,4.157317572171215,3.808374764614253,0.1928231297911571
401,MSFT,DNN,2022-01-01,2024-01-01,2,0.960689649661106,0.3472203631130111,0.7719058024956074,0.3279958358271277,0.223924057286291
402,MSFT,DNN,2022-01-01,2024-01-01,3,5.369169636359849,6.307102999283479,6.91014129713221,5.921365372392732,0.1989952304344882
403,MSFT,DNN,2022-01-01,2024-01-01,4,5.681182267747538,6.547358492683729,5.990372251519942,5.287712232494153,0.1959327923150827
404,MSFT,DNN,2022-01-01,2024-01-01,5,0.5412962600804145,0.3111407834719284,0.2727007552388519,0.3706669686170784,0.1986037502688458
405,MSFT,DNN,2022-01-01,2024-01-01,6,0.3784478848088082,0.5914631916952838,1.009835842425506,0.4905610442744368,0.2028245622999944
406,MSFT,DNN,2022-01-01,2024-01-01,7,10.124257445868263,9.589197588633644,8.050661354087545,8.797176442579028,0.3337497074467846
407,MSFT,DNN,2022-01-01,2024-01-01,8,0.3249446085996728,0.4748337419671324,0.48796049682188,0.4884076431155982,0.2073478726283614
408,MSFT,DNN,2022-01-01,2024-01-01,9,4.968988863801915,5.841465261224981,5.573737458910627,5.442825337875703,0.2004334675016324
409,MSFT,DNN,2022-01-01,2024-01-01,10,6.559974401488224,7.887343294481507,7.395024574536015,6.929671950298205,0.2221414898002008
410,MSFT,DNN,2022-01-01,2024-01-01,11,2.7646756595894777,3.322933069798099,2.93190732921473,3.271614434799462,0.1999423986757715
411,MSFT,DNN,2022-01-01,2024-01-01,12,3.470913254632371,3.908548541858967,3.4637901677853,3.614442587253218,0.204000417142101
412,MSFT,DNN,2022-01-01,2024-01-01,13,1.834178651939072,1.7431151048818814,1.486591839179975,1.4779485253001683,0.1936222500118009
413,MSFT,DNN,2022-01-01,2024-01-01,14,4.677415916290649,4.078932906985194,3.4800913147935346,3.7312524233034607,0.2207172892878366
414,MSFT,DNN,2022-01-01,2024-01-01,15,7.997269676274055,9.186750611026923,9.129434501594703,8.755891020734419,0.2057234323911027
415,MSFT,DNN,2022-01-01,2024-01-01,16,6.932542202569296,8.003307412131829,7.613052344011901,7.006358553078856,0.204331104765179
416,MSFT,DNN,2022-01-01,2024-01-01,17,0.4489800836320309,0.2468869296619575,0.5730152734735101,0.2516898917022209,0.2102218947130043
417,MSFT,DNN,2022-01-01,2024-01-01,18,2.111755601546702,2.396611230334478,2.5056292773514546,2.330202804789656,0.2153704698234294
418,MSFT,DNN,2022-01-01,2024-01-01,19,6.927030923320498,8.539496629610163,8.418042159187413,7.814347903673237,0.2057993992209975
419,MSFT,DNN,2022-01-01,2024-01-01,20,0.8976093021842297,1.0856373219808793,1.0224704654725212,0.9421440347574718,0.2695989426924222
420,MSFT,DNN,2022-01-01,2024-01-01,21,1.0780755480292532,1.0959401245348428,1.3996218155909907,1.3032811077689193,0.1939771895015286
421,MSFT,DNN,2022-01-01,2024-01-01,22,12.380204102750774,9.968622398572773,7.327935599313145,11.800702574053451,0.2410273916545041
422,MSFT,DNN,2022-01-01,2024-01-01,23,7.554364795000592,10.08598082573087,9.845550728971462,8.603154784456487,0.2910060118932784
423,MSFT,DNN,2022-01-01,2024-01-01,24,2.891879142514959,3.254402768471693,2.803030569966608,2.723486064792898,0.1888146074403971
424,MSFT,DNN,2022-01-01,2024-01-01,25,1.9112586187857288,2.4825662105242507,2.811712303067208,2.492950946746362,0.1983559068261917
425,MSFT,DNN,2022-01-01,2024-01-01,26,0.6723475142127581,0.7109292946018919,0.8606136453459915,0.8000596414246895,0.1930146596530933
426,MSFT,DNN,2022-01-01,2024-01-01,27,7.766439008317324,7.681709098583064,8.704603227744746,8.44424822685399,0.312931263146565
427,MSFT,DNN,2022-01-01,2024-01-01,28,0.969137462495526,0.9046970091612534,0.954489207697336,1.022012366454704,0.1914501834203532
428,MSFT,DNN,2022-01-01,2024-01-01,29,5.736633700041027,6.443910637333088,6.635066145029265,5.374683299634412,0.2274716795054381
429,MSFT,DNN,2022-01-01,2024-01-01,30,1.5297461138662358,1.7115263166712469,1.4834758972699391,1.3570218885902017,0.203859912155151
430,MSFT,DNN,2022-01-01,2024-01-01,31,0.3999932831280866,0.6221577476451569,0.4867791806853841,0.6022690204049125,0.2098965052254366
431,MSFT,DNN,2022-01-01,2024-01-01,32,4.6914641045793415,5.688259394661025,5.041627583177504,4.949471804960588,0.2133777685709058
432,MSFT,DNN,2022-01-01,2024-01-01,33,2.493905120208132,2.8932308733424703,3.145926240374929,2.6381120255028256,0.193783336602455
433,MSFT,DNN,2022-01-01,2024-01-01,34,0.6707147341515874,0.8367519349430543,1.2183303266951238,0.9225405090768952,0.2000552344995806
434,MSFT,DNN,2022-01-01,2024-01-01,35,1.4559638974781577,1.7916402487262064,1.7524408213957705,1.2016291265384018,0.2035015614287504
435,MSFT,DNN,2022-01-01,2024-01-01,36,6.683095267979506,8.41862177752017,8.463228872499986,7.712776590183747,0.2532156676510185
436,MSFT,DNN,2022-01-01,2024-01-01,37,3.268037267456685,3.863753544898592,3.783963465781788,3.2543498188181035,0.2017517637718158
437,MSFT,DNN,2022-01-01,2024-01-01,38,1.1474330908527215,1.3834851365721237,1.395820441920518,1.1686225767573273,0.1986612501639374
438,MSFT,DNN,2022-01-01,2024-01-01,39,2.182747126962392,2.482132417583649,2.374621671623027,2.012570932684265,0.1956359461165374
439,MSFT,DNN,2022-01-01,2024-01-01,40,1.3502205493241997,1.3951458283936151,0.9558524656601072,1.258043568912881,0.2146216272384557
440,MSFT,DNN,2022-01-01,2024-01-01,41,4.710211347982885,5.728712961987598,5.334187218892208,4.966705761981884,0.2028817034886791
441,MSFT,DNN,2022-01-01,2024-01-01,42,1.9123567520142344,2.2317104003793165,2.646072003457234,2.199827652700358,0.2064902904272075
442,MSFT,DNN,2022-01-01,2024-01-01,43,2.634349665130969,3.4772006897551666,3.399567242684661,3.366895932509304,0.1976463411612048
443,MSFT,DNN,2022-01-01,2024-01-01,44,1.6850936905076443,2.110687176516491,1.8057883464043647,2.025608761193934,0.2004780587581341
444,MSFT,DNN,2022-01-01,2024-01-01,45,6.498174179140037,7.551517249855723,7.73638821378666,7.296669894765021,0.2190585974841837
445,MSFT,DNN,2022-01-01,2024-01-01,46,4.387277696289517,5.735766750984666,5.030251801329139,5.3452534434175165,0.2167962175542118
446,MSFT,DNN,2022-01-01,2024-01-01,47,4.376480858054586,5.027764490836063,5.3734329495790405,5.167972467964044,0.2265577499854368
447,MSFT,DNN,2022-01-01,2024-01-01,48,3.0629908029139408,3.1010900989088945,3.396245960531015,3.073641474847483,0.2355286706248929
448,MSFT,DNN,2022-01-01,2024-01-01,49,1.5819594260097674,1.7928369482024404,1.4641826358351533,1.1445187254960831,0.2318414463337009
449,MSFT,DNN,2022-01-01,2024-01-01,50,0.4908716948301139,0.6729232310223938,0.6568171584271116,0.6410661671411808,0.1948681949078106
450,MSFT,DNN,2022-09-01,2024-09-01,1,1.2221898585501951,1.4514656266546515,1.0822334030816654,1.1591573070273276,0.3070174644480183
451,MSFT,DNN,2022-09-01,2024-09-01,2,0.5778883456574205,0.5790581446399846,0.6266703181754815,0.5889564317634445,0.2890696004310737
452,MSFT,DNN,2022-09-01,2024-09-01,3,0.2762146759036484,0.2969034524718235,0.2301704534270138,0.2583760359602107,0.310102123405803
453,MSFT,DNN,2022-09-01,2024-09-01,4,1.4846951245935849,1.5691079656949414,1.3219297122034457,1.5625491858023288,0.3092146384777634
454,MSFT,DNN,2022-09-01,2024-09-01,5,0.7441048202176543,0.8199309389476656,0.6787132010595713,0.8167505364681273,0.3747052429174878
455,MSFT,DNN,2022-09-01,2024-09-01,6,0.4383728301449612,0.544455565547233,0.397148310361862,0.4819506870661632,0.2989969607156689
456,MSFT,DNN,2022-09-01,2024-09-01,7,0.4909444867273154,0.5283611951217538,0.4897917946409733,0.6579548203364349,0.3234666575897144
457,MSFT,DNN,2022-09-01,2024-09-01,8,0.6525013478411832,0.4967700635744707,0.3877865282347043,0.4422658144613193,0.2654315699704943
458,MSFT,DNN,2022-09-01,2024-09-01,9,0.8840627654288096,1.1870107180356713,0.855976395197767,0.9178016921916066,0.3022951393508326
459,MSFT,DNN,2022-09-01,2024-09-01,10,1.5414442682213758,1.8603143498789287,1.542304470336585,1.820675212494279,0.2792754760159041
460,MSFT,DNN,2022-09-01,2024-09-01,11,0.2825078672659909,0.2923792363986378,0.1826723527828926,0.231291517401751,0.3219041420169818
461,MSFT,DNN,2022-09-01,2024-09-01,12,0.9033840730439072,1.0126138191799687,0.8200151263406433,1.1260572662079589,0.2687159179147539
462,MSFT,DNN,2022-09-01,2024-09-01,13,1.2443780404663949,1.305362903773796,1.412831547817108,1.4927214189543576,0.3161179047188689
463,MSFT,DNN,2022-09-01,2024-09-01,14,0.2618255750493429,0.3415164185653748,0.2911613251329262,0.5362042446597631,0.3315384359905263
464,MSFT,DNN,2022-09-01,2024-09-01,15,1.814584392986521,2.0305502796077395,1.7379242445336085,2.0921336689740206,0.3237871489533298
465,MSFT,DNN,2022-09-01,2024-09-01,16,1.3747542650476077,1.5936375190041638,1.215003660055685,1.3718940610210706,0.2797418084018697
466,MSFT,DNN,2022-09-01,2024-09-01,17,1.805373666170594,1.910752648641332,1.5482709549561509,1.7842862918936977,0.2741427029333043
467,MSFT,DNN,2022-09-01,2024-09-01,18,0.7105499919269817,0.7582513057985288,0.6793040987460311,0.824858078521661,0.2724158495361453
468,MSFT,DNN,2022-09-01,2024-09-01,19,2.1088583761641715,2.250945529253645,1.9751692377628536,2.222089296050515,0.2849974433363086
469,MSFT,DNN,2022-09-01,2024-09-01,20,0.4117835914522174,0.3635023370844564,0.4886322596177493,0.5562598241607275,0.2826655102535656
470,MSFT,DNN,2022-09-01,2024-09-01,21,2.452686451281377,2.828924127866452,2.2387832381166155,2.8512480380124567,0.2610758072269074
471,MSFT,DNN,2022-09-01,2024-09-01,22,1.968031676843205,2.47389017612282,2.518532775167563,2.519257465576903,0.4713137640085588
472,MSFT,DNN,2022-09-01,2024-09-01,23,0.3329650740911682,0.4337821355207184,0.312572538770818,0.349237062938749,0.3110430938625441
473,MSFT,DNN,2022-09-01,2024-09-01,24,0.8100608580515892,1.387000393802834,1.0266598779642673,1.0293587634462238,0.3289231327238807
474,MSFT,DNN,2022-09-01,2024-09-01,25,0.2739529887985231,0.2872124666411619,0.3013044999118258,0.2931517828206119,0.2784827661386647
475,MSFT,DNN,2022-09-01,2024-09-01,26,1.196378037984977,1.4478862413745688,1.127112398283066,1.397780176311913,0.2742183714514264
476,MSFT,DNN,2022-09-01,2024-09-01,27,0.4726425479858052,0.7308334207429417,0.526993529548645,0.7414239824914074,0.30474268713358
477,MSFT,DNN,2022-09-01,2024-09-01,28,0.8904480447759862,0.8954278350006624,0.8963580933911703,0.9809802384864124,0.4354654177739659
478,MSFT,DNN,2022-09-01,2024-09-01,29,1.6342673694060277,1.876138843325733,1.6718622345777348,1.8567017824376093,0.352751684608012
479,MSFT,DNN,2022-09-01,2024-09-01,30,0.2354178794286366,0.2527508159627545,0.2263795929846221,0.2375929918533695,0.2869892801119354
480,MSFT,DNN,2022-09-01,2024-09-01,31,3.6400359594143823,3.894530490376775,3.1240464932582146,3.801215004808606,0.269775600232011
481,MSFT,DNN,2022-09-01,2024-09-01,32,1.5868405706989892,1.651791804968755,1.4649450682522611,1.6846306805955478,0.2830353337594782
482,MSFT,DNN,2022-09-01,2024-09-01,33,1.2168042224466735,1.3353616911829789,1.1315960048522191,1.313904937099407,0.3415313779969717
483,MSFT,DNN,2022-09-01,2024-09-01,34,1.0954010742648606,1.139135559209686,1.063469662476423,1.057335310611421,0.2701419720475678
484,MSFT,DNN,2022-09-01,2024-09-01,35,0.3041639371618351,0.3424814083199973,0.3457095106572828,0.3361271475029559,0.2910570443884034
485,MSFT,DNN,2022-09-01,2024-09-01,36,0.2223512441315754,0.2388046422494137,0.2224635850780656,0.2456064257781808,0.2815881914012006
486,MSFT,DNN,2022-09-01,2024-09-01,37,1.6832229701104908,1.942643236381124,1.7921046948158537,2.0345560437820245,0.2704225744062584
487,MSFT,DNN,2022-09-01,2024-09-01,38,1.720370866128564,1.858520156532364,1.9867739757605505,2.2786986200402306,0.2750800884448194
488,MSFT,DNN,2022-09-01,2024-09-01,39,0.4076405662982348,0.3227053259674848,0.3341833876748248,0.3006810651868968,0.2744996547748141
489,MSFT,DNN,2022-09-01,2024-09-01,40,0.6918908901051298,0.7405448080541146,0.6126748042521855,0.7777374879888462,0.3184272870451187
490,MSFT,DNN,2022-09-01,2024-09-01,41,1.1643237309386665,1.4655389516667623,1.490829661571217,1.273447123848453,0.2864981967563665
491,MSFT,DNN,2022-09-01,2024-09-01,42,0.5563776487647911,0.6675276823085561,0.5241286155648021,0.6843927152036173,0.3182702453184561
492,MSFT,DNN,2022-09-01,2024-09-01,43,0.5220344478275334,0.778138875866765,0.4661575088642312,0.5303886249331903,0.3644938270503715
493,MSFT,DNN,2022-09-01,2024-09-01,44,0.4822080137889786,0.5536907817618653,0.5016632604189962,0.4648584467818663,0.2702240993333812
494,MSFT,DNN,2022-09-01,2024-09-01,45,0.2485631397305566,0.2355186049064173,0.2105348529127469,0.2656500676852082,0.2994516293431393
495,MSFT,DNN,2022-09-01,2024-09-01,46,1.2533609754943071,1.5012891664253092,1.1427512818489616,1.275284518205314,0.2713514049450305
496,MSFT,DNN,2022-09-01,2024-09-01,47,1.2644654197586145,1.5403234428548809,1.19478391518761,1.5158567992356493,0.2880497194738548
497,MSFT,DNN,2022-09-01,2024-09-01,48,1.5677032685975048,1.896064328079722,1.455575244851245,1.5890778713391942,0.2889104133322245
498,MSFT,DNN,2022-09-01,2024-09-01,49,0.4996868783774816,0.6026477567882135,0.5149223684430385,0.6365860924679917,0.3083829164463522
499,MSFT,DNN,2022-09-01,2024-09-01,50,0.4393050148641826,0.5542445400277499,0.5639103189649063,0.6285985499177571,0.2744508408867716
500,MSFT,DNN,2023-05-01,2025-05-01,1,0.8372270704206168,0.9797232260381604,0.8154459785107868,0.897693860395465,0.3224508407047808
501,MSFT,DNN,2023-05-01,2025-05-01,2,0.716719363909319,0.9073372262462206,0.6882662818846607,0.7377214789222797,0.3210259009013489
502,MSFT,DNN,2023-05-01,2025-05-01,3,1.025171032981021,1.2918849745917484,1.0566912485832791,1.2065312959966137,0.3213653226108496
503,MSFT,DNN,2023-05-01,2025-05-01,4,0.8549283378833411,1.1684168583026813,0.862062500557105,0.964522529281223,0.3361090067406009
504,MSFT,DNN,2023-05-01,2025-05-01,5,2.3494877657412725,3.1955148682803025,2.1636727249886274,2.4198600434988817,0.3010680097084611
505,MSFT,DNN,2023-05-01,2025-05-01,6,0.3561286818677748,0.3436283651314299,0.3735498191530068,0.3903719538964607,0.3184496187923112
506,MSFT,DNN,2023-05-01,2025-05-01,7,2.414880839596928,2.996405867023801,2.385023990034333,2.507362428822064,0.3152297700109437
507,MSFT,DNN,2023-05-01,2025-05-01,8,0.7562317217580413,0.962454236813247,0.7789426177182244,0.8749205915918468,0.3417914799563085
508,MSFT,DNN,2023-05-01,2025-05-01,9,0.3732801326595736,0.4802234526499657,0.3881737652871164,0.4764752093776637,0.3177349107506579
509,MSFT,DNN,2023-05-01,2025-05-01,10,0.8150886845967039,0.979485948685164,0.8029139216693396,0.9164673304815228,0.3279273578709581
510,MSFT,DNN,2023-05-01,2025-05-01,11,0.5458171260596856,0.548763250267779,0.4370237414083964,0.6959910474376177,0.3324547617467518
511,MSFT,DNN,2023-05-01,2025-05-01,12,0.2988810892505478,0.3191741381199115,0.2870408946241779,0.3221201498790419,0.3039456508767778
512,MSFT,DNN,2023-05-01,2025-05-01,13,0.5030267715926297,0.5930354036415161,0.5415861082415453,0.5676481684276142,0.3255667608801142
513,MSFT,DNN,2023-05-01,2025-05-01,14,0.2355301530621944,0.3692467621876167,0.2304310007755933,0.2787772499040592,0.3166602393264501
514,MSFT,DNN,2023-05-01,2025-05-01,15,1.0526024808886982,1.3884597217078145,1.028462015421045,1.153370191013944,0.3291886295464629
515,MSFT,DNN,2023-05-01,2025-05-01,16,0.681586272592105,0.9050037940041892,0.7266594280298244,0.7496556850530381,0.3693299109103922
516,MSFT,DNN,2023-05-01,2025-05-01,17,0.8007508788730303,0.9912258049122123,0.7040429642011737,0.8245028775234492,0.3150477417316815
517,MSFT,DNN,2023-05-01,2025-05-01,18,0.3499410042343016,0.3876222155926372,0.4105816673066186,0.3839989464982059,0.3340581929686459
518,MSFT,DNN,2023-05-01,2025-05-01,19,0.799849665574747,0.9638482257507248,0.793427841509468,0.9151923418038818,0.3225592669552684
519,MSFT,DNN,2023-05-01,2025-05-01,20,0.4411732895959486,0.479003072585445,0.4768608121733451,0.5162988470752812,0.3241182788629777
520,MSFT,DNN,2023-05-01,2025-05-01,21,1.8399849900335687,2.4656616635267463,1.7379509210898207,2.05088275053152,0.3068296965440111
521,MSFT,DNN,2023-05-01,2025-05-01,22,1.3794908682715326,1.9101093280534351,1.4160168962256434,1.5070443867245569,0.3323290028979072
522,MSFT,DNN,2023-05-01,2025-05-01,23,1.0700346659198403,1.434442049855145,1.1218300212148646,1.1805544298166162,0.311534797492498
523,MSFT,DNN,2023-05-01,2025-05-01,24,1.19544497860716,1.523779801878433,1.169127372060058,1.321366025423807,0.3092779288688923
524,MSFT,DNN,2023-05-01,2025-05-01,25,1.3148516702778814,1.5053174180649496,1.0540827577953815,1.20781608468901,0.3345803399049202
525,MSFT,DNN,2023-05-01,2025-05-01,26,1.1592066111081778,1.4295380537322604,1.0942056299762823,1.1640911712959214,0.360896142758138
526,MSFT,DNN,2023-05-01,2025-05-01,27,0.5939173703004368,0.7433451583237721,0.6169299813471352,0.6698930942574188,0.3247547265495349
527,MSFT,DNN,2023-05-01,2025-05-01,28,0.255038812675067,0.3026002493951613,0.2630388949442233,0.2936015225520512,0.3269294588517486
528,MSFT,DNN,2023-05-01,2025-05-01,29,1.5424384510133469,1.9973865643782984,1.3939081324517155,1.6019605195538826,0.3005594452175339
529,MSFT,DNN,2023-05-01,2025-05-01,30,1.0919164290871175,1.4965548815811909,1.013920640050345,1.1766233993193975,0.3197391162549271
530,MSFT,DNN,2023-05-01,2025-05-01,31,1.585739614952424,2.066535139336662,1.580551920434747,1.9061184351510585,0.3210942717682936
531,MSFT,DNN,2023-05-01,2025-05-01,32,1.572282218125306,2.0934592873563647,1.3997835585971172,1.6019498593213133,0.3106206960253992
532,MSFT,DNN,2023-05-01,2025-05-01,33,0.7487887139096437,0.8648618428451017,0.738710122197187,0.8406446874371013,0.349028639541596
533,MSFT,DNN,2023-05-01,2025-05-01,34,0.5825356418179061,0.6820073376621137,0.5258951078086423,0.590301146552784,0.330125066711578
534,MSFT,DNN,2023-05-01,2025-05-01,35,0.4385302173799952,0.5478182681457604,0.4191275748054563,0.5804879258164568,0.3120738668331561
535,MSFT,DNN,2023-05-01,2025-05-01,36,0.916257492057604,1.0916844688523668,0.8461681484934488,0.8678376908361072,0.3212472259756268
536,MSFT,DNN,2023-05-01,2025-05-01,37,1.3741809807814631,1.7179015002953857,1.1573381113062646,1.37271229867099,0.3131214393212241
537,MSFT,DNN,2023-05-01,2025-05-01,38,0.555528274630074,0.7407778906766486,0.4579872988206679,0.5046989647742705,0.3017943101755806
538,MSFT,DNN,2023-05-01,2025-05-01,39,0.295236914991113,0.4420803703588439,0.2695973279242801,0.3467055551018516,0.3118304024169863
539,MSFT,DNN,2023-05-01,2025-05-01,40,1.1611477050714007,1.3982345647401868,1.0770334460340514,1.1061338311327176,0.3199551727466532
540,MSFT,DNN,2023-05-01,2025-05-01,41,1.4418495981464698,1.9408834010596243,1.3308058124144184,1.7497356159676638,0.334266888764133
541,MSFT,DNN,2023-05-01,2025-05-01,42,1.6202550408026892,2.0445661498065264,1.4754850031395272,1.7968922698956376,0.3117802140004199
542,MSFT,DNN,2023-05-01,2025-05-01,43,2.8378526761560745,3.574788256301933,2.4268743689603727,2.8786427965451145,0.3305305461756709
543,MSFT,DNN,2023-05-01,2025-05-01,44,0.4202219551797627,0.6897379004862035,0.4299918296260663,0.4477507307830147,0.3045536503976438
544,MSFT,DNN,2023-05-01,2025-05-01,45,0.3562685489887764,0.5182456191516713,0.3084599274162012,0.3974900682342455,0.3138559076492629
545,MSFT,DNN,2023-05-01,2025-05-01,46,0.3187950225645872,0.4688846106766777,0.3128582542330178,0.3766376297999749,0.3289877423696544
546,MSFT,DNN,2023-05-01,2025-05-01,47,0.9318295921085464,1.3075654715161484,0.8211501356829845,1.065088816771966,0.3059570652925868
547,MSFT,DNN,2023-05-01,2025-05-01,48,0.4169113108145625,0.4774748814453893,0.4004807055767555,0.4454097690780751,0.3292753807200334
548,MSFT,DNN,2023-05-01,2025-05-01,49,0.3830925627792892,0.3510383703011853,0.3805378523530178,0.3950451455092577,0.3359147493759243
549,MSFT,DNN,2023-05-01,2025-05-01,50,0.4987429538949802,0.818486783321429,0.7408635465406008,0.7297196448235658,0.3076348967576978
550,MSFT,DNN,2024-01-01,2026-01-01,1,1.1919434359160226,1.0014802874340152,1.3330668098101317,1.3033797195405268,0.1760783807291957
551,MSFT,DNN,2024-01-01,2026-01-01,2,0.6768433782934368,0.6267327473097023,0.7716135698910239,0.8933225999902286,0.187641906288343
552,MSFT,DNN,2024-01-01,2026-01-01,3,2.1541147231264923,2.1370562423209085,2.397382845865577,2.598003268587372,0.1830086993272572
553,MSFT,DNN,2024-01-01,2026-01-01,4,2.472185113432945,2.048437985999411,2.071471735713525,2.166348458598668,0.1953118682418294
554,MSFT,DNN,2024-01-01,2026-01-01,5,3.9861880364394073,3.724588513787248,3.8759327080938393,4.730030792093273,0.1916933886038202
555,MSFT,DNN,2024-01-01,2026-01-01,6,1.260335180061774,1.3718853913121425,1.19132433314281,1.8728266472318933,0.1796872321134553
556,MSFT,DNN,2024-01-01,2026-01-01,7,4.753409698340002,4.544336734259799,4.668520057562742,5.68764537735785,0.1814959043927722
557,MSFT,DNN,2024-01-01,2026-01-01,8,4.117376167699991,3.5985022832329103,4.046159851390479,3.668147163755593,0.1847625582149981
558,MSFT,DNN,2024-01-01,2026-01-01,9,2.5154688807861088,2.1399861478939,2.42243233814883,2.81879070184834,0.187354837469235
559,MSFT,DNN,2024-01-01,2026-01-01,10,4.293118154134349,3.7491485117188654,4.500107903363505,4.771038443405864,0.1874240885683891
560,MSFT,DNN,2024-01-01,2026-01-01,11,5.789934656779446,4.704114629900044,4.663892776169042,5.181564810693256,0.1901734901347887
561,MSFT,DNN,2024-01-01,2026-01-01,12,3.140841166202328,2.919944081454832,3.3028413730972224,3.712680628811604,0.1840059343373019
562,MSFT,DNN,2024-01-01,2026-01-01,13,0.3360486774924586,0.3319198041774043,0.5637307147622335,0.5176132650337213,0.1940864629380254
563,MSFT,DNN,2024-01-01,2026-01-01,14,0.5881340798178332,0.6136396818228305,0.6924079167148743,0.6875109693729309,0.1770285317589485
564,MSFT,DNN,2024-01-01,2026-01-01,15,2.6581162860179206,2.348425287565187,2.61334001929785,2.633265669963404,0.1824753906296385
565,MSFT,DNN,2024-01-01,2026-01-01,16,3.666268089707264,3.1830855973808454,3.5812234375758387,3.9556407772439406,0.1865892484590562
566,MSFT,DNN,2024-01-01,2026-01-01,17,1.918152567723146,1.7284296731685136,1.6943371931140816,2.0135697515208206,0.1844229480685907
567,MSFT,DNN,2024-01-01,2026-01-01,18,2.5196405899549448,2.1737226861807013,2.290956058770889,2.6446938589437683,0.1869774999716425
568,MSFT,DNN,2024-01-01,2026-01-01,19,4.258954289762106,3.542409321340106,3.889359737961492,4.2992207221029055,0.1877308762199911
569,MSFT,DNN,2024-01-01,2026-01-01,20,1.486757523829758,1.3704006287102144,1.4757589845078076,1.6755184005869117,0.1828672008353127
570,MSFT,DNN,2024-01-01,2026-01-01,21,6.183304347461911,5.377876159026997,5.579848091077336,6.037232647639614,0.1805979787633407
571,MSFT,DNN,2024-01-01,2026-01-01,22,4.376695282454243,3.741135782617236,4.3671556560191815,4.190411646296891,0.1831469428307349
572,MSFT,DNN,2024-01-01,2026-01-01,23,1.828428076587452,1.822584307115832,1.8977168331091183,1.8420082882781903,0.1836483110593924
573,MSFT,DNN,2024-01-01,2026-01-01,24,5.648530288399395,4.564510524697464,4.281007566703504,5.427126127904179,0.1920949195783796
574,MSFT,DNN,2024-01-01,2026-01-01,25,1.571308893173245,1.1679432470802529,0.9753594412603817,1.657124262041972,0.1798109007228028
575,MSFT,DNN,2024-01-01,2026-01-01,26,1.3747942365837689,1.6583455366310025,1.378288830520514,1.9149573462144889,0.1804225343552675
576,MSFT,DNN,2024-01-01,2026-01-01,27,1.2110370902779497,1.125678858452522,1.303240828141331,1.381197933389062,0.1814799961580703
577,MSFT,DNN,2024-01-01,2026-01-01,28,0.57116760246253,0.560325982938642,0.5892087004257593,0.5051404480596502,0.1865090285458058
578,MSFT,DNN,2024-01-01,2026-01-01,29,12.340296943933412,11.346842608953317,10.76074309108152,14.365783616184569,0.2200693084848209
579,MSFT,DNN,2024-01-01,2026-01-01,30,4.7340526667561225,4.399803504152576,4.3515954107989785,5.20107865604635,0.1867250464838574
580,MSFT,DNN,2024-01-01,2026-01-01,31,4.221818011901419,3.8276346566986463,4.241299546530844,4.798096293221703,0.1924617204302957
581,MSFT,DNN,2024-01-01,2026-01-01,32,0.7830029415121543,0.6897359463521823,0.8200973647402736,0.7861846595045311,0.201621110359518
582,MSFT,DNN,2024-01-01,2026-01-01,33,4.5040175494392605,3.783017036684072,4.311855257216122,4.534834869357224,0.1990498049118401
583,MSFT,DNN,2024-01-01,2026-01-01,34,11.306544136089336,9.91643909745684,10.78049785416384,12.339862747483435,0.1921970513917525
584,MSFT,DNN,2024-01-01,2026-01-01,35,0.7145774954846829,0.69324828423873,0.8113837918018735,0.7421880839884498,0.1806642846702355
585,MSFT,DNN,2024-01-01,2026-01-01,36,1.7594780311188023,1.510425194136566,1.705362603277739,1.9203781976507013,0.1869515137139382
586,MSFT,DNN,2024-01-01,2026-01-01,37,9.434014422822592,8.208261997089211,9.2917484504899,10.667747666597611,0.1892598353749022
587,MSFT,DNN,2024-01-01,2026-01-01,38,0.9817030739199124,0.6558740090830377,0.8050759740613306,0.6480054926829646,0.2169572114235629
588,MSFT,DNN,2024-01-01,2026-01-01,39,2.6345386020491635,2.350653287541037,2.7207910498676107,3.0039187801317726,0.1826595864782355
589,MSFT,DNN,2024-01-01,2026-01-01,40,0.3124229349760298,0.2609497872961056,0.4405317185761467,0.6266468767852919,0.1952271762202286
590,MSFT,DNN,2024-01-01,2026-01-01,41,10.805760876874244,10.269232518741411,11.38310804226172,12.0051190838152,0.2189724676962953
591,MSFT,DNN,2024-01-01,2026-01-01,42,2.3216241021299067,1.956131393252928,2.1092505620131945,2.32633203386603,0.1857773999416677
592,MSFT,DNN,2024-01-01,2026-01-01,43,0.5511142601897108,0.4950523421902591,0.6089557629955967,0.6246102129092854,0.1816532909032178
593,MSFT,DNN,2024-01-01,2026-01-01,44,2.3092438926898424,2.132206828784697,2.360225944513911,2.558946640114529,0.1852746639631054
594,MSFT,DNN,2024-01-01,2026-01-01,45,0.7557044509167011,0.7700627702398579,0.7923524573248487,0.8220102316504809,0.1856745181012108
595,MSFT,DNN,2024-01-01,2026-01-01,46,1.555710090142458,1.3511755796023726,1.6826369090754874,1.7069592316029654,0.1817752807333739
596,MSFT,DNN,2024-01-01,2026-01-01,47,1.838899466015547,1.611192058644886,1.6724983390000112,2.009102671521946,0.1846780221867595
597,MSFT,DNN,2024-01-01,2026-01-01,48,1.8307011710746308,1.792710882954623,1.911663183099673,1.9956105099336825,0.1793656256161541
598,MSFT,DNN,2024-01-01,2026-01-01,49,1.1179554304481096,1.1347378924923055,1.3064322817871614,1.622986622991815,0.1805700297378719
599,MSFT,DNN,2024-01-01,2026-01-01,50,2.383761115759829,2.247734390964548,2.316511604455184,2.699505952505174,0.1844834721696285
600,TSLA,DNN,2022-01-01,2024-01-01,1,0.7373168311211726,0.8625733995495661,0.6907988570849373,0.7815513793299935,0.2083922802374406
601,TSLA,DNN,2022-01-01,2024-01-01,2,1.92633147869128,2.091233890116644,1.781527792246043,2.073035755218408,0.2730750894072903
602,TSLA,DNN,2022-01-01,2024-01-01,3,0.5345175286338189,0.367169553141962,0.3625362715189898,0.2999305235151232,0.2117347495290449
603,TSLA,DNN,2022-01-01,2024-01-01,4,4.290832019861965,4.593886162889662,4.052774590862737,5.299465397680193,0.3473298820431318
604,TSLA,DNN,2022-01-01,2024-01-01,5,0.8537127370018066,1.0123094248955236,0.9604446110848244,0.9914000949914916,0.2506805074570934
605,TSLA,DNN,2022-01-01,2024-01-01,6,2.787248936157369,2.847170187289852,2.620799951428121,3.1697689753275355,0.4177522128190471
606,TSLA,DNN,2022-01-01,2024-01-01,7,7.71755894711674,8.879067739533374,8.398005191010208,9.09952283762452,0.2516149343034369
607,TSLA,DNN,2022-01-01,2024-01-01,8,0.5690421218599555,0.538992821229641,0.5178128266114481,0.6044581358512577,0.2298469506040284
608,TSLA,DNN,2022-01-01,2024-01-01,9,2.338296383667866,2.6125851978629844,2.446571681878712,2.415465610208147,0.2457218531741131
609,TSLA,DNN,2022-01-01,2024-01-01,10,0.9931807936607852,1.0952676598311817,0.9527440440554396,1.0358092172088946,0.2515266054651487
610,TSLA,DNN,2022-01-01,2024-01-01,11,2.839584801415638,3.089933667221913,2.734651520572732,3.173999688023159,0.2780368728967516
611,TSLA,DNN,2022-01-01,2024-01-01,12,1.5042436867744111,1.7143081136637937,1.5172440015765687,1.7964843063449276,0.216651195405961
612,TSLA,DNN,2022-01-01,2024-01-01,13,1.1097249639121003,1.2939961404850542,1.074130231138481,1.2331594496935685,0.2514300677599295
613,TSLA,DNN,2022-01-01,2024-01-01,14,0.6212308517291211,0.853695555335843,0.805165522612711,0.7941391966710427,0.2058584287615098
614,TSLA,DNN,2022-01-01,2024-01-01,15,2.6305741243145464,2.9779425773956127,2.602502209306364,2.861454198309229,0.3980512568952004
615,TSLA,DNN,2022-01-01,2024-01-01,16,2.839582133531918,3.274969833579672,2.8937877026673595,3.2877793283197785,0.530017093207709
616,TSLA,DNN,2022-01-01,2024-01-01,17,2.584227234981285,3.0251806394429503,2.7946868843338564,2.80916895931814,0.2919625568931748
617,TSLA,DNN,2022-01-01,2024-01-01,18,6.053292395781526,7.230889954119785,6.4482221239004645,7.725824604184219,0.3024301225698516
618,TSLA,DNN,2022-01-01,2024-01-01,19,1.1243222961573225,1.2950710511353518,1.1512293143417534,1.253830817449198,0.2305524465552176
619,TSLA,DNN,2022-01-01,2024-01-01,20,1.2713716592529476,1.4977461993815926,1.1947770719466155,1.4859435364765865,0.2072144204259169
620,TSLA,DNN,2022-01-01,2024-01-01,21,1.1201221169072468,1.282738575550548,1.2971782826703968,1.4043194772912515,0.5961861943054992
621,TSLA,DNN,2022-01-01,2024-01-01,22,3.544332307463498,3.817815436509225,3.505155641432099,4.0023983858385,0.3246060214808715
622,TSLA,DNN,2022-01-01,2024-01-01,23,2.637789263046252,3.0211383767639384,2.696815949306834,2.928951579672574,0.2232929005083046
623,TSLA,DNN,2022-01-01,2024-01-01,24,0.6421729281979555,0.7202145468208123,0.5874288143311736,0.6596271566784748,0.2525788683953484
624,TSLA,DNN,2022-01-01,2024-01-01,25,1.6553449510827385,1.8689258604796768,1.5258443724695103,1.8118240955494187,0.3207246142175318
625,TSLA,DNN,2022-01-01,2024-01-01,26,1.518023234565817,1.4044511699373985,1.4203643860612856,1.7768233213269229,0.3606492432511013
626,TSLA,DNN,2022-01-01,2024-01-01,27,4.307806462964956,4.631235651889668,4.029086187959631,4.530151684738059,0.8271043458174311
627,TSLA,DNN,2022-01-01,2024-01-01,28,0.99719586033048,1.067027532638484,0.9368363804823489,1.0853973099200602,0.2247303866817722
628,TSLA,DNN,2022-01-01,2024-01-01,29,2.415696233658778,2.921272918646689,2.5300689682670363,2.821234338986736,0.2659091634086739
629,TSLA,DNN,2022-01-01,2024-01-01,30,0.5404809935046849,0.6809860708761968,0.6060958279385833,0.6570764435165044,0.2103751209642737
630,TSLA,DNN,2022-01-01,2024-01-01,31,1.812595218112299,2.106037941945327,1.749623442043704,1.9444512451084417,0.285985229753234
631,TSLA,DNN,2022-01-01,2024-01-01,32,0.8557688213911337,0.8775878416520811,0.8440572287232241,0.9483789928806052,0.2198336856688905
632,TSLA,DNN,2022-01-01,2024-01-01,33,0.7320816389880916,0.901458225876238,0.8099923965413824,0.9123060282069626,0.2670215975040845
633,TSLA,DNN,2022-01-01,2024-01-01,34,1.8265978831773293,2.058077964982137,1.8504238787910567,2.1464361446915405,0.3286941930357145
634,TSLA,DNN,2022-01-01,2024-01-01,35,0.913583481363338,1.3783254739694903,1.066172119825907,1.396526543680603,0.2756132772449579
635,TSLA,DNN,2022-01-01,2024-01-01,36,1.1364403258221472,1.2627010091171234,1.160090724266364,1.3133487285842405,0.3465077709716723
636,TSLA,DNN,2022-01-01,2024-01-01,37,2.432986856813856,2.6844074499303634,2.3487356018757053,2.665581885430629,0.2637357078425089
637,TSLA,DNN,2022-01-01,2024-01-01,38,1.4687393687562316,1.5422958290952848,1.292223202191246,1.4948401634688837,0.2137818637044727
638,TSLA,DNN,2022-01-01,2024-01-01,39,1.537913444127992,1.6381755164376273,1.6400351310955974,1.7235591744175347,0.2291738961870143
639,TSLA,DNN,2022-01-01,2024-01-01,40,2.538440498357403,2.9453406540709564,2.588575108377246,2.628088417183432,0.2075360879090893
640,TSLA,DNN,2022-01-01,2024-01-01,41,6.635356485771196,8.078692482386018,7.182235918571137,8.224803125486892,0.4360738206772729
641,TSLA,DNN,2022-01-01,2024-01-01,42,2.173404659861204,2.2201706567693846,2.121941992554014,2.3848424393265444,0.419027161771355
642,TSLA,DNN,2022-01-01,2024-01-01,43,0.921934871208264,1.1083446829605532,0.9559306831503684,1.119296744299161,0.249534971051919
643,TSLA,DNN,2022-01-01,2024-01-01,44,0.6855995569742236,0.6241310206635237,0.5992896714968612,0.7774855880897295,0.3076613810560648
644,TSLA,DNN,2022-01-01,2024-01-01,45,0.767552746601996,0.9200822863461384,0.8753865004656697,0.901792729068184,0.2799331618809645
645,TSLA,DNN,2022-01-01,2024-01-01,46,2.194079147865957,2.84549023772864,2.5725695578629595,3.30628471902514,0.450039542424245
646,TSLA,DNN,2022-01-01,2024-01-01,47,3.283700874617704,3.8251244330354135,3.1957342980316628,3.496805450069494,0.2210056252960056
647,TSLA,DNN,2022-01-01,2024-01-01,48,5.179681990092381,5.8671314383853845,5.218772294560381,5.894263559561169,0.2818217432587498
648,TSLA,DNN,2022-01-01,2024-01-01,49,0.6229538343257667,0.5908508353876937,0.545555585638352,0.5923282659786463,0.2137590908445235
649,TSLA,DNN,2022-01-01,2024-01-01,50,2.753765751113709,3.1508236426359506,2.94930238305226,3.1847738793734823,0.4009427233518107
650,TSLA,DNN,2022-09-01,2024-09-01,1,0.2741820401069184,0.3931682782385471,0.3657041924277649,0.3468388876278518,0.2356798842835542
651,TSLA,DNN,2022-09-01,2024-09-01,2,0.4318234965180759,0.4949867908987471,0.4091342954797462,0.4640857471894628,0.3511555088292145
652,TSLA,DNN,2022-09-01,2024-09-01,3,0.3968847735341683,0.4840045108169314,0.4601036213392995,0.4942657214940154,0.3381512360320772
653,TSLA,DNN,2022-09-01,2024-09-01,4,0.1818032289084449,0.1932797825039433,0.1888448818262803,0.1896226979242345,0.3978045807535982
654,TSLA,DNN,2022-09-01,2024-09-01,5,9.02434047562998,11.271063009763488,9.735471790734536,10.99398799754539,2.0878127643484703
655,TSLA,DNN,2022-09-01,2024-09-01,6,0.4874982216355449,0.5272245826116971,0.4820221060055745,0.5701196100090937,0.6954294884384986
656,TSLA,DNN,2022-09-01,2024-09-01,7,0.4730178865966953,0.4324764986693269,0.4530778532814642,0.4467907240468737,0.2429690918392684
657,TSLA,DNN,2022-09-01,2024-09-01,8,0.6634498100581262,0.7955640183486259,0.6720912345945231,0.7781706867800164,0.3163036390082652
658,TSLA,DNN,2022-09-01,2024-09-01,9,1.9774267955294909,2.4818181459840454,2.012479864975336,2.392095898485443,0.5242364561202797
659,TSLA,DNN,2022-09-01,2024-09-01,10,0.5272880706709074,0.6453158293086003,0.5475634634106458,0.6002144222292803,0.1781465073562069
660,TSLA,DNN,2022-09-01,2024-09-01,11,0.2032492979270981,0.2459215883482114,0.24955610845281,0.2338837413462324,0.2072666672777552
661,TSLA,DNN,2022-09-01,2024-09-01,12,0.3523882496598737,0.4552144249561016,0.3293680759251614,0.4140860794921808,0.2863212486142548
662,TSLA,DNN,2022-09-01,2024-09-01,13,0.9174329637073212,1.1831772331233688,0.9752719114245008,1.098739324463076,0.5272816221896932
663,TSLA,DNN,2022-09-01,2024-09-01,14,0.7544048270284583,0.87127996725991,0.6901245009088167,0.8819502426095449,0.2566208809325747
664,TSLA,DNN,2022-09-01,2024-09-01,15,2.07625882636403,2.5527330317996846,2.1216004408998983,2.435151289001073,0.6309252909116367
665,TSLA,DNN,2022-09-01,2024-09-01,16,0.1839429179072478,0.2030254395475298,0.215859705663885,0.1833259809247822,0.1837289369734722
666,TSLA,DNN,2022-09-01,2024-09-01,17,0.6846074836449256,0.883672935522993,0.6958371022751957,0.7306202419226371,0.4279157602717377
667,TSLA,DNN,2022-09-01,2024-09-01,18,1.453390899997264,1.824460667520088,1.4814290513283193,1.741719780371176,0.2391418591216615
668,TSLA,DNN,2022-09-01,2024-09-01,19,1.3706177637231067,1.659369287946881,1.3888246419383403,1.448940025298494,0.4167856854870733
669,TSLA,DNN,2022-09-01,2024-09-01,20,0.3421259057491441,0.4437086206942807,0.3755517227558075,0.3634997503686504,0.4769947009597403
670,TSLA,DNN,2022-09-01,2024-09-01,21,0.9451508987199058,1.1072992227276677,1.0123674360154105,1.0774840557740375,0.5265750924584867
671,TSLA,DNN,2022-09-01,2024-09-01,22,0.603166908002477,0.7936240561836955,0.6570590905310203,0.7263449253583607,0.1979029731053266
672,TSLA,DNN,2022-09-01,2024-09-01,23,0.219442369924184,0.2389081180973409,0.2259096472525632,0.2648616874519211,0.2766813510114422
673,TSLA,DNN,2022-09-01,2024-09-01,24,0.9704956540537136,1.287710177316084,1.088696726435881,1.183002630106852,0.8716882226738267
674,TSLA,DNN,2022-09-01,2024-09-01,25,0.281672784163351,0.2303937914595059,0.1794835010157213,0.2216401601166326,0.4366542733057867
675,TSLA,DNN,2022-09-01,2024-09-01,26,0.4727054688138178,0.5794837927762131,0.4520571120313182,0.4570305612195338,0.3644188630326463
676,TSLA,DNN,2022-09-01,2024-09-01,27,0.7264069862527924,0.8716542288352233,0.7747674489351393,0.8023010018782362,0.5311519637307893
677,TSLA,DNN,2022-09-01,2024-09-01,28,1.213720752112375,1.424963701772525,1.2597620597919503,1.3685351976863127,0.5190441459272083
678,TSLA,DNN,2022-09-01,2024-09-01,29,0.4317255983854987,0.5338688804123451,0.4706841153586514,0.5015742092482622,0.314084649728435
679,TSLA,DNN,2022-09-01,2024-09-01,30,0.3539421493257065,0.3591388940335194,0.3371501457243533,0.3796822524843224,0.4349567701677568
680,TSLA,DNN,2022-09-01,2024-09-01,31,0.3365667917983256,0.3964939028357535,0.3403492614795072,0.3634470953304271,0.4357157036921374
681,TSLA,DNN,2022-09-01,2024-09-01,32,0.3940373021807249,0.4194953597974952,0.4420222336902722,0.4069580611685049,0.1780490722850194
682,TSLA,DNN,2022-09-01,2024-09-01,33,0.7382482288914132,0.9365453516133764,0.7474893141797294,0.8204342709424461,0.7902282062610503
683,TSLA,DNN,2022-09-01,2024-09-01,34,0.5004549011658478,0.5493870315236901,0.4811408096966182,0.5196008146146751,0.3116461286039316
684,TSLA,DNN,2022-09-01,2024-09-01,35,3.307290034490955,3.630435406006472,2.6790682732306177,3.11817991193335,0.1753715771645592
685,TSLA,DNN,2022-09-01,2024-09-01,36,0.2945489347108994,0.3192169759232303,0.2992402517807867,0.3019477795518774,0.2574763313990431
686,TSLA,DNN,2022-09-01,2024-09-01,37,2.34470828602365,2.798828828719711,2.486418076273006,2.736149786537782,0.4279521652940894
687,TSLA,DNN,2022-09-01,2024-09-01,38,0.2945510479438424,0.2862935412255214,0.2279920376614873,0.2488847094180284,0.2023565169136844
688,TSLA,DNN,2022-09-01,2024-09-01,39,0.429746802314581,0.4697874892238838,0.466463078704821,0.535151688410147,0.416364296691812
689,TSLA,DNN,2022-09-01,2024-09-01,40,0.4832105628793505,0.6132350469646334,0.5455397102000447,0.546466614977256,0.2361602868639604
690,TSLA,DNN,2022-09-01,2024-09-01,41,1.8052732776608773,2.1797647065612646,1.92976392791802,1.95441486312412,0.5343415938776656
691,TSLA,DNN,2022-09-01,2024-09-01,42,0.3587356419842928,0.4400733749454904,0.3747605149892564,0.3857763735017397,0.3988838675114129
692,TSLA,DNN,2022-09-01,2024-09-01,43,0.2658142242531219,0.363597949079427,0.2976013481259341,0.3179925275479108,0.337208941461846
693,TSLA,DNN,2022-09-01,2024-09-01,44,0.6302556953896261,0.7043037346220422,0.6006106668242935,0.6115291680883111,0.2960728913639804
694,TSLA,DNN,2022-09-01,2024-09-01,45,0.8778284059227273,1.176658137822666,0.8374249181449634,1.029874603195574,0.2181085610265244
695,TSLA,DNN,2022-09-01,2024-09-01,46,0.9281807359572838,1.1795296469249912,1.063565813152369,1.1806970162420043,0.2687766865131681
696,TSLA,DNN,2022-09-01,2024-09-01,47,0.3769146576409498,0.4474960755730409,0.3792094009389212,0.3948494154441971,0.4121205138415326
697,TSLA,DNN,2022-09-01,2024-09-01,48,0.3428364452845016,0.4278055634655998,0.3314319055458968,0.425907838606683,0.2242825581852333
698,TSLA,DNN,2022-09-01,2024-09-01,49,0.7430972718955262,0.8429470343643919,0.7453633615753271,0.7653973001751232,0.459575239096921
699,TSLA,DNN,2022-09-01,2024-09-01,50,0.1941886451241007,0.2348073167258279,0.1918267882366309,0.2241370722935122,0.2415135740119781
700,TSLA,DNN,2023-05-01,2025-05-01,1,0.5063027246217419,0.6657055127433539,0.6316653434960461,0.608830701950973,0.3482004136678316
701,TSLA,DNN,2023-05-01,2025-05-01,2,0.4557372619082219,0.4847120227480083,0.4908648774805435,0.4849766937339305,0.3744898604162658
702,TSLA,DNN,2023-05-01,2025-05-01,3,1.0353932210054235,1.1728288337247286,0.9667894528974088,1.0203809456781974,0.4086496870700001
703,TSLA,DNN,2023-05-01,2025-05-01,4,0.4084982252499128,0.4012313510245303,0.3562770830804776,0.3791478907851444,0.3796640798069366
704,TSLA,DNN,2023-05-01,2025-05-01,5,1.0045858586061294,1.072956366607004,0.935565959124438,0.9224844255208934,0.5237972573995309
705,TSLA,DNN,2023-05-01,2025-05-01,6,1.103241569017518,1.2371805828979732,1.0238019936966924,1.0623855605532997,0.4551487046334818
706,TSLA,DNN,2023-05-01,2025-05-01,7,0.4698895224058882,0.579051451903427,0.4474215382483218,0.4767747874815032,0.4373326704884723
707,TSLA,DNN,2023-05-01,2025-05-01,8,0.8494828557647809,1.0526281249824554,0.8727725120841358,0.9064481465686444,0.4041768594715581
708,TSLA,DNN,2023-05-01,2025-05-01,9,0.4076630001394618,0.5049406083541339,0.3655104196900603,0.41666180919929,0.4218440552983417
709,TSLA,DNN,2023-05-01,2025-05-01,10,0.9982453139556058,1.132794002227683,0.9201332366780476,0.9473856397050692,0.3982817632094965
710,TSLA,DNN,2023-05-01,2025-05-01,11,2.534975224190128,2.4850572561199367,1.9275148055801583,2.1985575489894607,0.4922398704105596
711,TSLA,DNN,2023-05-01,2025-05-01,12,0.4292217110616702,0.4785264970408701,0.3945705452287026,0.4171510916673857,0.472569512586961
712,TSLA,DNN,2023-05-01,2025-05-01,13,0.3353747750390251,0.4878903555702237,0.3524883070344823,0.4045116006284119,0.3636371867983832
713,TSLA,DNN,2023-05-01,2025-05-01,14,1.0558497640796316,1.124937671743653,0.9858356538630096,1.0252888220093346,0.5100675807770462
714,TSLA,DNN,2023-05-01,2025-05-01,15,0.4033314065900853,0.4168599312949036,0.4655862499110651,0.4021221665687777,0.4146797910647644
715,TSLA,DNN,2023-05-01,2025-05-01,16,0.4138794730130185,0.5484372902019071,0.4296881364030994,0.4308775266059573,0.4601366115284467
716,TSLA,DNN,2023-05-01,2025-05-01,17,1.089138357606847,1.2166167617551624,1.1173011090661535,1.0807302800477945,0.4118936138660841
717,TSLA,DNN,2023-05-01,2025-05-01,18,1.1521974861866322,1.3377053951832938,1.233254412514982,1.1311755393696212,0.3982844357433151
718,TSLA,DNN,2023-05-01,2025-05-01,19,1.4079618699271692,1.6603588192903265,1.4340362519707257,1.484607296983673,0.4077125580357603
719,TSLA,DNN,2023-05-01,2025-05-01,20,0.9973002417801436,1.1882297423476509,0.9319868275671948,0.9820073493260912,0.4131744352327332
720,TSLA,DNN,2023-05-01,2025-05-01,21,0.5925822040772056,0.7533550500761025,0.6169521706434626,0.6626846903009471,0.4360766115123754
721,TSLA,DNN,2023-05-01,2025-05-01,22,3.7078600455180593,4.064655215844602,2.8646613592200456,3.5814679880826805,0.672746884767983
722,TSLA,DNN,2023-05-01,2025-05-01,23,0.8542750507261581,1.0043560354847405,0.7937624833637061,0.8286373795102303,0.4004253644824195
723,TSLA,DNN,2023-05-01,2025-05-01,24,11.72570924024063,13.757540375300346,11.727844229645475,11.977166947671195,0.5155584368730736
724,TSLA,DNN,2023-05-01,2025-05-01,25,1.2654295438044838,1.4232831296013664,1.2411751840142684,1.1932420784380446,0.4449667107188681
725,TSLA,DNN,2023-05-01,2025-05-01,26,0.30780250048852,0.3263900334979642,0.3481343365934741,0.4119917684374063,0.3897886924246914
726,TSLA,DNN,2023-05-01,2025-05-01,27,1.0471021281387376,1.1729197364946629,1.0094283151977672,1.064244430615991,0.4460831266893421
727,TSLA,DNN,2023-05-01,2025-05-01,28,0.710140106974654,0.813102150099862,0.6763054706431326,0.69069860785046,0.4521844978205165
728,TSLA,DNN,2023-05-01,2025-05-01,29,1.2794903859717532,1.3716401779896057,1.202036425815985,1.1494791656083494,0.4017775130530561
729,TSLA,DNN,2023-05-01,2025-05-01,30,0.5029491850703363,0.4923226340849688,0.5154116654239349,0.4188835298629178,0.4567432736150813
730,TSLA,DNN,2023-05-01,2025-05-01,31,0.4953718674303421,0.5499961495106442,0.4349872359588928,0.5051260337882536,0.4486514117655759
731,TSLA,DNN,2023-05-01,2025-05-01,32,0.5424134180199757,0.7357004175829569,0.5058543547595676,0.6195967692702323,0.4391033333415606
732,TSLA,DNN,2023-05-01,2025-05-01,33,0.5080118651260357,0.6120319460761022,0.486368984121214,0.5283666882681147,0.4130803409830038
733,TSLA,DNN,2023-05-01,2025-05-01,34,0.3521892392602873,0.4441495996886038,0.3328842498257081,0.3766495586782779,0.4177053181053582
734,TSLA,DNN,2023-05-01,2025-05-01,35,0.3609416609532306,0.4802364422999283,0.3813044539113714,0.414882663825791,0.426159780427246
735,TSLA,DNN,2023-05-01,2025-05-01,36,0.5261809088239163,0.6022001335187391,0.4677884705710506,0.5251740571962052,0.4291729236175155
736,TSLA,DNN,2023-05-01,2025-05-01,37,0.521602275975311,0.6093380799368624,0.5185328971453985,0.5150232779424581,0.4386351836386681
737,TSLA,DNN,2023-05-01,2025-05-01,38,4.999217435635669,5.434389101088055,4.92165556029538,4.302019218592914,0.3628002980216199
738,TSLA,DNN,2023-05-01,2025-05-01,39,0.4909501103899146,0.6167338813115818,0.408708241403168,0.4705889554380514,0.4573831964195694
739,TSLA,DNN,2023-05-01,2025-05-01,40,1.527279979667931,1.5033884716409691,1.4432163090630818,1.298637816856432,0.4490214648316145
740,TSLA,DNN,2023-05-01,2025-05-01,41,1.228332211860054,1.2917931623130603,1.1361234820638295,1.1522800346262911,0.3921695100259796
741,TSLA,DNN,2023-05-01,2025-05-01,42,0.5820499631401159,0.5796190959924945,0.5567298180251198,0.5008713633085046,0.4424009286103785
742,TSLA,DNN,2023-05-01,2025-05-01,43,0.7621370721826085,0.9087420681074994,0.6774619463704791,0.7409066624486924,0.3941660145001111
743,TSLA,DNN,2023-05-01,2025-05-01,44,0.6123102667187817,0.6513191201550178,0.6425712930231817,0.5487582723675728,0.4245666769738446
744,TSLA,DNN,2023-05-01,2025-05-01,45,0.4339928841642499,0.468905672615701,0.4716654504775365,0.3969061981719453,0.4338172110775357
745,TSLA,DNN,2023-05-01,2025-05-01,46,0.7857307592996813,0.8839096547008246,0.7128467997295129,0.6939499830520217,0.361459327592839
746,TSLA,DNN,2023-05-01,2025-05-01,47,1.1565574889087953,1.4131660236903951,1.1081860894267477,1.153633433027746,0.3706337295552079
747,TSLA,DNN,2023-05-01,2025-05-01,48,0.4100101354483706,0.4914838296274351,0.4543000005085836,0.4293915333096594,0.4285414801211282
748,TSLA,DNN,2023-05-01,2025-05-01,49,1.0401446921606567,1.2096848248637473,0.9894691092889036,1.0214828700067715,0.4366494765176468
749,TSLA,DNN,2023-05-01,2025-05-01,50,1.1498614192294856,1.29914880023153,1.128512240213687,1.1308667493068478,0.4165962038447264
750,TSLA,DNN,2024-01-01,2026-01-01,1,0.9440969644603564,0.8384852648747882,0.7728495297681224,0.8395696590651255,0.3358434206764403
751,TSLA,DNN,2024-01-01,2026-01-01,2,0.5148276920324527,0.5950606568820822,0.3492810896698958,0.6385527997624602,0.5124228697016577
752,TSLA,DNN,2024-01-01,2026-01-01,3,1.6304936172430624,1.4654241896282711,1.3384934297514246,1.323842443313078,0.4399193012013016
753,TSLA,DNN,2024-01-01,2026-01-01,4,1.0988399116935683,0.9774669379459584,0.8897453243798047,0.9582707985145696,0.3029628008302655
754,TSLA,DNN,2024-01-01,2026-01-01,5,2.601405386001721,2.3530456854741084,2.231600029991168,2.334189884098841,0.4015281237580856
755,TSLA,DNN,2024-01-01,2026-01-01,6,0.1774525852659636,0.1772067061675599,0.1439058223640883,0.1780636633339889,0.532579421039853
756,TSLA,DNN,2024-01-01,2026-01-01,7,1.564607772632072,1.3675413147534394,1.3323494883775686,1.3373661058744106,0.4949239364494556
757,TSLA,DNN,2024-01-01,2026-01-01,8,2.13720652092148,2.0058624958421274,1.864352212948553,1.955281629257504,0.3184056026277233
758,TSLA,DNN,2024-01-01,2026-01-01,9,0.7285349415328276,0.7437914664250088,0.5013072949882916,0.7526592816983776,0.3805419870884777
759,TSLA,DNN,2024-01-01,2026-01-01,10,2.481337266975204,2.289814719312027,2.111975617938425,2.1627974040461164,0.6567643286467009
760,TSLA,DNN,2024-01-01,2026-01-01,11,2.223520126515593,1.95207698932353,1.976972699692388,1.967341927569496,0.5677639244749201
761,TSLA,DNN,2024-01-01,2026-01-01,12,1.8570108228486024,1.765530543337857,1.6078785758317105,1.690289959604941,0.4096580038639096
762,TSLA,DNN,2024-01-01,2026-01-01,13,0.9915141951901328,0.8133123632218591,0.8312750011996158,0.79734611212667,0.4351621905626497
763,TSLA,DNN,2024-01-01,2026-01-01,14,0.9806763787833688,0.9711548659639084,0.4584669261045765,0.5139551094200012,1.0401912579992632
764,TSLA,DNN,2024-01-01,2026-01-01,15,0.2852116717230619,0.1957498306274825,0.2476607260630463,0.2585865141896377,0.4338077891188213
765,TSLA,DNN,2024-01-01,2026-01-01,16,1.8594469620223588,1.7483497619448376,1.7194231702676532,1.6485932676161907,0.8099900726541648
766,TSLA,DNN,2024-01-01,2026-01-01,17,0.8185990200464065,0.8304132818861549,0.7738497939227089,0.8178785590107869,0.3964577519488743
767,TSLA,DNN,2024-01-01,2026-01-01,18,0.3599236340765606,0.5115569328849091,0.5491055570746765,0.5061895738564473,0.7597098719960349
768,TSLA,DNN,2024-01-01,2026-01-01,19,0.6811265990393521,0.6400399009258556,0.5672766329090366,0.5326000947298654,0.3261409826322633
769,TSLA,DNN,2024-01-01,2026-01-01,20,0.8333421739128868,0.770606805233776,0.759564430910424,0.7739364266492433,0.2951925539349271
770,TSLA,DNN,2024-01-01,2026-01-01,21,0.2191697477948306,0.1779845637402618,0.1428248897660739,0.1914999120249477,0.4213641476053222
771,TSLA,DNN,2024-01-01,2026-01-01,22,1.0427291580709734,1.0284487480617746,0.947114925121768,0.9529079552516924,0.5414658243224472
772,TSLA,DNN,2024-01-01,2026-01-01,23,1.975296349606508,1.8173356166586168,1.7182159914885062,1.7530313110530025,0.689615121763292
773,TSLA,DNN,2024-01-01,2026-01-01,24,3.0024186453256267,2.715913184146706,2.6416788862505785,2.719073460723638,0.6752147827240528
774,TSLA,DNN,2024-01-01,2026-01-01,25,1.5435159356982526,1.4415978445238218,1.0305735537764116,1.284456514485414,0.3856954683554893
775,TSLA,DNN,2024-01-01,2026-01-01,26,2.237025499375531,2.0499604435711354,1.969811040850698,2.022271755495621,0.6726036621363776
776,TSLA,DNN,2024-01-01,2026-01-01,27,0.4864057545623705,0.446616406802305,0.4596869569561988,0.4466960382967596,0.3469308398580151
777,TSLA,DNN,2024-01-01,2026-01-01,28,0.2450162652402738,0.3353010590978882,0.1982077453921181,0.2184098814704066,0.3873528478169269
778,TSLA,DNN,2024-01-01,2026-01-01,29,2.346961367014765,2.15308194806729,2.0701262089990693,2.0698320629496143,0.7146644136774379
779,TSLA,DNN,2024-01-01,2026-01-01,30,0.7222407927634746,0.5840318432762014,0.6932843312038326,0.6525474451844758,0.4541439384331123
780,TSLA,DNN,2024-01-01,2026-01-01,31,5.03691250388075,5.150989225568697,4.11085107969461,4.3064069425367615,0.9465321335106576
781,TSLA,DNN,2024-01-01,2026-01-01,32,2.11423166735192,1.7654128708136547,1.7325290351731404,1.6530253448345182,0.3163775052571891
782,TSLA,DNN,2024-01-01,2026-01-01,33,1.1918837220501073,1.0293829113295996,0.9824714488282924,1.0384419314497624,0.5273492627658947
783,TSLA,DNN,2024-01-01,2026-01-01,34,0.7767455218772753,0.6630954059286122,0.6406179683160588,0.7097893549629387,0.2792801565229103
784,TSLA,DNN,2024-01-01,2026-01-01,35,0.2073764329548434,0.2287515873470427,0.1932828866537451,0.1856262712109304,0.486336354596795
785,TSLA,DNN,2024-01-01,2026-01-01,36,1.6363987562724442,1.4651614099802404,1.452022499879509,1.478710629571762,0.3817344295097196
786,TSLA,DNN,2024-01-01,2026-01-01,37,2.708912285422429,2.3687306648163853,2.180221756061848,2.1973354269334964,0.5404299654795763
787,TSLA,DNN,2024-01-01,2026-01-01,38,0.6365689401530815,0.4540336863843528,0.6128105530915899,0.5486528351146116,0.4641333313698259
788,TSLA,DNN,2024-01-01,2026-01-01,39,1.8772689267456977,1.7034268072970515,1.673870466013415,1.702688860482131,0.5605582268166575
789,TSLA,DNN,2024-01-01,2026-01-01,40,1.497083604988036,1.314520735343888,1.200932088996863,1.21089387390355,0.3635610246862004
790,TSLA,DNN,2024-01-01,2026-01-01,41,1.448094474929033,1.3192696930944687,1.297900545441152,1.315918119110501,0.5021988180920006
791,TSLA,DNN,2024-01-01,2026-01-01,42,1.086881067567231,0.9292155171137926,0.9517833216663008,0.9983907518263464,0.4616140413699492
792,TSLA,DNN,2024-01-01,2026-01-01,43,0.8422136839915805,0.8704573560584394,0.6899341349464075,0.7444436814703858,0.439861139056117
793,TSLA,DNN,2024-01-01,2026-01-01,44,2.74390921015978,2.591572338611204,2.309955962438237,2.40115130727082,0.4193941937888333
794,TSLA,DNN,2024-01-01,2026-01-01,45,1.1074789133306562,1.0125022558026784,1.0112096881025772,1.0454046966804813,0.326644996727689
795,TSLA,DNN,2024-01-01,2026-01-01,46,2.0889224612491124,1.892715690094847,1.8293718209877887,1.8589585261884896,0.583587411554733
796,TSLA,DNN,2024-01-01,2026-01-01,47,1.3148656672228274,1.212816476871274,1.0320405826120718,1.1868646230279096,0.3505519861363917
797,TSLA,DNN,2024-01-01,2026-01-01,48,1.1063926302399754,0.8814715061437247,1.014495353506409,1.017844518745845,0.2745859613330052
798,TSLA,DNN,2024-01-01,2026-01-01,49,2.00783141619436,1.8363688244105367,1.7917086372633375,1.7414766850419114,0.7367432659388485
799,TSLA,DNN,2024-01-01,2026-01-01,50,0.8194530496246548,0.7672855732275412,0.7367709780905277,0.7282533318682227,0.312224406874742
800,CNQ_TO,DNN,2022-01-01,2024-01-01,1,3.566110197455984,2.7404205281764864,2.060951937647782,3.162501374049473,0.224902967480347
801,CNQ_TO,DNN,2022-01-01,2024-01-01,2,2.231640024525069,2.0357222605562755,1.7866225189977096,2.1365651539421524,0.2631117665276226
802,CNQ_TO,DNN,2022-01-01,2024-01-01,3,0.7138532346992661,0.9540073237789528,1.360169319698734,0.7581491719760506,0.2602794712170918
803,CNQ_TO,DNN,2022-01-01,2024-01-01,4,6.329671848202665,5.778454778949838,5.51242219310873,6.024856128937881,0.2293001498286076
804,CNQ_TO,DNN,2022-01-01,2024-01-01,5,2.954630021082959,2.7921107913625325,2.926642545345116,3.2466316096986327,0.2444760303918526
805,CNQ_TO,DNN,2022-01-01,2024-01-01,6,0.5352555536916748,0.4775412662042963,0.826633556031211,0.8752946796109738,0.2178473335571839
806,CNQ_TO,DNN,2022-01-01,2024-01-01,7,0.8602097787218288,0.9979472209335304,0.868186313643992,0.9611886622989664,0.255004981045313
807,CNQ_TO,DNN,2022-01-01,2024-01-01,8,5.52848582495407,5.324634371773868,5.581352411059906,5.75338645677336,0.2325203792898485
808,CNQ_TO,DNN,2022-01-01,2024-01-01,9,3.334123737952718,3.5682437372175184,3.299467849911311,4.375279636708539,0.2288724514839862
809,CNQ_TO,DNN,2022-01-01,2024-01-01,10,1.1547188672375563,1.2446175171727802,1.186963820090963,1.2329451875962156,0.2417100022316254
810,CNQ_TO,DNN,2022-01-01,2024-01-01,11,5.560473756049036,5.186743010612727,4.832601351054416,5.824482642949737,0.2326831319748066
811,CNQ_TO,DNN,2022-01-01,2024-01-01,12,0.7632044187749166,0.7806122366359356,0.7757992390095654,0.9377258108586344,0.2481792671556919
812,CNQ_TO,DNN,2022-01-01,2024-01-01,13,0.785013205140182,0.6620509455835807,0.7130937814976867,0.7235187698430233,0.2493709396068892
813,CNQ_TO,DNN,2022-01-01,2024-01-01,14,0.3966440252776508,0.3250497099845424,0.273336335743391,0.2704962115779684,0.2285834622746813
814,CNQ_TO,DNN,2022-01-01,2024-01-01,15,5.188340690262683,4.240493898322767,3.980799082126037,4.676553889211993,0.2331283314693402
815,CNQ_TO,DNN,2022-01-01,2024-01-01,16,3.35839420725304,3.220079772781057,3.087069277065159,3.363233131149248,0.2380032726233246
816,CNQ_TO,DNN,2022-01-01,2024-01-01,17,0.6418056536787712,0.6292591090226671,0.533622506229477,0.6372219441947058,0.2470894659902529
817,CNQ_TO,DNN,2022-01-01,2024-01-01,18,1.703528008309963,1.4953575700995303,1.2576626858586373,1.6920673999739275,0.2405361206655353
818,CNQ_TO,DNN,2022-01-01,2024-01-01,19,1.1730765641966925,1.0509717724458307,0.9492144749877504,0.9287345905773842,0.2734055694750909
819,CNQ_TO,DNN,2022-01-01,2024-01-01,20,1.357676737431894,1.4089849795327716,1.3895715994869589,1.366005553748632,0.2602287927913218
820,CNQ_TO,DNN,2022-01-01,2024-01-01,21,1.6921480520186143,1.884518900126741,2.0403083615119617,2.3220664621149667,0.2480286689662044
821,CNQ_TO,DNN,2022-01-01,2024-01-01,22,1.3182354939301304,1.0400720024925083,1.0490506057863351,1.2771575888436957,0.2923372177431566
822,CNQ_TO,DNN,2022-01-01,2024-01-01,23,4.097399210334546,4.003157025755832,3.970315067794192,4.452714784960843,0.2683091914226621
823,CNQ_TO,DNN,2022-01-01,2024-01-01,24,0.5897540874989761,0.6182854814361366,0.4405311326866841,0.4594061434144416,0.2498694007070741
824,CNQ_TO,DNN,2022-01-01,2024-01-01,25,1.2924019150425643,1.0637609129918624,0.9963580140277404,1.5863529213624548,0.2350594666292997
825,CNQ_TO,DNN,2022-01-01,2024-01-01,26,2.30201407116455,1.99404640388692,1.893930096134924,2.172675669175705,0.2276945963039262
826,CNQ_TO,DNN,2022-01-01,2024-01-01,27,2.551025730391643,1.9056496092012687,2.40183096620842,2.2673991000776943,0.2216023223326098
827,CNQ_TO,DNN,2022-01-01,2024-01-01,28,0.3915448512891807,0.354631775636084,0.3962349494780546,0.2881191999414252,0.238806914398113
828,CNQ_TO,DNN,2022-01-01,2024-01-01,29,0.2853789645149304,0.2444795475596302,0.2580961449368978,0.2728993550370088,0.2388714106150188
829,CNQ_TO,DNN,2022-01-01,2024-01-01,30,1.7190858630793835,1.6275498370756418,1.6506564787600533,1.6945190826367162,0.2617714834046109
830,CNQ_TO,DNN,2022-01-01,2024-01-01,31,0.4347256448244037,0.3805616060076606,0.5396933208841694,0.3946430117574393,0.2585618734354559
831,CNQ_TO,DNN,2022-01-01,2024-01-01,32,9.842063001587418,7.850592909292862,7.594758633178608,9.123258043704254,0.3502005878785325
832,CNQ_TO,DNN,2022-01-01,2024-01-01,33,2.8958623327254527,1.887783104382148,1.9685569620205188,2.360832537239954,0.2626196132230196
833,CNQ_TO,DNN,2022-01-01,2024-01-01,34,3.234274497944744,2.9431235438139884,2.851117914308709,3.3828320676233536,0.2924772415583653
834,CNQ_TO,DNN,2022-01-01,2024-01-01,35,0.6301661187496181,0.6312099369562357,0.844020466812531,0.8469855999530087,0.2628359273102756
835,CNQ_TO,DNN,2022-01-01,2024-01-01,36,3.0252592196227126,2.7601735132600544,2.757421988808998,3.031369965116069,0.2497447001883499
836,CNQ_TO,DNN,2022-01-01,2024-01-01,37,0.400513447186488,0.3903445660510566,0.3574227751020473,0.355056355076869,0.2663437966283702
837,CNQ_TO,DNN,2022-01-01,2024-01-01,38,3.696424068008112,3.335671155845468,3.242484251339844,3.4488691446448785,0.2258095515489431
838,CNQ_TO,DNN,2022-01-01,2024-01-01,39,1.7873919505203388,1.776030389150434,1.9748241572756868,1.9188488279213545,0.2468020421279171
839,CNQ_TO,DNN,2022-01-01,2024-01-01,40,1.88097606936762,1.6581907349455942,2.01750016907355,1.9300979323353933,0.2668854239854251
840,CNQ_TO,DNN,2022-01-01,2024-01-01,41,6.901702045829945,5.953604881446978,5.406119951343452,6.398997739804448,0.2987768979800342
841,CNQ_TO,DNN,2022-01-01,2024-01-01,42,3.828190447112127,3.5545729038083933,3.7574686698916846,4.357087777318801,0.2372103169880744
842,CNQ_TO,DNN,2022-01-01,2024-01-01,43,4.161163239298573,3.890243775686876,4.14527689697517,4.232750777708112,0.2232283535341492
843,CNQ_TO,DNN,2022-01-01,2024-01-01,44,0.6529949610526831,0.5040314076374778,0.572888308427424,0.4114171078847606,0.2374306784449509
844,CNQ_TO,DNN,2022-01-01,2024-01-01,45,1.8889447215930129,1.7944451215006438,1.8278923938412053,1.9822401859781544,0.2269566498080023
845,CNQ_TO,DNN,2022-01-01,2024-01-01,46,5.675906569608326,5.478775269705524,5.415728515774211,6.336390777380928,0.2620828496820442
846,CNQ_TO,DNN,2022-01-01,2024-01-01,47,1.8159876681871108,1.8792971742302145,2.011867586222365,2.03760110482115,0.2337909023806205
847,CNQ_TO,DNN,2022-01-01,2024-01-01,48,2.893423236879267,2.8062612808588936,2.7176330056968223,2.9281167243758723,0.2256548827628045
848,CNQ_TO,DNN,2022-01-01,2024-01-01,49,2.2089554633751223,1.254666960825823,0.623016424043358,1.662413472632519,0.2311252306878854
849,CNQ_TO,DNN,2022-01-01,2024-01-01,50,2.972120422988967,2.630706408931547,2.636892658289041,2.8246469735149984,0.2406114814243634
850,CNQ_TO,DNN,2022-09-01,2024-09-01,1,0.6283460171324081,0.6476164599128924,0.6720622717315179,0.6545841241041835,0.3864416226999742
851,CNQ_TO,DNN,2022-09-01,2024-09-01,2,0.9932855857764749,1.197575647804404,0.9563576190439784,1.1635980358343403,0.3236923805149383
852,CNQ_TO,DNN,2022-09-01,2024-09-01,3,0.4840842560424672,0.5963368645600585,0.4908059547914292,0.5271984430270361,0.3420954623592599
853,CNQ_TO,DNN,2022-09-01,2024-09-01,4,0.4763847982854573,0.6241314216969147,0.5618941353786473,0.5808284140328999,0.33071423209075
854,CNQ_TO,DNN,2022-09-01,2024-09-01,5,4.1661038803761885,5.281570407395359,4.77179065382713,4.8861108482908655,0.5060782329050066
855,CNQ_TO,DNN,2022-09-01,2024-09-01,6,1.137605345673716,1.803774565523368,1.6646420223836045,2.075548585965974,0.3303410256378943
856,CNQ_TO,DNN,2022-09-01,2024-09-01,7,3.3320975950138294,3.9185464577777807,3.384886213331591,3.769170960737699,0.3521417515157102
857,CNQ_TO,DNN,2022-09-01,2024-09-01,8,0.8148048251730408,0.9498409391527044,0.8685244159095343,1.0457264801227413,0.3508835529381897
858,CNQ_TO,DNN,2022-09-01,2024-09-01,9,8.480706818948969,10.7853054592455,9.23822797199534,10.573090859430412,0.4525849591320712
859,CNQ_TO,DNN,2022-09-01,2024-09-01,10,0.622210144225549,0.8119495853690591,0.8291047273249623,0.921114221770297,0.3191060380799498
860,CNQ_TO,DNN,2022-09-01,2024-09-01,11,2.0144564800747404,2.3320227768679147,1.861679727827105,2.181353063704362,0.369354979854212
861,CNQ_TO,DNN,2022-09-01,2024-09-01,12,1.4356682691860287,1.963288401084077,1.6401360658323172,1.8485897808647709,0.3316242042556355
862,CNQ_TO,DNN,2022-09-01,2024-09-01,13,0.8405845506866593,0.9740198683208928,0.8822573068052216,0.8425544731797302,0.3421456328805415
863,CNQ_TO,DNN,2022-09-01,2024-09-01,14,0.5198638928074163,0.5217689055760589,0.5341077413409331,0.5954784749318633,0.3408637941898678
864,CNQ_TO,DNN,2022-09-01,2024-09-01,15,1.522986650176634,1.9484865349190603,1.590844701895913,1.828973443369892,0.3502666718766437
865,CNQ_TO,DNN,2022-09-01,2024-09-01,16,1.299325191077416,1.736177725516507,1.5755176062505707,1.5939473615971562,0.3368054299503936
866,CNQ_TO,DNN,2022-09-01,2024-09-01,17,2.339816996038824,2.630734007606787,2.154804124493814,2.581089956294776,0.3359878030315296
867,CNQ_TO,DNN,2022-09-01,2024-09-01,18,1.7039258100744208,2.159532110100268,1.8486734106984253,2.055138404256009,0.3350138584086283
868,CNQ_TO,DNN,2022-09-01,2024-09-01,19,2.6918466515432136,3.116535328415007,2.6116311999981603,2.8033398830043468,0.3842884327266949
869,CNQ_TO,DNN,2022-09-01,2024-09-01,20,0.4354421221311281,0.5155109498519348,0.4148811159286532,0.4682472166855703,0.3612281553593104
870,CNQ_TO,DNN,2022-09-01,2024-09-01,21,1.5698901807281609,1.7340158887605768,1.5243001384464423,1.54567219909215,0.3210185984420112
871,CNQ_TO,DNN,2022-09-01,2024-09-01,22,1.586734343491147,2.059000720383469,1.794289296884754,1.9825817024034045,0.34160833364496
872,CNQ_TO,DNN,2022-09-01,2024-09-01,23,0.3640954753020149,0.9791619271433464,0.6479998839081023,0.7790553164088517,0.3275802521394843
873,CNQ_TO,DNN,2022-09-01,2024-09-01,24,0.476723479331294,0.5704878873175798,0.5280671539552172,0.5406061850088401,0.348010018242879
874,CNQ_TO,DNN,2022-09-01,2024-09-01,25,0.9840948515819512,0.9926852701824534,0.6382686040138198,1.175115323431731,0.3502206199822327
875,CNQ_TO,DNN,2022-09-01,2024-09-01,26,1.442372632794945,1.7359839754733335,1.5411126440959058,1.679476691795417,0.3344920918220873
876,CNQ_TO,DNN,2022-09-01,2024-09-01,27,1.9813312800325524,2.5209716882629185,2.3060611289452955,2.3927372186124027,0.3322427302537368
877,CNQ_TO,DNN,2022-09-01,2024-09-01,28,0.403852034879022,0.5627959655328096,0.4440238785447166,0.5710202603772355,0.3357625609154023
878,CNQ_TO,DNN,2022-09-01,2024-09-01,29,1.750133863779988,2.1616052887364097,1.9417568672905896,1.9264964518864407,0.335740471003877
879,CNQ_TO,DNN,2022-09-01,2024-09-01,30,3.124135802448368,3.972426866745876,3.657108047870512,4.103628962438734,0.3790244728062963
880,CNQ_TO,DNN,2022-09-01,2024-09-01,31,7.993113402522455,10.275203693070251,9.250404055635393,10.037527399183514,0.717683171802943
881,CNQ_TO,DNN,2022-09-01,2024-09-01,32,1.878184260051709,2.553108689672676,2.158252915921253,2.511944478897841,0.3221085876769407
882,CNQ_TO,DNN,2022-09-01,2024-09-01,33,0.5522973791537094,0.5245415145649146,0.5937234682424017,0.7183783319912856,0.3619815325386619
883,CNQ_TO,DNN,2022-09-01,2024-09-01,34,1.6637490756375144,2.071768733597231,1.8541890377286088,1.9984556604661967,0.3253617715163855
884,CNQ_TO,DNN,2022-09-01,2024-09-01,35,1.4776779254428718,2.047873332419741,1.9394098844420944,2.018538527466565,0.3356222959003637
885,CNQ_TO,DNN,2022-09-01,2024-09-01,36,2.597951987581199,3.293361083616543,3.015066448812286,3.444165942456909,0.3454771022374698
886,CNQ_TO,DNN,2022-09-01,2024-09-01,37,6.56280175604387,8.356095223112057,7.097437342397851,8.355838521685387,0.3829079724695626
887,CNQ_TO,DNN,2022-09-01,2024-09-01,38,3.850800650218196,4.295340050679078,4.443691239222843,4.575841812370187,0.3591099741235976
888,CNQ_TO,DNN,2022-09-01,2024-09-01,39,2.1207201110992044,2.752243087646476,2.4509794371954428,2.486781429670221,0.3330438661483434
889,CNQ_TO,DNN,2022-09-01,2024-09-01,40,0.4939468719199453,0.5077319290592507,0.4781660826234981,0.4444631918468386,0.4612373365402277
890,CNQ_TO,DNN,2022-09-01,2024-09-01,41,1.878113147150685,2.132357083738486,1.8735965847506484,2.0185133693023323,0.3799471738948742
891,CNQ_TO,DNN,2022-09-01,2024-09-01,42,1.307294303779292,1.640178659079,1.5013934795065376,1.6678587755119807,0.3433010001137009
892,CNQ_TO,DNN,2022-09-01,2024-09-01,43,1.4998572472527856,1.89121530423185,1.7374274901061908,1.965961804368416,0.3094838265673251
893,CNQ_TO,DNN,2022-09-01,2024-09-01,44,0.5631026618475301,0.7369829522086387,0.7148092346533395,0.7643935741139539,0.3250185387507754
894,CNQ_TO,DNN,2022-09-01,2024-09-01,45,0.8269839474820041,1.0182310552231588,0.874892732698745,0.9779170131241254,0.3378345054446655
895,CNQ_TO,DNN,2022-09-01,2024-09-01,46,1.0986824273163966,1.3085845462572627,1.2845104769150713,1.22791153836762,0.3178852790987864
896,CNQ_TO,DNN,2022-09-01,2024-09-01,47,0.4373497854312442,0.4307854193823233,0.4107889519568041,0.3552497971936647,0.3265320001304722
897,CNQ_TO,DNN,2022-09-01,2024-09-01,48,4.961402871654444,6.096897123889198,5.321046903217453,6.773645942189605,0.3956325501418191
898,CNQ_TO,DNN,2022-09-01,2024-09-01,49,1.331414482750593,1.6667573921889405,1.4607642920471695,1.5587016220170278,0.3250991503104876
899,CNQ_TO,DNN,2022-09-01,2024-09-01,50,3.7746125885322734,4.622744140596208,4.721662986761345,5.1106428461840165,0.3282983713982552
900,CNQ_TO,DNN,2023-05-01,2025-05-01,1,0.1554235921996434,0.170933777696927,0.1884598328833609,0.1613856317577434,0.2079090198968659
901,CNQ_TO,DNN,2023-05-01,2025-05-01,2,1.1296068324556134,1.5298007971621996,1.259824792408592,1.2823950300783251,0.2005074972067348
902,CNQ_TO,DNN,2023-05-01,2025-05-01,3,0.5734253102851841,0.7007363463978253,0.5953991536154727,0.6025644921210829,0.2206366234722863
903,CNQ_TO,DNN,2023-05-01,2025-05-01,4,0.3306817830654653,0.3980948981770344,0.2757799456007727,0.3140818502386049,0.2062349360864429
904,CNQ_TO,DNN,2023-05-01,2025-05-01,5,2.241832173334163,2.828184733135616,2.1605677929151184,2.262394738168455,0.2325518445357484
905,CNQ_TO,DNN,2023-05-01,2025-05-01,6,1.075961686017299,1.5463686517791777,1.1682630815414516,1.0890528393995524,0.2169995410247242
906,CNQ_TO,DNN,2023-05-01,2025-05-01,7,2.2338363025046952,2.821760047340367,2.362031519222457,2.401922560024701,0.2150071783646994
907,CNQ_TO,DNN,2023-05-01,2025-05-01,8,0.2070949180937837,0.1872182624998747,0.2361080865188673,0.1981042446677848,0.2172751282863017
908,CNQ_TO,DNN,2023-05-01,2025-05-01,9,0.2310475160275194,0.2361160763287251,0.2134608009344992,0.2278808687742072,0.2186569150612137
909,CNQ_TO,DNN,2023-05-01,2025-05-01,10,0.3415545967236315,0.3257227273839342,0.3200886218547333,0.3075465856517532,0.212875373332567
910,CNQ_TO,DNN,2023-05-01,2025-05-01,11,0.2352095295314326,0.3697225695630562,0.2682527171802745,0.3219725609344826,0.2125601346959447
911,CNQ_TO,DNN,2023-05-01,2025-05-01,12,0.8398926347357875,1.1262274433415955,0.9179201402939158,0.977498053216044,0.2095686528051429
912,CNQ_TO,DNN,2023-05-01,2025-05-01,13,0.407795466302165,0.6698535325214418,0.3579032554493829,0.4731869061345941,0.21220759708707
913,CNQ_TO,DNN,2023-05-01,2025-05-01,14,0.4338642222991316,0.5789651235014605,0.4945606040831821,0.4644669813860102,0.2043865701495009
914,CNQ_TO,DNN,2023-05-01,2025-05-01,15,0.3066854936997903,0.3173898830973256,0.2965162229278124,0.2936777088276113,0.2093857607688417
915,CNQ_TO,DNN,2023-05-01,2025-05-01,16,0.7230696402366488,0.928217013568014,0.821442403207201,0.8484666328299844,0.2162191306746293
916,CNQ_TO,DNN,2023-05-01,2025-05-01,17,0.5138140648269744,0.6730868172228766,0.6572787257593042,0.5198133586581928,0.2086681511594164
917,CNQ_TO,DNN,2023-05-01,2025-05-01,18,0.3359935554821752,0.4923698954947001,0.3411904081003513,0.3823195926615501,0.2062152489381378
918,CNQ_TO,DNN,2023-05-01,2025-05-01,19,0.3065019982492689,0.375978207353263,0.3620402302895583,0.334525942270952,0.2055212654564473
919,CNQ_TO,DNN,2023-05-01,2025-05-01,20,0.6090146212186586,0.6910914804824209,0.605740551558911,0.615410764039596,0.2076710588031554
920,CNQ_TO,DNN,2023-05-01,2025-05-01,21,0.9975173617125604,1.258395218045797,1.0273393614840576,1.0259482998585032,0.2195100783882945
921,CNQ_TO,DNN,2023-05-01,2025-05-01,22,0.2983674245625392,0.2903613878733475,0.2928251255653242,0.277289808052638,0.2118073635506986
922,CNQ_TO,DNN,2023-05-01,2025-05-01,23,0.7796539793611108,1.080619716761429,0.71495693804709,0.8390631660474233,0.2147596130139759
923,CNQ_TO,DNN,2023-05-01,2025-05-01,24,0.2940533902829463,0.3759349656154526,0.3362724230098671,0.3164071661683215,0.2048102014932162
924,CNQ_TO,DNN,2023-05-01,2025-05-01,25,0.2103672397930301,0.2107429329051577,0.2087737977826267,0.2117287254988081,0.2066769738956406
925,CNQ_TO,DNN,2023-05-01,2025-05-01,26,0.2542949848074007,0.2396630003511282,0.2063153834541892,0.2218609565413194,0.2042865868320126
926,CNQ_TO,DNN,2023-05-01,2025-05-01,27,0.2027745266124246,0.20051140146629,0.1925134256721311,0.1883383952554772,0.2144030770653419
927,CNQ_TO,DNN,2023-05-01,2025-05-01,28,0.7305636493588644,0.9592598920668456,0.8314580433589795,0.7646574970919758,0.2047063147138805
928,CNQ_TO,DNN,2023-05-01,2025-05-01,29,0.5620484753400359,0.6454338477852748,0.5740159597706356,0.5498169752814029,0.2057888119136681
929,CNQ_TO,DNN,2023-05-01,2025-05-01,30,0.2375453714976469,0.2838305261482715,0.2004976681695666,0.2323856716625376,0.2085436559390217
930,CNQ_TO,DNN,2023-05-01,2025-05-01,31,0.8711432795521299,1.090493586175887,0.8416665900328233,0.8729427116570678,0.2021976472194458
931,CNQ_TO,DNN,2023-05-01,2025-05-01,32,0.158951347432202,0.1985066881614646,0.1782359898221894,0.1562026075167484,0.2105443867804975
932,CNQ_TO,DNN,2023-05-01,2025-05-01,33,2.355431442466696,3.135778337378197,2.5014333918563905,2.683166071518874,0.3484346251144918
933,CNQ_TO,DNN,2023-05-01,2025-05-01,34,0.5453900560938311,0.4604346495052035,0.3535864986393915,0.4085533894374132,0.2092174129131001
934,CNQ_TO,DNN,2023-05-01,2025-05-01,35,0.4204828485309468,0.3530598785546171,0.349313823677842,0.3840759699845905,0.1934880043014494
935,CNQ_TO,DNN,2023-05-01,2025-05-01,36,0.2854081359058881,0.3536857954157923,0.2685973036053687,0.2699041299597713,0.2240884852041254
936,CNQ_TO,DNN,2023-05-01,2025-05-01,37,0.3899272719504391,0.4453700124457137,0.3485357843931331,0.3862544668980895,0.2147648306614681
937,CNQ_TO,DNN,2023-05-01,2025-05-01,38,0.2174866107769514,0.2126876513500251,0.2142148883789405,0.2135687322609802,0.2194405765412475
938,CNQ_TO,DNN,2023-05-01,2025-05-01,39,1.4329035701481023,1.8666678566934083,1.4587791133113786,1.4947712837277132,0.2233282547358263
939,CNQ_TO,DNN,2023-05-01,2025-05-01,40,0.2460440234059726,0.23796068768767,0.2587959643384406,0.2272499047788488,0.2186489431751495
940,CNQ_TO,DNN,2023-05-01,2025-05-01,41,0.2495868213409124,0.3123314286755919,0.2319327844874942,0.2578898865546191,0.217654325407068
941,CNQ_TO,DNN,2023-05-01,2025-05-01,42,1.0947139783846724,1.4700371275645625,1.1601233946069125,1.2155524340498391,0.2020434661475471
942,CNQ_TO,DNN,2023-05-01,2025-05-01,43,0.4294948584990637,0.5683468354370298,0.4545581483618361,0.4375520942257845,0.2122410118115846
943,CNQ_TO,DNN,2023-05-01,2025-05-01,44,0.1844330141593772,0.1687614198946211,0.1855384614277892,0.162757912610042,0.215992699116961
944,CNQ_TO,DNN,2023-05-01,2025-05-01,45,0.2354046893881972,0.2287636705717788,0.2199172906602637,0.2186459445309869,0.2191279470254423
945,CNQ_TO,DNN,2023-05-01,2025-05-01,46,0.4232198482649997,0.483941072545599,0.440367028054474,0.4325132891277414,0.209497715445285
946,CNQ_TO,DNN,2023-05-01,2025-05-01,47,1.3853043050153906,1.7102400088644765,1.4493275857383368,1.4351598807266883,0.2191871519267078
947,CNQ_TO,DNN,2023-05-01,2025-05-01,48,0.5678135941331068,0.6761367813832857,0.5926255246768202,0.583551071981878,0.2102653474952425
948,CNQ_TO,DNN,2023-05-01,2025-05-01,49,0.2918618974850107,0.3056068349183912,0.3390737014995096,0.3350547615830961,0.2049761579943478
949,CNQ_TO,DNN,2023-05-01,2025-05-01,50,0.2274130550350492,0.2970636997793984,0.2460604295109408,0.2439472922955011,0.2215652451299608
950,CNQ_TO,DNN,2024-01-01,2026-01-01,1,3.9804075475838734,3.9627387244967807,4.020115922340851,4.2621182944604366,0.2719437544309581
951,CNQ_TO,DNN,2024-01-01,2026-01-01,2,2.032460050400747,1.9360330858322328,2.12236396340103,2.033613323214404,0.3393957302640553
952,CNQ_TO,DNN,2024-01-01,2026-01-01,3,1.1406952402370203,1.062153022249918,1.2310537935313126,1.1248149833438743,0.2999693559745985
953,CNQ_TO,DNN,2024-01-01,2026-01-01,4,3.068375191095062,3.1337398342924367,2.878822638809765,3.018135850613881,0.381480834148699
954,CNQ_TO,DNN,2024-01-01,2026-01-01,5,0.4851049165029463,0.4796186885109742,0.4570699971642297,0.4232494507945905,0.3406312602001313
955,CNQ_TO,DNN,2024-01-01,2026-01-01,6,0.465821659462199,0.3793336075479499,0.3031758034678141,0.3632909495315204,0.2853689397617971
956,CNQ_TO,DNN,2024-01-01,2026-01-01,7,3.2597209397536084,2.974627619186004,3.4593081368299425,3.451362638276262,0.2533703507054204
957,CNQ_TO,DNN,2024-01-01,2026-01-01,8,0.901842906418572,0.8841058061188886,0.9959081670846072,0.9547554444860148,0.3004381010682484
958,CNQ_TO,DNN,2024-01-01,2026-01-01,9,0.5994691454207307,0.6445804662828687,0.6007790632535285,0.6273154590881284,0.2792183094617212
959,CNQ_TO,DNN,2024-01-01,2026-01-01,10,0.977414907859028,0.7917041686360355,0.8657271359268128,1.0501634862298634,0.2617964173253578
960,CNQ_TO,DNN,2024-01-01,2026-01-01,11,0.3945404290382568,0.3988271758512262,0.4922829203569973,0.4032581978097486,0.329282259172334
961,CNQ_TO,DNN,2024-01-01,2026-01-01,12,0.4433983252060012,0.4965180564430059,0.5533219290166402,0.5179822553706257,0.3193692087787003
962,CNQ_TO,DNN,2024-01-01,2026-01-01,13,1.2344911925658513,1.111349547609647,1.190010905332039,1.12894461788057,0.3020864390783174
963,CNQ_TO,DNN,2024-01-01,2026-01-01,14,2.088892757392082,1.627732114758115,1.676588530766569,1.9878089363450808,0.2656763965639278
964,CNQ_TO,DNN,2024-01-01,2026-01-01,15,1.2571052236367115,1.209103009546067,1.2761795134352585,1.192570357764091,0.3186709476701019
965,CNQ_TO,DNN,2024-01-01,2026-01-01,16,1.389784464846066,1.2950641061213732,1.2511014277522738,1.2140242264973018,0.2765095986313164
966,CNQ_TO,DNN,2024-01-01,2026-01-01,17,0.5260871749209847,0.4263771629617701,0.442619878591127,0.4580831777809849,0.3810817699279684
967,CNQ_TO,DNN,2024-01-01,2026-01-01,18,2.33718230307754,2.366413378826316,2.459549541007207,2.534815897156572,0.3370556212425019
968,CNQ_TO,DNN,2024-01-01,2026-01-01,19,2.065538255281682,1.869887596324457,2.064028367105884,2.0396127633568777,0.3254761295876004
969,CNQ_TO,DNN,2024-01-01,2026-01-01,20,1.3988807801487837,1.1448597502534812,1.2381685846616926,1.1979893503021983,0.2882875782775281
970,CNQ_TO,DNN,2024-01-01,2026-01-01,21,0.7460952513635302,0.746076236900155,0.8152317328970013,0.7174397257984358,0.3292759694277167
971,CNQ_TO,DNN,2024-01-01,2026-01-01,22,0.4516390263717322,0.3729003390466641,0.3772534422854877,0.3842839676060107,0.2977539397047645
972,CNQ_TO,DNN,2024-01-01,2026-01-01,23,1.4035829283271126,1.3177728364983847,1.6080025564011458,1.3673593036841762,0.291025134628989
973,CNQ_TO,DNN,2024-01-01,2026-01-01,24,2.0243188369210023,1.7917535884224085,1.864848611315784,1.7436821598860777,0.258842518272688
974,CNQ_TO,DNN,2024-01-01,2026-01-01,25,0.7770267094590635,0.7125127537801945,0.8373973865450611,0.7590173010688577,0.2646084773121787
975,CNQ_TO,DNN,2024-01-01,2026-01-01,26,0.3833800764023715,0.3089860743880842,0.2405374828929908,0.2636932762801678,0.2723215656752102
976,CNQ_TO,DNN,2024-01-01,2026-01-01,27,2.2760538742867387,2.103123484000018,2.1176890077085297,2.238300827990692,0.3337150449582882
977,CNQ_TO,DNN,2024-01-01,2026-01-01,28,0.6079253353811731,0.4626173706334158,0.3654850893188021,0.4428213002332871,0.287103035181403
978,CNQ_TO,DNN,2024-01-01,2026-01-01,29,0.73454547128001,0.7483080267025484,0.7570132201772459,0.6722681605196208,0.287456553971123
979,CNQ_TO,DNN,2024-01-01,2026-01-01,30,0.3879198260435456,0.414667771664868,0.4923815139707739,0.4316892206787364,0.3295106221644687
980,CNQ_TO,DNN,2024-01-01,2026-01-01,31,0.5534823053267445,0.5671263713890511,0.6345221929939625,0.54061347041117,0.2989626865286238
981,CNQ_TO,DNN,2024-01-01,2026-01-01,32,1.018904336716044,0.9611653693569427,1.0526985683744672,0.921730727700782,0.2869612664163999
982,CNQ_TO,DNN,2024-01-01,2026-01-01,33,1.446505772883563,1.206296929562132,1.1458542544857933,1.281997973115047,0.2716724299158339
983,CNQ_TO,DNN,2024-01-01,2026-01-01,34,5.704497243324739,4.248107759235113,3.118498646611312,4.4357277413349845,0.3601700749187198
984,CNQ_TO,DNN,2024-01-01,2026-01-01,35,0.6090812229540228,0.593684168119064,0.8522144910729317,0.6245483842677794,0.3375650344842609
985,CNQ_TO,DNN,2024-01-01,2026-01-01,36,1.3666134543460122,1.3119184902062546,1.328098936139359,1.2987000141655711,0.2668716014289018
986,CNQ_TO,DNN,2024-01-01,2026-01-01,37,0.378613195058018,0.3658853795101547,0.3724054921979681,0.2498041202970336,0.2662154494378462
987,CNQ_TO,DNN,2024-01-01,2026-01-01,38,0.4329926380958115,0.2998931055392741,0.2303396230850225,0.2232769377565961,0.2814262061415722
988,CNQ_TO,DNN,2024-01-01,2026-01-01,39,0.3583349945156523,0.272657825455772,0.2341984179042254,0.2067660748139043,0.331442051126409
989,CNQ_TO,DNN,2024-01-01,2026-01-01,40,0.4608935254491578,0.3713625663460859,0.3756728973745583,0.3853018894816312,0.3089811498591729
990,CNQ_TO,DNN,2024-01-01,2026-01-01,41,0.5305297913441116,0.435667060637082,0.4379190968869941,0.4521106366156874,0.3035659193776771
991,CNQ_TO,DNN,2024-01-01,2026-01-01,42,0.4447187254329886,0.4613358393062505,0.5074352931146519,0.4398812627551849,0.3195645672479179
992,CNQ_TO,DNN,2024-01-01,2026-01-01,43,1.0578238932950108,0.8583106675684468,1.0408113538401378,0.997002853462111,0.3517974292387164
993,CNQ_TO,DNN,2024-01-01,2026-01-01,44,1.630739237543311,1.5780522423443928,1.9463400414119825,1.6999829091792291,0.2797846524758939
994,CNQ_TO,DNN,2024-01-01,2026-01-01,45,1.4086148476699327,1.2679116753075117,1.5331458651126693,1.1789395459404268,0.2816393351458238
995,CNQ_TO,DNN,2024-01-01,2026-01-01,46,0.3882874928288669,0.3065919721286447,0.2548606417073124,0.2915773406658594,0.3111955493212678
996,CNQ_TO,DNN,2024-01-01,2026-01-01,47,0.3221069455125129,0.311198967341991,0.3352993546607815,0.3368993411220548,0.316617062011948
997,CNQ_TO,DNN,2024-01-01,2026-01-01,48,1.3212029636408849,1.2100296437071192,1.2745100959848508,1.3204739785095378,0.3207499081948036
998,CNQ_TO,DNN,2024-01-01,2026-01-01,49,0.8125236428990823,0.7763420408348174,0.8519156603659597,0.8039059292328764,0.3098179747575391
999,CNQ_TO,DNN,2024-01-01,2026-01-01,50,0.7468511823245214,0.8070845271822041,0.8060112197572078,0.808838267548849,0.3075938798976057
1000,BHP,DNN,2022-01-01,2024-01-01,1,1.5655851939039809,1.6139442457692292,1.6498077061513683,1.6214753340145414,0.2526949544737308
1001,BHP,DNN,2022-01-01,2024-01-01,2,0.5846084261591824,0.2410898977696247,0.2372219745298961,0.3251394320840614,0.249717848950163
1002,BHP,DNN,2022-01-01,2024-01-01,3,1.754081401549991,1.7710589490740714,1.881429720162854,1.790937102118787,0.3470819746650936
1003,BHP,DNN,2022-01-01,2024-01-01,4,0.8344379046175225,0.8102231705711507,0.895624710194452,0.7990616628738278,0.3806542054414401
1004,BHP,DNN,2022-01-01,2024-01-01,5,0.612308612786981,0.4972472600745605,0.4142651882912549,0.4865497747516229,0.2591220104933762
1005,BHP,DNN,2022-01-01,2024-01-01,6,0.3281174169202402,0.4434731068990638,0.7529509700307659,0.5038307237780494,0.2678790668303428
1006,BHP,DNN,2022-01-01,2024-01-01,7,1.7597481829738368,1.0024020638427584,0.6370119083177704,1.332638475990621,0.4723072129385803
1007,BHP,DNN,2022-01-01,2024-01-01,8,6.0989729288012535,6.341231423798487,5.863374079663492,6.817020785564735,0.267719320883284
1008,BHP,DNN,2022-01-01,2024-01-01,9,0.7244043099383964,0.7191837268922673,0.7538404914478298,0.7388484288663502,0.2316502161599258
1009,BHP,DNN,2022-01-01,2024-01-01,10,1.2081723499882902,1.3087910117758377,1.268170380992836,1.2619899295536865,0.2793086860367462
1010,BHP,DNN,2022-01-01,2024-01-01,11,0.5948637582532895,0.5661180060804706,0.6304579394547326,0.54438824639001,0.3736371861054617
1011,BHP,DNN,2022-01-01,2024-01-01,12,1.0489101380368524,1.0543495107298693,1.0172038644861272,1.0910417006582864,0.2820609897482405
1012,BHP,DNN,2022-01-01,2024-01-01,13,0.9231654326378314,1.0251220266319816,1.0352220928735276,1.0417971398454555,0.3145228825387198
1013,BHP,DNN,2022-01-01,2024-01-01,14,0.4722001763427969,0.2443598635309278,0.2129050068510949,0.2535987464764557,0.2497518377831363
1014,BHP,DNN,2022-01-01,2024-01-01,15,1.3626395725976876,1.4166631018867022,1.4259188964463176,1.473152211914179,0.2471331199984733
1015,BHP,DNN,2022-01-01,2024-01-01,16,0.3586322596119652,0.3592254355411317,0.3450403358444848,0.3702841286732402,0.2413001496995327
1016,BHP,DNN,2022-01-01,2024-01-01,17,0.5342036194885148,0.5934482789134606,0.6223172468629435,0.5795168721093692,0.4064183457363298
1017,BHP,DNN,2022-01-01,2024-01-01,18,0.3274432968770304,0.1961175452046615,0.2283633569426942,0.3725375072831969,0.313859761170011
1018,BHP,DNN,2022-01-01,2024-01-01,19,1.5198359500204786,1.5783310051551578,1.6187778219059896,1.6055267672954516,0.2980811642165697
1019,BHP,DNN,2022-01-01,2024-01-01,20,0.8173522092608848,0.8576089346982702,0.8524164160511349,0.8431478643170834,0.2393342775898692
1020,BHP,DNN,2022-01-01,2024-01-01,21,1.573228193823986,1.626764044345052,1.6022421636528528,1.6039654034452986,0.39516798803011
1021,BHP,DNN,2022-01-01,2024-01-01,22,0.6500996021601181,0.7385026206680481,0.8033019206365535,0.6884102561718138,0.2639867784581201
1022,BHP,DNN,2022-01-01,2024-01-01,23,0.5727072444760931,0.5495889728447351,0.5605820691876978,0.5212975611190468,0.3033503077981775
1023,BHP,DNN,2022-01-01,2024-01-01,24,0.4707610682247652,0.4564555144734624,0.5586340616263253,0.5951038708047265,0.2945471073333973
1024,BHP,DNN,2022-01-01,2024-01-01,25,1.846473027272224,1.9200989965262567,1.933661240950027,1.784240519916659,0.4188929702435336
1025,BHP,DNN,2022-01-01,2024-01-01,26,0.4944435635008455,0.5071234053948944,0.5371720237249179,0.538540492941422,0.2877511543005964
1026,BHP,DNN,2022-01-01,2024-01-01,27,0.7492284079951095,0.7763617652429761,0.7403092084111168,0.7323830362484768,0.2643464282580958
1027,BHP,DNN,2022-01-01,2024-01-01,28,0.5854486182928822,0.5597686041963149,0.5320606400422011,0.5850474248580232,0.2561986143243321
1028,BHP,DNN,2022-01-01,2024-01-01,29,4.589658435995147,4.47788466601577,4.345057087100116,4.879958567220255,0.787474756747564
1029,BHP,DNN,2022-01-01,2024-01-01,30,0.3467740588061861,0.3746945712485994,0.3842793693922577,0.3944137866140648,0.661501968713482
1030,BHP,DNN,2022-01-01,2024-01-01,31,0.5306615757393298,0.508553884541626,0.5015485474718355,0.5056828889123257,0.2482463427312321
1031,BHP,DNN,2022-01-01,2024-01-01,32,2.9238317618536414,2.7731270996450763,2.3614989113296767,3.058979906223253,0.284083064339712
1032,BHP,DNN,2022-01-01,2024-01-01,33,0.9892436539191388,1.0511465968069424,0.9811548759099016,1.011465350648034,0.2470493666304963
1033,BHP,DNN,2022-01-01,2024-01-01,34,1.0287808137921413,1.057902558817874,1.1329212569973266,1.0895046646203217,0.2515750766169851
1034,BHP,DNN,2022-01-01,2024-01-01,35,0.5746243427046758,0.5657028740321314,0.578531800693059,0.5507559801913037,0.2493549654490553
1035,BHP,DNN,2022-01-01,2024-01-01,36,1.2185681566865405,1.1476133758187153,1.2175249060191782,1.2956956227862964,0.3086936265680231
1036,BHP,DNN,2022-01-01,2024-01-01,37,0.4432754544444899,0.4516334926768259,0.4464034000832349,0.4656709496877104,0.3061915324296372
1037,BHP,DNN,2022-01-01,2024-01-01,38,1.404637325601229,1.4489377156015548,1.42554876466044,1.4162718501189104,0.4230967821684281
1038,BHP,DNN,2022-01-01,2024-01-01,39,0.6330610789467446,0.7415563896194967,0.9882634160398028,0.7228388912492836,0.2831753373371497
1039,BHP,DNN,2022-01-01,2024-01-01,40,0.4164830277660873,0.4343794143453551,0.4165977598038722,0.4555240264580177,0.3730013609591831
1040,BHP,DNN,2022-01-01,2024-01-01,41,0.4481728911604307,0.3868020833484644,0.5031974522909275,0.4752310033600255,0.2557984292094145
1041,BHP,DNN,2022-01-01,2024-01-01,42,0.4545065863409071,0.4763492399446388,0.4575973571341307,0.4535112063653419,0.2371581363358449
1042,BHP,DNN,2022-01-01,2024-01-01,43,0.7078041773780694,0.7295362135162612,0.740861786908654,0.7397733624410957,0.2372320354594611
1043,BHP,DNN,2022-01-01,2024-01-01,44,0.938968267003772,0.9727495009915784,1.0431038826134726,1.009529616848304,0.3580691484536743
1044,BHP,DNN,2022-01-01,2024-01-01,45,0.7640754696478418,0.7374650004094047,0.7511823874229033,0.7327953807468148,0.2621047538990146
1045,BHP,DNN,2022-01-01,2024-01-01,46,0.5093703147347937,0.5138118612119524,0.5661214420746467,0.5768186511303814,0.3623003529696869
1046,BHP,DNN,2022-01-01,2024-01-01,47,1.824657391656708,1.8642221067352112,1.861104125590695,1.8785849913755808,0.3424663714496909
1047,BHP,DNN,2022-01-01,2024-01-01,48,2.059187750502425,2.1493357680715586,2.122881853065599,2.064203757510476,0.6648678991508309
1048,BHP,DNN,2022-01-01,2024-01-01,49,7.058989105773573,5.213770122807061,3.3210876476428286,4.797801369342082,0.2984999329465199
1049,BHP,DNN,2022-01-01,2024-01-01,50,0.7303438853461158,0.6979659452971229,0.6787066193939121,0.6773771248163427,0.2236016567932612
1050,BHP,DNN,2022-09-01,2024-09-01,1,1.3597433950231883,1.6102310048342188,1.5363981629345749,1.5591641924140245,0.2607445448019891
1051,BHP,DNN,2022-09-01,2024-09-01,2,0.9868523145017788,1.1900324832526858,1.0198348099336048,1.0878063454082316,0.2566238158902844
1052,BHP,DNN,2022-09-01,2024-09-01,3,0.6350382787682498,0.7033552184546462,0.6760946539167243,0.7731273571192585,0.2650619465013141
1053,BHP,DNN,2022-09-01,2024-09-01,4,1.1449316522926554,1.3670067294850312,1.2960209755458592,1.3016318454645146,0.2803067805271994
1054,BHP,DNN,2022-09-01,2024-09-01,5,0.4612294346157941,0.4527762034202878,0.3871798225818589,0.4454710700892628,0.2821122996990506
1055,BHP,DNN,2022-09-01,2024-09-01,6,2.795986701313166,3.384657629111765,3.2599935859282523,3.210123152875394,0.2626783691192791
1056,BHP,DNN,2022-09-01,2024-09-01,7,3.327428279685832,3.790703405966038,3.519255767989536,3.654814037508902,0.3786422161007292
1057,BHP,DNN,2022-09-01,2024-09-01,8,4.422527054506848,5.095754111505253,4.651639777282321,4.963553495029024,0.3610839635574723
1058,BHP,DNN,2022-09-01,2024-09-01,9,0.8590334873957844,0.95797895938433,1.058553980265175,0.980986952724624,0.2808024337143053
1059,BHP,DNN,2022-09-01,2024-09-01,10,1.5747598425359195,1.69096645271436,1.5299944677977209,1.6452804300003376,0.2713165735565436
1060,BHP,DNN,2022-09-01,2024-09-01,11,0.647220539003639,0.6244436600821334,0.3560086030242472,0.646679113745308,0.2803606990458552
1061,BHP,DNN,2022-09-01,2024-09-01,12,1.1159138607802903,1.0789763229424394,1.0172545381522848,1.0380531895995626,0.3539506765963949
1062,BHP,DNN,2022-09-01,2024-09-01,13,0.416219722651489,0.4406931855469366,0.5127322838543359,0.4669982871721617,0.2510684265953623
1063,BHP,DNN,2022-09-01,2024-09-01,14,1.1321097001166176,1.0951755231914342,0.8707630478938669,1.161740560830065,0.2722816323827716
1064,BHP,DNN,2022-09-01,2024-09-01,15,0.5778120115426604,0.6308000082902806,0.6076070529285769,0.6197631548118763,0.2548999913910813
1065,BHP,DNN,2022-09-01,2024-09-01,16,0.6100685904025447,0.5054118004433961,0.5053622350479617,0.4335899669896724,0.2636235058633671
1066,BHP,DNN,2022-09-01,2024-09-01,17,6.102212262313819,6.727735748864135,6.763551529249856,6.703609911842178,0.7041433320092526
1067,BHP,DNN,2022-09-01,2024-09-01,18,3.850149504924649,4.372828615687447,4.139411282248027,4.196055254399262,0.4212651057940981
1068,BHP,DNN,2022-09-01,2024-09-01,19,2.2454159516642456,2.5743289839756174,2.1513707000469493,2.4972811836736466,0.5447186837870854
1069,BHP,DNN,2022-09-01,2024-09-01,20,0.6995531516986976,0.7601609988393443,0.6474994134306944,0.7477924078851571,0.3353518832657688
1070,BHP,DNN,2022-09-01,2024-09-01,21,1.0075447238728297,1.1212072013946872,1.2204834382689438,1.103128664300197,0.2533757459039542
1071,BHP,DNN,2022-09-01,2024-09-01,22,1.0804503325884658,1.2483907768160976,1.0059724132739627,1.0749485328991184,0.3095301322089349
1072,BHP,DNN,2022-09-01,2024-09-01,23,4.8609865841413935,5.530967727695328,5.192189142140753,5.703275879644677,0.3001572772722374
1073,BHP,DNN,2022-09-01,2024-09-01,24,0.6886605055666412,0.7341455867019815,0.6572839297359098,0.6826268800056953,0.3061917533592167
1074,BHP,DNN,2022-09-01,2024-09-01,25,0.7036252904334596,0.5637116234235773,0.3914414967383561,0.6066864443357163,0.3760447920028322
1075,BHP,DNN,2022-09-01,2024-09-01,26,1.3839611434330676,1.6358427470326855,1.4036560214296905,1.4460565020157905,0.4098934515540542
1076,BHP,DNN,2022-09-01,2024-09-01,27,0.8725738128692432,1.0375066761317315,0.9888102242456408,0.950657067764868,0.3196432916551137
1077,BHP,DNN,2022-09-01,2024-09-01,28,2.631537539601615,3.0934044363145894,2.74425551515835,2.8352089000712906,0.2897644928802976
1078,BHP,DNN,2022-09-01,2024-09-01,29,2.0936176490601244,2.016238534855644,1.880961684419037,2.335327807795212,0.781749401067603
1079,BHP,DNN,2022-09-01,2024-09-01,30,0.8387003867680222,1.1392856790047978,0.9954034039723856,0.9247364296637178,0.4386496404373045
1080,BHP,DNN,2022-09-01,2024-09-01,31,1.4213239407679072,1.519296104673291,1.30978231251998,1.5370036241345089,0.4116556874009583
1081,BHP,DNN,2022-09-01,2024-09-01,32,0.9761408855849172,1.0734769222842422,0.9870425061016656,1.0673642546561812,0.594838661123909
1082,BHP,DNN,2022-09-01,2024-09-01,33,1.4175901903785308,1.6446470777431748,1.575918277657112,1.635404252613658,0.2510165479254096
1083,BHP,DNN,2022-09-01,2024-09-01,34,1.9190605564340049,2.179036739655684,1.9180763629383089,2.053144698676154,0.3114755604427979
1084,BHP,DNN,2022-09-01,2024-09-01,35,0.5146881468456747,0.5133226105865508,0.4509871188737726,0.540960395770502,0.2655492662148356
1085,BHP,DNN,2022-09-01,2024-09-01,36,2.155165737234256,2.340665395715442,2.0687121708247083,2.1928472447016936,0.26127458634038
1086,BHP,DNN,2022-09-01,2024-09-01,37,3.927545732078333,4.747340118983698,4.562865389700787,4.356659458649276,0.3237235796746987
1087,BHP,DNN,2022-09-01,2024-09-01,38,0.8424913512965431,0.9490882213692576,0.9688447764709376,0.9716204247318344,0.2959704319630722
1088,BHP,DNN,2022-09-01,2024-09-01,39,1.1061611029974816,1.0877569294718217,1.064266326967644,1.1655529976552943,0.3591157351671051
1089,BHP,DNN,2022-09-01,2024-09-01,40,0.8158457614383755,0.7813982975413093,0.7734488911293288,0.8112368642202682,0.5232337891751337
1090,BHP,DNN,2022-09-01,2024-09-01,41,0.9911131276274132,0.9253518553695288,0.973479946934049,1.026347779764415,0.2597799693670531
1091,BHP,DNN,2022-09-01,2024-09-01,42,1.0050492247052305,1.1112074263081655,0.8931194249167229,1.0330381118402012,0.3269533027535584
1092,BHP,DNN,2022-09-01,2024-09-01,43,0.4245741414745658,0.4081358975034193,0.3280550651246989,0.3551400078459223,0.3220288796967611
1093,BHP,DNN,2022-09-01,2024-09-01,44,1.2381994707031492,1.2726778721773848,0.9527733261880142,1.355556762141654,0.3240382002008362
1094,BHP,DNN,2022-09-01,2024-09-01,45,0.5995527069954536,0.6943340746571115,0.674811609148644,0.6846643494689937,0.3205970515280676
1095,BHP,DNN,2022-09-01,2024-09-01,46,0.6839229492312706,0.6625090239653606,0.6551321031354999,0.823419707856735,0.471392806750057
1096,BHP,DNN,2022-09-01,2024-09-01,47,0.6655218836437286,0.9411631992794568,0.5751186629091303,0.8125660081947298,0.4664440156917095
1097,BHP,DNN,2022-09-01,2024-09-01,48,0.4283329128674578,0.4093516904648678,0.3898643822508437,0.6323210972440131,0.3759190582944051
1098,BHP,DNN,2022-09-01,2024-09-01,49,0.9597572204300876,0.9311293972815452,0.799819257747476,1.0109193458317762,0.418748423646723
1099,BHP,DNN,2022-09-01,2024-09-01,50,0.3057785818079138,0.5033299937146147,0.6143614545336883,0.5836668942231363,0.4194762670746942
1100,BHP,DNN,2023-05-01,2025-05-01,1,1.882020293487924,2.234588769185509,1.5588467136352002,1.6495880871752011,0.2663907587573684
1101,BHP,DNN,2023-05-01,2025-05-01,2,0.9798592694682212,1.3015345655245534,0.9167694881830388,0.8941692647385014,0.3033524825967747
1102,BHP,DNN,2023-05-01,2025-05-01,3,0.6012806157242466,0.7631221714408608,0.6350757465436369,0.6155789882529199,0.3064998699641363
1103,BHP,DNN,2023-05-01,2025-05-01,4,0.5696105133761328,0.7255865210825951,0.5641233524427499,0.5387903337311771,0.2944069293404615
1104,BHP,DNN,2023-05-01,2025-05-01,5,1.0000957164816775,1.2634489019535955,0.9268199402241062,0.9395145898295724,0.315331452559381
1105,BHP,DNN,2023-05-01,2025-05-01,6,1.0209876573590917,1.280922515901325,0.9649912002921722,0.958746586091028,0.3106184897704487
1106,BHP,DNN,2023-05-01,2025-05-01,7,1.253226185852923,1.5981620319041827,1.1807394173437713,1.1363073410777895,0.2780165192466278
1107,BHP,DNN,2023-05-01,2025-05-01,8,1.9494477088709488,2.750723655884024,1.96804780648302,2.065764867269885,0.3434160960307664
1108,BHP,DNN,2023-05-01,2025-05-01,9,0.4213525108109911,0.5430215247504709,0.4030781818306597,0.3924983258605086,0.3021308258611583
1109,BHP,DNN,2023-05-01,2025-05-01,10,1.729825188142113,2.2774088839243074,1.6269101812275977,1.6307202873097124,0.3088699233870421
1110,BHP,DNN,2023-05-01,2025-05-01,11,1.0646538928357043,1.335211526112128,0.9442547565697788,0.9248722060824496,0.3043544306497127
1111,BHP,DNN,2023-05-01,2025-05-01,12,0.4060816943141917,0.4592110560529324,0.3931993596662455,0.3710032433831517,0.3073527929095511
1112,BHP,DNN,2023-05-01,2025-05-01,13,0.3033167575236586,0.3236865029477768,0.2980170021622659,0.2658267927465665,0.3152233515976999
1113,BHP,DNN,2023-05-01,2025-05-01,14,0.9691191458682428,1.1101128622558942,0.800008856687311,0.8908681091707159,0.301366221282175
1114,BHP,DNN,2023-05-01,2025-05-01,15,0.4975670689462194,0.5962030369392277,0.476387149059995,0.4814443127269415,0.3058063464410973
1115,BHP,DNN,2023-05-01,2025-05-01,16,1.0834266441671017,1.410257248782711,1.1169484890566288,1.1223225283932377,0.2916346689230935
1116,BHP,DNN,2023-05-01,2025-05-01,17,0.8461153218956264,1.0403208959110732,0.7301263986753702,0.75585689395974,0.3052817461337107
1117,BHP,DNN,2023-05-01,2025-05-01,18,0.3468890184434518,0.3910834418110819,0.298643718724922,0.2831480236879767,0.293332495040802
1118,BHP,DNN,2023-05-01,2025-05-01,19,0.6197466081266821,0.7170255124828984,0.5955652897929955,0.6035827247802378,0.321843350746827
1119,BHP,DNN,2023-05-01,2025-05-01,20,1.1308596572222098,1.4206357866209194,1.0545504843521412,1.1217903529119524,0.3211750778635894
1120,BHP,DNN,2023-05-01,2025-05-01,21,1.2820340262820629,1.6363662705885784,1.1415566134690092,1.125122662427999,0.2918266447744138
1121,BHP,DNN,2023-05-01,2025-05-01,22,0.6864552556721071,0.8041323568627752,0.6284056356233452,0.6189957775798677,0.2983018499674468
1122,BHP,DNN,2023-05-01,2025-05-01,23,0.8177061313387759,0.9298504587001464,0.6816466612609048,0.7084992805401286,0.3202785309080621
1123,BHP,DNN,2023-05-01,2025-05-01,24,0.3956229105501547,0.4460886179298374,0.4173409477333043,0.4219142040344347,0.2991349505787842
1124,BHP,DNN,2023-05-01,2025-05-01,25,0.8171665239257052,0.877695170591434,0.6424059156037719,0.7008947261318801,0.2889151875413742
1125,BHP,DNN,2023-05-01,2025-05-01,26,1.467092480547411,1.909292573654185,1.4005349871948714,1.414240016322276,0.3099538059681814
1126,BHP,DNN,2023-05-01,2025-05-01,27,0.754998878282494,0.972303764283218,0.7167979913148068,0.6987051938937182,0.2986265447223363
1127,BHP,DNN,2023-05-01,2025-05-01,28,0.4849582751448205,0.6208697147634229,0.4760155975168855,0.4588508054084922,0.2980794599353856
1128,BHP,DNN,2023-05-01,2025-05-01,29,2.1000557444606414,2.7296887150699303,1.8795441324209023,2.0101725928285594,0.2666997741763108
1129,BHP,DNN,2023-05-01,2025-05-01,30,0.4214299944574609,0.4101667498008554,0.3315707102707112,0.3369710147234115,0.3032749889669428
1130,BHP,DNN,2023-05-01,2025-05-01,31,0.6330532624581908,0.8075327287018953,0.6338112403153199,0.6029444063561155,0.2881879256223448
1131,BHP,DNN,2023-05-01,2025-05-01,32,0.3265717840652151,0.3497585860700444,0.3050290453508088,0.2905276602542234,0.3002927362245205
1132,BHP,DNN,2023-05-01,2025-05-01,33,0.7858146147296802,1.0072434516510276,0.8117941153886976,0.7558708128768599,0.3138412768961352
1133,BHP,DNN,2023-05-01,2025-05-01,34,0.9606563685301538,1.232761450390601,0.9090755778538842,0.9085944269774404,0.307455041816364
1134,BHP,DNN,2023-05-01,2025-05-01,35,0.5490670584944342,0.557655170169748,0.412545301550272,0.414555058203945,0.3228136815946789
1135,BHP,DNN,2023-05-01,2025-05-01,36,0.9308541915304664,1.122262960665733,0.7742659513764141,0.7589644971257866,0.3132234890743129
1136,BHP,DNN,2023-05-01,2025-05-01,37,0.8359906049155987,1.0997959000969757,0.7677222933509156,0.7887795927541481,0.2967827678772803
1137,BHP,DNN,2023-05-01,2025-05-01,38,0.5810942154881392,0.7298089941259265,0.5590093864598673,0.5951566310466199,0.3042193787242984
1138,BHP,DNN,2023-05-01,2025-05-01,39,0.464399003973792,0.4920993615239405,0.3629471214461168,0.3762032661517486,0.3108433318818788
1139,BHP,DNN,2023-05-01,2025-05-01,40,0.7876708480785994,0.993716031122784,0.7129979176896422,0.6981174043519558,0.3024483282901773
1140,BHP,DNN,2023-05-01,2025-05-01,41,1.061293159712089,1.3395381807012516,1.0168547825263743,1.062140941564731,0.3167432244973412
1141,BHP,DNN,2023-05-01,2025-05-01,42,0.3417370698330373,0.4168028944520164,0.3257988160152146,0.2974057171682828,0.3087776464105136
1142,BHP,DNN,2023-05-01,2025-05-01,43,0.9889350026884388,1.29940543704848,0.8808462631928937,0.908710082754145,0.2965158677534143
1143,BHP,DNN,2023-05-01,2025-05-01,44,0.3460856349342007,0.3226751222835472,0.2582086197988255,0.2873540232495662,0.2967778152911933
1144,BHP,DNN,2023-05-01,2025-05-01,45,1.2389619762427693,1.594986490596853,1.138410082155064,1.133365955672508,0.3102879468208984
1145,BHP,DNN,2023-05-01,2025-05-01,46,1.4509005508681885,1.946067852597448,1.3384810399047975,1.425777102419666,0.3067095823537851
1146,BHP,DNN,2023-05-01,2025-05-01,47,1.0758913845604623,1.343479530059403,0.9942441004949276,1.0170316711617162,0.3032639390844514
1147,BHP,DNN,2023-05-01,2025-05-01,48,0.4452682921580271,0.3991563956446332,0.3597299169699963,0.4091049959116989,0.3027915918017033
1148,BHP,DNN,2023-05-01,2025-05-01,49,1.8192066611682105,2.341660235738111,1.747316162334525,1.7866637410648292,0.2722803153723033
1149,BHP,DNN,2023-05-01,2025-05-01,50,1.1019358466593852,1.5580932057099974,1.2441253305808258,1.2217248138558805,0.2900003699206265
1150,BHP,DNN,2024-01-01,2026-01-01,1,0.9997145381757871,1.0346580762020847,1.0487774528199354,1.053447991480332,0.1962072098825518
1151,BHP,DNN,2024-01-01,2026-01-01,2,0.5298490136472248,0.5973177171708681,0.5786365900108212,0.5180599156140816,0.2089612417559238
1152,BHP,DNN,2024-01-01,2026-01-01,3,0.4889018455641559,0.4857807452656719,0.4752662046465306,0.4612594272155089,0.2054342152298133
1153,BHP,DNN,2024-01-01,2026-01-01,4,0.7838264698919027,0.7967510276601149,0.7427771502496308,0.7289430979033323,0.2629862755329618
1154,BHP,DNN,2024-01-01,2026-01-01,5,0.3656104675214758,0.3886592352577966,0.3340636070531652,0.3141032858813257,0.2056116627088276
1155,BHP,DNN,2024-01-01,2026-01-01,6,0.9396368576858186,0.98227216233166,0.8996585256610908,0.8760084401258852,0.2011655963843853
1156,BHP,DNN,2024-01-01,2026-01-01,7,0.6520392449583515,0.7002147869802262,0.6660484133492397,0.66723537443397,0.2497834953530363
1157,BHP,DNN,2024-01-01,2026-01-01,8,0.5842998854416137,0.6486327569871018,0.6112717839611541,0.5809035145631308,0.2142300077012755
1158,BHP,DNN,2024-01-01,2026-01-01,9,0.9291377686043296,1.0218395805172844,0.9875006413582624,0.9560301453815272,0.1970962887147035
1159,BHP,DNN,2024-01-01,2026-01-01,10,0.4239937558657952,0.4404316282301458,0.4035600546912349,0.3916520256037724,0.2046811180093115
1160,BHP,DNN,2024-01-01,2026-01-01,11,0.7690292716333428,0.8402327098184287,0.8607684317249464,0.8313011319505781,0.1972906386826105
1161,BHP,DNN,2024-01-01,2026-01-01,12,0.7177763160913327,0.773832783124897,0.7854763974589669,0.7570831595373179,0.208989335645642
1162,BHP,DNN,2024-01-01,2026-01-01,13,0.3155773607503007,0.2809027807932793,0.2306783110219633,0.231794392084722,0.2233338036971592
1163,BHP,DNN,2024-01-01,2026-01-01,14,0.6366595736376014,0.4880754356691813,0.4222704793947632,0.6086949179251617,0.2052548250630537
1164,BHP,DNN,2024-01-01,2026-01-01,15,0.428047861137927,0.4301622700864477,0.4228999582645423,0.3927438089253007,0.1955281167496188
1165,BHP,DNN,2024-01-01,2026-01-01,16,0.6795837282450047,0.7348291500084443,0.6924516007664268,0.6589113504906622,0.2116085873005235
1166,BHP,DNN,2024-01-01,2026-01-01,17,0.5607857382231585,0.5886524149328087,0.5919940251207252,0.5324216676567837,0.2001365529960086
1167,BHP,DNN,2024-01-01,2026-01-01,18,0.7168125365754887,0.7675911791154394,0.7157275605818536,0.7387359434715229,0.2191332497570423
1168,BHP,DNN,2024-01-01,2026-01-01,19,0.9042851618076084,0.9699515372858352,0.965467394193682,0.9716131138590758,0.2364353798753508
1169,BHP,DNN,2024-01-01,2026-01-01,20,1.1267295973380695,1.208764023009144,1.1146343448383234,1.1037274466484326,0.1987191726482876
1170,BHP,DNN,2024-01-01,2026-01-01,21,0.6314988284196785,0.6543385386004397,0.6544836564696404,0.6564012072642174,0.2483699432118613
1171,BHP,DNN,2024-01-01,2026-01-01,22,1.5269589391074043,1.5977469914336822,1.307116456573726,1.5143291539014714,0.3050841621483913
1172,BHP,DNN,2024-01-01,2026-01-01,23,0.3639923255787635,0.3171618173960184,0.2694026400948698,0.2480328033262208,0.2143066526145757
1173,BHP,DNN,2024-01-01,2026-01-01,24,0.4186232437404897,0.4314068450240934,0.4230153458621383,0.4032231574952018,0.2196965377068369
1174,BHP,DNN,2024-01-01,2026-01-01,25,0.5064315516486555,0.5778967142644686,0.633395652348327,0.5474525496790736,0.198568094661459
1175,BHP,DNN,2024-01-01,2026-01-01,26,0.3832894213656337,0.3886900412503052,0.344468984316038,0.3394901256913658,0.1979776176543526
1176,BHP,DNN,2024-01-01,2026-01-01,27,0.321139561072324,0.3455234395192922,0.3191241442070917,0.3148619770728481,0.202324072649746
1177,BHP,DNN,2024-01-01,2026-01-01,28,0.4537435137158809,0.477864113412317,0.4258646888500427,0.398878605287952,0.1954719109909154
1178,BHP,DNN,2024-01-01,2026-01-01,29,1.2643280860696289,1.1217816659501256,0.9675385033328028,1.194074317938006,0.197783971709965
1179,BHP,DNN,2024-01-01,2026-01-01,30,0.2610335035562258,0.261342513081871,0.1973171707162145,0.1832483457296471,0.2145902140992868
1180,BHP,DNN,2024-01-01,2026-01-01,31,0.5778765555381621,0.6021234865007932,0.5507666878577222,0.5495296041046976,0.2392997728897415
1181,BHP,DNN,2024-01-01,2026-01-01,32,0.8967028669228887,0.9585274431613324,0.916771600803528,0.89430386787508,0.2311278469825245
1182,BHP,DNN,2024-01-01,2026-01-01,33,1.088821741621241,1.1346988000792626,1.1141696469639446,1.0843078942260926,0.2154410572753662
1183,BHP,DNN,2024-01-01,2026-01-01,34,0.5119758324749202,0.5452993848842768,0.544025585580656,0.4994567368374061,0.2130409403531105
1184,BHP,DNN,2024-01-01,2026-01-01,35,0.3050598643324151,0.2927533807481706,0.2915557595910112,0.2252588081837476,0.1915926583397647
1185,BHP,DNN,2024-01-01,2026-01-01,36,0.5053103056915971,0.5501806579642781,0.4916433968859143,0.4951652687397114,0.21167461182038
1186,BHP,DNN,2024-01-01,2026-01-01,37,0.3966603626545787,0.4136770824613594,0.4015042856498884,0.3770647386383932,0.2055398208571613
1187,BHP,DNN,2024-01-01,2026-01-01,38,0.3909614975971961,0.3136124813700112,0.3450459098954002,0.3426827574679627,0.1940843933136118
1188,BHP,DNN,2024-01-01,2026-01-01,39,0.2977352773980359,0.3179827534395481,0.2809690949860725,0.2606070757016542,0.219198842198645
1189,BHP,DNN,2024-01-01,2026-01-01,40,0.3975286561001611,0.4189286774080833,0.274150876542216,0.3249369883950079,0.2155831190588339
1190,BHP,DNN,2024-01-01,2026-01-01,41,0.7875747556146754,0.8361571500179013,0.7608701056559123,0.7743571123391263,0.2278138602694038
1191,BHP,DNN,2024-01-01,2026-01-01,42,0.7437923287283209,0.8059376040165752,0.7874746464331865,0.7373763190883744,0.1979353016469007
1192,BHP,DNN,2024-01-01,2026-01-01,43,0.5068106759721099,0.4910760347970248,0.3540399924021832,0.4429546531074593,0.207168735565191
1193,BHP,DNN,2024-01-01,2026-01-01,44,0.7828751783496626,0.7803442962033093,0.8225267597418853,0.7392398423980537,0.2018375240750181
1194,BHP,DNN,2024-01-01,2026-01-01,45,0.3071958897441236,0.2959259816833593,0.2877681007327172,0.2552883582300415,0.2448403414481337
1195,BHP,DNN,2024-01-01,2026-01-01,46,0.7497734027332509,0.7878335245956387,0.7250045585117074,0.6913282798760896,0.2019554275805889
1196,BHP,DNN,2024-01-01,2026-01-01,47,0.6921245120626665,0.7103605163169683,0.707744622354417,0.6849505500730426,0.1943102985761614
1197,BHP,DNN,2024-01-01,2026-01-01,48,0.6331510113493416,0.5602011084455465,0.423850469616223,0.4723816764834898,0.2034883662580167
1198,BHP,DNN,2024-01-01,2026-01-01,49,0.2307301444621796,0.2249427297217968,0.169589444541482,0.1685445819878535,0.2283072613699599
1199,BHP,DNN,2024-01-01,2026-01-01,50,0.4027845469203623,0.4775226300312186,0.6930491046898472,0.6637738910922109,0.199502174794651
1200,BMO,DNN,2022-01-01,2024-01-01,1,0.5443608342353411,0.5325958098473431,0.5267552744960237,0.5382824516914054,0.2325718901076658
1201,BMO,DNN,2022-01-01,2024-01-01,2,0.4166515792179656,0.264943604834323,0.2755549574167588,0.3366853837531903,0.2431036309284479
1202,BMO,DNN,2022-01-01,2024-01-01,3,1.0613098853730347,0.7355480452099477,0.6807193353723395,0.8220541059226115,0.2716907283771233
1203,BMO,DNN,2022-01-01,2024-01-01,4,0.4404416109625457,0.42102910372493,0.429365207374314,0.4667924710217483,0.2416503194995017
1204,BMO,DNN,2022-01-01,2024-01-01,5,0.2034156220548788,0.2144421017078634,0.2194752726139751,0.2353537146455568,0.2323332837132417
1205,BMO,DNN,2022-01-01,2024-01-01,6,0.3865682179108298,0.2894731880748803,0.2959031977740513,0.3267846974522496,0.2575764813549656
1206,BMO,DNN,2022-01-01,2024-01-01,7,2.159778582414156,2.0006606978699244,2.110365895699565,2.100978011640917,0.2952397660598093
1207,BMO,DNN,2022-01-01,2024-01-01,8,0.6578193148155361,0.4163109347263284,0.4910363153959793,0.5194958113269829,0.2271861483537996
1208,BMO,DNN,2022-01-01,2024-01-01,9,0.3446325776667844,0.3259361757393788,0.2972655107720848,0.3290793935416464,0.2357284472259971
1209,BMO,DNN,2022-01-01,2024-01-01,10,0.4536930646932787,0.2915469506265672,0.3135692601107566,0.3313470670317627,0.2491659060056537
1210,BMO,DNN,2022-01-01,2024-01-01,11,0.732643846561132,0.6394143905507248,0.6101196288383056,0.6948430794311645,0.2424321270626942
1211,BMO,DNN,2022-01-01,2024-01-01,12,1.413459161530746,1.241955872925973,1.2818837093111104,1.315491172150765,0.3178106280651352
1212,BMO,DNN,2022-01-01,2024-01-01,13,0.2515497465481766,0.1482703670852629,0.196177606032277,0.1786726991050475,0.2492047084915709
1213,BMO,DNN,2022-01-01,2024-01-01,14,0.664791928174081,0.6064927590046625,0.6002412982194696,0.6433407199543649,0.2791655395094835
1214,BMO,DNN,2022-01-01,2024-01-01,15,0.6213830462316652,0.6100956805749975,0.6252827111012775,0.6476204354016976,0.2337983084273401
1215,BMO,DNN,2022-01-01,2024-01-01,16,0.5356539151929799,0.493113440437852,0.4970625674742207,0.5433233970548983,0.2694654086192243
1216,BMO,DNN,2022-01-01,2024-01-01,17,0.623057401568326,0.6208626069795138,0.6733989744194288,0.6370472592541151,0.2912215033622409
1217,BMO,DNN,2022-01-01,2024-01-01,18,0.6126116429243041,0.5418788745636812,0.5552360165904459,0.5521701102162933,0.2428373805926383
1218,BMO,DNN,2022-01-01,2024-01-01,19,0.9311392255569956,0.8212962595840153,0.7803672800226361,0.8551254129381838,0.3420389185206225
1219,BMO,DNN,2022-01-01,2024-01-01,20,0.6209461069899833,0.6283356950067667,0.6310134576821448,0.6507771791035645,0.2520273072188116
1220,BMO,DNN,2022-01-01,2024-01-01,21,0.5486970627573412,0.4638263815448443,0.3977518177766694,0.4287073959113654,0.2287891159019991
1221,BMO,DNN,2022-01-01,2024-01-01,22,0.3465947897818088,0.343273014551512,0.3305471906122422,0.3015422345070889,0.2258794133541583
1222,BMO,DNN,2022-01-01,2024-01-01,23,0.3854865367024164,0.3334485281644627,0.3585305117256854,0.3397661194861908,0.3033440515757107
1223,BMO,DNN,2022-01-01,2024-01-01,24,0.3253674890911903,0.2597187134518812,0.2674977993335615,0.2767687304402418,0.4974565549578592
1224,BMO,DNN,2022-01-01,2024-01-01,25,0.5037975437868895,0.4670793983650989,0.4723700029297473,0.4874145862160851,0.2481452719224074
1225,BMO,DNN,2022-01-01,2024-01-01,26,0.570550432107779,0.4147377396779512,0.424145437082339,0.5205404250731086,0.232911752731943
1226,BMO,DNN,2022-01-01,2024-01-01,27,0.6993977634185583,0.6185126871618962,0.6519590661915562,0.6459726923527819,0.2460300198197409
1227,BMO,DNN,2022-01-01,2024-01-01,28,0.5485209029721271,0.4357048879575247,0.5719297388415999,0.4671008795362417,0.2403307856480745
1228,BMO,DNN,2022-01-01,2024-01-01,29,0.4494628590262954,0.3980297584039858,0.3827871067809197,0.4546053857311395,0.2294522483584781
1229,BMO,DNN,2022-01-01,2024-01-01,30,0.7871967291432013,0.8136747995616191,0.7622319719625326,0.7950227515619718,0.2485310191289437
1230,BMO,DNN,2022-01-01,2024-01-01,31,0.6880256987503492,0.6177166211403853,0.5777354391479317,0.5998312559636783,0.2720173001841467
1231,BMO,DNN,2022-01-01,2024-01-01,32,0.5289122157163437,0.4936199198601483,0.4871127257219014,0.4963747630188595,0.2330621225181779
1232,BMO,DNN,2022-01-01,2024-01-01,33,0.3408418030262897,0.3022956707385894,0.29060921110682,0.2977778658220271,0.2389044531894759
1233,BMO,DNN,2022-01-01,2024-01-01,34,0.7116801267320423,0.6651518074538244,0.6699152413311265,0.6920168687927998,0.2205155933143219
1234,BMO,DNN,2022-01-01,2024-01-01,35,0.8637143809942656,0.786822155842734,0.822135674717581,0.7842224309197705,0.2507441484732978
1235,BMO,DNN,2022-01-01,2024-01-01,36,0.8535187473693724,0.6763705574824433,0.6137180796529577,0.708332283020862,0.2595860505411169
1236,BMO,DNN,2022-01-01,2024-01-01,37,0.6603593005252119,0.6065244146328119,0.6298546951517354,0.662926670426142,0.228780788095075
1237,BMO,DNN,2022-01-01,2024-01-01,38,0.7373164968356982,0.763910061503238,0.7564103019773696,0.7749431544496841,0.2429604957497121
1238,BMO,DNN,2022-01-01,2024-01-01,39,0.701030429886151,0.7542896403657,0.7730397573032192,0.6228270508524761,0.2227102094412902
1239,BMO,DNN,2022-01-01,2024-01-01,40,0.3821354376322465,0.3575563032690745,0.2977639043372651,0.3446939934933319,0.2549606497363098
1240,BMO,DNN,2022-01-01,2024-01-01,41,0.5474096815994342,0.4689322614478897,0.5149164048821387,0.5167075027779905,0.2367637943228044
1241,BMO,DNN,2022-01-01,2024-01-01,42,0.5449275812081663,0.5055752475312217,0.4966829413543909,0.5256416149846523,0.2665087552234582
1242,BMO,DNN,2022-01-01,2024-01-01,43,0.3497152786594732,0.290252963589581,0.3091227741635312,0.3123598803559862,0.2311420242310856
1243,BMO,DNN,2022-01-01,2024-01-01,44,0.5833189043683101,0.5646714706693379,0.578017991985731,0.6035400168877066,0.2345879413289442
1244,BMO,DNN,2022-01-01,2024-01-01,45,0.3530427429357538,0.3289756388337598,0.3217513310619552,0.3318020022734742,0.2343985321615714
1245,BMO,DNN,2022-01-01,2024-01-01,46,0.4507527706499222,0.2809251324740956,0.3227615762504058,0.3172261058073715,0.2364148510365617
1246,BMO,DNN,2022-01-01,2024-01-01,47,0.4075477662385017,0.4120679246382351,0.3880735821632202,0.4119229553998068,0.2390715406569322
1247,BMO,DNN,2022-01-01,2024-01-01,48,0.6914391005061107,0.6224111529729921,0.6101402311221282,0.6358950426630966,0.2247892088086344
1248,BMO,DNN,2022-01-01,2024-01-01,49,1.310184864453315,1.0574980078019585,0.8889560548292621,0.9527255567059274,0.2463202117899798
1249,BMO,DNN,2022-01-01,2024-01-01,50,0.5806725272291741,0.5826498222566434,0.5817770983817717,0.577618744665397,0.2834292617265727
1250,BMO,DNN,2022-09-01,2024-09-01,1,0.5513138338774252,0.6539953715065847,0.5535713160446339,0.6519044696346135,0.2556822957906624
1251,BMO,DNN,2022-09-01,2024-09-01,2,0.7569875294161809,0.8327831200478613,0.824966308024525,0.9589757597497416,0.2663346538325442
1252,BMO,DNN,2022-09-01,2024-09-01,3,0.5925325097477546,0.7041612010966427,0.648319844498907,0.7705399562017291,0.2435095446989381
1253,BMO,DNN,2022-09-01,2024-09-01,4,3.7950606314131656,4.299243660231717,3.989936480543849,4.54309176528849,0.302751116524296
1254,BMO,DNN,2022-09-01,2024-09-01,5,0.3246697234630449,0.4101185464146983,0.3659886093785529,0.4320758013827224,0.2615157062354118
1255,BMO,DNN,2022-09-01,2024-09-01,6,0.8817387092328112,1.0689404229769208,1.003903645924775,1.138894132741907,0.2395793848484832
1256,BMO,DNN,2022-09-01,2024-09-01,7,0.8476129707845359,0.9346516643541704,0.8654028220327887,0.977703429005571,0.2741345457753165
1257,BMO,DNN,2022-09-01,2024-09-01,8,0.705140452758418,0.8174425633985613,0.709744329023793,0.9203359528890428,0.2342739796216511
1258,BMO,DNN,2022-09-01,2024-09-01,9,0.8455996314542313,0.90752370013254,0.7392750537709777,0.9207475998114664,0.2396146592213131
1259,BMO,DNN,2022-09-01,2024-09-01,10,0.7212918437895355,0.7967594622305598,0.7228780858188721,0.877770335577352,0.2624339799881719
1260,BMO,DNN,2022-09-01,2024-09-01,11,0.4410333108371551,0.5145331725555538,0.5025267715123755,0.6058636833077026,0.2462721360349517
1261,BMO,DNN,2022-09-01,2024-09-01,12,0.3570260275004609,0.3647350400135024,0.3642931908071586,0.4097460928681654,0.2570502396898339
1262,BMO,DNN,2022-09-01,2024-09-01,13,0.3499252569132592,0.3951315734648027,0.3775659147519538,0.4285440879477844,0.2545737496657554
1263,BMO,DNN,2022-09-01,2024-09-01,14,0.6437588995465144,0.6653886006478726,0.5328267513850584,0.6968799866807311,0.236757593450448
1264,BMO,DNN,2022-09-01,2024-09-01,15,0.4086459403070704,0.4647080040635015,0.4432548071724737,0.5305764354904929,0.2499825097954306
1265,BMO,DNN,2022-09-01,2024-09-01,16,31.761307574349505,36.54223865809667,30.08882281995797,36.52975371656404,0.9488018408399976
1266,BMO,DNN,2022-09-01,2024-09-01,17,1.1204882844476656,1.2590232306539508,0.9555415989441252,1.2422142382778814,0.2459863776005313
1267,BMO,DNN,2022-09-01,2024-09-01,18,0.8469876275070262,1.0035054112652042,0.9521625073896716,1.1652906864371264,0.2756764334723572
1268,BMO,DNN,2022-09-01,2024-09-01,19,1.6910029993139244,1.871238964020608,1.640717495392511,1.8271406085190176,0.2439601970449801
1269,BMO,DNN,2022-09-01,2024-09-01,20,0.6060331481719298,0.672407513027798,0.690047573133423,0.7461799618448284,0.2485427522460531
1270,BMO,DNN,2022-09-01,2024-09-01,21,0.4060567056870593,0.4659468155831071,0.4449188156947221,0.4673506690986556,0.2578509868235282
1271,BMO,DNN,2022-09-01,2024-09-01,22,0.4109296109793598,0.4106705577148191,0.4060349088639038,0.4411137160210147,0.2517663109823009
1272,BMO,DNN,2022-09-01,2024-09-01,23,1.8215618980445731,2.1979372249434896,1.9668010664017848,2.3319885489778027,0.2283471007067342
1273,BMO,DNN,2022-09-01,2024-09-01,24,0.6351715515189716,0.7115182349599256,0.6752220374353782,0.7471854491703757,0.2373923552636194
1274,BMO,DNN,2022-09-01,2024-09-01,25,0.5612383718070845,0.5423387470512914,0.4507464731326997,0.6091411003535322,0.2524400362760463
1275,BMO,DNN,2022-09-01,2024-09-01,26,1.5444077212853728,1.787279224917441,1.383870596961308,1.8143522950033,0.2305593290113904
1276,BMO,DNN,2022-09-01,2024-09-01,27,2.2623535292422763,2.625783320764984,2.267943850214885,2.665053753225328,0.2360700650303629
1277,BMO,DNN,2022-09-01,2024-09-01,28,0.3821664068650522,0.4386194917365981,0.4322032893422657,0.4690528221366722,0.2350609103612041
1278,BMO,DNN,2022-09-01,2024-09-01,29,2.40480151702031,2.601449271818496,2.178462440288874,3.023277480477576,0.2401232638708476
1279,BMO,DNN,2022-09-01,2024-09-01,30,0.3499332301123413,0.3742508188651477,0.3631469457413755,0.4237124109012642,0.2969866461908816
1280,BMO,DNN,2022-09-01,2024-09-01,31,0.2974600842813715,0.3652251617382981,0.3590650857186176,0.3725540678570329,0.256176962441451
1281,BMO,DNN,2022-09-01,2024-09-01,32,0.2324439606704861,0.2316295771123249,0.2228818814454667,0.2527330471727277,0.2694611937063766
1282,BMO,DNN,2022-09-01,2024-09-01,33,1.4080024765898589,1.596999463531016,1.4496007609657713,1.7690844589409571,0.2840804581770468
1283,BMO,DNN,2022-09-01,2024-09-01,34,1.3955169965843246,1.6055774201188768,1.4214838780532082,1.733495646697586,0.2421848839838438
1284,BMO,DNN,2022-09-01,2024-09-01,35,0.7079662119001334,0.8053099027779356,0.7374616324250279,0.8543700194771461,0.2578367171957672
1285,BMO,DNN,2022-09-01,2024-09-01,36,0.9748298968385198,1.0812511373180602,0.8992717925012292,1.1060520638258322,0.2414775582736524
1286,BMO,DNN,2022-09-01,2024-09-01,37,0.4854257068105436,0.5273228094519038,0.5464754213543075,0.5788279727127621,0.2728069549261099
1287,BMO,DNN,2022-09-01,2024-09-01,38,0.6313939887370196,0.718835068255925,0.6527836320993049,0.7720556732268111,0.2387762506432539
1288,BMO,DNN,2022-09-01,2024-09-01,39,0.3630547489780873,0.3725063220528087,0.3772885221215002,0.451319033876609,0.2823525702501703
1289,BMO,DNN,2022-09-01,2024-09-01,40,0.4109319711720673,0.4290864437299788,0.4911921152613771,0.535097253622924,0.2435887862580992
1290,BMO,DNN,2022-09-01,2024-09-01,41,0.547899002057063,0.6495187836672461,0.5802628361289095,0.6536518917544589,0.235424387797205
1291,BMO,DNN,2022-09-01,2024-09-01,42,0.5000750750857785,0.5535360174936631,0.4819541143046103,0.5840247480561337,0.2404565868391271
1292,BMO,DNN,2022-09-01,2024-09-01,43,4.2412887175369285,4.60539449269872,4.501747142591534,5.308609953647567,0.2861484567267469
1293,BMO,DNN,2022-09-01,2024-09-01,44,0.6212026836622501,0.6218053823769966,0.5729262473506678,0.7782590259652091,0.2455050496382096
1294,BMO,DNN,2022-09-01,2024-09-01,45,0.8358078316816635,0.9564104420490848,0.9628020069116184,1.0515972315426825,0.2446603521575554
1295,BMO,DNN,2022-09-01,2024-09-01,46,0.255874867537035,0.2913469743978223,0.3139690970365829,0.3661635828679501,0.2497480378731159
1296,BMO,DNN,2022-09-01,2024-09-01,47,0.5760097111991904,0.6622077386028076,0.558975547031864,0.7467836353320039,0.2510413443648123
1297,BMO,DNN,2022-09-01,2024-09-01,48,0.5115529612611673,0.5043237216608282,0.4864362059614689,0.6008177140216076,0.2259585870542686
1298,BMO,DNN,2022-09-01,2024-09-01,49,1.3594738035748497,1.5718544238387646,1.394593774659871,1.6968401493099936,0.2432046868843227
1299,BMO,DNN,2022-09-01,2024-09-01,50,0.2358829430335627,0.1980983264031903,0.160905097489256,0.1645217365560988,0.2495319258379777
1300,BMO,DNN,2023-05-01,2025-05-01,1,0.2455769012277639,0.2853280166350345,0.2481686408891417,0.2533307719864348,0.2427094414067645
1301,BMO,DNN,2023-05-01,2025-05-01,2,0.5354629997594257,0.7584982064302712,0.6410271219289139,0.7229355988737125,0.2624857779150675
1302,BMO,DNN,2023-05-01,2025-05-01,3,0.8403735258601296,1.3528713188435584,1.0252704739766447,1.1789390008777787,0.2754636406602938
1303,BMO,DNN,2023-05-01,2025-05-01,4,0.2686345686104768,0.396847464812482,0.3175698272765155,0.3691357824560419,0.2833314875568072
1304,BMO,DNN,2023-05-01,2025-05-01,5,6.126273086259779,9.621181287354322,5.938248385594751,6.749970676823933,0.2285869049179619
1305,BMO,DNN,2023-05-01,2025-05-01,6,0.7162281061449833,1.1683686279737358,0.7328436794414807,0.8761986878814287,0.2334359334841624
1306,BMO,DNN,2023-05-01,2025-05-01,7,1.2415595825180252,1.9913141132339371,1.3242859232424586,1.5744226422344716,0.2474885463319108
1307,BMO,DNN,2023-05-01,2025-05-01,8,1.4223315496792972,2.180255581572056,1.5082682888232175,1.7104609507767716,0.2568691823757761
1308,BMO,DNN,2023-05-01,2025-05-01,9,0.2616550996671616,0.3336917737483401,0.297963959640137,0.3159169903444582,0.2751838521982621
1309,BMO,DNN,2023-05-01,2025-05-01,10,1.1991822784378428,1.9975087441927344,1.320820773993791,1.659223010931038,0.2514668129592676
1310,BMO,DNN,2023-05-01,2025-05-01,11,5.52312934675392,8.433638232247345,4.979451500904916,5.584374809167941,0.2394358550155761
1311,BMO,DNN,2023-05-01,2025-05-01,12,0.4770464623096907,0.7933530267910719,0.4571886411960473,0.619923756628492,0.2631695295303857
1312,BMO,DNN,2023-05-01,2025-05-01,13,0.658662254761888,1.0644183094111768,0.6447913427290095,0.71619088968825,0.2473438566530309
1313,BMO,DNN,2023-05-01,2025-05-01,14,1.1583519674116594,1.5616428038553984,0.8253643264187138,1.3939112039261825,0.2677854934047208
1314,BMO,DNN,2023-05-01,2025-05-01,15,0.3846054048557444,0.5607961804514487,0.4212973192138622,0.4827764701398273,0.2664486344562182
1315,BMO,DNN,2023-05-01,2025-05-01,16,0.7694521136624722,1.381112827048598,0.754119996694153,1.0457216947382908,0.3647118430253061
1316,BMO,DNN,2023-05-01,2025-05-01,17,1.3284205960274034,1.9680733904249088,1.201824389140568,1.5061087457086988,0.2753805529804374
1317,BMO,DNN,2023-05-01,2025-05-01,18,2.3636180724940803,3.872476098733598,2.561980574562795,3.021689888377295,0.2284103326915114
1318,BMO,DNN,2023-05-01,2025-05-01,19,0.4305898366975899,0.5807317782157178,0.4186451040723422,0.4451263878408866,0.2850427940594571
1319,BMO,DNN,2023-05-01,2025-05-01,20,0.421244681700685,0.6370164924532286,0.4668332005352157,0.5261883020728683,0.2592937966729993
1320,BMO,DNN,2023-05-01,2025-05-01,21,0.5112594946550814,0.7230079059582294,0.4844543270618723,0.5081915123250829,0.2956054473420436
1321,BMO,DNN,2023-05-01,2025-05-01,22,2.665897151939314,3.9380808851904714,2.663628688006081,3.1883679089864265,0.2982684917725486
1322,BMO,DNN,2023-05-01,2025-05-01,23,0.2510066046738738,0.2844798312305778,0.2912155396306873,0.3763861140937417,0.3205086712838506
1323,BMO,DNN,2023-05-01,2025-05-01,24,0.7115351560101341,0.960074075210956,0.828244088588293,0.9449223189982462,0.3319707398148925
1324,BMO,DNN,2023-05-01,2025-05-01,25,0.8119181888722835,1.081259705478448,0.6661055466846112,0.8994436955602416,0.2343907637584441
1325,BMO,DNN,2023-05-01,2025-05-01,26,0.5816704113938974,0.7894030874234964,0.6778106635183944,0.6931575256249906,0.2965781574484848
1326,BMO,DNN,2023-05-01,2025-05-01,27,0.3145109707924831,0.5019527571142671,0.3717149416455153,0.3827925677518922,0.2485943786806624
1327,BMO,DNN,2023-05-01,2025-05-01,28,2.237733345551387,3.4117001091195407,2.4551881498209656,2.56760456616965,0.4509390451155786
1328,BMO,DNN,2023-05-01,2025-05-01,29,2.6989113664095106,3.8205259418378734,2.3380205870824358,3.443630213371495,0.2782224120195058
1329,BMO,DNN,2023-05-01,2025-05-01,30,2.255430171516376,3.5408904067717315,2.4744021200564017,2.72970533492852,0.3238944929761722
1330,BMO,DNN,2023-05-01,2025-05-01,31,0.6170809649437766,0.9184926403330624,0.5664250118846356,0.6559447078764303,0.3346224076893505
1331,BMO,DNN,2023-05-01,2025-05-01,32,1.3557291221922931,1.987068173690737,1.4582697336754695,1.792357450549367,0.3124152551199846
1332,BMO,DNN,2023-05-01,2025-05-01,33,1.2653301976002973,1.8884625403119524,1.4114524568773057,1.7765587317816154,0.2885102859857545
1333,BMO,DNN,2023-05-01,2025-05-01,34,2.073859226375109,3.11483735583509,2.079133527509416,2.435735522580229,0.3272221480103053
1334,BMO,DNN,2023-05-01,2025-05-01,35,0.7544209776865699,1.175280450361133,0.8332640044917189,1.0104579402790614,0.3040485353309326
1335,BMO,DNN,2023-05-01,2025-05-01,36,1.013034613146442,1.6220879727586368,1.220618742120327,1.3365634365892258,0.248056023634004
1336,BMO,DNN,2023-05-01,2025-05-01,37,0.5431488006210424,0.9044495858082068,0.5942604624724065,0.6857882872755048,0.237203820311218
1337,BMO,DNN,2023-05-01,2025-05-01,38,0.3559154624671037,0.7004110332838411,0.3305191298967775,0.2809139229615923,0.2434408984986547
1338,BMO,DNN,2023-05-01,2025-05-01,39,0.5328666718013267,0.8419807858576501,0.5815702703512206,0.6375379751982222,0.3019209158692693
1339,BMO,DNN,2023-05-01,2025-05-01,40,0.4188791440174182,0.7392997856906132,0.4329730808353729,0.5269570118705098,0.2450652577473274
1340,BMO,DNN,2023-05-01,2025-05-01,41,0.9772043885934436,1.340682994391475,0.9271018769011208,1.073699336666753,0.2408726278496265
1341,BMO,DNN,2023-05-01,2025-05-01,42,0.1927751665083349,0.3876622060085407,0.2329861366723337,0.3144984396497707,0.2375768014134825
1342,BMO,DNN,2023-05-01,2025-05-01,43,0.4531783574286713,0.8095565537298185,0.4829344613883851,0.6197516379963387,0.2535423365059771
1343,BMO,DNN,2023-05-01,2025-05-01,44,0.5666983186536805,0.7758989931529173,0.4539443990855941,0.7058854775548142,0.3000139120349155
1344,BMO,DNN,2023-05-01,2025-05-01,45,0.3041053375221195,0.4118512755384472,0.3521287597964198,0.3943262070783327,0.2450737220158095
1345,BMO,DNN,2023-05-01,2025-05-01,46,0.3362018108155605,0.4958465662219422,0.391947396245275,0.5086660214415499,0.22991823376989
1346,BMO,DNN,2023-05-01,2025-05-01,47,0.8089808053799884,1.2335966174961766,0.8802499922400936,0.9711766172618176,0.2858718928960456
1347,BMO,DNN,2023-05-01,2025-05-01,48,0.6559485975360259,0.9688222083710802,0.5063659076412308,0.5195831423259631,0.3045588729427881
1348,BMO,DNN,2023-05-01,2025-05-01,49,0.834173500844452,1.3199167099271438,0.8250558914304542,1.023111194788992,0.2504388352884018
1349,BMO,DNN,2023-05-01,2025-05-01,50,0.4421611706408514,0.7206893253090775,0.7045242761162634,0.800211407542234,0.2647855698373208
1350,BMO,DNN,2024-01-01,2026-01-01,1,0.6761426332321676,0.672081436206362,1.1853559786542185,0.9456723176225644,0.2610119313151567
1351,BMO,DNN,2024-01-01,2026-01-01,2,2.2296303331693763,2.217530036506905,2.1552915294416257,2.066619516036392,0.2764075779037537
1352,BMO,DNN,2024-01-01,2026-01-01,3,0.201480686050704,0.2015629437675033,0.2272742990963172,0.2008478078446921,0.2713323642561389
1353,BMO,DNN,2024-01-01,2026-01-01,4,0.4481798178059517,0.2621605892622342,0.2481812695762443,0.2678837438200306,0.2705116268495667
1354,BMO,DNN,2024-01-01,2026-01-01,5,5.401101820213994,6.08124446301471,5.670713732568188,5.530707861987149,0.3267843869432608
1355,BMO,DNN,2024-01-01,2026-01-01,6,0.5974796494447444,0.462870041320744,0.369245692610929,0.2722256444717966,0.2655446731817125
1356,BMO,DNN,2024-01-01,2026-01-01,7,1.3724101715331207,1.4747907030747032,1.404155170755946,1.4569893160584195,0.2657741470237747
1357,BMO,DNN,2024-01-01,2026-01-01,8,0.9891199296337376,0.9796371751728216,1.0970848775317186,1.1238372845346392,0.2854674737185552
1358,BMO,DNN,2024-01-01,2026-01-01,9,0.7908301740019091,0.8333396509352898,0.7681195650767932,0.6757789644899999,0.2757401179237367
1359,BMO,DNN,2024-01-01,2026-01-01,10,0.5313703952778692,0.5218856819022797,0.439933857938521,0.3900730266413397,0.2821256646847619
1360,BMO,DNN,2024-01-01,2026-01-01,11,1.3532411355507594,1.541377330193801,1.5857665440666415,1.5334850024933178,0.2808167716535681
1361,BMO,DNN,2024-01-01,2026-01-01,12,2.8315240072734555,2.8820253315534488,2.872981035625581,2.895831271831046,0.4019190641253082
1362,BMO,DNN,2024-01-01,2026-01-01,13,3.3221494108741894,3.188835504072227,3.3594654284040013,3.120421091320515,0.3085330649498474
1363,BMO,DNN,2024-01-01,2026-01-01,14,0.4204797435532935,0.2254075892622453,0.1880638994619699,0.6861225839221371,0.266356992015332
1364,BMO,DNN,2024-01-01,2026-01-01,15,0.3059279607070482,0.2803087588815332,0.2867807994810758,0.2712949853845425,0.2730437324850189
1365,BMO,DNN,2024-01-01,2026-01-01,16,1.5822179989254286,1.7749701778528322,1.8780986039654728,1.5495401355368807,0.3549922286133647
1366,BMO,DNN,2024-01-01,2026-01-01,17,0.253402016388804,0.3131449998511253,0.3035892914417672,0.229661722007734,0.2649788559273604
1367,BMO,DNN,2024-01-01,2026-01-01,18,6.74607243112964,6.519543883552078,6.721966001459281,6.488999750660541,0.7071391732341094
1368,BMO,DNN,2024-01-01,2026-01-01,19,0.4643974484296469,0.4950789795633149,0.4023527632416667,0.4181732644351194,0.2935807957671856
1369,BMO,DNN,2024-01-01,2026-01-01,20,1.447407402690543,1.5389125349592292,1.4255604836315507,1.4405223036033303,0.2618135095911255
1370,BMO,DNN,2024-01-01,2026-01-01,21,2.7581621675608514,2.886949458301641,2.8244669111954237,3.0276290544307574,0.3560832143049446
1371,BMO,DNN,2024-01-01,2026-01-01,22,0.5039621465594994,0.4993937962215384,0.4686300229564892,0.4947933857854011,0.2674402221558243
1372,BMO,DNN,2024-01-01,2026-01-01,23,0.5777577466244959,0.4063397212412337,0.3626024400305669,0.2959362147864289,0.2699992081415896
1373,BMO,DNN,2024-01-01,2026-01-01,24,1.5993823840377943,1.5676165663182346,1.5522541881565048,1.5360293718078823,0.2647097055819561
1374,BMO,DNN,2024-01-01,2026-01-01,25,0.7202841169893148,0.7637177383764212,0.9448024201458008,0.6408811407194516,0.2789123694333486
1375,BMO,DNN,2024-01-01,2026-01-01,26,2.908144043669627,2.997116026348304,2.996541148508827,3.026479104575145,0.3185908667096394
1376,BMO,DNN,2024-01-01,2026-01-01,27,0.3248752091232099,0.2875209312213017,0.3085413991099527,0.2678709191426792,0.2748798762196926
1377,BMO,DNN,2024-01-01,2026-01-01,28,1.6474629974677435,1.7797057399995553,1.6623145217142157,1.65480213157105,0.2849308331934904
1378,BMO,DNN,2024-01-01,2026-01-01,29,1.674735407984017,1.530865758929003,1.2681190944198188,1.9337038707806369,0.30957232276679
1379,BMO,DNN,2024-01-01,2026-01-01,30,4.443631751517369,5.127667925228967,5.053593734997286,4.86333379402347,0.2609813129068822
1380,BMO,DNN,2024-01-01,2026-01-01,31,2.3629188510403663,2.54763202851261,2.9998278344513247,2.8811487571401675,0.2635048241280133
1381,BMO,DNN,2024-01-01,2026-01-01,32,0.6978144753781717,0.7685812069093899,0.6236435409265103,0.6575862717268508,0.2637192558937227
1382,BMO,DNN,2024-01-01,2026-01-01,33,0.2468769740718761,0.2249834982047175,0.2455436287303204,0.2073220823562212,0.268573642267386
1383,BMO,DNN,2024-01-01,2026-01-01,34,0.3942323181744805,0.3781229060649653,0.3256646512179365,0.2960407813231221,0.2684730287103891
1384,BMO,DNN,2024-01-01,2026-01-01,35,0.2416056097325449,0.2339814359542899,0.2332905225596162,0.218649178652556,0.2838634404132428
1385,BMO,DNN,2024-01-01,2026-01-01,36,1.14663516845807,1.062366298619032,1.0884670891813042,1.050483835904988,0.2631977774112745
1386,BMO,DNN,2024-01-01,2026-01-01,37,0.9249340992656776,1.0147782046354985,1.1853352195152735,1.1590826445450908,0.2783421351979779
1387,BMO,DNN,2024-01-01,2026-01-01,38,0.639262509927715,0.8882348449426081,0.6188548451278005,0.7943281315907879,0.2628923199498558
1388,BMO,DNN,2024-01-01,2026-01-01,39,0.9786452324905788,0.9466688742831728,0.8868885797801588,0.9105567456807186,0.2927545642337688
1389,BMO,DNN,2024-01-01,2026-01-01,40,6.465250491884785,5.952258315413484,5.985596756596976,5.458405581952771,0.2693392159484485
1390,BMO,DNN,2024-01-01,2026-01-01,41,1.153200688288207,1.411161471592863,1.2370466425352842,1.2061259086905631,0.2754740886482292
1391,BMO,DNN,2024-01-01,2026-01-01,42,0.20926630295046,0.292696349885636,0.2069332420081207,0.2795980300567622,0.2686875380058229
1392,BMO,DNN,2024-01-01,2026-01-01,43,1.3776298684241477,1.5829394374073644,1.1710837224547697,1.371956134574795,0.269395729989424
1393,BMO,DNN,2024-01-01,2026-01-01,44,1.0447536013884111,0.8178908456042003,0.7666040774690461,0.9121279254923422,0.2759444107013016
1394,BMO,DNN,2024-01-01,2026-01-01,45,0.6879746361321647,1.0039602345449226,0.894354491698778,0.9993531891749928,0.2750247350060968
1395,BMO,DNN,2024-01-01,2026-01-01,46,1.6184264644233168,1.6003567051357697,1.6995108404794272,1.5872375596980723,0.2780811844820541
1396,BMO,DNN,2024-01-01,2026-01-01,47,1.3954373129840238,1.351475694942034,1.4240260694665587,1.3885429308526192,0.2683521259480854
1397,BMO,DNN,2024-01-01,2026-01-01,48,4.176842407693343,4.931665124947185,5.141829849315847,4.915655898707324,0.4295353489388723
1398,BMO,DNN,2024-01-01,2026-01-01,49,0.9828030616016225,0.931398105197488,0.8738839625788016,0.8978258689827316,0.3236747960592843
1399,BMO,DNN,2024-01-01,2026-01-01,50,1.989386304138424,2.075008494291944,1.8107918064165869,1.823864580290914,0.2716336599801118
1400,V,DNN,2022-01-01,2024-01-01,1,5.2121166039840885,5.369075514123981,5.436263710959089,5.275974222199735,0.4487998557311153
1401,V,DNN,2022-01-01,2024-01-01,2,3.9303758719435327,2.981387947959829,2.2054471630584094,3.584172261832232,0.5670137515634587
1402,V,DNN,2022-01-01,2024-01-01,3,3.033852132824976,3.306640171264556,3.594113816458132,3.4748130854065806,0.3114462082014986
1403,V,DNN,2022-01-01,2024-01-01,4,2.2631553708770493,2.312585897200065,2.394649388292114,2.356045686947431,0.2978263121189605
1404,V,DNN,2022-01-01,2024-01-01,5,0.753500417725702,0.4805260540294059,0.2210905593155193,0.3460935061346472,0.2501263223916132
1405,V,DNN,2022-01-01,2024-01-01,6,1.0901426110337562,0.6765085136104072,0.5062111561852537,0.8569413628754522,0.275302268030232
1406,V,DNN,2022-01-01,2024-01-01,7,2.0512743075737347,1.009768468472857,1.1073110274255362,1.3194771024825709,0.2584438872472784
1407,V,DNN,2022-01-01,2024-01-01,8,0.2016971838728776,0.2096297582785394,0.2440358456573044,0.1823558374983654,0.3087029753733018
1408,V,DNN,2022-01-01,2024-01-01,9,0.7065011415076334,0.7944824959168351,0.8195658192149239,0.7964776982276257,0.3477406719788077
1409,V,DNN,2022-01-01,2024-01-01,10,1.506090183127034,1.728572646215102,1.6906730939814116,1.5592970002954047,0.1924897321099079
1410,V,DNN,2022-01-01,2024-01-01,11,0.1682241332080184,0.1908629607102921,0.1756977002708339,0.3007435734999159,0.3451716770206836
1411,V,DNN,2022-01-01,2024-01-01,12,0.7780486170542092,0.7263241878983726,0.6527209798186872,0.7803937336047654,0.1996510794888325
1412,V,DNN,2022-01-01,2024-01-01,13,1.659722369186941,1.8695141570249036,1.6840452871239815,1.8484312424235985,0.1977007337474138
1413,V,DNN,2022-01-01,2024-01-01,14,4.953420757022974,5.559062232460747,5.409876663639039,6.036557044292037,0.6355762998966706
1414,V,DNN,2022-01-01,2024-01-01,15,3.200439240280879,3.429786462777709,3.6911854653173455,3.423673164969094,0.3448013046108321
1415,V,DNN,2022-01-01,2024-01-01,16,4.813846847937417,4.852829333062559,5.074865276248766,4.963540258506677,0.4479504004618845
1416,V,DNN,2022-01-01,2024-01-01,17,1.6501471452109682,1.6214669185251442,1.6803075097660676,1.722553722355309,0.1946883592273945
1417,V,DNN,2022-01-01,2024-01-01,18,2.95610062040969,3.0850633759808592,3.0916696567454216,3.088385146671127,0.3510374468952264
1418,V,DNN,2022-01-01,2024-01-01,19,3.203995704786303,3.402638913591792,3.685441244866837,3.7292586215362986,0.2830293054613756
1419,V,DNN,2022-01-01,2024-01-01,20,2.760442628079729,2.8522619937136526,2.912128337406648,3.0000863444593837,0.2829437525105505
1420,V,DNN,2022-01-01,2024-01-01,21,1.524702231749614,1.6508639473173337,1.743656554586049,1.7303477574405075,0.2247039866374593
1421,V,DNN,2022-01-01,2024-01-01,22,1.51488019241199,1.6386619226894468,1.6692592400601092,1.6873806540569856,0.3879567667971549
1422,V,DNN,2022-01-01,2024-01-01,23,2.076272834681582,1.9931856779375785,2.13828272384877,2.231912690096608,0.1921839647285382
1423,V,DNN,2022-01-01,2024-01-01,24,2.298388643826524,2.1829532691300364,2.1542229968443536,2.288105874623338,0.3753742095776533
1424,V,DNN,2022-01-01,2024-01-01,25,3.10471041909826,3.32809302199706,3.5188840386215587,3.5419740857489286,0.2189342644470826
1425,V,DNN,2022-01-01,2024-01-01,26,0.2359972791098224,0.2155251177444291,0.316445107341881,0.2496180243484931,0.3079235504666218
1426,V,DNN,2022-01-01,2024-01-01,27,2.1248956040459763,2.124264963550057,2.1441392591866832,2.200763684845126,0.3333199473381851
1427,V,DNN,2022-01-01,2024-01-01,28,0.4871732458406747,0.3126985056805731,0.251626480982751,0.4848626507627678,0.2192386270210904
1428,V,DNN,2022-01-01,2024-01-01,29,3.4225906018301284,2.9160850597567447,2.9082425232041675,2.4397150497331994,0.4587307977232246
1429,V,DNN,2022-01-01,2024-01-01,30,2.8372456434287234,2.8460718288216085,3.0099571881574985,3.028617132356784,0.2893591989523738
1430,V,DNN,2022-01-01,2024-01-01,31,0.9983614172238732,0.9439543456616656,0.9853477936315904,1.0454522270957634,0.3894036839126348
1431,V,DNN,2022-01-01,2024-01-01,32,3.0277126696608825,3.15907140417202,3.3416016949761493,3.177470079862547,0.3372595057502041
1432,V,DNN,2022-01-01,2024-01-01,33,2.3261957298136746,2.434517752479359,2.5274432284031163,2.4541441992484008,0.374177991656592
1433,V,DNN,2022-01-01,2024-01-01,34,2.7148483064738964,2.7215441491168515,2.892490225538068,2.9255127585249285,0.2447545547986669
1434,V,DNN,2022-01-01,2024-01-01,35,4.022250728293715,4.010109518780219,4.249830406604238,4.449432902446937,0.2117326628051526
1435,V,DNN,2022-01-01,2024-01-01,36,0.2000189176622697,0.2022450082720038,0.1649626649071047,0.2948444011710686,0.5922684317377895
1436,V,DNN,2022-01-01,2024-01-01,37,0.8411525876190108,0.9738491697557584,1.1836707610627843,0.9287949381892658,0.2839956922893347
1437,V,DNN,2022-01-01,2024-01-01,38,1.0474915816345225,1.097926980076439,1.1155544038274858,0.9613606910622496,0.213914256576066
1438,V,DNN,2022-01-01,2024-01-01,39,0.3946676527582611,0.5006884197239538,0.8319329929739371,0.5707093429181378,0.2646065528252992
1439,V,DNN,2022-01-01,2024-01-01,40,0.6433739698168673,0.6451517316873887,0.5726328539314982,0.3812724050672292,0.1980272688414759
1440,V,DNN,2022-01-01,2024-01-01,41,3.705922846409519,3.746252559669157,3.89601758668136,3.8267392577863046,0.2739362623974155
1441,V,DNN,2022-01-01,2024-01-01,42,3.228545737250681,3.2783521045651605,3.499141023403313,3.555312180228224,0.5400497611940709
1442,V,DNN,2022-01-01,2024-01-01,43,1.0645189205137306,1.2120256054252028,1.1668380403973702,1.2515350448236535,0.4214366418899844
1443,V,DNN,2022-01-01,2024-01-01,44,1.6592257680864209,1.5729984726381414,1.8248671787149688,1.5912259921807106,0.2837754671792808
1444,V,DNN,2022-01-01,2024-01-01,45,0.6540675083120955,0.4709350617704135,0.8140364756632003,0.2581828515957329,0.2133262776104837
1445,V,DNN,2022-01-01,2024-01-01,46,0.2161004243237582,0.2273408017193708,0.3996960185621812,0.3555393036261791,0.2918428295215294
1446,V,DNN,2022-01-01,2024-01-01,47,0.3210763869692138,0.266182193671496,0.3166988056130839,0.3218710595914895,0.2158214926909579
1447,V,DNN,2022-01-01,2024-01-01,48,3.060986543418975,3.170783339280688,3.136285379725583,3.1673242225722347,0.2269284350768147
1448,V,DNN,2022-01-01,2024-01-01,49,3.29195038453944,3.161987068353119,3.3200630423364093,3.343749623103081,0.2140542929633945
1449,V,DNN,2022-01-01,2024-01-01,50,2.078431628749734,2.013046048163281,2.095353195763328,2.1063388781784966,0.2526601884470078
1450,V,DNN,2022-09-01,2024-09-01,1,0.6617771785692591,0.7049322130192893,0.6375830127743933,0.5482420203354524,0.2060761293280535
1451,V,DNN,2022-09-01,2024-09-01,2,1.252213084066445,1.3091725934825793,1.2868247225629088,1.1546740340187045,0.2131007184179132
1452,V,DNN,2022-09-01,2024-09-01,3,0.4260462035174082,0.4252499324110748,0.4027694017912964,0.3912155857117845,0.224151584559834
1453,V,DNN,2022-09-01,2024-09-01,4,1.035175582347429,1.0793111585541153,0.9349080782519272,0.8719471164430419,0.229170583845529
1454,V,DNN,2022-09-01,2024-09-01,5,1.3148795044853865,1.264624874397195,1.2430958705092734,1.1205081319493362,0.2270753529282529
1455,V,DNN,2022-09-01,2024-09-01,6,0.5971907966572756,0.5554785129625102,0.4777547267647307,0.5101050478487807,0.2108314846025947
1456,V,DNN,2022-09-01,2024-09-01,7,5.47804088263833,5.549370162102419,4.946041827159998,4.949455668720915,0.2141362258838803
1457,V,DNN,2022-09-01,2024-09-01,8,0.9211552861647786,1.0008604645804386,0.9006847221324019,0.9199630818381168,0.2205860806934575
1458,V,DNN,2022-09-01,2024-09-01,9,3.7701298933514233,3.296115595556457,2.9146396299381867,3.1027027862615477,0.2304448294551125
1459,V,DNN,2022-09-01,2024-09-01,10,0.6302101326015762,0.6062071046440537,0.5846330267598261,0.5206033810773455,0.2156116335503507
1460,V,DNN,2022-09-01,2024-09-01,11,0.8444444458580739,0.9064190294224036,0.8585285854972292,0.8759823167909749,0.20875399342911
1461,V,DNN,2022-09-01,2024-09-01,12,3.3291456504491825,3.0654741086808723,2.846665988606413,2.733173803588957,0.2149768308574419
1462,V,DNN,2022-09-01,2024-09-01,13,0.5347823566923169,0.535575076517493,0.5347676740805235,0.4949459193573326,0.2164157216177789
1463,V,DNN,2022-09-01,2024-09-01,14,0.7906882606951251,0.8740382770812024,0.8752164532799489,0.6953561891870844,0.2253405952689482
1464,V,DNN,2022-09-01,2024-09-01,15,0.6131002088676814,0.6026974729765926,0.5344631251407588,0.6099487622370009,0.2116880223284603
1465,V,DNN,2022-09-01,2024-09-01,16,2.3378631793733717,2.455021855991537,2.2028773201704883,2.1499230778433027,0.2194661148989041
1466,V,DNN,2022-09-01,2024-09-01,17,1.9518095524656232,2.1077256014744905,1.5557021510389617,1.5239039333532398,0.213418396304016
1467,V,DNN,2022-09-01,2024-09-01,18,1.249589722813813,1.2877074417496384,1.393102154468434,1.3059331160077354,0.2560966812931757
1468,V,DNN,2022-09-01,2024-09-01,19,2.8644848882321927,2.747405153602421,2.575613585218693,2.4156599480044187,0.2163832480558326
1469,V,DNN,2022-09-01,2024-09-01,20,1.0551700895349694,0.9663633491143122,0.9052184086854188,0.8944176111326546,0.2171302306581317
1470,V,DNN,2022-09-01,2024-09-01,21,0.789284305407593,0.7405518382218219,0.7572484851256318,0.6983033490083114,0.211550716016472
1471,V,DNN,2022-09-01,2024-09-01,22,0.4273584856275801,0.4217760329753145,0.3502868758983846,0.3679983547851885,0.2227034079459156
1472,V,DNN,2022-09-01,2024-09-01,23,0.513644588642945,0.5458890667412226,0.5691696676092093,0.6068761500256409,0.2100309964418961
1473,V,DNN,2022-09-01,2024-09-01,24,2.1298513074929044,1.9810209684428293,2.002209307312767,1.859945861070659,0.2197534771201659
1474,V,DNN,2022-09-01,2024-09-01,25,0.6270510490159941,0.5874362273519331,0.6914105391288569,0.6027606095669297,0.2215682604076493
1475,V,DNN,2022-09-01,2024-09-01,26,0.9227111328705154,0.6390321816537871,0.7692507263010266,0.7002760005385393,0.2088390576637985
1476,V,DNN,2022-09-01,2024-09-01,27,1.091513496856107,1.143572803505324,1.1250541468157458,0.8766169086696628,0.2134037328654658
1477,V,DNN,2022-09-01,2024-09-01,28,1.773408991100463,1.6252033618127666,1.5376948702341584,1.332032800799953,0.2106050489644559
1478,V,DNN,2022-09-01,2024-09-01,29,6.591498864117016,5.906060017383084,5.419633619441999,5.533254939086524,0.2256086646487001
1479,V,DNN,2022-09-01,2024-09-01,30,1.226260585953047,1.23010356746081,1.1202133929446063,1.10099383776856,0.2195965880363035
1480,V,DNN,2022-09-01,2024-09-01,31,1.700467869006254,1.7551659794472283,1.577723823835709,1.3883738758812614,0.2321621536008139
1481,V,DNN,2022-09-01,2024-09-01,32,0.34353010654041,0.3232379842011497,0.2742334337499276,0.3119871580632362,0.2088001422368218
1482,V,DNN,2022-09-01,2024-09-01,33,0.9025037584736746,0.8410862000858536,0.939493151580398,0.813301277204571,0.220833449288449
1483,V,DNN,2022-09-01,2024-09-01,34,3.108293124720272,3.028371109946443,2.698030914192837,2.683195463913302,0.2259260539101976
1484,V,DNN,2022-09-01,2024-09-01,35,0.8311851345293616,0.9087636109688644,0.9904464363939696,0.7250230957098875,0.2069361576922253
1485,V,DNN,2022-09-01,2024-09-01,36,0.5257197193891345,0.4822787958538269,0.3979926211553513,0.4113311267327583,0.2129226168674976
1486,V,DNN,2022-09-01,2024-09-01,37,1.3624699559158957,1.2224583641250442,1.165371922895964,1.1255876479347775,0.2183070818439544
1487,V,DNN,2022-09-01,2024-09-01,38,0.5328903501413181,0.5336652682252464,0.4886000108238462,0.5365264250210732,0.2179642045525643
1488,V,DNN,2022-09-01,2024-09-01,39,0.6011800385471566,0.626490701544724,0.5914071845335304,0.5449935155027332,0.2128472936395497
1489,V,DNN,2022-09-01,2024-09-01,40,1.9259914238490496,1.8025752886855777,1.5602366472741154,1.4277047892600332,0.2204530007986095
1490,V,DNN,2022-09-01,2024-09-01,41,0.3979551993691308,0.430191627869495,0.4703724445995199,0.4197184723620124,0.2605637803925679
1491,V,DNN,2022-09-01,2024-09-01,42,0.6251221063027333,0.5255766145013991,0.4380953007091618,0.4469458802386712,0.2189980995810374
1492,V,DNN,2022-09-01,2024-09-01,43,1.4097120339524525,1.3855110849106007,1.345883044975658,1.2741893668712372,0.2223312543275193
1493,V,DNN,2022-09-01,2024-09-01,44,0.4974782362784618,0.3196887191994434,0.2851650487718593,0.3464045174605654,0.2160855912970787
1494,V,DNN,2022-09-01,2024-09-01,45,0.4633920978595964,0.4590089896534504,0.42056571603034,0.4325330500969334,0.2106767502864662
1495,V,DNN,2022-09-01,2024-09-01,46,0.5391779980558058,0.4512523168718222,0.4742692646570995,0.593609353176447,0.2300284110343269
1496,V,DNN,2022-09-01,2024-09-01,47,0.9002392691681546,0.7984715586884015,0.8846521000017821,0.8484262116267125,0.2128545367656374
1497,V,DNN,2022-09-01,2024-09-01,48,1.7557319665381808,1.835961779692844,1.5399459587112394,1.642376767690297,0.2618007580208762
1498,V,DNN,2022-09-01,2024-09-01,49,1.3059899193980486,1.2560706199400018,1.1207338284862165,1.1306078473033383,0.238560950397579
1499,V,DNN,2022-09-01,2024-09-01,50,1.7708759451090936,1.983554949635403,2.0216957502532527,1.9359569704247432,0.217246510513394
1500,V,DNN,2023-05-01,2025-05-01,1,1.2775477831986193,2.3555004322004964,1.3996449227106498,1.606693008429206,0.2127887697255473
1501,V,DNN,2023-05-01,2025-05-01,2,0.8970042635313559,1.3118234042357504,1.0429681046993056,1.0174706660960755,0.2338246978284432
1502,V,DNN,2023-05-01,2025-05-01,3,0.2355138076854593,0.3177322038455926,0.3230178042238056,0.267994816236388,0.2264673296350035
1503,V,DNN,2023-05-01,2025-05-01,4,0.264436480871921,0.3293313474902177,0.3274930087117249,0.3048680521558909,0.2232662634839788
1504,V,DNN,2023-05-01,2025-05-01,5,0.7427193846166132,1.397378832706951,0.7941703364392959,0.8264060468663662,0.2669035977924903
1505,V,DNN,2023-05-01,2025-05-01,6,1.2652430976512412,2.16338033708286,1.2763921977152328,1.4457351151031697,0.2628918673551452
1506,V,DNN,2023-05-01,2025-05-01,7,0.9094746949259214,1.606250714159816,0.9620996803249756,1.084156931648912,0.2348179355607662
1507,V,DNN,2023-05-01,2025-05-01,8,0.3707057262408197,0.5336355811680885,0.4724307638184933,0.4462015798762773,0.2541804841484361
1508,V,DNN,2023-05-01,2025-05-01,9,0.246981223086062,0.3071170091961513,0.3063055941495131,0.2829873238497484,0.2238736431173259
1509,V,DNN,2023-05-01,2025-05-01,10,0.4595369535414851,0.7376592469657467,0.4143244467900327,0.5330955289287961,0.2572432910321037
1510,V,DNN,2023-05-01,2025-05-01,11,0.5299399254886332,0.9406952702604964,0.6107412723010924,0.6932364541617463,0.2354075589150753
1511,V,DNN,2023-05-01,2025-05-01,12,1.0210939040188625,1.8497542000212348,1.0877563582034608,1.2725230970630297,0.2370092084951746
1512,V,DNN,2023-05-01,2025-05-01,13,0.2643257889077564,0.3520046508313665,0.359897445821399,0.3345282804849261,0.229678161242
1513,V,DNN,2023-05-01,2025-05-01,14,1.2308528474114349,2.245289878657068,1.509302634684655,1.489563402357671,0.2321092740995862
1514,V,DNN,2023-05-01,2025-05-01,15,0.2368676014095185,0.3099155960442036,0.2546365927415362,0.2782964648910844,0.2556501487868798
1515,V,DNN,2023-05-01,2025-05-01,16,1.4185521374781205,2.27196680494401,1.5043563086661684,1.5576055491203131,0.2217616359179201
1516,V,DNN,2023-05-01,2025-05-01,17,0.5580896432443286,0.7833599640928947,0.5754279203647942,0.6176336798468639,0.2372469410059315
1517,V,DNN,2023-05-01,2025-05-01,18,3.271050039828439,5.517596769074577,3.944627658778225,4.2590842704580005,0.2958529259879315
1518,V,DNN,2023-05-01,2025-05-01,19,0.9177514069340356,1.3355949287706634,0.953147354684141,0.9288083414528184,0.2337662983748339
1519,V,DNN,2023-05-01,2025-05-01,20,0.2180655767661969,0.3224029462082222,0.2662881249778357,0.2770585203264054,0.2246398741069443
1520,V,DNN,2023-05-01,2025-05-01,21,1.0227599835822274,1.6554004855716289,1.0752589484363548,1.2541705080776215,0.2589478202576853
1521,V,DNN,2023-05-01,2025-05-01,22,2.578720807550066,3.624234818312861,2.383693513229236,2.7275489387072898,0.3324598491704181
1522,V,DNN,2023-05-01,2025-05-01,23,0.6564652094879382,1.07426566189534,0.4604687651252557,0.7392482479888423,0.2634835202147443
1523,V,DNN,2023-05-01,2025-05-01,24,0.3005030123962734,0.3299493277597823,0.5473980678636191,0.4979267950009167,0.2444909950126181
1524,V,DNN,2023-05-01,2025-05-01,25,0.6220477296032285,1.2221012108464702,0.7565798809682424,0.7756713800185355,0.233255407160647
1525,V,DNN,2023-05-01,2025-05-01,26,1.0670949865495858,1.656464599741428,1.105984324329797,1.0595459207458562,0.2448048240111685
1526,V,DNN,2023-05-01,2025-05-01,27,0.2212473410140497,0.2736485973449446,0.2802664562952686,0.2610435449675902,0.2344884229460274
1527,V,DNN,2023-05-01,2025-05-01,28,0.6173283275837839,1.098751899468831,0.5965958940728048,0.7239955492893917,0.2225070337005684
1528,V,DNN,2023-05-01,2025-05-01,29,0.6900945206592913,1.0276296480327385,0.7447374757265675,0.8714904776620088,0.2692801897612749
1529,V,DNN,2023-05-01,2025-05-01,30,0.7803828284364667,1.377025638637366,0.8595995465679437,0.934579609447782,0.2630404055076142
1530,V,DNN,2023-05-01,2025-05-01,31,1.1304287879887405,1.9783428057189507,1.1824206505098935,1.3234019074825216,0.2587958822612716
1531,V,DNN,2023-05-01,2025-05-01,32,1.247138145200699,1.947435714328174,1.5711538167287933,1.5503346891769691,0.2353728397335568
1532,V,DNN,2023-05-01,2025-05-01,33,1.2601602751155447,2.2492241021819988,1.3165961460588531,1.5247513007178826,0.2410747206331394
1533,V,DNN,2023-05-01,2025-05-01,34,0.3657409053107802,0.5198130747903972,0.4708363490131369,0.4695511307566674,0.2357657036558089
1534,V,DNN,2023-05-01,2025-05-01,35,0.7571597207211069,1.3948769390519298,1.0066395217550166,0.9927697018112656,0.2282399933063859
1535,V,DNN,2023-05-01,2025-05-01,36,0.22346154962053,0.3094087400205677,0.2884871123973401,0.2717221032296802,0.2258851690448183
1536,V,DNN,2023-05-01,2025-05-01,37,0.7267097987754856,1.2126278325519526,0.7970875813100872,0.899123137480794,0.2390430480315641
1537,V,DNN,2023-05-01,2025-05-01,38,0.6629598345718889,0.9933660696455856,0.8234839505806395,0.9459148224901608,0.2806289994513472
1538,V,DNN,2023-05-01,2025-05-01,39,1.2979150449128591,2.246971226879233,1.3746949957683254,1.569730253075856,0.2382307673506861
1539,V,DNN,2023-05-01,2025-05-01,40,1.6390717687690315,2.856215420313617,1.9587733805729013,2.0211960040707293,0.2612106321112701
1540,V,DNN,2023-05-01,2025-05-01,41,0.2133093599341916,0.4864020668431578,0.3292209512982701,0.2469167056723329,0.2478385030061992
1541,V,DNN,2023-05-01,2025-05-01,42,1.527668399256562,2.49090562616498,1.7221765383875118,1.718236153317956,0.2357293318240207
1542,V,DNN,2023-05-01,2025-05-01,43,0.6097393856078018,1.1444235552475015,0.6415667512314173,0.7111264151436694,0.2642213896909045
1543,V,DNN,2023-05-01,2025-05-01,44,0.3169904938697164,0.4127630965027744,0.3600985986264559,0.3535487357889829,0.2343393248231996
1544,V,DNN,2023-05-01,2025-05-01,45,1.55880021638607,2.7267732092871944,1.6540952732899892,1.9067310765919128,0.2859644700977934
1545,V,DNN,2023-05-01,2025-05-01,46,1.5098046923095,2.7551509585848497,1.7652660056892526,1.844822129346313,0.2236040685993635
1546,V,DNN,2023-05-01,2025-05-01,47,0.801207457665189,1.2248913500189431,0.9294830939544788,0.9106555694757974,0.227985636217666
1547,V,DNN,2023-05-01,2025-05-01,48,0.2601395201395761,0.3452811010132358,0.4393235937273665,0.4017304620799858,0.2285885898301562
1548,V,DNN,2023-05-01,2025-05-01,49,0.5553986097922592,0.9719341897119091,0.5653695904939932,0.5952200829840271,0.2236679088714251
1549,V,DNN,2023-05-01,2025-05-01,50,1.8288380609923105,2.944396567665001,1.935825459121027,1.9695762125363625,0.2531847764372399
1550,V,DNN,2024-01-01,2026-01-01,1,0.3753729989588658,0.3108343205808682,0.2877328809280683,0.3469298824023578,0.2027505850618356
1551,V,DNN,2024-01-01,2026-01-01,2,0.440263800168909,0.4475901544701667,0.4525334194777262,0.4513063755093373,0.1927695803223285
1552,V,DNN,2024-01-01,2026-01-01,3,0.3312258025622063,0.3949687370179459,0.4273177523022935,0.4144446443995283,0.1932743813789238
1553,V,DNN,2024-01-01,2026-01-01,4,0.3874406686888991,0.3518424207340029,0.3425398441235783,0.3530477220106048,0.1946076230852919
1554,V,DNN,2024-01-01,2026-01-01,5,1.2802949818621518,1.377528825194374,1.229332874027423,1.2660359415370128,0.19165269246988
1555,V,DNN,2024-01-01,2026-01-01,6,1.0053026595334345,1.0174288373243434,0.9645373898627512,0.9843727142712262,0.1948223675047718
1556,V,DNN,2024-01-01,2026-01-01,7,0.3009769545610799,0.325108708950036,0.3253659197692647,0.2709412898541379,0.1923639927998007
1557,V,DNN,2024-01-01,2026-01-01,8,1.09020066811826,0.6899538294091434,1.1076152092399538,0.4739869722913155,0.210271136651026
1558,V,DNN,2024-01-01,2026-01-01,9,0.3937273763865466,0.4252358240543359,0.4188391387061619,0.4243654311646508,0.1942791021190529
1559,V,DNN,2024-01-01,2026-01-01,10,1.8383698546074092,1.720470124710891,1.7205236891755251,1.7666015807760551,0.2146304484048853
1560,V,DNN,2024-01-01,2026-01-01,11,0.9487633882576872,1.0327512338327776,1.0457838515030329,1.0301894446324844,0.2052109264962267
1561,V,DNN,2024-01-01,2026-01-01,12,0.8448701885368926,0.7096451377212462,0.629172882193603,0.7182337343377978,0.2133763341362748
1562,V,DNN,2024-01-01,2026-01-01,13,0.275115114685874,0.2746198461984939,0.2845686865360289,0.2893160079536703,0.1935786010645281
1563,V,DNN,2024-01-01,2026-01-01,14,0.2741738453315595,0.2780870522333725,0.3031290831512181,0.2756998156224522,0.1934561363936903
1564,V,DNN,2024-01-01,2026-01-01,15,1.6277395594343398,1.812577443526695,1.5876548895106892,1.820529908500207,0.2097282178745919
1565,V,DNN,2024-01-01,2026-01-01,16,0.6617647346550476,0.7002600875093725,0.6878931781840906,0.6896677644670396,0.1918822164192026
1566,V,DNN,2024-01-01,2026-01-01,17,1.164637547230727,1.225153257223729,1.215965680254302,1.1594474725954125,0.193054146291267
1567,V,DNN,2024-01-01,2026-01-01,18,0.2001123341532931,0.2119278772637991,0.1986079999078538,0.2033566567962211,0.1910467098942158
1568,V,DNN,2024-01-01,2026-01-01,19,0.3949499099130088,0.361009166868828,0.3152018852475399,0.3385649853276504,0.1940117600038043
1569,V,DNN,2024-01-01,2026-01-01,20,0.2692900478031507,0.2743944178858973,0.2530847807058381,0.3189199483165483,0.1995754153836977
1570,V,DNN,2024-01-01,2026-01-01,21,0.6097124442319976,0.6183200425150708,0.6808191484006001,0.6243791554637161,0.1951646676252872
1571,V,DNN,2024-01-01,2026-01-01,22,0.4958613719288108,0.5038646223048302,0.4829259120908376,0.4760401039326669,0.1921756779627786
1572,V,DNN,2024-01-01,2026-01-01,23,0.5232958309263923,0.4843676581093034,0.4296297747967479,0.6244040476649649,0.1956163078871846
1573,V,DNN,2024-01-01,2026-01-01,24,0.9853589081642222,0.98756035194656,0.9549972887119088,0.9367078904514656,0.1964883857053573
1574,V,DNN,2024-01-01,2026-01-01,25,0.331291898544596,0.3020410114981359,0.3233775093245015,0.3092533973387715,0.1940093351643479
1575,V,DNN,2024-01-01,2026-01-01,26,1.0416568095137455,1.0042657704084663,0.9775605522736992,0.9813373866234828,0.1912312346462011
1576,V,DNN,2024-01-01,2026-01-01,27,1.0542884339128784,1.069680847107097,1.0266189652341329,1.0726489024128405,0.1973119964426245
1577,V,DNN,2024-01-01,2026-01-01,28,0.297189279939589,0.307653766540392,0.302399428591821,0.3059976332907959,0.1928443924083895
1578,V,DNN,2024-01-01,2026-01-01,29,0.8838335780862293,0.8356162688092488,0.8578420737420404,0.679765276805985,0.193765766855661
1579,V,DNN,2024-01-01,2026-01-01,30,0.2690296891936499,0.3048436564786052,0.263511481092128,0.2782672523054307,0.1942612209180996
1580,V,DNN,2024-01-01,2026-01-01,31,0.2674964733305975,0.2704717837427516,0.2758807737485322,0.2865681679656118,0.1915367825184695
1581,V,DNN,2024-01-01,2026-01-01,32,0.5845106902753079,0.5417051077320713,0.6032812911256801,0.5547237244556266,0.196951683897428
1582,V,DNN,2024-01-01,2026-01-01,33,6.026509824292366,5.773545751829516,5.990338993716094,5.866034122663897,0.2810918956802605
1583,V,DNN,2024-01-01,2026-01-01,34,0.3338408660415602,0.3655888331850292,0.3395557851371664,0.3558668740958494,0.1964143818871541
1584,V,DNN,2024-01-01,2026-01-01,35,0.2611484551353967,0.2623929065359803,0.2655132989716683,0.2879984228517274,0.1956244652628074
1585,V,DNN,2024-01-01,2026-01-01,36,0.7043698144191083,0.7117166180761679,0.7189977822055567,0.7378347604533143,0.1957567063313487
1586,V,DNN,2024-01-01,2026-01-01,37,0.4190954618408802,0.4714503197657801,0.4775660342814096,0.3961647604181461,0.1989717868942997
1587,V,DNN,2024-01-01,2026-01-01,38,0.3625747581155976,0.3742486831007569,0.2956770904855029,0.3147707985823952,0.2011308434595401
1588,V,DNN,2024-01-01,2026-01-01,39,0.7821597390883491,0.8113526077640515,0.8409447573181608,0.834231687881267,0.1936861024403869
1589,V,DNN,2024-01-01,2026-01-01,40,0.5090918822202679,0.5802398202830165,0.4983826002799673,0.5719415141292311,0.194557895876035
1590,V,DNN,2024-01-01,2026-01-01,41,1.177719303636015,1.1536459762113196,1.0362276787800435,1.242856440162622,0.1903989623917763
1591,V,DNN,2024-01-01,2026-01-01,42,0.5221298923015507,0.4979595461418937,0.4493512687956322,0.3032804679189956,0.2275997293955029
1592,V,DNN,2024-01-01,2026-01-01,43,0.5578329775362305,0.6305900488348927,0.5207131821129414,0.5872412683662687,0.1959921287941908
1593,V,DNN,2024-01-01,2026-01-01,44,0.5831499338644696,0.5318089280805481,0.7385651156132508,0.6638202639804914,0.2101734012038345
1594,V,DNN,2024-01-01,2026-01-01,45,0.3618729829576181,0.4860556702275486,0.3497528365067708,0.4191158073384724,0.1960981055904348
1595,V,DNN,2024-01-01,2026-01-01,46,1.3031717869216666,1.476470416541736,1.2734100302617364,1.336128839071726,0.2002385001954101
1596,V,DNN,2024-01-01,2026-01-01,47,0.5083194050854525,0.5328540359512016,0.5109364053804738,0.5444600939754071,0.1931933962385499
1597,V,DNN,2024-01-01,2026-01-01,48,1.4232713000982609,1.587362082650623,1.4947039730570897,1.430176320580666,0.1969807180310905
1598,V,DNN,2024-01-01,2026-01-01,49,1.0067123857463387,1.021691060387935,0.945638853113499,1.109114965876738,0.2015397861551188
1599,V,DNN,2024-01-01,2026-01-01,50,0.9345547948802994,0.9299958750135656,0.8039543687093715,0.8916475851984695,0.1938854520585831
1600,L_TO,DNN,2022-01-01,2024-01-01,1,1.806773065125568,1.3376889046732785,1.2023592150912952,1.6416360309183655,0.19389029676640335
1601,L_TO,DNN,2022-01-01,2024-01-01,2,0.5879171304583622,0.5203090675679953,0.4881526898038885,0.5394076476806641,0.2452344863093658
1602,L_TO,DNN,2022-01-01,2024-01-01,3,1.2145756274290511,0.7779569248801702,0.8713286145771879,0.8008834921065724,0.1948896122194929
1603,L_TO,DNN,2022-01-01,2024-01-01,4,1.0078046030885355,0.8741574649392532,0.8779709846654673,0.770099840035564,0.2071169098890579
1604,L_TO,DNN,2022-01-01,2024-01-01,5,0.9049583288042325,0.8830273102190197,0.8845891739649552,0.7485418021514324,0.19490380345748043
1605,L_TO,DNN,2022-01-01,2024-01-01,6,1.0398365047569502,1.1256385611730064,1.0530655381507268,1.0381218723952907,0.20781301662641075
1606,L_TO,DNN,2022-01-01,2024-01-01,7,0.9167667356411922,0.8577195884245019,0.7580404210419328,0.7501832439481088,0.20357132873974818
1607,L_TO,DNN,2022-01-01,2024-01-01,8,0.7012513711508445,0.6182114645112309,0.6423455157444221,0.6835983172717708,0.22062708415827156
1608,L_TO,DNN,2022-01-01,2024-01-01,9,0.9692479440641751,1.2072212505438424,0.9961199610492533,1.3886880998008722,0.30092075409235314
1609,L_TO,DNN,2022-01-01,2024-01-01,10,0.7580201921538788,0.6951122689207991,0.6788096332164676,0.6993204689690108,0.22574021947387685
1610,L_TO,DNN,2022-01-01,2024-01-01,11,0.7427385614421345,0.5718940205797652,0.6543029384814861,0.5288467260307135,0.21377918339373647
1611,L_TO,DNN,2022-01-01,2024-01-01,12,0.5538722641893155,0.5100030218975994,0.578411791295969,0.5588087100614924,0.21791417489913678
1612,L_TO,DNN,2022-01-01,2024-01-01,13,0.48601207767350185,0.4719439522689802,0.44521899520449326,0.4483826250408113,0.2150332307741648
1613,L_TO,DNN,2022-01-01,2024-01-01,14,5.108010864346398,4.880998076221909,5.030364033022791,4.717521074505288,0.3067139053734883
1614,L_TO,DNN,2022-01-01,2024-01-01,15,1.0121248121176503,0.9534528638203505,0.7707655419941744,0.7748070717354598,0.2644854559783707
1615,L_TO,DNN,2022-01-01,2024-01-01,16,1.1519613377219755,1.2668846224533454,1.2097714203086396,1.1331539833133384,0.21570628184430266
1616,L_TO,DNN,2022-01-01,2024-01-01,17,0.48117429712976273,0.4543296589156754,0.4787768886234257,0.4646451146136231,0.23407136632534464
1617,L_TO,DNN,2022-01-01,2024-01-01,18,0.8741748880292084,0.7316439990879579,0.7106004023442808,0.7373313715426436,0.20971938798853487
1618,L_TO,DNN,2022-01-01,2024-01-01,19,0.6027682112588789,0.5331309642646415,0.5089428378816241,0.49706263733890826,0.21760576005300478
1619,L_TO,DNN,2022-01-01,2024-01-01,20,1.0029305263154584,0.8680440557883282,0.8279148720761519,0.7826538958724059,0.21541857616153115
1620,L_TO,DNN,2022-01-01,2024-01-01,21,0.541411445457843,0.6237904933418219,0.6981250225807205,0.6496439648487481,0.23499274309231374
1621,L_TO,DNN,2022-01-01,2024-01-01,22,0.5569939274630001,0.5051176157863582,0.6160725783844591,0.5181552143457054,0.2342744881379505
1622,L_TO,DNN,2022-01-01,2024-01-01,23,0.5238225420394752,0.5724626247983117,0.44114889026489934,0.49230684905789196,0.20236610226401444
1623,L_TO,DNN,2022-01-01,2024-01-01,24,0.5033046609523253,0.4054132234865288,0.4374898672984199,0.37348622645185864,0.2258666284475063
1624,L_TO,DNN,2022-01-01,2024-01-01,25,0.8304728691864034,0.727809375751378,0.8351973147357031,0.8260900452467599,0.21834929804969958
1625,L_TO,DNN,2022-01-01,2024-01-01,26,2.956975276388301,2.3919069715290653,2.0282271697485466,2.290738262611637,0.22788350344001282
1626,L_TO,DNN,2022-01-01,2024-01-01,27,0.9879525499866953,1.0477669666432516,0.9192750296001507,0.9421771534447048,0.2082642516357561
1627,L_TO,DNN,2022-01-01,2024-01-01,28,0.5853298475747521,0.6188595630021679,0.5211280981121905,0.488996456231748,0.20879244881061237
1628,L_TO,DNN,2022-01-01,2024-01-01,29,0.9714857664839721,0.9394998856345388,0.9402669807457497,0.9152969218214186,0.21080213335012168
1629,L_TO,DNN,2022-01-01,2024-01-01,30,0.7165767002245739,0.7512746669199302,0.7668297428793968,0.7026952298905769,0.21135236401691262
1630,L_TO,DNN,2022-01-01,2024-01-01,31,0.7605091691441269,0.7021544351889667,0.7795470917217512,0.6346391741866669,0.20389788496101457
1631,L_TO,DNN,2022-01-01,2024-01-01,32,1.1622117685126427,0.6167115306398088,0.5517080986750413,0.7240751807242245,0.20844583614494464
1632,L_TO,DNN,2022-01-01,2024-01-01,33,0.8384475345834318,0.7577027370129338,0.5334403939281402,0.6635666628539378,0.23857362636396803
1633,L_TO,DNN,2022-01-01,2024-01-01,34,0.8101284231708404,0.7800084236928447,0.9230950761726839,0.8004046295836164,0.19829281691263187
1634,L_TO,DNN,2022-01-01,2024-01-01,35,0.5101939217010713,0.4580657951359585,0.5239403884664525,0.5221777655815713,0.19726046474210768
1635,L_TO,DNN,2022-01-01,2024-01-01,36,0.9102279626350795,0.9253466336706384,0.8491387692477175,0.8503506756943919,0.22179836725629598
1636,L_TO,DNN,2022-01-01,2024-01-01,37,0.7274513963572753,0.6438705811903754,0.5954447361813464,0.5291754988040831,0.22388121031409008
1637,L_TO,DNN,2022-01-01,2024-01-01,38,0.6337527707573313,0.48875659889343637,0.5613795329943603,0.49463195028838525,0.20689562891622412
1638,L_TO,DNN,2022-01-01,2024-01-01,39,1.826229585669285,1.4974637693920765,1.3890225338815672,1.461181668240013,0.2466202423627411
1639,L_TO,DNN,2022-01-01,2024-01-01,40,0.8296709714606488,0.652935766309588,0.5473302188570451,0.5933729440019382,0.21544696457847184
1640,L_TO,DNN,2022-01-01,2024-01-01,41,5.193470206313887,3.7704969885338926,3.074269533211053,3.666190987369929,0.23354127419223455
1641,L_TO,DNN,2022-01-01,2024-01-01,42,0.3746116600243903,0.3302382295247634,0.31833098106702623,0.3728763335690698,0.23992946644670268
1642,L_TO,DNN,2022-01-01,2024-01-01,43,2.1663841331655584,2.3930864093706314,2.222651010898364,2.041660811866414,0.2736978906801622
1643,L_TO,DNN,2022-01-01,2024-01-01,44,0.4810878515086608,0.741695134480816,0.6621485729866917,0.6897158363797093,0.21380905945460593
1644,L_TO,DNN,2022-01-01,2024-01-01,45,0.9098111505667668,1.0386407558974835,1.0292415846716856,1.0356087105857326,0.22557035372877712
1645,L_TO,DNN,2022-01-01,2024-01-01,46,1.2738874505997038,1.325524226610188,1.3026642572754947,1.2040667244943215,0.19389422424439703
1646,L_TO,DNN,2022-01-01,2024-01-01,47,8.10105991839475,6.46106878167277,4.696525519781985,6.6938125967446185,0.20017150215777474
1647,L_TO,DNN,2022-01-01,2024-01-01,48,0.6112214922331929,0.5867171840452755,0.6403746345531907,0.5928081501474438,0.21642826635577844
1648,L_TO,DNN,2022-01-01,2024-01-01,49,1.5928017028485073,1.2997237468982274,1.1138306027005072,0.9568095566626456,0.198548446127084
1649,L_TO,DNN,2022-01-01,2024-01-01,50,1.1690610107976451,1.1842043461161065,1.2551351780545137,1.136810715021616,0.192659312532708
1650,L_TO,DNN,2022-09-01,2024-09-01,1,5.856174278160541,6.1870896218347164,5.762140446435123,4.4709636745867085,0.6575157932411522
1651,L_TO,DNN,2022-09-01,2024-09-01,2,1.0445309392798958,0.9687321399401242,0.7752076822028607,0.7038818256345192,0.4780646304034898
1652,L_TO,DNN,2022-09-01,2024-09-01,3,1.6104595753797943,1.533865782163339,1.4016949092718352,1.2110787965819463,0.474097153058563
1653,L_TO,DNN,2022-09-01,2024-09-01,4,1.7848171165008517,1.7232915271710871,1.328162753381342,1.3498092607495917,0.6336461205003746
1654,L_TO,DNN,2022-09-01,2024-09-01,5,0.4367583996521996,0.4398274805770601,0.491567933950181,0.3570028572191826,0.4121222546333213
1655,L_TO,DNN,2022-09-01,2024-09-01,6,1.1081216517003376,1.0281819744627816,0.7765392986991381,0.7581471013430411,0.5278928646363031
1656,L_TO,DNN,2022-09-01,2024-09-01,7,1.740387244689905,1.668522529086235,1.4515247040843042,1.3689326262718298,0.393291270563637
1657,L_TO,DNN,2022-09-01,2024-09-01,8,0.9448401825888948,0.8966222643378079,1.010556123360854,0.8102870698435367,0.5386822219031009
1658,L_TO,DNN,2022-09-01,2024-09-01,9,0.44586175113719395,0.45274383800518736,0.4155547594002276,0.3974416517690692,0.4701976501780463
1659,L_TO,DNN,2022-09-01,2024-09-01,10,0.5973039332722992,0.4777892021126751,0.24581212993361332,0.1904669687298149,0.42357642160500797
1660,L_TO,DNN,2022-09-01,2024-09-01,11,1.6018527308716914,1.7777419999830986,1.9704785987659168,1.595007477620241,0.38315480786814193
1661,L_TO,DNN,2022-09-01,2024-09-01,12,2.2381216948147586,2.4209539833244245,2.150855529683452,2.091250688816114,0.5277357031275516
1662,L_TO,DNN,2022-09-01,2024-09-01,13,2.1275778796692593,1.597904847607464,1.8237447478947844,1.8387799601062664,0.7537484164786427
1663,L_TO,DNN,2022-09-01,2024-09-01,14,1.6187322597229599,1.3402044263827988,0.9247796710793327,1.4459808524595048,0.8981643874260345
1664,L_TO,DNN,2022-09-01,2024-09-01,15,0.9003527536656728,1.0087920064722837,0.935741423404619,0.8894051016551437,0.4491881610289257
1665,L_TO,DNN,2022-09-01,2024-09-01,16,3.4402465021814543,3.450028604636297,3.216486097550187,3.010013526261689,0.7061640551411128
1666,L_TO,DNN,2022-09-01,2024-09-01,17,0.30412873372551846,0.3681085134133939,0.5618673524669342,0.3749028747349259,0.40606742505798693
1667,L_TO,DNN,2022-09-01,2024-09-01,18,1.9012868794263418,1.9689821343692968,1.794002031890951,1.3959859130288346,0.37641975984258474
1668,L_TO,DNN,2022-09-01,2024-09-01,19,2.1230579284862037,2.0541224389058286,2.335714716590076,1.9761544956141675,0.5099369783849568
1669,L_TO,DNN,2022-09-01,2024-09-01,20,0.48054790749979615,0.6580059263290653,0.7242348935568482,0.37521929698719264,0.504028447288882
1670,L_TO,DNN,2022-09-01,2024-09-01,21,0.9392414118599363,0.48042362060392296,0.3111449426410105,0.19163878042830226,0.5807227597865946
1671,L_TO,DNN,2022-09-01,2024-09-01,22,0.5153291389735629,0.33010661666483615,0.41223737659729526,0.3824003915931186,0.3274024942137525
1672,L_TO,DNN,2022-09-01,2024-09-01,23,0.3647682863271688,0.39412691739516464,0.4461060819910478,0.2952535444911979,0.3825535462912897
1673,L_TO,DNN,2022-09-01,2024-09-01,24,3.2324677732519826,3.1258930979097896,3.0581190080926617,2.702891743930593,0.31574125895075006
1674,L_TO,DNN,2022-09-01,2024-09-01,25,1.5994037624090724,1.2529158955397823,0.7615808689191832,1.3957911653527992,0.48716451071170314
1675,L_TO,DNN,2022-09-01,2024-09-01,26,3.4476875732400107,2.8629035661401536,3.3398546732254437,2.793430712767363,0.7393237315427063
1676,L_TO,DNN,2022-09-01,2024-09-01,27,2.9941857329745765,2.910445151316133,2.8310678661491733,2.5239287389493454,0.7077101472177436
1677,L_TO,DNN,2022-09-01,2024-09-01,28,2.606422110055981,2.0889883303722394,1.7992985585157086,1.5681698543595595,0.5874393824449783
1678,L_TO,DNN,2022-09-01,2024-09-01,29,0.3379654387272755,0.930703921165512,1.0574666551790841,0.29000227208907536,0.4020959272882083
1679,L_TO,DNN,2022-09-01,2024-09-01,30,2.5259022935734583,2.040874596651816,1.866149330146291,2.1854510276235586,0.6963218009084191
1680,L_TO,DNN,2022-09-01,2024-09-01,31,1.665751099871438,1.6148497901920742,2.0092246889044443,1.3984605392889382,0.5926671658692074
1681,L_TO,DNN,2022-09-01,2024-09-01,32,0.9411814035183552,0.9911235645381554,1.195161968831292,0.8023532465780373,0.5534346145124356
1682,L_TO,DNN,2022-09-01,2024-09-01,33,1.9089290090339581,2.1120181980280797,1.9274173300403108,1.6967253964373277,0.5150915690656414
1683,L_TO,DNN,2022-09-01,2024-09-01,34,0.2522605080509362,0.2549345810563727,0.35490420586217714,0.20563589329886736,0.4212259662624084
1684,L_TO,DNN,2022-09-01,2024-09-01,35,0.25635233557560644,0.3507575018183574,0.4026667578101529,0.38971455953693146,0.4836736316673152
1685,L_TO,DNN,2022-09-01,2024-09-01,36,0.4134251798875208,0.5464723980029041,0.6104524806873012,0.4639973042267768,0.5132727475396653
1686,L_TO,DNN,2022-09-01,2024-09-01,37,3.8468478481918296,4.050350625539922,4.287635222217128,3.4072721590544424,0.6366600268452458
1687,L_TO,DNN,2022-09-01,2024-09-01,38,2.1667000189607757,2.1578999971919735,1.8192844140347797,1.6156833888790376,0.4834843619467705
1688,L_TO,DNN,2022-09-01,2024-09-01,39,1.2432754648597697,1.2310913730268505,1.1051004324998104,1.2122359050268674,0.4644925881576741
1689,L_TO,DNN,2022-09-01,2024-09-01,40,0.9120156377583855,0.7724327426056369,1.1189056787278469,1.0429487603016465,0.8775749838622616
1690,L_TO,DNN,2022-09-01,2024-09-01,41,2.864969863326278,2.3402590431268715,1.6798809723904942,1.9475547386383103,0.5068473913858416
1691,L_TO,DNN,2022-09-01,2024-09-01,42,0.5203730088775996,0.3498884365521854,0.5593926870837012,0.3653673582150486,0.426067379450215
1692,L_TO,DNN,2022-09-01,2024-09-01,43,0.8924578159576053,0.9302007119917364,0.9689253871218998,0.7929855472185994,0.36521122365433395
1693,L_TO,DNN,2022-09-01,2024-09-01,44,0.6695903608558343,0.7024768317340468,1.0481692954590713,0.5360540190092649,0.5915993897652784
1694,L_TO,DNN,2022-09-01,2024-09-01,45,0.5087077567768575,0.6169563801285144,0.42958685147760717,0.43790832708928906,0.39977848628019796
1695,L_TO,DNN,2022-09-01,2024-09-01,46,0.9745394518373649,0.979555409635425,0.8253796202282916,0.9445158856647403,0.3875471411199576
1696,L_TO,DNN,2022-09-01,2024-09-01,47,1.053450346670835,1.0754436399369982,1.0241625291004328,0.8507473327045706,0.5149064263451981
1697,L_TO,DNN,2022-09-01,2024-09-01,48,4.9399924029470235,4.9239843609690634,5.6368275149336045,4.488097985013593,0.8181982163176574
1698,L_TO,DNN,2022-09-01,2024-09-01,49,0.6593754568894392,0.2856119710652911,0.3116134498884618,0.3170865044868865,0.5587975961621131
1699,L_TO,DNN,2022-09-01,2024-09-01,50,3.3478237901319017,3.608238901302489,4.341814482914158,3.5951721499689655,0.771081444657788
1700,L_TO,DNN,2023-05-01,2025-05-01,1,0.14300161961954785,0.17737485900436512,0.16473269386603878,0.13762031687936985,0.246502862409293
1701,L_TO,DNN,2023-05-01,2025-05-01,2,0.6775096020422423,0.532704778119789,0.5730953195308655,0.6556471114265523,0.2748739948779382
1702,L_TO,DNN,2023-05-01,2025-05-01,3,0.8059064444508329,0.7501786703082438,0.7805585131196107,0.7641746210908767,0.2524336435548846
1703,L_TO,DNN,2023-05-01,2025-05-01,4,0.2425298248664013,0.2846112108165186,0.2774584596623553,0.23311040406260194,0.23936392783962931
1704,L_TO,DNN,2023-05-01,2025-05-01,5,0.2790632122682538,0.39674303486319107,0.35459767734546904,0.43479834589806754,0.24444734405090626
1705,L_TO,DNN,2023-05-01,2025-05-01,6,0.8671172312998581,0.8448513815720592,0.9145237722066584,0.8780829561544098,0.2336427264450307
1706,L_TO,DNN,2023-05-01,2025-05-01,7,0.7973338146071365,0.6267149925666796,0.7166584731672225,0.6969769284615359,0.2304448385569063
1707,L_TO,DNN,2023-05-01,2025-05-01,8,1.32040611279502,1.2621256814224453,1.3920749864754298,1.3607581008806708,0.27058714858526894
1708,L_TO,DNN,2023-05-01,2025-05-01,9,0.6805123982523874,0.6951656517158056,0.7627828343663131,0.7429934504256429,0.22975103536411212
1709,L_TO,DNN,2023-05-01,2025-05-01,10,0.3800453652434724,0.4923597476328335,0.5046599362106333,0.36155206996526135,0.23272974508639718
1710,L_TO,DNN,2023-05-01,2025-05-01,11,1.011155999593388,0.9038967749808238,1.0398035869887892,1.0254649340911863,0.22529879811373785
1711,L_TO,DNN,2023-05-01,2025-05-01,12,0.19633691039050724,0.14321423841040212,0.19787470791528733,0.18910665622457856,0.26019789639699564
1712,L_TO,DNN,2023-05-01,2025-05-01,13,0.6845997502305978,0.619905741335367,0.7258678261682573,0.7089730647446933,0.23190132001365038
1713,L_TO,DNN,2023-05-01,2025-05-01,14,0.31213040450556856,0.48481153443441655,0.42127124007903266,0.3837709600652469,0.23377392588825618
1714,L_TO,DNN,2023-05-01,2025-05-01,15,0.5172511533452414,0.42376814071022584,0.4833486996348445,0.3931797852107283,0.29246624397644605
1715,L_TO,DNN,2023-05-01,2025-05-01,16,0.879113537822835,0.8300304893815739,0.7877030200696723,0.7542334121821404,0.22777030885058386
1716,L_TO,DNN,2023-05-01,2025-05-01,17,0.23809145192077566,0.28652399153507657,0.16781399882246495,0.295521870493992,0.29204265078381386
1717,L_TO,DNN,2023-05-01,2025-05-01,18,1.0696794019500844,0.8046063843003518,0.9786346961468723,0.9884735539388857,0.28236197802180507
1718,L_TO,DNN,2023-05-01,2025-05-01,19,1.058125049810982,0.9853051038202744,1.0893285908759258,0.9682345397877326,0.23047974310142158
1719,L_TO,DNN,2023-05-01,2025-05-01,20,0.18615033565819666,0.12966442791392113,0.14612408477303757,0.19834833401323873,0.2795936960373207
1720,L_TO,DNN,2023-05-01,2025-05-01,21,0.722428538798802,0.6637182993327831,0.6763555019583424,0.6602447993051054,0.23044199112875471
1721,L_TO,DNN,2023-05-01,2025-05-01,22,0.30704368549384564,0.32062904313263124,0.42446226532271736,0.18287198760291065,0.22646593980040206
1722,L_TO,DNN,2023-05-01,2025-05-01,23,0.4188308821023018,0.23039948496284424,0.43992142468547873,0.21918451889217366,0.2930346276708412
1723,L_TO,DNN,2023-05-01,2025-05-01,24,1.3793504223863615,1.247363958106909,1.3636194051191903,1.2977518611902532,0.23510401699176786
1724,L_TO,DNN,2023-05-01,2025-05-01,25,0.14068900712145951,0.12683883439272597,0.1453073645036814,0.1525846396147845,0.23280985962012107
1725,L_TO,DNN,2023-05-01,2025-05-01,26,0.7794644355997343,0.7647975799495508,0.8241421493139537,0.7604362236785798,0.22516337494434158
1726,L_TO,DNN,2023-05-01,2025-05-01,27,0.2017419466202646,0.16903062615306477,0.22960750460618615,0.24275767755508104,0.25568134151469835
1727,L_TO,DNN,2023-05-01,2025-05-01,28,0.46556847850646876,0.2437497622071831,0.19557451703002401,0.2906214005530195,0.22135873152795177
1728,L_TO,DNN,2023-05-01,2025-05-01,29,0.7774785613877994,0.7249775073134863,0.9791356954232586,0.9213753554586331,0.4016097853540941
1729,L_TO,DNN,2023-05-01,2025-05-01,30,0.7761134429933755,0.674072597443322,0.775638227653999,0.7501807536452443,0.24357634095194322
1730,L_TO,DNN,2023-05-01,2025-05-01,31,0.4782411245165695,0.32951174624402935,0.39061267824943624,0.6382220680425478,0.23264732678961492
1731,L_TO,DNN,2023-05-01,2025-05-01,32,1.148256744295989,0.9457968462063759,1.2156028319779182,1.0797684702093744,0.25258727442862644
1732,L_TO,DNN,2023-05-01,2025-05-01,33,0.3279803071804475,0.34042588596347084,0.32024264652472156,0.3515385715494859,0.2335756900289161
1733,L_TO,DNN,2023-05-01,2025-05-01,34,0.3841456220308148,0.6474297247033222,0.8117149519923114,0.6395611773701592,0.23200947618975898
1734,L_TO,DNN,2023-05-01,2025-05-01,35,0.19672106598906897,0.18961330410627644,0.43007702292354855,0.18965256419319976,0.23270670574605445
1735,L_TO,DNN,2023-05-01,2025-05-01,36,1.0477495457985047,0.8754241168330165,1.131452424006008,1.0359488967510522,0.2607412759427357
1736,L_TO,DNN,2023-05-01,2025-05-01,37,0.2252555318384437,0.25582808141773344,0.587044154898496,0.2759102730359954,0.23146194532127398
1737,L_TO,DNN,2023-05-01,2025-05-01,38,0.8124026439643778,0.703650872253721,0.7395674572119144,0.7615290347071987,0.25053336310352786
1738,L_TO,DNN,2023-05-01,2025-05-01,39,0.8417542789466208,0.7612056434556423,0.9048828916160523,0.8520470735605751,0.2374846391665917
1739,L_TO,DNN,2023-05-01,2025-05-01,40,0.662303099752219,0.5916021802626326,0.6830681020830529,0.7000595108001236,0.2781329082523072
1740,L_TO,DNN,2023-05-01,2025-05-01,41,1.0721156842750925,0.972254539972223,1.007275675391394,1.0049736562446774,0.24328718335625157
1741,L_TO,DNN,2023-05-01,2025-05-01,42,1.2761165862353567,1.1476152421039125,1.245708301676482,1.28457033507225,0.25356853628126125
1742,L_TO,DNN,2023-05-01,2025-05-01,43,0.21978857828768403,0.18472807922178544,0.2827429293443987,0.2025353130339983,0.2297132827370753
1743,L_TO,DNN,2023-05-01,2025-05-01,44,0.8475540725887385,0.7136725389120543,0.7904090906460717,0.7518481508111631,0.23338506656356092
1744,L_TO,DNN,2023-05-01,2025-05-01,45,0.8072331727088531,0.7383002518929378,0.8538921868932416,0.8198830744576345,0.29628552312151685
1745,L_TO,DNN,2023-05-01,2025-05-01,46,0.7132243171220116,0.5589461884657427,0.5994419377625284,0.49827269307944183,0.23154027158325236
1746,L_TO,DNN,2023-05-01,2025-05-01,47,0.5872792585601657,0.5559915362501198,0.5741224547446853,0.6255731340563188,0.24129351067804036
1747,L_TO,DNN,2023-05-01,2025-05-01,48,0.8212480626273209,0.7668045102082078,0.8561872386133619,0.8400851281900855,0.23688532827486916
1748,L_TO,DNN,2023-05-01,2025-05-01,49,0.678316252466702,0.6117694805225382,0.6437069019986115,0.605487151174806,0.22752190893269372
1749,L_TO,DNN,2023-05-01,2025-05-01,50,0.8940734337381271,0.7963893783792674,0.8615018789499184,0.7817178013015971,0.23351601892447515
1750,L_TO,DNN,2024-01-01,2026-01-01,1,4.032939507844394,3.9281086359173747,3.0295442412653157,3.444923023660833,0.2016894700659951
1751,L_TO,DNN,2024-01-01,2026-01-01,2,1.6679563423479127,1.7630162164700778,1.7716936657827944,1.6957061374283044,0.23157548334232186
1752,L_TO,DNN,2024-01-01,2026-01-01,3,0.9531479418368178,0.7980189982460034,0.6143174064859702,0.9187579624508534,0.19876271178894309
1753,L_TO,DNN,2024-01-01,2026-01-01,4,0.7413918693999134,0.8429011872205102,0.7339046211739065,0.7282296016401627,0.21154998497725175
1754,L_TO,DNN,2024-01-01,2026-01-01,5,2.0807936952698003,2.761561138770175,2.3289803383152803,2.5380791553615114,0.20664028625030006
1755,L_TO,DNN,2024-01-01,2026-01-01,6,1.060678205150537,0.9985152231650136,0.7032273374127763,0.7863088582005083,0.20060854290810157
1756,L_TO,DNN,2024-01-01,2026-01-01,7,1.8985404351607733,2.476725681179773,1.8697926280432753,2.2234440109181026,0.2041573374286117
1757,L_TO,DNN,2024-01-01,2026-01-01,8,0.584530312623854,0.6683532467350262,0.5742392245774003,1.2302571225163912,0.20674793358179974
1758,L_TO,DNN,2024-01-01,2026-01-01,9,5.11794178844015,5.738290586071219,4.623405191910992,4.891616953618984,0.20484351898846007
1759,L_TO,DNN,2024-01-01,2026-01-01,10,1.4848599757614316,1.9511328785053732,1.5067829811898417,1.902058742606163,0.21107139501762145
1760,L_TO,DNN,2024-01-01,2026-01-01,11,0.37789815696888607,0.7178203411466476,0.7963592950544656,0.7423564284359758,0.20312570825413542
1761,L_TO,DNN,2024-01-01,2026-01-01,12,2.374426232637194,3.3502911079706905,2.301198445747453,2.9488094015620385,0.2077343662862982
1762,L_TO,DNN,2024-01-01,2026-01-01,13,8.159677685378773,8.881834274421003,7.283320329635157,8.324422336057019,0.21241135570551062
1763,L_TO,DNN,2024-01-01,2026-01-01,14,3.584908378703822,3.709365833791574,2.8657747145511023,3.7898917798146203,0.19988786401992065
1764,L_TO,DNN,2024-01-01,2026-01-01,15,0.8010919761482009,1.2409657204781426,1.3492574474592607,0.6505409827472852,0.26870256446990703
1765,L_TO,DNN,2024-01-01,2026-01-01,16,2.1519856731722466,2.5595353460345853,1.8735434591932936,2.6751709988278503,0.22671639139172756
1766,L_TO,DNN,2024-01-01,2026-01-01,17,2.5371727285075196,2.490579674518683,1.484002691528886,2.279521891629757,0.20405688887435888
1767,L_TO,DNN,2024-01-01,2026-01-01,18,3.3244408929096227,3.7480368379971964,3.106365141422753,2.824414352645516,0.3296023769463096
1768,L_TO,DNN,2024-01-01,2026-01-01,19,2.3347031876141666,2.002280316335005,1.819787779189544,1.3555131824864164,0.21374223068244833
1769,L_TO,DNN,2024-01-01,2026-01-01,20,0.8138193729298682,0.9316607748884086,0.6600930725903627,0.788449954563956,0.20944311472831273
1770,L_TO,DNN,2024-01-01,2026-01-01,21,5.576286107670892,6.0367363596387005,5.179423809221825,6.01761929720685,0.2401484837980072
1771,L_TO,DNN,2024-01-01,2026-01-01,22,6.324820051271255,7.276722527817192,5.825720491780598,6.051571903267504,0.20894709250093046
1772,L_TO,DNN,2024-01-01,2026-01-01,23,0.8120695115481587,1.930404430554914,3.2239089652161153,1.34870817738236,0.2252382691668514
1773,L_TO,DNN,2024-01-01,2026-01-01,24,0.6032775844212956,1.0742533023607028,1.0252331703599,1.0520176456812356,0.2198028518652578
1774,L_TO,DNN,2024-01-01,2026-01-01,25,0.8615064065793482,1.3513859084423148,1.3682224413914241,1.5831231097441265,0.2104998784214159
1775,L_TO,DNN,2024-01-01,2026-01-01,26,0.9917685485758274,1.0996906408799074,0.6318593203648935,0.9064155887761479,0.20285647459288117
1776,L_TO,DNN,2024-01-01,2026-01-01,27,6.765302730116418,7.835348019208647,5.818659517730913,6.321128150747601,0.2185203508951485
1777,L_TO,DNN,2024-01-01,2026-01-01,28,1.3656262173692677,1.1427987718494794,0.31088855777824737,0.5665854013434143,0.23982269113206878
1778,L_TO,DNN,2024-01-01,2026-01-01,29,0.6460172104225852,0.9963755451879792,0.567307267783422,0.6625137936255908,0.20385339541326256
1779,L_TO,DNN,2024-01-01,2026-01-01,30,0.7851549743935599,0.5496535821978791,0.6497665733317323,0.8340242820968088,0.20152065274877445
1780,L_TO,DNN,2024-01-01,2026-01-01,31,4.474431800894031,5.243093704992567,3.4499277866099622,4.049950384895769,0.20846231949212185
1781,L_TO,DNN,2024-01-01,2026-01-01,32,1.2099095709897776,1.019210947319569,0.7301569494595929,1.0181360109179374,0.20682527271191606
1782,L_TO,DNN,2024-01-01,2026-01-01,33,4.389527297182837,4.565983990428973,3.7908310021584253,4.2734900106102724,0.2500492734113897
1783,L_TO,DNN,2024-01-01,2026-01-01,34,4.452080806215857,5.818876872768785,5.248787671715466,5.121188590310549,0.20542255035811374
1784,L_TO,DNN,2024-01-01,2026-01-01,35,2.090592341497402,1.260935950519403,0.9387458515921048,1.3183841881454834,0.22589088536262153
1785,L_TO,DNN,2024-01-01,2026-01-01,36,3.3473688089420346,3.3092610013038004,2.899596925679784,3.4224422651600683,0.20937091913323394
1786,L_TO,DNN,2024-01-01,2026-01-01,37,9.697835929836112,8.672809637271737,5.319118930296172,9.072483697151045,0.2508783960377568
1787,L_TO,DNN,2024-01-01,2026-01-01,38,7.156340625949978,8.143502704791644,6.2690364373955605,7.038505035686279,0.20248061832366687
1788,L_TO,DNN,2024-01-01,2026-01-01,39,1.5318473165080577,1.8020877244045213,1.7223857292838505,1.679568874104272,0.20300766575128495
1789,L_TO,DNN,2024-01-01,2026-01-01,40,2.073713418043696,2.686275940780157,1.8370327962470219,1.9508557696302902,0.21327913013181748
1790,L_TO,DNN,2024-01-01,2026-01-01,41,2.0111390678951833,2.07798903014928,1.630221307154092,2.008462461619358,0.20041343099422781
1791,L_TO,DNN,2024-01-01,2026-01-01,42,2.5423091130728466,2.5194546793882955,1.7249709554050758,2.212902349851585,0.2107787172752108
1792,L_TO,DNN,2024-01-01,2026-01-01,43,2.0862120710971443,2.4064788122806364,2.2912322801999663,2.35408374793205,0.20784571729639095
1793,L_TO,DNN,2024-01-01,2026-01-01,44,0.7029614542880945,0.761691057775813,0.5393545453381215,0.7029950346200837,0.20011513011448884
1794,L_TO,DNN,2024-01-01,2026-01-01,45,3.343216681378542,3.4521229327930922,2.3309037840417783,2.871075159128801,0.20271600762452338
1795,L_TO,DNN,2024-01-01,2026-01-01,46,3.4323925394128767,3.9307798064981356,2.683344101818614,2.982156036110504,0.21539983779138894
1796,L_TO,DNN,2024-01-01,2026-01-01,47,3.2167262749955796,3.2915529102336545,2.7788972493992374,3.295323127174779,0.22328377786429346
1797,L_TO,DNN,2024-01-01,2026-01-01,48,2.486819136953771,2.5933559494987364,2.361442691206748,2.447192164583575,0.21202800008664627
1798,L_TO,DNN,2024-01-01,2026-01-01,49,0.9654455343212154,1.0463258940027496,0.7094164537028894,0.8963999467260859,0.2014400358056069
1799,L_TO,DNN,2024-01-01,2026-01-01,50,0.6877458051054246,0.9527162145839544,0.5863915197267803,0.7443600171628663,0.22802910994505735
1800,USO,DNN,2022-01-01,2024-01-01,1,0.2990648159110081,0.29668529418595263,0.4123222959730932,0.3760022758194881,0.23534552143903537
1801,USO,DNN,2022-01-01,2024-01-01,2,1.4303408305595788,1.1902428525436692,1.152593050833435,1.4327591879636936,0.22077265820745398
1802,USO,DNN,2022-01-01,2024-01-01,3,0.44623708533281076,0.39837437597901565,0.47003606522476643,0.3943033120395597,0.22385975577688286
1803,USO,DNN,2022-01-01,2024-01-01,4,3.2126996422058873,3.184835942785477,3.148359630331262,3.7971552684180927,0.26290547284018106
1804,USO,DNN,2022-01-01,2024-01-01,5,3.048249024663194,3.257464212028987,4.040160413481274,3.7808135490813832,0.22274723674300015
1805,USO,DNN,2022-01-01,2024-01-01,6,1.5960064038541493,1.2986316654460848,1.237337023363222,1.5552624112494418,0.2861065936037325
1806,USO,DNN,2022-01-01,2024-01-01,7,0.4868547665028177,0.49171229446986986,0.6313579444027034,0.5528222734649125,0.21719270961221787
1807,USO,DNN,2022-01-01,2024-01-01,8,1.6333967346860943,1.7131714656704886,1.9030616600692174,1.8942475354449495,0.21912455158571262
1808,USO,DNN,2022-01-01,2024-01-01,9,2.4049053795587354,2.2270884137224214,2.336862166866517,2.586821859552957,0.23552721623020928
1809,USO,DNN,2022-01-01,2024-01-01,10,0.3233284094709192,0.3168880357394006,0.36347708177293303,0.3190381533331691,0.22595231599355484
1810,USO,DNN,2022-01-01,2024-01-01,11,0.8804878874870902,0.9157266758132131,0.8006394134236904,1.1013698005997778,0.2226284544991976
1811,USO,DNN,2022-01-01,2024-01-01,12,2.0201740839391613,2.1601968999725267,2.53500126359737,2.156074109975755,0.2506912274429597
1812,USO,DNN,2022-01-01,2024-01-01,13,0.5546022431665821,0.4799379387845912,0.5990425952467956,0.572853101045783,0.21979118312431084
1813,USO,DNN,2022-01-01,2024-01-01,14,1.4499751375905183,1.285065856140348,1.3350243125455112,1.5143942324554325,0.21964860555270307
1814,USO,DNN,2022-01-01,2024-01-01,15,0.4739502478057286,0.4497682472282324,0.49585822334980695,0.4827332358497501,0.2272948829216284
1815,USO,DNN,2022-01-01,2024-01-01,16,0.40203315062035855,0.4353270374630228,0.42662640983281624,0.5102551740898712,0.24664008196567536
1816,USO,DNN,2022-01-01,2024-01-01,17,2.051618952535529,1.8287650613819493,2.001600784908217,2.1959423124268382,0.2400476994464968
1817,USO,DNN,2022-01-01,2024-01-01,18,0.586840652743492,0.5359274953700064,0.6176438593832513,0.5002348141753874,0.2225906411349984
1818,USO,DNN,2022-01-01,2024-01-01,19,0.41416818552847245,0.3882587653866241,0.4680629338557143,0.42469139900438574,0.2514469106779365
1819,USO,DNN,2022-01-01,2024-01-01,20,1.0952603517384532,1.083481693268278,1.1906040501875932,1.2458094617167044,0.22211197193275847
1820,USO,DNN,2022-01-01,2024-01-01,21,0.8158605108977508,0.7915207370812274,0.9042108322851641,0.8295538850459503,0.28700088936477686
1821,USO,DNN,2022-01-01,2024-01-01,22,1.2773138826360222,1.1811626423235388,1.422606692558377,1.2790326893303674,0.23497338027498757
1822,USO,DNN,2022-01-01,2024-01-01,23,1.2390586338175524,1.3352995134161154,1.476307063621478,1.4951736667816313,0.23308063017289157
1823,USO,DNN,2022-01-01,2024-01-01,24,2.0389816408541694,2.1483608803143754,2.20650365222241,2.2012577126016506,0.24476183504183988
1824,USO,DNN,2022-01-01,2024-01-01,25,1.196219316950509,1.2319665126849622,1.366241555587826,1.2920701092484375,0.2874922273605877
1825,USO,DNN,2022-01-01,2024-01-01,26,0.6945891909189947,0.7231352139816389,0.7511258595938715,0.7824277775980136,0.2293877797253701
1826,USO,DNN,2022-01-01,2024-01-01,27,3.3378514108570303,3.385144150288865,3.959333067675548,3.6727529449230945,0.22556702030296144
1827,USO,DNN,2022-01-01,2024-01-01,28,0.7904617757432342,1.007248719569031,1.2142963024799336,1.008750516572584,0.23054008743566623
1828,USO,DNN,2022-01-01,2024-01-01,29,0.4649002850373312,0.4298874843856546,0.5512987586831902,0.5140157103791968,0.23024684717744792
1829,USO,DNN,2022-01-01,2024-01-01,30,4.229279996426648,4.380137152873265,5.253469765566758,4.82348916108918,0.229249531021026
1830,USO,DNN,2022-01-01,2024-01-01,31,0.2297306947694034,0.19083345885860098,0.195621824654806,0.27633790887873394,0.2863865315669126
1831,USO,DNN,2022-01-01,2024-01-01,32,3.6280460813017323,3.62592829088479,3.95685584018232,4.057125416361145,0.2274202479263492
1832,USO,DNN,2022-01-01,2024-01-01,33,0.6000927808242965,0.5378142386503982,0.7192943012244768,0.7348356631868055,0.21823813564529407
1833,USO,DNN,2022-01-01,2024-01-01,34,0.335301778367185,0.3213012318190989,0.35950695017027995,0.3479641220687707,0.22360223424326525
1834,USO,DNN,2022-01-01,2024-01-01,35,0.28147346029655235,0.29237126371019057,0.2693094738341627,0.3133601382218448,0.23925280302052257
1835,USO,DNN,2022-01-01,2024-01-01,36,1.6316166911289258,1.5397262636961309,1.6873827843683231,1.7219008539395668,0.2468822351692313
1836,USO,DNN,2022-01-01,2024-01-01,37,1.1686484509281638,1.2176834347200007,1.2752704839017217,1.3373594759138152,0.2156905388902719
1837,USO,DNN,2022-01-01,2024-01-01,38,0.6544614919364518,0.6757055490789622,0.9005997758182702,0.8908664665373528,0.24926041020432357
1838,USO,DNN,2022-01-01,2024-01-01,39,0.5802082082852005,0.4817532162545394,0.3257376587791634,0.6328935965633634,0.24540931571375077
1839,USO,DNN,2022-01-01,2024-01-01,40,0.3009960563971378,0.2768474233636829,0.27243003822939704,0.2635240275371907,0.22105713458432508
1840,USO,DNN,2022-01-01,2024-01-01,41,0.9547258575317924,0.9900192754197731,0.9973597099687436,1.0354680115706656,0.31486756330901283
1841,USO,DNN,2022-01-01,2024-01-01,42,0.4079534503882916,0.35142026762705236,0.39677149274982815,0.408352491414018,0.22620414063142696
1842,USO,DNN,2022-01-01,2024-01-01,43,2.030046200081313,2.002271637892441,2.3541288838155747,2.2682337046690364,0.36311292986048266
1843,USO,DNN,2022-01-01,2024-01-01,44,1.9004544734389952,1.9223031570125548,1.876346568134208,2.0667316347611417,0.23975077963226515
1844,USO,DNN,2022-01-01,2024-01-01,45,2.398836182745304,2.4088575867036135,2.8061675082151956,2.6718586590718876,0.22115632595797266
1845,USO,DNN,2022-01-01,2024-01-01,46,4.410814445460904,4.800904415099059,5.128763309200018,5.0122811711794855,0.2561816675114751
1846,USO,DNN,2022-01-01,2024-01-01,47,3.226084918503716,3.27272866101923,3.6294037493096765,3.4017867813308933,0.23052615800490234
1847,USO,DNN,2022-01-01,2024-01-01,48,1.7718299816724568,1.6983452669537162,1.8055835638367206,1.9205593566816048,0.24794202576882374
1848,USO,DNN,2022-01-01,2024-01-01,49,0.3902574674474102,0.46037803301475727,0.440524268570191,0.40658954865296254,0.22694655340274164
1849,USO,DNN,2022-01-01,2024-01-01,50,0.9598125161138025,0.9776716094360165,1.116392764196072,1.1535924001807147,0.23856257797443237
1850,USO,DNN,2022-09-01,2024-09-01,1,1.634722248159397,1.2785428255755913,1.4970177563791827,1.425041842654121,1.0139037723501532
1851,USO,DNN,2022-09-01,2024-09-01,2,1.762090122326655,2.0702136505275446,2.1561205223910656,2.0962769654873563,0.3229349838654811
1852,USO,DNN,2022-09-01,2024-09-01,3,3.1385753783496373,3.1486154252217946,3.2520960355696724,3.2155048710092005,0.3230793759532197
1853,USO,DNN,2022-09-01,2024-09-01,4,1.4064234304043381,1.4755449012156987,1.570567234185671,1.2815393160986923,0.34786245679915506
1854,USO,DNN,2022-09-01,2024-09-01,5,4.184774646014157,4.604851012887488,4.909817744225807,4.574338782262862,0.5584533945627883
1855,USO,DNN,2022-09-01,2024-09-01,6,0.4698391028086956,0.4732694359147798,0.7410684370540055,0.6489282774775322,0.36946532372090163
1856,USO,DNN,2022-09-01,2024-09-01,7,4.427147624255723,4.885287189248526,5.168944346282652,4.880950705322882,0.8015351618960092
1857,USO,DNN,2022-09-01,2024-09-01,8,2.2931578273265227,2.464285890587886,2.5517849779377646,2.2368015956637906,0.3233747899862238
1858,USO,DNN,2022-09-01,2024-09-01,9,0.5452201316448202,0.6363426445223197,0.6274591044186768,0.5599032279456414,0.3213108335025992
1859,USO,DNN,2022-09-01,2024-09-01,10,0.3640412226399619,0.4895401713515346,0.5812134741696341,0.5940354947472887,0.3446643224473836
1860,USO,DNN,2022-09-01,2024-09-01,11,2.4094592092112372,2.501466941436635,2.2879664593027633,2.3062548265422618,0.2933894428735335
1861,USO,DNN,2022-09-01,2024-09-01,12,0.6449614124432416,0.6644813114621966,0.7691515392096802,0.7165062315299146,0.31682486565489104
1862,USO,DNN,2022-09-01,2024-09-01,13,1.6348998629944442,1.7115273112529965,2.258902992763906,2.4133907500776486,0.5414069859306928
1863,USO,DNN,2022-09-01,2024-09-01,14,0.5661416003884086,0.4287606406784031,0.40232458721535436,0.5149388050619417,0.3379330012445039
1864,USO,DNN,2022-09-01,2024-09-01,15,1.838404385839054,1.8642301953956721,2.0866607073590435,1.9671020408078448,0.3776698800652245
1865,USO,DNN,2022-09-01,2024-09-01,16,0.8702257574596567,0.999480688818665,1.0355516302090748,0.9361920722251795,0.31883833180634097
1866,USO,DNN,2022-09-01,2024-09-01,17,3.847532205592803,4.039684722938798,4.082838487729645,4.001932225270441,0.6966352274528966
1867,USO,DNN,2022-09-01,2024-09-01,18,1.3947780611403766,1.4237141768518289,1.4625966085850235,1.4693688550607846,0.43966442599887934
1868,USO,DNN,2022-09-01,2024-09-01,19,0.9991172098706333,0.9845564724959385,0.9348211394890636,1.0657549780989102,0.3044172507895745
1869,USO,DNN,2022-09-01,2024-09-01,20,2.63987389848285,2.9440380116729075,2.8839745593748565,2.8236210940581503,0.3039182130890206
1870,USO,DNN,2022-09-01,2024-09-01,21,1.5586231798361128,1.6588612348015368,1.2635352612077073,1.252337760128205,0.29882507245216766
1871,USO,DNN,2022-09-01,2024-09-01,22,1.613740696797798,1.586367570953255,1.831621992231218,1.6887384252648363,0.596684531191094
1872,USO,DNN,2022-09-01,2024-09-01,23,2.3066159340067562,2.158162066809588,2.08087279699721,2.528617415760798,0.4257866952529865
1873,USO,DNN,2022-09-01,2024-09-01,24,5.692525742902463,6.522881392605766,6.871128760396603,6.287764431596757,0.7461587763329725
1874,USO,DNN,2022-09-01,2024-09-01,25,0.9217147950212579,1.0345970935132038,0.749733443237004,1.0027423326297986,0.3086115466546738
1875,USO,DNN,2022-09-01,2024-09-01,26,0.47599371678824376,0.473050933592347,0.5144120578232021,0.4724473142223112,0.30735130049203513
1876,USO,DNN,2022-09-01,2024-09-01,27,0.9381965236730396,0.9432482703897447,0.8118397576903512,0.8877276826613578,0.46093540172657865
1877,USO,DNN,2022-09-01,2024-09-01,28,2.1399656684631143,2.2136207534866372,2.3316213459829083,2.1328200239099044,0.3089710840177041
1878,USO,DNN,2022-09-01,2024-09-01,29,0.6434250836370853,0.6504898255636808,0.3868453978082738,0.9007309760294329,0.4330890967603278
1879,USO,DNN,2022-09-01,2024-09-01,30,2.5255997823416227,2.9448148992107632,2.981823817241926,2.6949128024589313,0.3448603981993908
1880,USO,DNN,2022-09-01,2024-09-01,31,2.94838350183614,3.2304548385809024,3.4129542385329223,3.2910231116378723,0.30907672712220624
1881,USO,DNN,2022-09-01,2024-09-01,32,1.4393557388119635,1.2924331381912286,1.696216043248959,1.687275591886502,0.319174933606024
1882,USO,DNN,2022-09-01,2024-09-01,33,3.5666141965909324,3.6137961319952026,3.9784222348473266,4.122795781685661,0.43465873180096354
1883,USO,DNN,2022-09-01,2024-09-01,34,1.3870751539572514,1.546931511344515,1.548210640005566,1.4514913344252598,0.3763394923192383
1884,USO,DNN,2022-09-01,2024-09-01,35,1.8292164741230352,1.6349336912165253,1.4225882432832426,1.7400851249626024,0.3633766218123029
1885,USO,DNN,2022-09-01,2024-09-01,36,1.0754798987409533,1.2009064690733506,1.3346310206267789,1.2150003402492229,0.3390092330520789
1886,USO,DNN,2022-09-01,2024-09-01,37,0.9924925791962337,0.9648556808605019,1.1496477864579597,0.9163272409847161,0.7577120691453526
1887,USO,DNN,2022-09-01,2024-09-01,38,3.0127810519978833,2.7394305133259604,2.523273121064898,2.853656532759502,0.601453961032714
1888,USO,DNN,2022-09-01,2024-09-01,39,1.9240039747446547,2.4265338566857095,2.5046115721596265,2.341634171221548,0.4012626376189063
1889,USO,DNN,2022-09-01,2024-09-01,40,0.37487625682678594,0.3789136476933734,0.43494198552879876,0.3934967995858796,0.39246741888915193
1890,USO,DNN,2022-09-01,2024-09-01,41,4.461760536009504,4.521883119355387,4.4671001599435725,4.447652961766894,0.9940971046753435
1891,USO,DNN,2022-09-01,2024-09-01,42,3.1717770034224855,3.635215072243733,3.5635581486331476,3.6526839549618315,0.32090536652920215
1892,USO,DNN,2022-09-01,2024-09-01,43,1.050450593922641,1.0367505612471877,1.0836919180843692,1.0248881694178145,0.6098405266531528
1893,USO,DNN,2022-09-01,2024-09-01,44,2.272045470674824,2.3568142345533807,2.289651097584926,2.7367650084812487,1.027638069717063
1894,USO,DNN,2022-09-01,2024-09-01,45,1.3755878690692196,1.4342666276989584,1.5195273652380559,1.4495735079443972,0.3173923329878939
1895,USO,DNN,2022-09-01,2024-09-01,46,5.501982814077709,6.452330768080081,7.0941484961729095,7.100829624105814,1.0482112851492733
1896,USO,DNN,2022-09-01,2024-09-01,47,1.5327058419382393,1.651929969808855,1.6615827084008576,1.5590050847229822,0.2991566778277943
1897,USO,DNN,2022-09-01,2024-09-01,48,5.782552952055773,6.020471668441975,6.363060376039047,6.555039848559554,0.31581523256701555
1898,USO,DNN,2022-09-01,2024-09-01,49,5.9624381907987996,7.112212572016737,7.01645702569748,6.586196280097414,0.7821807356462956
1899,USO,DNN,2022-09-01,2024-09-01,50,3.6849211469907637,4.698789672605848,5.231136134254949,4.6775025080040145,0.38720951396185066
1900,USO,DNN,2023-05-01,2025-05-01,1,0.6990098755791603,0.8769287542204317,0.6519690475921791,0.7435800915234934,0.22288387734399173
1901,USO,DNN,2023-05-01,2025-05-01,2,1.0959888972361014,1.3910497647536644,1.093242795892575,1.2459660465622429,0.2570101788626762
1902,USO,DNN,2023-05-01,2025-05-01,3,0.33241098165065636,0.36796048658908403,0.36171029450242853,0.3866841492259743,0.3109123647433416
1903,USO,DNN,2023-05-01,2025-05-01,4,1.0542974653472998,1.3081888460987965,1.049238477846188,1.1830925871700997,0.20840126032280248
1904,USO,DNN,2023-05-01,2025-05-01,5,0.5557241016017994,0.6670875859210719,0.5846877886569593,0.6068546955163612,0.2397425239018853
1905,USO,DNN,2023-05-01,2025-05-01,6,1.1458358862202356,1.38019968309799,1.2484722453471413,1.3657964676043952,0.3457167675040316
1906,USO,DNN,2023-05-01,2025-05-01,7,0.9117195083978672,1.1546692830594414,0.8632193466450395,0.9962791783351774,0.21176332836584852
1907,USO,DNN,2023-05-01,2025-05-01,8,1.2765765346385853,1.6380313418483758,1.3884336427015018,1.4868110668010506,0.36556847342599347
1908,USO,DNN,2023-05-01,2025-05-01,9,0.33254996522929026,0.36327788701747127,0.3162099498990606,0.3386093418048628,0.26816205889732636
1909,USO,DNN,2023-05-01,2025-05-01,10,0.9724500727312262,1.1491235511347802,0.9131146938948949,1.0261788391531272,0.24283631804225936
1910,USO,DNN,2023-05-01,2025-05-01,11,0.3997975791227331,0.40952672528854056,0.34873578595111154,0.37984728689023994,0.28956360332471226
1911,USO,DNN,2023-05-01,2025-05-01,12,0.25830820275924077,0.3108608758681226,0.25267015383498437,0.306337478928239,0.24689824652289713
1912,USO,DNN,2023-05-01,2025-05-01,13,0.8265518242854598,1.02245994920311,0.8703215791306853,0.9527558155030996,0.25292764700418874
1913,USO,DNN,2023-05-01,2025-05-01,14,0.474101220827421,0.47093289051913517,0.39046379557906946,0.4730385203089651,0.25193253980587116
1914,USO,DNN,2023-05-01,2025-05-01,15,0.38674328248165485,0.4187597700985346,0.3702451024814291,0.3863959272885111,0.2731297503638969
1915,USO,DNN,2023-05-01,2025-05-01,16,0.5980806297998987,0.7030301217970772,0.6240423793601744,0.6331552984207485,0.22968045769415077
1916,USO,DNN,2023-05-01,2025-05-01,17,0.27662904326014737,0.29434853240982056,0.2634547850866129,0.27039214952845764,0.23277679437614335
1917,USO,DNN,2023-05-01,2025-05-01,18,0.3187445715071448,0.3524408091756077,0.30250899581916013,0.317983450092291,0.2291746271367645
1918,USO,DNN,2023-05-01,2025-05-01,19,0.3286453553539282,0.34810304505011064,0.3104591739551424,0.29823663775183346,0.23851913206217318
1919,USO,DNN,2023-05-01,2025-05-01,20,0.2441057281908597,0.24625831289053923,0.21897521571611975,0.24347930359929312,0.2330451213461497
1920,USO,DNN,2023-05-01,2025-05-01,21,0.749091598898099,0.9140420080908949,0.7886016313618254,0.796881528763435,0.2719485503655994
1921,USO,DNN,2023-05-01,2025-05-01,22,0.2595796522217067,0.24441973917969811,0.20627635588172327,0.2267203482647134,0.23277902964108735
1922,USO,DNN,2023-05-01,2025-05-01,23,0.5046444617671834,0.5732853776129564,0.5353366686844822,0.5544063780198172,0.2999583320004176
1923,USO,DNN,2023-05-01,2025-05-01,24,0.572036388670306,0.6582603462790296,0.5531699086248307,0.6206343671381512,0.2624425785085862
1924,USO,DNN,2023-05-01,2025-05-01,25,0.6130689621751332,0.6736574381984584,0.497229125237288,0.6088727485647372,0.2319197324011706
1925,USO,DNN,2023-05-01,2025-05-01,26,1.4377799840484993,1.7925636798129438,1.4220486523530265,1.6126742478390235,0.3197677764313809
1926,USO,DNN,2023-05-01,2025-05-01,27,0.5018671153030918,0.5687632380241521,0.5286566458357304,0.5179450966361226,0.24411773632963457
1927,USO,DNN,2023-05-01,2025-05-01,28,0.32145535926098157,0.3920201906988646,0.3185704677895731,0.34779446063988156,0.22055492009260744
1928,USO,DNN,2023-05-01,2025-05-01,29,1.071180712590179,1.2245506847391412,1.0039995235585493,1.1528916415556865,0.22533605854606423
1929,USO,DNN,2023-05-01,2025-05-01,30,2.105653399739108,2.6865318645343153,2.0469999911355434,2.3204320206465514,0.24045141042991053
1930,USO,DNN,2023-05-01,2025-05-01,31,0.5029299311356534,0.5911838720670631,0.4952675821852118,0.5257958523238201,0.23202080875599163
1931,USO,DNN,2023-05-01,2025-05-01,32,0.2362738189527739,0.26042983065178094,0.2404033310500013,0.23159591101152782,0.23442238170162225
1932,USO,DNN,2023-05-01,2025-05-01,33,0.37167685678543083,0.44511653437562343,0.37691374921711895,0.3963102586026132,0.24800726380556204
1933,USO,DNN,2023-05-01,2025-05-01,34,0.8315504091052458,0.9864313865919263,0.7811462123659799,0.8584828281674726,0.23629604515884461
1934,USO,DNN,2023-05-01,2025-05-01,35,0.457678816056237,0.5672763094942925,0.4799024291934348,0.5298879590344351,0.3092470746013404
1935,USO,DNN,2023-05-01,2025-05-01,36,0.5284476747459587,0.6376806429922202,0.5055003455669566,0.5540869400686209,0.24403079214909837
1936,USO,DNN,2023-05-01,2025-05-01,37,0.8479370120487485,1.0247188402519438,0.8644214313009045,0.8757588329312218,0.23372040564292149
1937,USO,DNN,2023-05-01,2025-05-01,38,0.22517275394304215,0.24015303904126584,0.24310445266838207,0.23507480538676917,0.24828033192806817
1938,USO,DNN,2023-05-01,2025-05-01,39,0.3960441134772507,0.46178595465077366,0.38705109476211935,0.41687464919661504,0.2527962310557083
1939,USO,DNN,2023-05-01,2025-05-01,40,0.27709349604213357,0.28149419866308356,0.28991369831711594,0.31829140918846,0.2201292666886476
1940,USO,DNN,2023-05-01,2025-05-01,41,1.122726453158452,1.422657650300908,1.159977835583935,1.246864147327871,0.31052605629317537
1941,USO,DNN,2023-05-01,2025-05-01,42,0.2969927695016461,0.38269747696792994,0.29979549161705094,0.3495837956258295,0.29467427461834916
1942,USO,DNN,2023-05-01,2025-05-01,43,1.2341713678022934,1.4870153282230933,1.2109187048527652,1.3043572371171928,0.23443373276740725
1943,USO,DNN,2023-05-01,2025-05-01,44,0.5080180644868225,0.5174938871650355,0.40026617466308684,0.4678054063180223,0.2438284549430417
1944,USO,DNN,2023-05-01,2025-05-01,45,0.7318161557958908,0.8950634308234022,0.7718999932372331,0.7693879861136538,0.3332713470419963
1945,USO,DNN,2023-05-01,2025-05-01,46,0.8013441111000194,0.94631147272825,0.768124762518262,0.8805978895885328,0.21911091687462986
1946,USO,DNN,2023-05-01,2025-05-01,47,0.2828813159526748,0.3090087854252533,0.2859389077388009,0.29157892550339604,0.2431890465354897
1947,USO,DNN,2023-05-01,2025-05-01,48,1.1437786828212235,1.5341738553919955,1.3306583114409947,1.4005273683228676,0.29579903359932036
1948,USO,DNN,2023-05-01,2025-05-01,49,0.2333037344844933,0.259500474310793,0.24955914209526564,0.25114529042270367,0.27428261316687413
1949,USO,DNN,2023-05-01,2025-05-01,50,0.32118199298676536,0.4142844917214377,0.38189638796246367,0.41086882981418005,0.23018150464093243
1950,USO,DNN,2024-01-01,2026-01-01,1,3.375531209368145,2.3060593924937547,2.6243626640605124,2.2627742918790745,0.24462993183073142
1951,USO,DNN,2024-01-01,2026-01-01,2,0.8791653401422225,0.6352915775147123,0.5952207792738536,0.5836252741872645,0.38196725642138646
1952,USO,DNN,2024-01-01,2026-01-01,3,1.0406200739646583,0.8760730244874575,0.8613556661627358,0.8150721044507582,0.38246984131904466
1953,USO,DNN,2024-01-01,2026-01-01,4,0.8191682717911623,0.4383910528182826,0.4404448588512924,0.3462725371697203,0.34377122370691143
1954,USO,DNN,2024-01-01,2026-01-01,5,0.7885879579514196,0.6468059598691382,0.5250816966620907,0.5112187372571009,0.296650834913201
1955,USO,DNN,2024-01-01,2026-01-01,6,1.0779207234004653,0.8242346176619405,0.8772787610566479,0.7213433988286175,0.23475985800244845
1956,USO,DNN,2024-01-01,2026-01-01,7,5.4158233737133195,4.049329721878311,4.424391596219757,3.6504257753786558,0.30935355179819324
1957,USO,DNN,2024-01-01,2026-01-01,8,0.5792544623695479,0.39352355353333146,0.3722479340197092,0.30990777075039344,0.2726599447894098
1958,USO,DNN,2024-01-01,2026-01-01,9,1.1898131534752232,1.032052342204005,1.0172182763454756,0.821076207146358,0.277817073770947
1959,USO,DNN,2024-01-01,2026-01-01,10,0.8212958031215691,0.5211762945330811,0.456861242849287,0.45653364804089336,0.23540459341043604
1960,USO,DNN,2024-01-01,2026-01-01,11,0.7428094143210369,0.507982621039166,0.640155718801351,0.5182743702036983,0.5739760594291113
1961,USO,DNN,2024-01-01,2026-01-01,12,1.742792267878578,1.1779802222846902,1.1899971145592692,1.1893553000309294,0.2560657127946288
1962,USO,DNN,2024-01-01,2026-01-01,13,1.7478948276321002,1.2933320663448957,1.4385080089130513,1.182857462792543,0.25241294478639253
1963,USO,DNN,2024-01-01,2026-01-01,14,2.1847043147647565,1.4632497571787253,1.6288549601380546,1.4572225937292616,0.26107288096400005
1964,USO,DNN,2024-01-01,2026-01-01,15,0.8657690864484863,0.6500572901957996,0.6708194701957934,0.5717342553524587,0.24770636275680172
1965,USO,DNN,2024-01-01,2026-01-01,16,0.6753309607227502,0.49977537836880576,0.42248604506345194,0.34135406064244994,0.2658955786846163
1966,USO,DNN,2024-01-01,2026-01-01,17,0.7496645087683204,0.5243606306155172,0.319912918747975,0.3298322111095165,0.32330317806707914
1967,USO,DNN,2024-01-01,2026-01-01,18,0.5181752315474873,0.33311766837256834,0.3970383012605224,0.33408493143325035,0.3939573087087682
1968,USO,DNN,2024-01-01,2026-01-01,19,7.7659375715557655,5.739276260608187,6.813813714471822,5.467525807468465,0.24017486032344518
1969,USO,DNN,2024-01-01,2026-01-01,20,0.6398728409671913,0.45965253019153396,0.37343877217127236,0.26274285577528794,0.33598195865984
1970,USO,DNN,2024-01-01,2026-01-01,21,0.8369502220718329,0.5719637475613414,0.437660096926223,0.4354566252660166,0.304736435837252
1971,USO,DNN,2024-01-01,2026-01-01,22,0.6311521042416363,0.47376283079408404,0.36776625273841995,0.29617538564629836,0.28748019320426327
1972,USO,DNN,2024-01-01,2026-01-01,23,0.8909365308770723,0.6754361486691005,0.6873837250644732,0.6915142828247215,0.25012981503873744
1973,USO,DNN,2024-01-01,2026-01-01,24,0.8698427305176631,0.692707956468628,0.6868149153592742,0.5982357845239152,0.30428342346830456
1974,USO,DNN,2024-01-01,2026-01-01,25,1.8707817392568205,1.4175226671914336,1.3461103742091356,1.2713521171604845,0.23328333078254698
1975,USO,DNN,2024-01-01,2026-01-01,26,0.6746323945430767,0.39269404025719734,0.21552337450315162,0.27387279437183915,0.3874605270207186
1976,USO,DNN,2024-01-01,2026-01-01,27,3.3691777257173365,2.7090695033427794,3.023779861620619,2.5738710665477216,0.2500973793564982
1977,USO,DNN,2024-01-01,2026-01-01,28,2.7431014709357147,2.179733188685156,2.4931880370110986,1.9065018424531714,0.36074271925800483
1978,USO,DNN,2024-01-01,2026-01-01,29,2.2654450550189305,1.6072673157083692,1.8051744779139909,1.6140465272826072,0.24751674293206297
1979,USO,DNN,2024-01-01,2026-01-01,30,1.2785082939236114,1.0475506601672255,0.9808284266061699,0.9068051180903742,0.2392270063740227
1980,USO,DNN,2024-01-01,2026-01-01,31,2.1339160947617173,1.6643753410963615,1.7638269610112711,1.561009068283535,0.27521177520104795
1981,USO,DNN,2024-01-01,2026-01-01,32,1.3799400476048465,1.0458375769681445,1.0330558831306238,0.8554377029090532,0.2542302710754168
1982,USO,DNN,2024-01-01,2026-01-01,33,3.6608042423076514,2.9594357103443207,3.1516483665670396,2.6451845285148443,0.35466031434934175
1983,USO,DNN,2024-01-01,2026-01-01,34,1.6071662459439509,1.2216182155300936,1.292917393611081,1.1029604291183581,0.22020433176788448
1984,USO,DNN,2024-01-01,2026-01-01,35,1.3291203937800884,1.0008389330208247,0.7453820409846436,0.7995683940723799,0.32310079274585946
1985,USO,DNN,2024-01-01,2026-01-01,36,0.5218997538616788,0.3715915823003316,0.27315416602642595,0.23140596042433093,0.2823541236791383
1986,USO,DNN,2024-01-01,2026-01-01,37,5.569289193599119,4.46333858304592,4.909228952138772,4.114461414386486,0.2620532018630737
1987,USO,DNN,2024-01-01,2026-01-01,38,0.95095516315232,0.6555976521975533,0.7596929186223627,0.5002572437347964,0.39285042101072426
1988,USO,DNN,2024-01-01,2026-01-01,39,0.6470481259643368,0.42575482307402523,0.32207649044388786,0.31558212042093076,0.243910658741017
1989,USO,DNN,2024-01-01,2026-01-01,40,1.6283938563207694,1.2414073056864094,1.2007599939834048,1.1409557802883052,0.24580711030210722
1990,USO,DNN,2024-01-01,2026-01-01,41,1.5171038283694418,1.263034053699462,1.3286156651685708,1.143408045970879,0.27065323285280957
1991,USO,DNN,2024-01-01,2026-01-01,42,1.640497343615275,1.2842221944455687,1.2791789441036814,1.1049603984500735,0.24904733663910694
1992,USO,DNN,2024-01-01,2026-01-01,43,0.4330977490150249,0.32127799467322143,0.36338442691746464,0.29645736283256174,0.29644969978997315
1993,USO,DNN,2024-01-01,2026-01-01,44,0.71856029130183,0.4861986157733664,0.36442936012989724,0.46010089490768136,0.31047130482798746
1994,USO,DNN,2024-01-01,2026-01-01,45,0.6525938937088441,0.4576659834818719,0.313615747833551,0.3268794808766325,0.2674969707500644
1995,USO,DNN,2024-01-01,2026-01-01,46,0.5823307247947322,0.4375142359052677,0.4805939408948725,0.43989345048785067,0.3582112525025293
1996,USO,DNN,2024-01-01,2026-01-01,47,0.8547005351251948,0.7705670809703662,0.7988950969366513,0.6299224031461834,0.26743755769529926
1997,USO,DNN,2024-01-01,2026-01-01,48,1.4427710591851135,1.1548207548880254,1.1876282718186715,1.1266370955531333,0.24069468123885263
1998,USO,DNN,2024-01-01,2026-01-01,49,0.6337847118473694,0.460872261439853,0.38346918827396803,0.3741283562427608,0.3741831037850622
1999,USO,DNN,2024-01-01,2026-01-01,50,1.7359817313198023,1.4887870573781685,1.7596479009901527,1.400659174475127,0.461022466348246
