,Stock,Type,Start Date,End Date,Seed,Open,High,Low,Close,Volume
0,^GSPTSE,DNN,2022-01-01,2024-01-01,1,0.1232837550129264,0.149997299105255,0.1309015072278799,0.1645691985576948,0.1730456672077219
1,^GSPTSE,DNN,2022-01-01,2024-01-01,2,0.2862415382125986,0.2772307630865335,0.2887326882635871,0.3184032452754837,0.1820189406151618
2,^GSPTSE,DNN,2022-01-01,2024-01-01,3,0.1921522253059125,0.2230223993227054,0.1939336250612024,0.2473490970883805,0.175393306501663
3,^GSPTSE,DNN,2022-01-01,2024-01-01,4,0.1637010267718255,0.1588792427150376,0.1486703768455641,0.18054095679939,0.1739958009602055
4,^GSPTSE,DNN,2022-01-01,2024-01-01,5,0.1776831632912204,0.1953537055459686,0.1992079894434482,0.2382213387677821,0.1734771541090894
5,^GSPTSE,DNN,2022-01-01,2024-01-01,6,0.129610184634555,0.1630133674837051,0.1981492283161631,0.2225144990481247,0.1766479114040937
6,^GSPTSE,DNN,2022-01-01,2024-01-01,7,0.187998456309375,0.2136552580407665,0.1735068302814959,0.3244654687003507,0.1799147599130159
7,^GSPTSE,DNN,2022-01-01,2024-01-01,8,0.1888607724791739,0.2012887695891411,0.15283183161703,0.2072101447338511,0.1831597517773234
8,^GSPTSE,DNN,2022-01-01,2024-01-01,9,0.2031186205524372,0.2376546594211872,0.1667605950749008,0.2341322108142089,0.1732154225747343
9,^GSPTSE,DNN,2022-01-01,2024-01-01,10,0.2261118498697414,0.2461270672849025,0.2773885463115494,0.3275752295963526,0.1774798780528794
10,^GSPTSE,DNN,2022-01-01,2024-01-01,11,0.1880972217232902,0.2171983450034428,0.1741876500188696,0.196483027072584,0.1667194308672855
11,^GSPTSE,DNN,2022-01-01,2024-01-01,12,0.1449509123932211,0.2587767632137574,0.2104242542628699,0.1921081976322716,0.1793187027857194
12,^GSPTSE,DNN,2022-01-01,2024-01-01,13,0.1885668240056141,0.1607354742977409,0.167789762530836,0.2147862586522117,0.1874570610262352
13,^GSPTSE,DNN,2022-01-01,2024-01-01,14,0.1693085988604598,0.194306513309403,0.1601123782207656,0.1932747360651363,0.1751870999986302
14,^GSPTSE,DNN,2022-01-01,2024-01-01,15,0.1340106867715262,0.1665347749553635,0.156366967100966,0.1927913268807593,0.1718670192199256
15,^GSPTSE,DNN,2022-01-01,2024-01-01,16,0.1436647972762686,0.1626700154984187,0.1466074838134002,0.1860467184758961,0.1784700229306378
16,^GSPTSE,DNN,2022-01-01,2024-01-01,17,0.1377171203876356,0.142023984402055,0.130856117173593,0.1653624619259631,0.1744403211899392
17,^GSPTSE,DNN,2022-01-01,2024-01-01,18,0.1339647637731637,0.1492270489704866,0.1525109598809353,0.1801329622947056,0.17403977367723
18,^GSPTSE,DNN,2022-01-01,2024-01-01,19,0.1339179802347358,0.1303584370930286,0.1647885909736874,0.1726118966133712,0.1755075152431277
19,^GSPTSE,DNN,2022-01-01,2024-01-01,20,0.1417567628994569,0.1615647799518933,0.1436328977959584,0.1771763975295189,0.1833981591827896
20,^GSPTSE,DNN,2022-01-01,2024-01-01,21,0.1117186476640104,0.1553443044754354,0.1317444433912636,0.1920408826913195,0.1812154494736137
21,^GSPTSE,DNN,2022-01-01,2024-01-01,22,0.2271996123586604,0.2103405595857125,0.1833432362838762,0.2192502652330873,0.1792016659480797
22,^GSPTSE,DNN,2022-01-01,2024-01-01,23,0.1478401598522137,0.1716835972812909,0.1553228260180494,0.1989496616549691,0.174721700999219
23,^GSPTSE,DNN,2022-01-01,2024-01-01,24,0.193858798219979,0.1589934345513742,0.1607339574133972,0.1767075801218363,0.1694909785732726
24,^GSPTSE,DNN,2022-01-01,2024-01-01,25,0.1328021770940602,0.2030027127812773,0.1524308447941146,0.2076068677102359,0.1819568919412704
25,^GSPTSE,DNN,2022-01-01,2024-01-01,26,0.1425982690341312,0.1764169427176768,0.1410737941608192,0.1762479218045382,0.1777474805983275
26,^GSPTSE,DNN,2022-01-01,2024-01-01,27,0.1446692207839016,0.1623675775907374,0.1894733564689635,0.2279209576978979,0.1818824324410578
27,^GSPTSE,DNN,2022-01-01,2024-01-01,28,0.163690017381906,0.2097049068329095,0.1478492235585952,0.1895479589637297,0.1801237380051934
28,^GSPTSE,DNN,2022-01-01,2024-01-01,29,0.1678933265409632,0.1846250662283995,0.1789954512520776,0.2402844149203655,0.171133880075549
29,^GSPTSE,DNN,2022-01-01,2024-01-01,30,0.2029004527190476,0.2092119762102832,0.2079356479268234,0.2430617319552649,0.1748302630205433
30,^GSPTSE,DNN,2022-01-01,2024-01-01,31,0.1702883608320942,0.2107150929885465,0.2019439261258464,0.2268844401024498,0.1811906999372526
31,^GSPTSE,DNN,2022-01-01,2024-01-01,32,0.1479386315279313,0.1835342396167313,0.1615018778795285,0.1806728546118034,0.171273198016641
32,^GSPTSE,DNN,2022-01-01,2024-01-01,33,0.2441111519540759,0.2776399455056061,0.2054860483383825,0.2890286025948823,0.1765211246703574
33,^GSPTSE,DNN,2022-01-01,2024-01-01,34,0.1534370129086834,0.1837838078234179,0.1397285967014738,0.2043632367775277,0.1840576859219294
34,^GSPTSE,DNN,2022-01-01,2024-01-01,35,0.1739786116510086,0.1686727727791533,0.1773653591176167,0.2366056092626342,0.1768415065277091
35,^GSPTSE,DNN,2022-01-01,2024-01-01,36,0.1337614958500886,0.1656635641630164,0.1336560462939655,0.1600572441854015,0.174876062767242
36,^GSPTSE,DNN,2022-01-01,2024-01-01,37,0.1668031867309673,0.1806916629748697,0.2078318251308177,0.1815754418834628,0.1892339741174302
37,^GSPTSE,DNN,2022-01-01,2024-01-01,38,0.1899881297881555,0.2939523485251482,0.3483752606278821,0.2802524804442707,0.1887332627551884
38,^GSPTSE,DNN,2022-01-01,2024-01-01,39,0.1973334408290249,0.210337209012769,0.1728026564229549,0.2190027128779683,0.1749762698242511
39,^GSPTSE,DNN,2022-01-01,2024-01-01,40,0.1966892675417905,0.2092088040965198,0.2007114124978297,0.1777945380576223,0.1756421886610164
40,^GSPTSE,DNN,2022-01-01,2024-01-01,41,0.1934254039563656,0.1494039300093808,0.1404869262595815,0.1849198578040735,0.1707951287253757
41,^GSPTSE,DNN,2022-01-01,2024-01-01,42,0.1182365165816899,0.1507394629599137,0.1427267291340023,0.1952974770990714,0.172942638576477
42,^GSPTSE,DNN,2022-01-01,2024-01-01,43,0.1683447022437227,0.1634982495778159,0.1852866477344625,0.1955818187383342,0.1768830455403758
43,^GSPTSE,DNN,2022-01-01,2024-01-01,44,0.1474248033577214,0.1415326082042743,0.1889938433243981,0.212794088430522,0.1730378261252576
44,^GSPTSE,DNN,2022-01-01,2024-01-01,45,0.2074706508006797,0.1991337726633989,0.1493529231196939,0.2028075339609371,0.1781766340437249
45,^GSPTSE,DNN,2022-01-01,2024-01-01,46,0.1924700758019125,0.3136825383714883,0.17548985573992,0.2793732576971844,0.1995275035902761
46,^GSPTSE,DNN,2022-01-01,2024-01-01,47,0.1506326327121275,0.1541328755655024,0.1410125732969284,0.1619195851773073,0.1770786169103414
47,^GSPTSE,DNN,2022-01-01,2024-01-01,48,0.1227889353435548,0.1424323107178388,0.1416648734045562,0.1563355159133229,0.1820976472871019
48,^GSPTSE,DNN,2022-01-01,2024-01-01,49,0.1588872440119263,0.184456324937888,0.1550002565029439,0.1749754304592271,0.1734489358474145
49,^GSPTSE,DNN,2022-01-01,2024-01-01,50,0.1816447238015993,0.1623289516989325,0.2244687177294032,0.1975388966424401,0.174166859035074
50,^GSPTSE,DNN,2022-09-01,2024-09-01,1,0.2994089860811186,0.2999241548788416,0.2196661647115518,0.248562240563343,0.2628815336538879
51,^GSPTSE,DNN,2022-09-01,2024-09-01,2,0.1995451394852302,0.2311345444824876,0.2384785558625674,0.1996424168493298,0.2614679638529323
52,^GSPTSE,DNN,2022-09-01,2024-09-01,3,0.284728872025922,0.2842494778857908,0.263325648600267,0.3274357496031624,0.2523997057463616
53,^GSPTSE,DNN,2022-09-01,2024-09-01,4,0.1704233584359249,0.2061593608025509,0.2131683580407333,0.1993753667796246,0.2509990224888702
54,^GSPTSE,DNN,2022-09-01,2024-09-01,5,0.2411269247663199,0.2491574325139589,0.2367070789198084,0.2624604807650689,0.2549828628867354
55,^GSPTSE,DNN,2022-09-01,2024-09-01,6,0.2242825783956663,0.2349044840826432,0.1730081858667243,0.2492549011048839,0.2694768747947518
56,^GSPTSE,DNN,2022-09-01,2024-09-01,7,0.2048010410073741,0.2163486338945185,0.1981018709973409,0.2377280101950258,0.2644957241491575
57,^GSPTSE,DNN,2022-09-01,2024-09-01,8,0.3156170029640938,0.3609272853105516,0.2914706737148013,0.2654581296654115,0.2698081793687632
58,^GSPTSE,DNN,2022-09-01,2024-09-01,9,0.1945711962069935,0.2881129511942009,0.2228562564166865,0.2572651192018975,0.2755069374718663
59,^GSPTSE,DNN,2022-09-01,2024-09-01,10,0.3486164676344987,0.3666044269658647,0.359684748853819,0.3818442657430992,0.271840908083943
60,^GSPTSE,DNN,2022-09-01,2024-09-01,11,0.2539134265438757,0.2432321102536087,0.2574302392787539,0.2595941660864031,0.2888510254115202
61,^GSPTSE,DNN,2022-09-01,2024-09-01,12,0.1574963329364387,0.2258509842239533,0.2408604742949736,0.2530326080954981,0.2600295839982661
62,^GSPTSE,DNN,2022-09-01,2024-09-01,13,0.209712427520799,0.2159016148827054,0.2814246143401627,0.294727266048725,0.2687659521902454
63,^GSPTSE,DNN,2022-09-01,2024-09-01,14,0.2503498198731027,0.2274089690288717,0.1770357235500663,0.1962197657627801,0.2593592961442013
64,^GSPTSE,DNN,2022-09-01,2024-09-01,15,0.2895203040209353,0.2797727383796318,0.2651662575604814,0.3063497185655524,0.2535031687728183
65,^GSPTSE,DNN,2022-09-01,2024-09-01,16,0.3965614909837648,0.3552978583191301,0.2777952512073228,0.5043152613930693,0.2686253526507043
66,^GSPTSE,DNN,2022-09-01,2024-09-01,17,0.1714315139548641,0.2279254423067278,0.170884833999221,0.2294764558058501,0.2626274328447154
67,^GSPTSE,DNN,2022-09-01,2024-09-01,18,0.2804238457916059,0.2515454851715672,0.192489086447774,0.3267900388624406,0.2722226779403
68,^GSPTSE,DNN,2022-09-01,2024-09-01,19,0.1748998333536579,0.2524540129225715,0.170345241221577,0.205987809711101,0.2735757026346543
69,^GSPTSE,DNN,2022-09-01,2024-09-01,20,0.2560179086567322,0.2970133311565643,0.2371567672874888,0.2687357633430481,0.2696258145859738
70,^GSPTSE,DNN,2022-09-01,2024-09-01,21,0.199859043164223,0.2224613262099211,0.2149645666803266,0.2312758483932518,0.2612070227182165
71,^GSPTSE,DNN,2022-09-01,2024-09-01,22,0.4390805600019579,0.435185274952993,0.2976367692705054,0.3090000553131042,0.2660030812240888
72,^GSPTSE,DNN,2022-09-01,2024-09-01,23,0.4305240159073214,0.4124798523020135,0.6679643336083002,0.6269376091824539,0.257342594100663
73,^GSPTSE,DNN,2022-09-01,2024-09-01,24,0.2009427330086454,0.2801524462632931,0.2071922720152391,0.2171490450978049,0.2587234779311916
74,^GSPTSE,DNN,2022-09-01,2024-09-01,25,0.1529420832041717,0.1661773961689875,0.1990897657942074,0.1758534363215076,0.2588591750117538
75,^GSPTSE,DNN,2022-09-01,2024-09-01,26,0.452333847946534,0.3350382446070817,0.3047764258216477,0.3410612044734499,0.2700520034385361
76,^GSPTSE,DNN,2022-09-01,2024-09-01,27,0.1999652281434026,0.2390069553697178,0.2166879651029385,0.2488361094103604,0.2722543509362527
77,^GSPTSE,DNN,2022-09-01,2024-09-01,28,0.4141894109504889,0.332927716673001,0.3565995439087724,0.5044767895832805,0.266864711653265
78,^GSPTSE,DNN,2022-09-01,2024-09-01,29,1.193284265309079,0.8711482837462697,0.7790955970030072,0.586303242346642,0.3711389345077216
79,^GSPTSE,DNN,2022-09-01,2024-09-01,30,0.1571291885001835,0.2398411002214125,0.1947010435023143,0.2529840447323796,0.2851796352992485
80,^GSPTSE,DNN,2022-09-01,2024-09-01,31,0.2432343907961706,0.2481786428311243,0.2319178962761092,0.2783170723734551,0.2629770217583368
81,^GSPTSE,DNN,2022-09-01,2024-09-01,32,0.2099612720021564,0.1963048473534789,0.2126079351945891,0.215494448658862,0.2524769221413114
82,^GSPTSE,DNN,2022-09-01,2024-09-01,33,0.3250829107476387,0.3140405102216879,0.2634100193700088,0.324735216475681,0.2503866286982841
83,^GSPTSE,DNN,2022-09-01,2024-09-01,34,0.1639018041106366,0.176236080906028,0.2267040900673909,0.2440745655240136,0.2679425373028531
84,^GSPTSE,DNN,2022-09-01,2024-09-01,35,0.2296863214322339,0.2080013577088379,0.229234198446609,0.2836186515000906,0.2571046594768838
85,^GSPTSE,DNN,2022-09-01,2024-09-01,36,0.1740415913544481,0.228201958483948,0.2259296552348033,0.2177674421742784,0.2607763793985352
86,^GSPTSE,DNN,2022-09-01,2024-09-01,37,0.2975680624404831,0.3402256623707084,0.4896961292058527,0.4769161048848184,0.284528796212509
87,^GSPTSE,DNN,2022-09-01,2024-09-01,38,0.184511013040626,0.3554970551430925,0.201991662595407,0.228938622959032,0.2614757063359242
88,^GSPTSE,DNN,2022-09-01,2024-09-01,39,0.2390916847031795,0.2529566786262813,0.2262625955140584,0.2304143430222859,0.3043339651354028
89,^GSPTSE,DNN,2022-09-01,2024-09-01,40,0.4563716286173755,0.3942471370551754,0.3775337863151066,0.5177388218286354,0.2971178984596316
90,^GSPTSE,DNN,2022-09-01,2024-09-01,41,0.2342299779588231,0.2543762702340864,0.2324163527127146,0.2260897857993206,0.2615400292608261
91,^GSPTSE,DNN,2022-09-01,2024-09-01,42,0.2452637411731589,0.3056769536096157,0.2752187627947521,0.3092221951789929,0.2704079690875037
92,^GSPTSE,DNN,2022-09-01,2024-09-01,43,0.2142283752789086,0.2223476754702116,0.2135065979796771,0.2259398604799758,0.2645709801231655
93,^GSPTSE,DNN,2022-09-01,2024-09-01,44,0.1842367453664425,0.1920035235155524,0.178577872426282,0.2283818078515186,0.2712667398185406
94,^GSPTSE,DNN,2022-09-01,2024-09-01,45,0.2330321426956924,0.2239157920771554,0.1965149165379069,0.2789105913845213,0.2908500919215111
95,^GSPTSE,DNN,2022-09-01,2024-09-01,46,0.5871087441794994,0.421060138979255,0.379145902030342,0.3867630999063765,0.2697985807922898
96,^GSPTSE,DNN,2022-09-01,2024-09-01,47,0.1733430135618294,0.173099517637095,0.1912454417251079,0.2020026192799114,0.2601913539969135
97,^GSPTSE,DNN,2022-09-01,2024-09-01,48,0.2540936376204806,0.2596448460386116,0.2085333371523142,0.2753554438360703,0.2763877929644613
98,^GSPTSE,DNN,2022-09-01,2024-09-01,49,0.2683843367047042,0.2428858861425553,0.2670455984576021,0.2373210326981688,0.2639750243156445
99,^GSPTSE,DNN,2022-09-01,2024-09-01,50,0.1483017968859972,0.1885218299238278,0.3298663865723842,0.2859671626963468,0.2711578387501831
100,^GSPTSE,DNN,2023-05-01,2025-05-01,1,0.211435058473327,0.2507148065910363,0.2422252469828973,0.2439464033794832,0.2866505513984223
101,^GSPTSE,DNN,2023-05-01,2025-05-01,2,0.221776229896711,0.2780748538268974,0.2866138060209681,0.2802908999361805,0.2962857217461042
102,^GSPTSE,DNN,2023-05-01,2025-05-01,3,0.2120843484157749,0.2372392697564213,0.2376227519473858,0.2437099975421812,0.2906755158249726
103,^GSPTSE,DNN,2023-05-01,2025-05-01,4,0.1967297425335681,0.2843016607702314,0.2442216632002866,0.2559950646288703,0.2809837478473234
104,^GSPTSE,DNN,2023-05-01,2025-05-01,5,0.1813447084203907,0.2076810127944064,0.2304534683065484,0.2361622251660841,0.2911127309710106
105,^GSPTSE,DNN,2023-05-01,2025-05-01,6,0.2448919804866643,0.3138131921272237,0.2679626502493147,0.2850994038547034,0.2999166676107639
106,^GSPTSE,DNN,2023-05-01,2025-05-01,7,0.1801308330690731,0.2020931195787459,0.2297049104630515,0.2194236684010999,0.2946533763066726
107,^GSPTSE,DNN,2023-05-01,2025-05-01,8,0.5427367765928982,0.4294758704345043,0.6460404255110115,0.2980436388717875,0.3259323213867917
108,^GSPTSE,DNN,2023-05-01,2025-05-01,9,0.2700741359825833,0.3753132449782483,0.3563454986387864,0.3533998282361014,0.3076112252469609
109,^GSPTSE,DNN,2023-05-01,2025-05-01,10,0.1934823465202118,0.2607500277003493,0.2588733818477485,0.2437892076071098,0.3082802178151334
110,^GSPTSE,DNN,2023-05-01,2025-05-01,11,0.2553689788152574,0.2727812325888794,0.2934703402583418,0.2639538262725949,0.2783113690588147
111,^GSPTSE,DNN,2023-05-01,2025-05-01,12,0.295600112997773,0.3237579390554708,0.2701433380688424,0.3105121361721212,0.2948656316138414
112,^GSPTSE,DNN,2023-05-01,2025-05-01,13,0.2440876935337958,0.2995400099816035,0.261367195009294,0.2921141903162366,0.3129231115469805
113,^GSPTSE,DNN,2023-05-01,2025-05-01,14,0.2095085213913567,0.2665824961724531,0.266008881172005,0.2582275591783997,0.293745776033009
114,^GSPTSE,DNN,2023-05-01,2025-05-01,15,0.1614951543783762,0.2513279743078359,0.2560093593189034,0.2726395637799003,0.2874234085983312
115,^GSPTSE,DNN,2023-05-01,2025-05-01,16,0.2999731345801314,0.3476838789432033,0.3029330719915016,0.3275311112278552,0.2839677831941726
116,^GSPTSE,DNN,2023-05-01,2025-05-01,17,0.203053730100186,0.2970227095634589,0.2570535670105857,0.2516956489326017,0.300597906238809
117,^GSPTSE,DNN,2023-05-01,2025-05-01,18,0.1964612148171131,0.2263826628922666,0.2426887164178872,0.2184690218328993,0.2974256974232032
118,^GSPTSE,DNN,2023-05-01,2025-05-01,19,0.1799980940329161,0.254282036247271,0.23292471225232,0.2411321157643385,0.2961064144320641
119,^GSPTSE,DNN,2023-05-01,2025-05-01,20,0.1811718861241087,0.2354102478648737,0.2484688990697648,0.2520039481727503,0.2983805158927913
120,^GSPTSE,DNN,2023-05-01,2025-05-01,21,0.2343690536855942,0.26910143486569,0.2727375730683272,0.2738603594208227,0.3002636967915253
121,^GSPTSE,DNN,2023-05-01,2025-05-01,22,0.3152068924338103,0.3720488968150055,0.3088680833197951,0.3951601473520512,0.2963172036674373
122,^GSPTSE,DNN,2023-05-01,2025-05-01,23,0.2116733298867787,0.2359665397117369,0.2199879821510986,0.2457521193760989,0.2932708711389099
123,^GSPTSE,DNN,2023-05-01,2025-05-01,24,0.243433978372717,0.2673338210140041,0.2865955286692346,0.2540288591206929,0.2897789011949844
124,^GSPTSE,DNN,2023-05-01,2025-05-01,25,0.1723270977781311,0.2400319107734534,0.2583860894837493,0.2315210552707796,0.2999792361509878
125,^GSPTSE,DNN,2023-05-01,2025-05-01,26,0.2259287731572839,0.2316216938770182,0.257156404138512,0.215005299814545,0.3052943150992321
126,^GSPTSE,DNN,2023-05-01,2025-05-01,27,0.2539759616130562,0.2854821369068447,0.2725913177539383,0.2763568309927037,0.2972428328287497
127,^GSPTSE,DNN,2023-05-01,2025-05-01,28,0.4066088553883876,0.4491468617865097,0.3828997020360721,0.3344102474268635,0.2896598711172327
128,^GSPTSE,DNN,2023-05-01,2025-05-01,29,0.1914058269349547,0.2112502760314647,0.2505987665284441,0.2014500825857011,0.3021090476644119
129,^GSPTSE,DNN,2023-05-01,2025-05-01,30,0.2136586172417907,0.286273165175425,0.2554454725004134,0.2830437363229017,0.3003668768028936
130,^GSPTSE,DNN,2023-05-01,2025-05-01,31,0.2001612893700992,0.2374828130280132,0.2618002205659402,0.2237050078654642,0.2890260817858226
131,^GSPTSE,DNN,2023-05-01,2025-05-01,32,0.4377524214416159,0.3981688498120649,0.312098512559642,0.3702205778632136,0.2812693364741968
132,^GSPTSE,DNN,2023-05-01,2025-05-01,33,0.1741670823609574,0.2381319929044231,0.2299390162683178,0.2290367616072257,0.290065110189846
133,^GSPTSE,DNN,2023-05-01,2025-05-01,34,0.1807145170887741,0.2881062397960053,0.2586430462081117,0.2483473504288552,0.2952361779082511
134,^GSPTSE,DNN,2023-05-01,2025-05-01,35,0.2296397666761691,0.3703689573300733,0.2452875529911725,0.4637822246193129,0.2872123243915015
135,^GSPTSE,DNN,2023-05-01,2025-05-01,36,0.3199991572844212,0.5640938894705483,0.3551725436965569,0.4335168806738885,0.2917065766302164
136,^GSPTSE,DNN,2023-05-01,2025-05-01,37,0.2104038335421323,0.2837415483772696,0.2421291557037296,0.2650772623896936,0.2935736963042564
137,^GSPTSE,DNN,2023-05-01,2025-05-01,38,0.1965640219092012,0.2511448786492508,0.2595074386579469,0.2681880291242867,0.2989251168676052
138,^GSPTSE,DNN,2023-05-01,2025-05-01,39,0.225985183893033,0.3096314319400894,0.2873457294210267,0.2872897103309813,0.2875440677485515
139,^GSPTSE,DNN,2023-05-01,2025-05-01,40,0.2863426106119213,0.3384384335678467,0.2702715159127089,0.3250640039176846,0.2834915808126583
140,^GSPTSE,DNN,2023-05-01,2025-05-01,41,0.2213916946601256,0.2858284809771376,0.2755352805093118,0.2480033588859251,0.2910268317370243
141,^GSPTSE,DNN,2023-05-01,2025-05-01,42,0.191787996290764,0.2046295439049848,0.2426207575988856,0.2547415772354029,0.3075654987447237
142,^GSPTSE,DNN,2023-05-01,2025-05-01,43,0.157351768413547,0.3022520381309758,0.2236000298594049,0.2236719662855636,0.2952407026041127
143,^GSPTSE,DNN,2023-05-01,2025-05-01,44,0.1771120516130661,0.3781122181213299,0.2151290298812545,0.3012629089802334,0.3114620512046024
144,^GSPTSE,DNN,2023-05-01,2025-05-01,45,0.2518021710952302,0.3047643995019831,0.3385794440012815,0.3134177252662184,0.2984877891358181
145,^GSPTSE,DNN,2023-05-01,2025-05-01,46,0.2180177094062538,0.3404525084946236,0.3339904271476772,0.2906094647206061,0.31548373075811
146,^GSPTSE,DNN,2023-05-01,2025-05-01,47,0.2210981845000496,0.1936886352133102,0.2303989818517209,0.1956354742683442,0.3011962594659361
147,^GSPTSE,DNN,2023-05-01,2025-05-01,48,0.1734293653018662,0.3084746363921655,0.2368899904198695,0.2559653788278127,0.3036796394392593
148,^GSPTSE,DNN,2023-05-01,2025-05-01,49,0.2361543767157318,0.2954116604131498,0.2803774088811611,0.2678754234066192,0.2799850519401005
149,^GSPTSE,DNN,2023-05-01,2025-05-01,50,0.2002560400857915,0.298677159890431,0.2648652591306571,0.2550687508264424,0.2922186538420578
150,^GSPTSE,DNN,2024-01-01,2026-01-01,1,0.173348152471604,0.24357522199622,0.1733472827307805,0.1614594060917133,0.1707567414723875
151,^GSPTSE,DNN,2024-01-01,2026-01-01,2,0.2594450020357121,0.2611256231122076,0.2970759518328225,0.3303190804735032,0.1662730966579091
152,^GSPTSE,DNN,2024-01-01,2026-01-01,3,0.1740414006157782,0.1958417541691373,0.205077442187638,0.1765056205914044,0.1824828718893729
153,^GSPTSE,DNN,2024-01-01,2026-01-01,4,0.1444605095753971,0.1622502766380731,0.1584673297267217,0.2322065472357991,0.1653165201541611
154,^GSPTSE,DNN,2024-01-01,2026-01-01,5,0.4558036644631377,0.4599233145027453,0.4053291080423356,0.3312638156603277,0.1706105899770268
155,^GSPTSE,DNN,2024-01-01,2026-01-01,6,0.1454229685806257,0.1710963337066724,0.1319281470910737,0.1646635491948269,0.1681998517674559
156,^GSPTSE,DNN,2024-01-01,2026-01-01,7,0.2529382591571523,0.2011849411664723,0.446687658969793,0.4421133263913637,0.1688251776217086
157,^GSPTSE,DNN,2024-01-01,2026-01-01,8,0.1551201005125895,0.1520089315726139,0.1399894468524347,0.1750432607819683,0.167460807491319
158,^GSPTSE,DNN,2024-01-01,2026-01-01,9,0.2210741692701872,0.2387039281123898,0.185337552123856,0.2306342156221653,0.165954423636795
159,^GSPTSE,DNN,2024-01-01,2026-01-01,10,0.1505592170671929,0.1964231367982015,0.2096204442549323,0.1417767886500381,0.1667429276859069
160,^GSPTSE,DNN,2024-01-01,2026-01-01,11,0.1627324225947092,0.1840357869820384,0.1603322512823744,0.1611521528653314,0.1810107887936033
161,^GSPTSE,DNN,2024-01-01,2026-01-01,12,0.3665458672911056,0.2717040822469815,0.3905536222898132,0.2111453098174626,0.1683249800298293
162,^GSPTSE,DNN,2024-01-01,2026-01-01,13,0.3560077620030614,0.2829544822425144,0.2995947141938531,0.2906687953171045,0.1697983454345756
163,^GSPTSE,DNN,2024-01-01,2026-01-01,14,0.5613964691221274,0.5396419264580952,0.4398018904191531,0.267420306144098,0.179752701784957
164,^GSPTSE,DNN,2024-01-01,2026-01-01,15,0.1705376825785138,0.15804558932828,0.134001927558318,0.1526448164552525,0.1643818184429223
165,^GSPTSE,DNN,2024-01-01,2026-01-01,16,0.1562916337233522,0.155824541532957,0.1384951774986498,0.195143633301846,0.1834391193848101
166,^GSPTSE,DNN,2024-01-01,2026-01-01,17,0.3534604150811423,0.2502437115255277,0.1339084831852164,0.1327954579849112,0.188311855411283
167,^GSPTSE,DNN,2024-01-01,2026-01-01,18,0.1401238488981196,0.1864353840711671,0.149652014505848,0.2293106651403189,0.1908295330205443
168,^GSPTSE,DNN,2024-01-01,2026-01-01,19,0.16011554528883,0.2507276688480437,0.2226814877780019,0.1809719624715783,0.1671977060550724
169,^GSPTSE,DNN,2024-01-01,2026-01-01,20,0.2967484764185262,0.2399958486917549,0.3019886767625614,0.3011635245670344,0.1714548741657472
170,^GSPTSE,DNN,2024-01-01,2026-01-01,21,0.2859115271530382,0.2796370936116842,0.3715971169514349,0.2958085593535929,0.1682628199885673
171,^GSPTSE,DNN,2024-01-01,2026-01-01,22,0.7081379616421288,0.6912888577198912,0.8513131147701996,0.5957326170935908,0.1734517281556669
172,^GSPTSE,DNN,2024-01-01,2026-01-01,23,0.3848856706695577,0.2099583301038501,0.203163830754503,0.3352163591435371,0.1649254165109878
173,^GSPTSE,DNN,2024-01-01,2026-01-01,24,0.1429495297509934,0.1626763277915369,0.1881266076115511,0.1806150872347606,0.1660616117529231
174,^GSPTSE,DNN,2024-01-01,2026-01-01,25,0.2393074650944336,0.2672361441712493,0.2681493272332804,0.3215984060506515,0.1667007762344886
175,^GSPTSE,DNN,2024-01-01,2026-01-01,26,0.1333503274079122,0.1460859619708001,0.1631980368768522,0.1532774219760459,0.1673019449624546
176,^GSPTSE,DNN,2024-01-01,2026-01-01,27,0.267830012207858,0.325619874979709,0.4069575060187743,0.3565959255619679,0.1788917907315739
177,^GSPTSE,DNN,2024-01-01,2026-01-01,28,0.4614889492403762,0.2914843496433491,0.2241881160840686,0.490553887527867,0.1786802256276673
178,^GSPTSE,DNN,2024-01-01,2026-01-01,29,0.4884429935498023,0.6477991820968331,0.1967128558873551,0.1947766535593006,0.1796653121625028
179,^GSPTSE,DNN,2024-01-01,2026-01-01,30,0.4263267777933948,0.3888448388613449,0.4561282824364377,0.415493659990569,0.1779396473203823
180,^GSPTSE,DNN,2024-01-01,2026-01-01,31,0.5914723232975492,0.6426484788359632,0.5444430171073867,0.5490044848190374,0.1642645403784813
181,^GSPTSE,DNN,2024-01-01,2026-01-01,32,0.648638418545122,0.4155868682694283,0.6585949891947671,0.5667383869489655,0.1823126480820316
182,^GSPTSE,DNN,2024-01-01,2026-01-01,33,0.4401716057622551,0.4827928569701667,0.3626020716397632,0.4713992167211724,0.1682322858797337
183,^GSPTSE,DNN,2024-01-01,2026-01-01,34,0.1357363537911719,0.184406751180391,0.1790393490345321,0.1916364809920551,0.1783088438459404
184,^GSPTSE,DNN,2024-01-01,2026-01-01,35,0.5095881834533789,0.5270758705166595,0.7837707779961679,0.313076993107129,0.1712372803158837
185,^GSPTSE,DNN,2024-01-01,2026-01-01,36,0.1351149282131666,0.2084059337046677,0.1664007979645479,0.165512267364433,0.1699411452593228
186,^GSPTSE,DNN,2024-01-01,2026-01-01,37,0.5473781466438459,0.7816870562198578,0.6546341572992603,0.5183758866501254,0.1718872606819538
187,^GSPTSE,DNN,2024-01-01,2026-01-01,38,0.1232435957376552,0.1271993432916444,0.1176938484057851,0.2271727879444892,0.2153847056146902
188,^GSPTSE,DNN,2024-01-01,2026-01-01,39,0.2767777962886693,0.3162800825022199,0.3158808591233035,0.2792062972097798,0.1636273343597862
189,^GSPTSE,DNN,2024-01-01,2026-01-01,40,0.1300363280144087,0.174821235368496,0.3397705292669112,0.2760578384451146,0.1641265326878619
190,^GSPTSE,DNN,2024-01-01,2026-01-01,41,0.2873347537876133,0.2870286929074536,0.4295535046962738,0.2652216319047393,0.1639593147221313
191,^GSPTSE,DNN,2024-01-01,2026-01-01,42,0.1856933611713498,0.170258187814547,0.1557723322895204,0.1856489057664533,0.1653539266894901
192,^GSPTSE,DNN,2024-01-01,2026-01-01,43,0.2665590495580558,0.2536654039258624,0.3216240263208773,0.3416397927362453,0.1692964355681858
193,^GSPTSE,DNN,2024-01-01,2026-01-01,44,0.1645243727519101,0.1726679456194218,0.1567140637660732,0.1773133632434975,0.1736847987025089
194,^GSPTSE,DNN,2024-01-01,2026-01-01,45,0.144500890944597,0.1447636617205797,0.133472279021262,0.1676720650259845,0.2013446393608315
195,^GSPTSE,DNN,2024-01-01,2026-01-01,46,0.1364950084930511,0.6116126479489378,0.1812791458202183,0.5019180682459201,0.1665054996298946
196,^GSPTSE,DNN,2024-01-01,2026-01-01,47,0.2323313777373183,0.1881183615530988,0.2229614832291622,0.2029120399094206,0.1648425381982986
197,^GSPTSE,DNN,2024-01-01,2026-01-01,48,0.1537369611701523,0.1537329715833565,0.2048656381048533,0.1750537647137565,0.1800822428070984
198,^GSPTSE,DNN,2024-01-01,2026-01-01,49,0.1275839428411518,0.1297128630723522,0.1367282106273261,0.1450248188927647,0.1624913943945815
199,^GSPTSE,DNN,2024-01-01,2026-01-01,50,0.1756817475913682,0.1805412894847011,0.1680737197757726,0.3134049057652511,0.1608349103154741
200,SLV,DNN,2022-01-01,2024-01-01,1,0.3636504012641966,0.3383445952112671,0.3194965242325267,0.3773175464213373,0.2581087857107277
201,SLV,DNN,2022-01-01,2024-01-01,2,0.7069532483997165,0.2998184282611543,0.5299333976580135,0.3239584778599,0.3016717705769244
202,SLV,DNN,2022-01-01,2024-01-01,3,0.8531420647949005,0.2544995838797209,0.6504342132332867,0.395438285055556,0.2812640220400174
203,SLV,DNN,2022-01-01,2024-01-01,4,0.328311263440747,0.2680353286760899,0.2700048889938971,0.352738798943126,0.2735690177933223
204,SLV,DNN,2022-01-01,2024-01-01,5,0.2870292945264838,0.2632224948200034,0.3019639462364033,0.2933126386623795,0.2751468923270377
205,SLV,DNN,2022-01-01,2024-01-01,6,0.6019837261701729,0.324422584163574,0.4134689594966545,0.3567338922618186,0.2828462545699322
206,SLV,DNN,2022-01-01,2024-01-01,7,0.524270539601276,0.3180320233458581,0.4656364413890922,0.2656501448236256,0.2858172464653805
207,SLV,DNN,2022-01-01,2024-01-01,8,0.3540925912470293,0.2661314878518686,0.3136245250960102,0.310163605315364,0.2498826975314262
208,SLV,DNN,2022-01-01,2024-01-01,9,0.4238763586879112,0.3623202771747052,0.282836106395147,0.3093085069249742,0.322832943969095
209,SLV,DNN,2022-01-01,2024-01-01,10,0.2976322329375274,0.2423278417823282,0.3419326431823696,0.3396400244737744,0.2909747526826355
210,SLV,DNN,2022-01-01,2024-01-01,11,0.3678209352966763,0.3217562577023234,0.3656671243831589,0.3553462932246333,0.2528832651136963
211,SLV,DNN,2022-01-01,2024-01-01,12,0.4106235814808155,0.3407454957508718,0.306917924821801,0.3481537836814326,0.2622862478439189
212,SLV,DNN,2022-01-01,2024-01-01,13,0.2983592645489901,0.2320379442934933,0.3329565031306649,0.3222620138793032,0.2813403687854806
213,SLV,DNN,2022-01-01,2024-01-01,14,0.647161521406771,0.3496066457443786,0.2694418457990701,0.2830272280198294,0.2726086725882938
214,SLV,DNN,2022-01-01,2024-01-01,15,0.3374577929726238,0.2837180024246875,0.226510308792408,0.4004945721449978,0.3109581390941734
215,SLV,DNN,2022-01-01,2024-01-01,16,0.3373932742570899,0.240818018741993,0.2760994802192211,0.3677454713790132,0.259709171571901
216,SLV,DNN,2022-01-01,2024-01-01,17,0.3571629653719997,0.2741768610300715,0.3327034095070033,0.3630890027109386,0.27415255239023
217,SLV,DNN,2022-01-01,2024-01-01,18,0.3369462941596645,0.2545425261035783,0.2511141965050051,0.3056754278807195,0.2558242946349597
218,SLV,DNN,2022-01-01,2024-01-01,19,0.2559796585801458,0.2051209342993683,0.2592649166484622,0.2927171019626052,0.2884951913404309
219,SLV,DNN,2022-01-01,2024-01-01,20,0.4712427494191906,0.3031825441098464,0.3097849814519895,0.3443905127427093,0.272761151331867
220,SLV,DNN,2022-01-01,2024-01-01,21,0.2626348623234242,0.242789533974512,0.2652168668936275,0.2528023467826584,0.2804000431771148
221,SLV,DNN,2022-01-01,2024-01-01,22,0.668936535556231,0.2843674743885061,0.4827126404091398,0.4398895800288298,0.2659562272188414
222,SLV,DNN,2022-01-01,2024-01-01,23,0.4228685501132862,0.4280646909415903,0.2631587624042934,0.2984087092418131,0.3183417411000493
223,SLV,DNN,2022-01-01,2024-01-01,24,0.4389423095117179,0.2404925508610275,0.2361504190643757,0.2531471565933513,0.2747834717573001
224,SLV,DNN,2022-01-01,2024-01-01,25,0.3335872146856103,0.3040936974935588,0.3126936831836079,0.3165446184894136,0.2786830751104625
225,SLV,DNN,2022-01-01,2024-01-01,26,0.382001901929221,0.2595580264071833,0.249038068174084,0.2677152389587415,0.2957602008239723
226,SLV,DNN,2022-01-01,2024-01-01,27,0.4547193882254108,0.2974434522443554,0.253023111981692,0.3145861232321124,0.2675311177328142
227,SLV,DNN,2022-01-01,2024-01-01,28,0.4344600468550647,0.3310272852037145,0.3299669958994212,0.3117039592245524,0.2971381135295678
228,SLV,DNN,2022-01-01,2024-01-01,29,0.3192931132328181,0.3038766042337607,0.3039129558882539,0.2815411799437893,0.3558700974277305
229,SLV,DNN,2022-01-01,2024-01-01,30,0.3701962575462629,0.2816030705666918,0.4121883082738684,0.3916959174442239,0.2799333544382394
230,SLV,DNN,2022-01-01,2024-01-01,31,0.3102070111223945,0.3072469904043707,0.2892387810806235,0.3390664466038136,0.3323817710071303
231,SLV,DNN,2022-01-01,2024-01-01,32,0.5028606365366898,0.3837867855791735,0.3009886087394616,0.3031868230121992,0.2679161621594432
232,SLV,DNN,2022-01-01,2024-01-01,33,0.2953796290332066,0.2841436457317287,0.2378427443173279,0.2954809784149498,0.266658846539176
233,SLV,DNN,2022-01-01,2024-01-01,34,0.3119664604385472,0.216568386002195,0.2075306124241872,0.2286900484976271,0.2727951810590408
234,SLV,DNN,2022-01-01,2024-01-01,35,0.4358038120665842,0.2562390515638935,0.2644528324896423,0.340789457756338,0.2735443487981767
235,SLV,DNN,2022-01-01,2024-01-01,36,0.43410882525132,0.3390111366447314,0.2950559354935705,0.3450325834006907,0.251603819037334
236,SLV,DNN,2022-01-01,2024-01-01,37,0.3166349701117715,0.314560908873319,0.3548698624362049,0.3567949642892633,0.2754470089161456
237,SLV,DNN,2022-01-01,2024-01-01,38,0.4061531090810844,0.2415539947206266,0.2970113021328959,0.3042987817008022,0.2850543462018085
238,SLV,DNN,2022-01-01,2024-01-01,39,0.5354855859163294,0.2870296705582477,0.3065512878052625,0.4182528058146304,0.2523562945041698
239,SLV,DNN,2022-01-01,2024-01-01,40,0.365032078177882,0.2972539314744499,0.3235861282491055,0.3196653195641264,0.2629827691042817
240,SLV,DNN,2022-01-01,2024-01-01,41,0.3378263780627161,0.1901731217066983,0.2933746183936068,0.2324383302203288,0.2774043400788814
241,SLV,DNN,2022-01-01,2024-01-01,42,0.3207938406493329,0.2429145306403849,0.2359869575132599,0.2583907996741045,0.288288152034686
242,SLV,DNN,2022-01-01,2024-01-01,43,0.3759088600899072,0.2226531907143444,0.2459130353880444,0.2388909731780598,0.258710094508389
243,SLV,DNN,2022-01-01,2024-01-01,44,0.4133850469778127,0.3731614721007277,0.4709478996724215,0.4359016285943213,0.2534773256514977
244,SLV,DNN,2022-01-01,2024-01-01,45,0.3763308342202063,0.2934380398580298,0.247161905748127,0.3075003074660088,0.255016104134029
245,SLV,DNN,2022-01-01,2024-01-01,46,0.4377261981796103,0.2829953586544819,0.3037913159594658,0.3834931841840399,0.2822677675930702
246,SLV,DNN,2022-01-01,2024-01-01,47,0.291906626503005,0.2531389000110536,0.2395146344781482,0.2924298349122055,0.2593710304385369
247,SLV,DNN,2022-01-01,2024-01-01,48,0.3338944764848637,0.2786419863347981,0.2773254483094786,0.3093132033180342,0.2734713402146515
248,SLV,DNN,2022-01-01,2024-01-01,49,0.4781165841050787,0.3345752116741212,0.361055449171011,0.4326297057780708,0.2751948604819061
249,SLV,DNN,2022-01-01,2024-01-01,50,0.4278964788434453,0.3211020018669582,0.2698311544844709,0.3625545512406283,0.288403516520603
250,SLV,DNN,2022-09-01,2024-09-01,1,0.3324856065718078,0.3258128780934854,0.4174468714904689,0.279458867292682,0.2604873553247125
251,SLV,DNN,2022-09-01,2024-09-01,2,0.3262622083611433,0.4156810943962739,0.373311664343547,0.2964734657286791,0.2483099700204011
252,SLV,DNN,2022-09-01,2024-09-01,3,0.314957060748815,0.2858572262389859,0.3134588320688539,0.3023770700699831,0.2499035350242383
253,SLV,DNN,2022-09-01,2024-09-01,4,0.3197936489378849,0.3170534247612289,0.3619833806665674,0.357611582785671,0.2425810182243947
254,SLV,DNN,2022-09-01,2024-09-01,5,0.3483957714623699,0.3063107331326727,0.2850011153369796,0.2963313843187412,0.2505329848397636
255,SLV,DNN,2022-09-01,2024-09-01,6,0.4617971674760495,0.4369056534699945,0.29757630814717,0.3331344620380667,0.235327805109891
256,SLV,DNN,2022-09-01,2024-09-01,7,0.3127817871533991,0.294308893846857,0.2455716209150095,0.2809211156482396,0.2311030271732317
257,SLV,DNN,2022-09-01,2024-09-01,8,0.4807774222957279,0.4687631691550257,0.478224508374254,0.3910139681617328,0.2600951954629763
258,SLV,DNN,2022-09-01,2024-09-01,9,0.3331529358706545,0.3168607437954102,0.3504049531660726,0.3284768131493417,0.2305516514274642
259,SLV,DNN,2022-09-01,2024-09-01,10,0.3295287167180806,0.3979118855419703,0.2446276912482573,0.30035540547655,0.229960347664685
260,SLV,DNN,2022-09-01,2024-09-01,11,0.642684383974637,0.4390707312484484,0.2573823163249585,0.3470278529413566,0.2426770443770757
261,SLV,DNN,2022-09-01,2024-09-01,12,0.4753839383453367,0.4913442854474771,0.3169909838024765,0.3263408874738431,0.2301431232252954
262,SLV,DNN,2022-09-01,2024-09-01,13,0.4490195655252758,0.5690296258404071,0.4411413502129921,0.3509719319748762,0.2279420359479268
263,SLV,DNN,2022-09-01,2024-09-01,14,0.5094031368251423,0.3438679270355048,0.2717245516146103,0.4865092927163776,0.2457988519491352
264,SLV,DNN,2022-09-01,2024-09-01,15,0.2655012739322589,0.3326813186852402,0.2298485780800694,0.2457027283317527,0.2408679387825177
265,SLV,DNN,2022-09-01,2024-09-01,16,0.3000770980050595,0.3248583367543438,0.290119173695334,0.2940557909107184,0.2490586554314457
266,SLV,DNN,2022-09-01,2024-09-01,17,0.2981137925151267,0.2983555339064925,0.3698900597960736,0.2639597251928126,0.2450259186843507
267,SLV,DNN,2022-09-01,2024-09-01,18,0.2931120390869758,0.3353316356862535,0.2519843963654459,0.2796766667465275,0.2403735963218227
268,SLV,DNN,2022-09-01,2024-09-01,19,0.5941766792345186,0.3899790533128715,0.3919398447492115,0.4036897263362154,0.2473835248865543
269,SLV,DNN,2022-09-01,2024-09-01,20,0.3527537464890546,0.299744700276249,0.3007057068064808,0.3112683468477623,0.2399718500835184
270,SLV,DNN,2022-09-01,2024-09-01,21,0.757587987496828,0.5227506407825526,0.2909541982354419,0.3512935613205861,0.2473703122725847
271,SLV,DNN,2022-09-01,2024-09-01,22,0.3895374893426057,0.3888897899115833,0.4017528728877141,0.3583550091402613,0.2323565413797998
272,SLV,DNN,2022-09-01,2024-09-01,23,0.3402140605451768,0.3268885540359995,0.3180373489902025,0.2730285093240699,0.2451663278651012
273,SLV,DNN,2022-09-01,2024-09-01,24,0.9295237443159377,0.6561169225456582,0.3940347701042695,0.4634297358681816,0.2554903865877745
274,SLV,DNN,2022-09-01,2024-09-01,25,0.3537018839868999,0.3735527853143136,0.3270538456307676,0.3710270837910994,0.2527347671017596
275,SLV,DNN,2022-09-01,2024-09-01,26,0.3270244693633543,0.294567729894393,0.2756766755904612,0.2583869886509248,0.2476594720014091
276,SLV,DNN,2022-09-01,2024-09-01,27,0.3042275711153112,0.2769067783895372,0.212234296053393,0.2196141150981939,0.2290872000140247
277,SLV,DNN,2022-09-01,2024-09-01,28,0.4445519609621787,0.3636375940829999,0.3331379682380884,0.4139821812346717,0.2474902011469857
278,SLV,DNN,2022-09-01,2024-09-01,29,0.4123468087383444,0.3151957929392931,0.2776077977057401,0.4444593989639862,0.2294919376345094
279,SLV,DNN,2022-09-01,2024-09-01,30,0.427176158893963,0.3692669591513106,0.2667109255484043,0.3100181991602335,0.2276942506946631
280,SLV,DNN,2022-09-01,2024-09-01,31,0.7082203771565038,0.6273378946416559,0.5819203023599576,0.5814380288095502,0.2632043117577797
281,SLV,DNN,2022-09-01,2024-09-01,32,0.3706463360076748,0.3937972583361772,0.2740390548686364,0.3241102636049915,0.2391139720568164
282,SLV,DNN,2022-09-01,2024-09-01,33,0.4268779795453146,0.5309950260630498,0.5470201446917932,0.514735573293858,0.2457934664035498
283,SLV,DNN,2022-09-01,2024-09-01,34,0.3118284939911263,0.3089091559375875,0.2624890566325385,0.2453176913545111,0.2460956398724724
284,SLV,DNN,2022-09-01,2024-09-01,35,0.7226561731660817,0.3500189690401539,0.3094763253399166,0.3818464880949048,0.2485618498475078
285,SLV,DNN,2022-09-01,2024-09-01,36,0.2901028135779256,0.2405526811468877,0.2470160077403325,0.1975034979066783,0.2690079708895593
286,SLV,DNN,2022-09-01,2024-09-01,37,0.2901568349894434,0.2737525101765196,0.2273503398486363,0.3212212374490301,0.2492580397956676
287,SLV,DNN,2022-09-01,2024-09-01,38,0.439104828883528,0.3170900033979292,0.2443137276692525,0.3233868263598897,0.2309463130199301
288,SLV,DNN,2022-09-01,2024-09-01,39,0.3227339207657806,0.3554255502377211,0.3002082694956594,0.3312749931981031,0.2445913055047457
289,SLV,DNN,2022-09-01,2024-09-01,40,0.3311054133167702,0.285255586202568,0.2321209317823017,0.2512522313294044,0.2579980679206815
290,SLV,DNN,2022-09-01,2024-09-01,41,0.3149517351430216,0.5386660930232877,0.5561990361062417,0.543208421254252,0.2522587163364824
291,SLV,DNN,2022-09-01,2024-09-01,42,0.2958215359133492,0.2951398473948002,0.3258818790427357,0.2699117412585692,0.2489970000334605
292,SLV,DNN,2022-09-01,2024-09-01,43,0.4132518737262202,0.3640686600306915,0.3292818352026599,0.3029073975139114,0.2393835800892992
293,SLV,DNN,2022-09-01,2024-09-01,44,0.3771455034330342,0.291862279205159,0.2700655248051963,0.3437574785082214,0.2443093229431363
294,SLV,DNN,2022-09-01,2024-09-01,45,0.502382786151567,0.6300430219370832,0.3219539349281707,0.4702485950617165,0.234386242681495
295,SLV,DNN,2022-09-01,2024-09-01,46,0.4655555615845858,0.4294341031411847,0.2820227292260342,0.3159488383495388,0.249904513277025
296,SLV,DNN,2022-09-01,2024-09-01,47,0.276208614198855,0.2966429329829969,0.2527448185195353,0.2912529919726547,0.2426843745267333
297,SLV,DNN,2022-09-01,2024-09-01,48,0.3596668296468963,0.3044807014429346,0.239793326229884,0.2652393264050189,0.2370400055854133
298,SLV,DNN,2022-09-01,2024-09-01,49,0.3681179044438395,0.3390057387521511,0.3163430362282852,0.3250664586312021,0.2574940123156503
299,SLV,DNN,2022-09-01,2024-09-01,50,0.6379592694495471,0.7345308372112641,1.3409186561131028,1.0603298993481831,0.2311764118319782
300,SLV,DNN,2023-05-01,2025-05-01,1,0.4246958422049468,0.4290190310457142,0.2855058540995275,0.2927377932350275,0.1998233954059
301,SLV,DNN,2023-05-01,2025-05-01,2,0.3658098863464492,0.3896775174149856,0.3784116928051441,0.340661763248095,0.2073333601780955
302,SLV,DNN,2023-05-01,2025-05-01,3,0.2232842839222325,0.2765727709305324,0.2606867510988698,0.3078376432363853,0.2041018051374928
303,SLV,DNN,2023-05-01,2025-05-01,4,0.2940262395881792,0.2530344871455611,0.2499494338565622,0.2995862723141518,0.2023335130618408
304,SLV,DNN,2023-05-01,2025-05-01,5,0.4768515398119351,0.6984206738512857,0.5429599008012448,0.6914394709181265,0.2025266363995521
305,SLV,DNN,2023-05-01,2025-05-01,6,0.2686148160251715,0.3201431071775933,0.3272102019500789,0.3644649784396689,0.2035813194601492
306,SLV,DNN,2023-05-01,2025-05-01,7,0.225940485310631,0.2579516231962442,0.2274072000181988,0.2561158066437313,0.1975549664556403
307,SLV,DNN,2023-05-01,2025-05-01,8,0.2715559500595983,0.3583278586605395,0.3053723570959252,0.2539509960502708,0.2266776957601405
308,SLV,DNN,2023-05-01,2025-05-01,9,0.2841371127176766,0.3039002229735816,0.3063437439920346,0.3381972487520367,0.2048543833089471
309,SLV,DNN,2023-05-01,2025-05-01,10,0.2227318470525381,0.3425834488201014,0.2945190558134797,0.3387956224830898,0.2213522276169522
310,SLV,DNN,2023-05-01,2025-05-01,11,0.2953323901477702,0.3030829674237432,0.3386844832828865,0.3314417559136537,0.2036083424631686
311,SLV,DNN,2023-05-01,2025-05-01,12,0.2560822349472763,0.3165055230918469,0.2762345831671086,0.3869551285118646,0.2126251025106546
312,SLV,DNN,2023-05-01,2025-05-01,13,0.279783181613791,0.2682143090621597,0.2850330501303661,0.2938411121878488,0.213137370820808
313,SLV,DNN,2023-05-01,2025-05-01,14,0.27144414610509,0.2883351353747415,0.2612569503793865,0.3820059535655281,0.2095065040996856
314,SLV,DNN,2023-05-01,2025-05-01,15,0.2551224085159657,0.3196151192615039,0.2669768285284949,0.3148061273836489,0.2038640582875286
315,SLV,DNN,2023-05-01,2025-05-01,16,0.2841157882408621,0.3529698585986676,0.2943125964054395,0.3826898751111946,0.2124782047726736
316,SLV,DNN,2023-05-01,2025-05-01,17,0.279451558139109,0.323143945976978,0.3131590735108503,0.3421523189877515,0.2131345560448648
317,SLV,DNN,2023-05-01,2025-05-01,18,0.3070810621175955,0.347283337077836,0.3109640374912443,0.3577202668236165,0.2169531930441549
318,SLV,DNN,2023-05-01,2025-05-01,19,0.3770256328373814,0.3718722495160262,0.2602580731732348,0.3188972066963892,0.2106493593766047
319,SLV,DNN,2023-05-01,2025-05-01,20,0.2595909164724572,0.2710301302671288,0.2826684859536075,0.2884051622547441,0.2099615937836575
320,SLV,DNN,2023-05-01,2025-05-01,21,0.3860224736920825,0.4083350826598462,0.3027837977023969,0.2943146277276561,0.2174966501843607
321,SLV,DNN,2023-05-01,2025-05-01,22,0.3748005287431624,0.311887714028306,0.3678133843205898,0.3086935800916462,0.2045594110630247
322,SLV,DNN,2023-05-01,2025-05-01,23,0.2309554277526497,0.2510684626471571,0.2389285274836395,0.253276729658291,0.2181453328764724
323,SLV,DNN,2023-05-01,2025-05-01,24,0.2158838001804311,0.2728323768491885,0.3027954548368886,0.2737968456719131,0.1939416213960886
324,SLV,DNN,2023-05-01,2025-05-01,25,0.4285714385051682,0.3453867643645518,0.2598589436322411,0.4583018167898487,0.2097436772356422
325,SLV,DNN,2023-05-01,2025-05-01,26,0.2609775157739213,0.3232604300103275,0.3271162677900467,0.3045678333528272,0.2114428704242484
326,SLV,DNN,2023-05-01,2025-05-01,27,0.3514365469139048,0.4437817719844912,0.3693652317195054,0.4226456969806675,0.2030505650439493
327,SLV,DNN,2023-05-01,2025-05-01,28,0.3661252421850493,0.3921596275372956,0.3576486993947693,0.4522966635956501,0.2047011228924607
328,SLV,DNN,2023-05-01,2025-05-01,29,0.2690352844627106,0.2342615834363081,0.2841665946238433,0.3596069936190796,0.2079172335259462
329,SLV,DNN,2023-05-01,2025-05-01,30,0.4050634544099184,0.4106792670354564,0.3737522677375559,0.4563676166131921,0.1974589968292728
330,SLV,DNN,2023-05-01,2025-05-01,31,0.2570856412031107,0.2550333164558231,0.222863077901554,0.2993331499820756,0.1953966832192656
331,SLV,DNN,2023-05-01,2025-05-01,32,0.3796019434521077,0.4754152154893409,0.412499988182461,0.350735442358098,0.2018567497833674
332,SLV,DNN,2023-05-01,2025-05-01,33,0.204902381250673,0.2432499860782776,0.2315266748540208,0.2533057496731009,0.2328257233823086
333,SLV,DNN,2023-05-01,2025-05-01,34,0.2193165686975111,0.1944191007154871,0.2220412953124299,0.2420375975375532,0.2049774324787487
334,SLV,DNN,2023-05-01,2025-05-01,35,0.2815489459055081,0.3198014448390467,0.2574186177486375,0.2601701354232488,0.2049352899157297
335,SLV,DNN,2023-05-01,2025-05-01,36,0.2357747080705113,0.3037545347041426,0.254564921846871,0.2785087570458929,0.2086899907889592
336,SLV,DNN,2023-05-01,2025-05-01,37,0.2591209115877371,0.287882656982479,0.2566917494678833,0.3437257798459406,0.235722023303232
337,SLV,DNN,2023-05-01,2025-05-01,38,0.3746955801628027,0.3150034351717444,0.2467860738780692,0.338266086456817,0.209152677531197
338,SLV,DNN,2023-05-01,2025-05-01,39,0.3367081867346785,0.351175652437206,0.338721097069825,0.3571453342700574,0.1984683334546644
339,SLV,DNN,2023-05-01,2025-05-01,40,0.3359675932799806,0.2723786967431851,0.2568341150126544,0.3086574644449959,0.2055640004691798
340,SLV,DNN,2023-05-01,2025-05-01,41,0.6185936761728832,0.7652218683225086,0.5616927168389675,0.7033885465407786,0.2086656788658489
341,SLV,DNN,2023-05-01,2025-05-01,42,0.3334340994287891,0.3424895767965593,0.3153047235941549,0.3297635119317715,0.2075128488724068
342,SLV,DNN,2023-05-01,2025-05-01,43,0.1863025513256291,0.217625180254353,0.1961617428546919,0.1924214082534399,0.2082880954682065
343,SLV,DNN,2023-05-01,2025-05-01,44,0.2983155744171926,0.3321688464143643,0.471085874077775,0.3846836843229805,0.2327111359317809
344,SLV,DNN,2023-05-01,2025-05-01,45,0.3118001990004496,0.3614630275094882,0.3575743054079962,0.3276542593902216,0.205434128448464
345,SLV,DNN,2023-05-01,2025-05-01,46,0.2851689846796189,0.2834253679477523,0.282289032530129,0.4677887357113837,0.2094152661211913
346,SLV,DNN,2023-05-01,2025-05-01,47,0.2293998052184512,0.2676739846986259,0.2255119560131144,0.2418945118173072,0.2076858055713913
347,SLV,DNN,2023-05-01,2025-05-01,48,0.5569863877502111,0.3365548060433649,0.2319889497970957,0.2907485350710522,0.2113096977563145
348,SLV,DNN,2023-05-01,2025-05-01,49,0.325477000864984,0.2921655518093051,0.2716591604111633,0.3002477336923202,0.2030065623380993
349,SLV,DNN,2023-05-01,2025-05-01,50,0.2742221050872973,0.2826711974441988,0.4009243300314988,0.4346253490623631,0.2072871548174726
350,SLV,DNN,2024-01-01,2026-01-01,1,0.116143188464523,0.1001644043128398,0.1619050620605264,0.1175127095765988,0.2381773414522
351,SLV,DNN,2024-01-01,2026-01-01,2,0.1095602252412725,0.1156308531825109,0.0850696640569428,0.130902120063002,0.2314547573519202
352,SLV,DNN,2024-01-01,2026-01-01,3,0.0836779420050576,0.0822208651605964,0.0771139269275903,0.0998271668373649,0.2101556422745657
353,SLV,DNN,2024-01-01,2026-01-01,4,0.0854355927705492,0.0979443847403781,0.1085911319969389,0.0993114158123568,0.215130752862223
354,SLV,DNN,2024-01-01,2026-01-01,5,0.0891738646707999,0.0977767148652215,0.0868229186259407,0.0990398172962876,0.1957368831628163
355,SLV,DNN,2024-01-01,2026-01-01,6,0.0907978655487283,0.104352104504133,0.0784107634650233,0.1073330338118566,0.2074396670428095
356,SLV,DNN,2024-01-01,2026-01-01,7,0.0825007091798392,0.0948372890477779,0.0849791659696823,0.0864138491370743,0.2159689351763549
357,SLV,DNN,2024-01-01,2026-01-01,8,0.2304076297555649,0.1954645497328222,0.2432998994618289,0.188882067432288,0.275700011591883
358,SLV,DNN,2024-01-01,2026-01-01,9,0.1136212580654392,0.109868555775329,0.1012685865665749,0.1174616213302671,0.2160054873120988
359,SLV,DNN,2024-01-01,2026-01-01,10,0.094031101181871,0.0984588369414874,0.0908751161229701,0.0968951103683218,0.2333637664628673
360,SLV,DNN,2024-01-01,2026-01-01,11,0.0929259229284386,0.0967421170928236,0.121426988098557,0.1026413012662552,0.2133662496480857
361,SLV,DNN,2024-01-01,2026-01-01,12,0.2334116969830069,0.2710522408065789,0.2303246384546678,0.348069792140004,0.2306765931840399
362,SLV,DNN,2024-01-01,2026-01-01,13,0.0802052830121106,0.0952952494544113,0.1178590934425894,0.1551092705492383,0.2241612717572791
363,SLV,DNN,2024-01-01,2026-01-01,14,0.0760545189658831,0.1260582076663366,0.1888747340114521,0.0934384735735482,0.2194233882128049
364,SLV,DNN,2024-01-01,2026-01-01,15,0.1165025043410412,0.1408507484815223,0.1014859346542243,0.1245037426000321,0.2022076218802837
365,SLV,DNN,2024-01-01,2026-01-01,16,0.1035571895453914,0.1049711377298691,0.0895641036353913,0.1074874863611111,0.1943657869852366
366,SLV,DNN,2024-01-01,2026-01-01,17,0.0950905238300452,0.102409311389593,0.0985429558617939,0.1038675625321468,0.2116930629884082
367,SLV,DNN,2024-01-01,2026-01-01,18,0.1081652428827753,0.1091273326475671,0.1188693025278934,0.115502326151422,0.2130889372692377
368,SLV,DNN,2024-01-01,2026-01-01,19,0.077531512689458,0.0867786785238666,0.1050816115825944,0.1201197318925003,0.2087636419380233
369,SLV,DNN,2024-01-01,2026-01-01,20,0.1013461056321879,0.1186918760802115,0.093773488914621,0.1340923514371152,0.2299549576716008
370,SLV,DNN,2024-01-01,2026-01-01,21,0.1688665527946773,0.1877839728040391,0.220714603867526,0.2379310146833952,0.2140528145268505
371,SLV,DNN,2024-01-01,2026-01-01,22,0.0867012607213214,0.1011347269699584,0.1189819221345808,0.1163315966808895,0.2107346135117675
372,SLV,DNN,2024-01-01,2026-01-01,23,0.0738206046614134,0.0827703127773653,0.0803612496022634,0.082202564581405,0.2041061194161606
373,SLV,DNN,2024-01-01,2026-01-01,24,0.1316030666489717,0.1057939951638496,0.0921062205275327,0.1393270315065189,0.1860963108031668
374,SLV,DNN,2024-01-01,2026-01-01,25,0.0865656066886539,0.173215480539936,0.1937422261527109,0.1361588534281449,0.2434838747366181
375,SLV,DNN,2024-01-01,2026-01-01,26,0.1788026953025388,0.1155209075411538,0.1419526813804193,0.148385300246468,0.2227807594854566
376,SLV,DNN,2024-01-01,2026-01-01,27,0.1057960062328155,0.114574494231878,0.0948796070311364,0.1035683691847765,0.207401116640075
377,SLV,DNN,2024-01-01,2026-01-01,28,0.0909355266407519,0.0953079266065307,0.1334294773903526,0.1001969841186562,0.2039919789734519
378,SLV,DNN,2024-01-01,2026-01-01,29,0.0874367501788061,0.096863340138827,0.1240058749668754,0.1362342203338254,0.2072025018144517
379,SLV,DNN,2024-01-01,2026-01-01,30,0.0801238326424434,0.1002115337129622,0.0776916720858298,0.09154327618217,0.2319151703122096
380,SLV,DNN,2024-01-01,2026-01-01,31,0.2813695430810434,0.273073656664563,0.2382503553971168,0.2034689066064336,0.218046576837511
381,SLV,DNN,2024-01-01,2026-01-01,32,0.1415094419316404,0.0982224504627398,0.1289545360562942,0.1127457636461415,0.2254966706281194
382,SLV,DNN,2024-01-01,2026-01-01,33,0.078464729413332,0.1028131925689449,0.0880134213925008,0.1222579905058717,0.2082653822730973
383,SLV,DNN,2024-01-01,2026-01-01,34,0.0907445946637887,0.0979142517710319,0.0933815876781179,0.1133627080681371,0.213646884938056
384,SLV,DNN,2024-01-01,2026-01-01,35,0.0817861402595212,0.1016537450492562,0.098597979782805,0.1003877946759722,0.2111978694395891
385,SLV,DNN,2024-01-01,2026-01-01,36,0.1023875469644647,0.0904578849913584,0.09761878693588,0.0904452385096003,0.2113017828171237
386,SLV,DNN,2024-01-01,2026-01-01,37,0.153706110341408,0.197024161760317,0.2090654609306768,0.2072684641352862,0.2091555659847223
387,SLV,DNN,2024-01-01,2026-01-01,38,0.0763443178083421,0.1108167309941979,0.0897378134492469,0.1389934289094226,0.2370400439609637
388,SLV,DNN,2024-01-01,2026-01-01,39,0.118791377819268,0.1126200594617356,0.1280099520790724,0.1137794136416062,0.2192200670356485
389,SLV,DNN,2024-01-01,2026-01-01,40,0.1155103877580517,0.0860540132871608,0.0847599875796165,0.0956977319342561,0.1885996503757134
390,SLV,DNN,2024-01-01,2026-01-01,41,0.0881391840504689,0.1070671530784011,0.154769307785874,0.0994326507558334,0.2265144169152733
391,SLV,DNN,2024-01-01,2026-01-01,42,0.0795774809524947,0.0930004633530303,0.0905807067383476,0.0945675713880178,0.2001921622130323
392,SLV,DNN,2024-01-01,2026-01-01,43,0.095182146687929,0.1213807697279168,0.0983182940429888,0.1071089630374644,0.2541114712441045
393,SLV,DNN,2024-01-01,2026-01-01,44,0.1149898317030325,0.1197888356177494,0.1737647723939677,0.1195436877242895,0.2325874088012796
394,SLV,DNN,2024-01-01,2026-01-01,45,0.0770855915438093,0.0832816909564379,0.084805697261876,0.0889637476823616,0.2003762164165762
395,SLV,DNN,2024-01-01,2026-01-01,46,0.2866519299757521,0.3715919369437404,0.3297570679625546,0.29637689794478,0.2258160979989701
396,SLV,DNN,2024-01-01,2026-01-01,47,0.1116809311786078,0.1281808747983142,0.1211402605836415,0.1407181455860826,0.2244918058769536
397,SLV,DNN,2024-01-01,2026-01-01,48,0.2090437172983452,0.2125662972327431,0.1512200326367179,0.1597964848102634,0.1915791232089838
398,SLV,DNN,2024-01-01,2026-01-01,49,0.1466037974247288,0.1469600563371481,0.1521397906231411,0.1615560935080712,0.1971408139109382
399,SLV,DNN,2024-01-01,2026-01-01,50,0.089969053696684,0.0920441894934284,0.0947546649899772,0.0969230448856727,0.2335948365479523
400,MSFT,DNN,2022-01-01,2024-01-01,1,0.3939208743557733,0.4541884663848567,0.4962827318402615,0.6214877543704286,0.1976452020088497
401,MSFT,DNN,2022-01-01,2024-01-01,2,0.978944946225764,0.3009250880803431,0.7775302774634373,0.3383068661469318,0.2015147302161274
402,MSFT,DNN,2022-01-01,2024-01-01,3,0.4368530934354019,0.8688791968267914,2.722851204541239,1.5710937495649642,0.2008708523311952
403,MSFT,DNN,2022-01-01,2024-01-01,4,0.5746355388795362,0.8124828492363897,0.7083889450357438,0.5866815721620492,0.1964191411044541
404,MSFT,DNN,2022-01-01,2024-01-01,5,0.3911751004124453,0.2535972908372336,0.3529282408503983,0.2708349678473351,0.1984763806221151
405,MSFT,DNN,2022-01-01,2024-01-01,6,0.5438746283521579,0.3733085469318202,0.6719512450375216,0.4166386239635377,0.2047388275612184
406,MSFT,DNN,2022-01-01,2024-01-01,7,1.5205924479397372,0.7175777373578018,0.3201272365906685,0.7162418518535092,0.1995845841436831
407,MSFT,DNN,2022-01-01,2024-01-01,8,0.3251221248741461,0.3279215684890175,0.3238034389701653,0.2817702508268252,0.2059613657759829
408,MSFT,DNN,2022-01-01,2024-01-01,9,0.649995698761718,0.8273970085901021,0.7434824395040103,0.7291113469698957,0.2002499668743786
409,MSFT,DNN,2022-01-01,2024-01-01,10,0.4870697637864083,0.7966997769716669,1.295158412269082,0.7818240931585517,0.2154588074359167
410,MSFT,DNN,2022-01-01,2024-01-01,11,0.4063818123779502,0.4729795978814128,0.5075082285928697,0.6084109407908954,0.1973815816723743
411,MSFT,DNN,2022-01-01,2024-01-01,12,0.366062168191027,0.3989427355758113,0.3770172762406073,0.4490091432433545,0.1990515361355276
412,MSFT,DNN,2022-01-01,2024-01-01,13,0.5737385643911636,0.3965171069009794,0.374556836355369,0.3884850042498519,0.1970590624797011
413,MSFT,DNN,2022-01-01,2024-01-01,14,1.327606820165928,0.5670943473686435,0.2911536804860482,0.4765602022944684,0.2041855071969562
414,MSFT,DNN,2022-01-01,2024-01-01,15,0.5268734797851168,0.782140070575225,0.6423870511017873,0.6475468521665861,0.2007065153457119
415,MSFT,DNN,2022-01-01,2024-01-01,16,1.573682510347585,1.746507078119988,1.7948394146746172,1.751035877844938,0.2088591034743102
416,MSFT,DNN,2022-01-01,2024-01-01,17,0.3664001487007847,0.4493049045490087,0.6614864958397674,0.2835135446467584,0.1975128115381929
417,MSFT,DNN,2022-01-01,2024-01-01,18,0.3694914018799625,0.3113822514820644,0.417152996745619,0.4393903351381443,0.2055587568326703
418,MSFT,DNN,2022-01-01,2024-01-01,19,1.4785319068969496,1.5470226561135352,1.300872570120371,1.453753272142505,0.2085911065118212
419,MSFT,DNN,2022-01-01,2024-01-01,20,0.2300857761339935,0.3689018920863877,0.3635613303230705,0.2762814645915578,0.2207409893572771
420,MSFT,DNN,2022-01-01,2024-01-01,21,0.2876481459341125,0.3534528854719702,0.4490759642404753,0.4062498554883718,0.1958301117986481
421,MSFT,DNN,2022-01-01,2024-01-01,22,2.865238241755569,0.528853415577622,0.9047056139242332,1.700050796142989,0.2229490186328993
422,MSFT,DNN,2022-01-01,2024-01-01,23,0.5030458560532279,1.2014961751737945,1.0902848789232709,0.8084969167509366,0.203190979839288
423,MSFT,DNN,2022-01-01,2024-01-01,24,0.7723344087138901,0.6968312582514918,0.3350568814115028,0.3397133025208417,0.1960864881513536
424,MSFT,DNN,2022-01-01,2024-01-01,25,0.4360690700543577,0.397300189292965,0.8122037848102195,0.5394945314680756,0.2014864900208704
425,MSFT,DNN,2022-01-01,2024-01-01,26,0.2671230236222319,0.2724168160415675,0.3473584117748445,0.2798970809316814,0.1994686445994742
426,MSFT,DNN,2022-01-01,2024-01-01,27,0.8708850490308058,0.373533529121946,1.2149318734079229,1.1774723194549792,0.2043994420780235
427,MSFT,DNN,2022-01-01,2024-01-01,28,0.2858237903106653,0.353966677064373,0.3866795517185911,0.4528573633072085,0.1906176230504168
428,MSFT,DNN,2022-01-01,2024-01-01,29,1.0002722525305312,0.6213481214878326,1.683318985008925,0.8675328944323265,0.1920314894682458
429,MSFT,DNN,2022-01-01,2024-01-01,30,0.4785558772068884,0.5004971242185283,0.3923493510448779,0.4041836500241424,0.1989452864343177
430,MSFT,DNN,2022-01-01,2024-01-01,31,0.3523747778131723,0.3195921073909997,0.3611265956472408,0.3742312840049505,0.1901841286665221
431,MSFT,DNN,2022-01-01,2024-01-01,32,1.047883632847904,1.877072752992232,0.786457392649738,1.316728694127295,0.2148586207982584
432,MSFT,DNN,2022-01-01,2024-01-01,33,0.3185479197292297,0.4712233511090135,0.4683849479117745,0.3057881146943915,0.1960204749182691
433,MSFT,DNN,2022-01-01,2024-01-01,34,0.2565096527623536,0.2246272774170145,0.4542741323432556,0.2887476066354328,0.2022563271535818
434,MSFT,DNN,2022-01-01,2024-01-01,35,0.269866539101692,0.4923468851828756,0.4764117286218787,0.4510780265176465,0.1990357399267734
435,MSFT,DNN,2022-01-01,2024-01-01,36,0.4644265277475468,0.7762073482021689,0.7664090770995735,0.5551919881946369,0.199286682402993
436,MSFT,DNN,2022-01-01,2024-01-01,37,0.4710201161334773,0.935163847289484,0.932463423405341,0.3999595195274032,0.209832407005229
437,MSFT,DNN,2022-01-01,2024-01-01,38,0.3353913056011578,0.3965451905022717,0.4125349010075367,0.3288476578926507,0.1975360305787714
438,MSFT,DNN,2022-01-01,2024-01-01,39,0.5490237715050804,0.6370984676434894,0.5694984776932576,0.3031628192316049,0.1897444523910717
439,MSFT,DNN,2022-01-01,2024-01-01,40,0.4176668484017802,0.3267267331646839,0.4257120306124018,0.2952777273862271,0.1889203011459446
440,MSFT,DNN,2022-01-01,2024-01-01,41,0.8704990215256558,0.9734801257889362,0.7133563947002488,0.8804396953431575,0.1925588881584733
441,MSFT,DNN,2022-01-01,2024-01-01,42,0.2656100010949946,0.3019667832318156,0.7361125729295862,0.3230131429795729,0.1987908642169385
442,MSFT,DNN,2022-01-01,2024-01-01,43,0.2589752537443944,0.394401954638029,0.3425221827290849,0.5109431068177172,0.1984141464075675
443,MSFT,DNN,2022-01-01,2024-01-01,44,0.2489020151090173,0.3557794684638397,0.3327471721796511,0.3993655369796169,0.1968677009324823
444,MSFT,DNN,2022-01-01,2024-01-01,45,0.5776407919771372,0.7163795801606397,0.9463259463085558,0.7882487554303901,0.2000609695924058
445,MSFT,DNN,2022-01-01,2024-01-01,46,1.1411950572365088,2.410070710320341,0.9957101094848732,1.8271378640080689,0.2370014240293443
446,MSFT,DNN,2022-01-01,2024-01-01,47,0.2275537763544929,0.3202080704274445,0.4152513159392462,1.1098531387109207,0.2270720424731241
447,MSFT,DNN,2022-01-01,2024-01-01,48,0.6008360826197516,0.4099766910954796,0.6141513305889996,0.7245031002334156,0.2239102573342861
448,MSFT,DNN,2022-01-01,2024-01-01,49,0.5139953487933752,0.4720030734097525,0.3718679096337237,0.2821366285545934,0.2046425996253989
449,MSFT,DNN,2022-01-01,2024-01-01,50,0.3263584903656258,0.3468299684496124,0.4165289248136737,0.3495424578026446,0.1967260484243687
450,MSFT,DNN,2022-09-01,2024-09-01,1,0.2978769170320403,0.3492637781623345,0.2764045524665237,0.2540266778067256,0.2732888728685567
451,MSFT,DNN,2022-09-01,2024-09-01,2,0.1668895220370984,0.1616834087526108,0.2045582737951502,0.2222387024020713,0.2733331030652896
452,MSFT,DNN,2022-09-01,2024-09-01,3,0.2677083546118209,0.2862785735238068,0.2652438142995448,0.2879174594787291,0.2911683985437295
453,MSFT,DNN,2022-09-01,2024-09-01,4,0.4644137574717763,0.303503762305624,0.2620952964450103,0.4059230010442216,0.2814503210514736
454,MSFT,DNN,2022-09-01,2024-09-01,5,0.3831510085158278,0.3459192151000397,0.3285232647722069,0.234249322478233,0.3216252980926783
455,MSFT,DNN,2022-09-01,2024-09-01,6,0.1992625317939384,0.3063471559158613,0.1831138188945425,0.2553788696026944,0.2852573757939501
456,MSFT,DNN,2022-09-01,2024-09-01,7,0.2165148717634532,0.1584112217736246,0.2326453810791398,0.2533856657400629,0.2769274661443763
457,MSFT,DNN,2022-09-01,2024-09-01,8,0.3574306881844382,0.3344258113019321,0.3139882515067732,0.2741517589420129,0.2721057209210831
458,MSFT,DNN,2022-09-01,2024-09-01,9,0.3295658873400799,0.4099565827206465,0.3092258897410421,0.2762942568906513,0.2879531759170062
459,MSFT,DNN,2022-09-01,2024-09-01,10,0.2898311277778368,0.4155227234876691,0.4273711143544574,0.4414916201918471,0.2766903415642965
460,MSFT,DNN,2022-09-01,2024-09-01,11,0.258663748056732,0.2782215635924141,0.2897354420616632,0.2787855043836838,0.2960378071076038
461,MSFT,DNN,2022-09-01,2024-09-01,12,0.2507949984119141,0.2601849764844667,0.1994239557803512,0.338161096696183,0.267976729556505
462,MSFT,DNN,2022-09-01,2024-09-01,13,0.2851969419945732,0.2682243395490942,0.3997860153797251,0.4049525110277718,0.2975563260510258
463,MSFT,DNN,2022-09-01,2024-09-01,14,0.2310339532242466,0.2199858637562315,0.1828827320832162,0.3490960758454384,0.279511166191364
464,MSFT,DNN,2022-09-01,2024-09-01,15,0.3358993797483645,0.4342274455802551,0.3461871084483353,0.4635140415836977,0.2792360630895052
465,MSFT,DNN,2022-09-01,2024-09-01,16,0.3284269272677612,0.3266120202585171,0.2306821553608763,0.3394262139632924,0.284805444270448
466,MSFT,DNN,2022-09-01,2024-09-01,17,0.5209416390939492,0.3576672640304316,0.2936191433386985,0.3921663783477755,0.2737945708361257
467,MSFT,DNN,2022-09-01,2024-09-01,18,0.2178972630785884,0.2087086180325467,0.2176655733187088,0.249068019933202,0.2628459491739188
468,MSFT,DNN,2022-09-01,2024-09-01,19,0.3895257866803413,0.4571087995273217,0.3799067564649629,0.5416399582711677,0.2561332094900457
469,MSFT,DNN,2022-09-01,2024-09-01,20,0.2084657052996074,0.2712006348628449,0.2876228060396677,0.3039425889227826,0.2769060072142804
470,MSFT,DNN,2022-09-01,2024-09-01,21,0.430027521567335,0.5563729021284713,0.4945708648149981,0.705958328881659,0.2837984342501153
471,MSFT,DNN,2022-09-01,2024-09-01,22,0.3445008871445377,0.7582063936961876,0.3663459517776098,0.5556498699745723,0.3179032661028329
472,MSFT,DNN,2022-09-01,2024-09-01,23,0.2475043218935977,0.3476665816105105,0.1970095573965918,0.206009128514376,0.2854989423380395
473,MSFT,DNN,2022-09-01,2024-09-01,24,0.4572550962927053,0.6556893020327716,0.5497183227148227,0.5510389368035953,0.2827497679589465
474,MSFT,DNN,2022-09-01,2024-09-01,25,0.2321597946851869,0.2721536112056794,0.2354914381004128,0.2905643500745861,0.2717626280705474
475,MSFT,DNN,2022-09-01,2024-09-01,26,0.2363277262401006,0.3324754242255469,0.2730054021944388,0.342428121417581,0.2905771998651735
476,MSFT,DNN,2022-09-01,2024-09-01,27,0.2479009194874235,0.2815335108346044,0.2362413956005595,0.2711028120723631,0.2757806464255083
477,MSFT,DNN,2022-09-01,2024-09-01,28,0.1528141595245629,0.174639908527571,0.2311628050890196,0.2747722977682917,0.3132833239784942
478,MSFT,DNN,2022-09-01,2024-09-01,29,0.3256315757634478,0.3439888359827947,0.3991844267830467,0.3804365777400383,0.267037560538292
479,MSFT,DNN,2022-09-01,2024-09-01,30,0.1747838742638524,0.1762894669926095,0.1905146276999267,0.1879655476163809,0.2738055300691628
480,MSFT,DNN,2022-09-01,2024-09-01,31,0.5425834724078862,0.45347478725635,0.4833198124982268,0.5925323074344472,0.2661681303524726
481,MSFT,DNN,2022-09-01,2024-09-01,32,0.3208107447246431,0.2221300661848651,0.2696570346105205,0.3221253644770803,0.2700489861587982
482,MSFT,DNN,2022-09-01,2024-09-01,33,0.3694080683216896,0.4359439304683387,0.3624605803632263,0.5196516308711664,0.2901942107340584
483,MSFT,DNN,2022-09-01,2024-09-01,34,0.3118016395124692,0.2723514626689096,0.3215166908091261,0.2920415880075079,0.2743001987271994
484,MSFT,DNN,2022-09-01,2024-09-01,35,0.312091017070064,0.2892511887467925,0.2539030446754592,0.2930639928836996,0.2687748973146548
485,MSFT,DNN,2022-09-01,2024-09-01,36,0.2542111135917015,0.1936612460997408,0.2248865331657582,0.2526424455317357,0.2592381864923432
486,MSFT,DNN,2022-09-01,2024-09-01,37,0.2450208978345632,0.3275189841704777,0.4003254224206996,0.431651007141589,0.2696186790238039
487,MSFT,DNN,2022-09-01,2024-09-01,38,0.2929933473392632,0.2359736756891697,0.3463662943747561,0.460605283186016,0.2869615537647783
488,MSFT,DNN,2022-09-01,2024-09-01,39,0.2974383429353856,0.2371229056868667,0.2618908390595272,0.2901211518579655,0.2763016111918563
489,MSFT,DNN,2022-09-01,2024-09-01,40,0.1806349272667492,0.231748093097376,0.1680543751265515,0.2550710857635749,0.2824317934156248
490,MSFT,DNN,2022-09-01,2024-09-01,41,0.2649149014121093,0.3299049313757605,0.4936210882343425,0.2587662937387736,0.2504072489374152
491,MSFT,DNN,2022-09-01,2024-09-01,42,0.2315450753983892,0.2868716208726244,0.2749453270672553,0.2745394546947087,0.2789709013044031
492,MSFT,DNN,2022-09-01,2024-09-01,43,0.1601019053753639,0.2145283144773298,0.159830248880874,0.1785249707291878,0.3069224105007102
493,MSFT,DNN,2022-09-01,2024-09-01,44,0.218063907817006,0.2547865764322697,0.2540697698338285,0.2824405243368018,0.2808260235358368
494,MSFT,DNN,2022-09-01,2024-09-01,45,0.2304118140064432,0.2145597710648494,0.2001124944746239,0.2838755993579831,0.2884677296415232
495,MSFT,DNN,2022-09-01,2024-09-01,46,0.4095329425415595,0.5378511669185966,0.3969108775323544,0.3653785074882635,0.2790316028891688
496,MSFT,DNN,2022-09-01,2024-09-01,47,0.2501385208314166,0.2940780757286366,0.1912769794848456,0.3407793549109701,0.2768029370559031
497,MSFT,DNN,2022-09-01,2024-09-01,48,0.3759041037905362,0.5541688618630276,0.4785036145460224,0.3333567960606928,0.2696626811107726
498,MSFT,DNN,2022-09-01,2024-09-01,49,0.3056632867997912,0.3161083858564999,0.3221845200411577,0.3648330930367585,0.2813512669835039
499,MSFT,DNN,2022-09-01,2024-09-01,50,0.2110785006715617,0.2292788639548223,0.2234391428760454,0.2514457007962504,0.2785344150780146
500,MSFT,DNN,2023-05-01,2025-05-01,1,0.2939550496234746,0.309191507005553,0.2527325217032338,0.3163602648326904,0.2942587371061439
501,MSFT,DNN,2023-05-01,2025-05-01,2,0.3200604016966048,0.3808727230921206,0.2785081393259274,0.4572305824813688,0.3202898352007795
502,MSFT,DNN,2023-05-01,2025-05-01,3,0.3230360552445797,0.4952237846872465,0.3454718746711777,0.4556521361307064,0.3102199113162899
503,MSFT,DNN,2023-05-01,2025-05-01,4,0.2989071790681963,0.4677879562015204,0.3437060118830442,0.4505999744641755,0.3048150992191744
504,MSFT,DNN,2023-05-01,2025-05-01,5,0.3567435743659606,0.4816969910362174,0.3620796167950227,0.3934484377020654,0.3006826707471967
505,MSFT,DNN,2023-05-01,2025-05-01,6,0.3016220635694956,0.4172508857292681,0.3422805014989468,0.3916936215151876,0.3180367155628995
506,MSFT,DNN,2023-05-01,2025-05-01,7,0.4043215749893393,0.4703291395422301,0.4554865944219767,0.4488289285507653,0.292303628094413
507,MSFT,DNN,2023-05-01,2025-05-01,8,0.2801079203911927,0.3638337524323729,0.3023747042581671,0.3552547065848088,0.3275199057238669
508,MSFT,DNN,2023-05-01,2025-05-01,9,0.292576942656534,0.4441209954565302,0.2901886334189553,0.3734129544760232,0.3081670786083438
509,MSFT,DNN,2023-05-01,2025-05-01,10,0.3419576781716151,0.4662174828462616,0.2824311503513161,0.3673715254812781,0.3164016410164008
510,MSFT,DNN,2023-05-01,2025-05-01,11,0.3256138697586258,0.4266306998788011,0.3149351956611369,0.4211559242991577,0.3051455846822786
511,MSFT,DNN,2023-05-01,2025-05-01,12,0.2816052815240516,0.4233615005315572,0.2636070746577932,0.3738673774438666,0.3163412873806122
512,MSFT,DNN,2023-05-01,2025-05-01,13,0.3518486726130959,0.4605430371357922,0.3721705255624192,0.4442842180697548,0.3174783662541922
513,MSFT,DNN,2023-05-01,2025-05-01,14,0.3165606629554411,0.4758956884545656,0.2815058768381557,0.3392412879576341,0.3169391732151591
514,MSFT,DNN,2023-05-01,2025-05-01,15,0.3579214618722107,0.4758188408191345,0.3790954603115893,0.461572762195053,0.299688032292046
515,MSFT,DNN,2023-05-01,2025-05-01,16,0.3066098445644213,0.5548839006357009,0.3156992911767031,0.404971139557891,0.2986302384683109
516,MSFT,DNN,2023-05-01,2025-05-01,17,0.2737153920353686,0.3806828510947972,0.2459023599682373,0.3935438141806773,0.3266093964730074
517,MSFT,DNN,2023-05-01,2025-05-01,18,0.2627549607479201,0.4152554949291233,0.2835627599373365,0.3650013221410011,0.3121036105039749
518,MSFT,DNN,2023-05-01,2025-05-01,19,0.2710314691214825,0.413981760019632,0.2785320658160861,0.420540293437714,0.3165144816165081
519,MSFT,DNN,2023-05-01,2025-05-01,20,0.3359069226618831,0.5363675710455427,0.3376063671351364,0.356541340132896,0.3175090646639876
520,MSFT,DNN,2023-05-01,2025-05-01,21,0.3610807795755038,0.4282791894421023,0.3267126507542466,0.4600154604656852,0.3234147577269278
521,MSFT,DNN,2023-05-01,2025-05-01,22,0.3164373497220787,0.4218019468812483,0.3452219929283334,0.3947767384273406,0.305747018369805
522,MSFT,DNN,2023-05-01,2025-05-01,23,0.2243317287975207,0.2754834606766391,0.2602501484725705,0.3161142123547139,0.3119763340100677
523,MSFT,DNN,2023-05-01,2025-05-01,24,0.3588968654087054,0.4652535626257098,0.3700504191756795,0.4509049958647495,0.318075393500064
524,MSFT,DNN,2023-05-01,2025-05-01,25,0.3618251799926231,0.4608470436275272,0.2823713979133293,0.4609303053082285,0.3135230014482073
525,MSFT,DNN,2023-05-01,2025-05-01,26,0.3342228260652213,0.3664992543198486,0.2991685058320324,0.3537465739407903,0.3258790304818293
526,MSFT,DNN,2023-05-01,2025-05-01,27,0.3046029379017379,0.4298989011767755,0.3124133444742615,0.4451860461169994,0.3120014142557221
527,MSFT,DNN,2023-05-01,2025-05-01,28,0.2849848626573211,0.4659026659935413,0.2523829691325815,0.337626216874507,0.3078915049892134
528,MSFT,DNN,2023-05-01,2025-05-01,29,0.2988881887993243,0.4389764890649619,0.275112560002321,0.4397277660571029,0.3161036769331444
529,MSFT,DNN,2023-05-01,2025-05-01,30,0.4241610509104964,0.6614989181727388,0.3879080029861902,0.5322237764734891,0.3191624197737971
530,MSFT,DNN,2023-05-01,2025-05-01,31,0.312558181348493,0.4410047810368144,0.3691752404072062,0.456519905050974,0.3045975578066652
531,MSFT,DNN,2023-05-01,2025-05-01,32,0.318385182575681,0.3985030307454918,0.3090341866420037,0.3998540111608694,0.3189479429882509
532,MSFT,DNN,2023-05-01,2025-05-01,33,0.259159769430195,0.3454406660227728,0.2550679763903049,0.3225247218026942,0.3036804110128321
533,MSFT,DNN,2023-05-01,2025-05-01,34,0.2948127193800218,0.3680779144475703,0.2654053826908416,0.3646748597152094,0.3224445480035562
534,MSFT,DNN,2023-05-01,2025-05-01,35,0.2662588872420787,0.3280543451625192,0.2640983042706132,0.3582284754394237,0.3098695401921021
535,MSFT,DNN,2023-05-01,2025-05-01,36,0.3192669381449301,0.4219362232208902,0.3149165650416685,0.3500283053046158,0.3093741895155127
536,MSFT,DNN,2023-05-01,2025-05-01,37,0.430983193230683,0.4613896290472785,0.3715522036679825,0.4297040431720984,0.331391753157352
537,MSFT,DNN,2023-05-01,2025-05-01,38,0.423909830122206,0.44203081365533,0.2852534237685115,0.3589228647139915,0.3218252924155569
538,MSFT,DNN,2023-05-01,2025-05-01,39,0.2783716892831738,0.4973158852782766,0.2898431730067051,0.3965714252200653,0.3055438063860877
539,MSFT,DNN,2023-05-01,2025-05-01,40,0.4072547530631671,0.3847026452448348,0.3780356445678317,0.3442896639624038,0.3061147177037416
540,MSFT,DNN,2023-05-01,2025-05-01,41,0.2921292565291692,0.4033556155924398,0.2763075367373385,0.4160675578941832,0.3045429788217825
541,MSFT,DNN,2023-05-01,2025-05-01,42,0.347662735238228,0.3232779510460637,0.3176475512655497,0.4066774984477369,0.2983253637546701
542,MSFT,DNN,2023-05-01,2025-05-01,43,0.3382504371764099,0.493486097209831,0.2858187648133997,0.3988073299166808,0.3304667445696377
543,MSFT,DNN,2023-05-01,2025-05-01,44,0.2805091350749771,0.4571655827192245,0.2739566828718833,0.3647494188653199,0.3136624271673635
544,MSFT,DNN,2023-05-01,2025-05-01,45,0.3042199532517537,0.44484236375203,0.2684780482005224,0.3258550380323992,0.3147691325596692
545,MSFT,DNN,2023-05-01,2025-05-01,46,0.2544107765750859,0.3631088582675568,0.2389532000589284,0.3509947277727478,0.320417564849225
546,MSFT,DNN,2023-05-01,2025-05-01,47,0.250396940447921,0.4289073969780309,0.2306706662558393,0.4460374577995318,0.3045871306636896
547,MSFT,DNN,2023-05-01,2025-05-01,48,0.2926410865712784,0.4106528102410233,0.3044366526341699,0.39877144904911,0.3156159992309594
548,MSFT,DNN,2023-05-01,2025-05-01,49,0.3047460840147843,0.3988477870456203,0.27568527749388,0.3254991572825353,0.3113760866445914
549,MSFT,DNN,2023-05-01,2025-05-01,50,0.3323556591948319,0.487294506081293,0.3431828961913659,0.4109240518073493,0.3137591588304315
550,MSFT,DNN,2024-01-01,2026-01-01,1,0.6799062541484436,0.362770768439692,0.783671034786396,0.5197952419394299,0.1761605784514933
551,MSFT,DNN,2024-01-01,2026-01-01,2,0.3673527047742834,0.367697984681331,0.418760705094061,0.5735728230402289,0.184991970741877
552,MSFT,DNN,2024-01-01,2026-01-01,3,0.3977909060121898,0.3165686193003863,0.4374854292169722,0.4462479141761447,0.1770655448467268
553,MSFT,DNN,2024-01-01,2026-01-01,4,0.5056194339733012,0.340657693229046,0.4145385712625026,0.4586017521482756,0.185425675178577
554,MSFT,DNN,2024-01-01,2026-01-01,5,0.3236293152446106,0.3458574199482661,0.3986715239307011,0.5606342625016766,0.1898223825640996
555,MSFT,DNN,2024-01-01,2026-01-01,6,0.3352773352760336,0.3846085934391119,0.4038206584539237,0.6013212604995234,0.181765541841205
556,MSFT,DNN,2024-01-01,2026-01-01,7,0.3708462790616006,0.3873650399816432,0.4148646881148174,0.5712269913735574,0.180950772828202
557,MSFT,DNN,2024-01-01,2026-01-01,8,0.4900961207231966,0.4355722036416673,0.5260680674828023,0.4877984227241412,0.1835461377819783
558,MSFT,DNN,2024-01-01,2026-01-01,9,0.6139719777933988,0.5375368572039503,0.6398047255874677,0.8465571101446323,0.1866987070046539
559,MSFT,DNN,2024-01-01,2026-01-01,10,0.4215175729534047,0.3469757558516868,0.5710567588428147,0.5358455273471616,0.1846918334569731
560,MSFT,DNN,2024-01-01,2026-01-01,11,0.5682395826270987,0.4216989949475906,0.5339100204746847,0.5145814740110302,0.1791383459155397
561,MSFT,DNN,2024-01-01,2026-01-01,12,0.6666568761363462,0.9120094298878336,0.9762487150737036,1.246228169290731,0.1798772440001536
562,MSFT,DNN,2024-01-01,2026-01-01,13,0.4383907695360867,0.4167339698179226,0.4466499118181843,0.5003038498556682,0.1884245925003329
563,MSFT,DNN,2024-01-01,2026-01-01,14,0.3574498053451507,0.4333125460064759,0.4597746669413488,0.4675110512810592,0.1818125302267895
564,MSFT,DNN,2024-01-01,2026-01-01,15,0.4169635371591313,0.3746357258110009,0.5094215654905058,0.4996632627780561,0.1825880159783181
565,MSFT,DNN,2024-01-01,2026-01-01,16,0.9207689833708568,0.8561282042072605,1.0125261043361318,1.477444613628401,0.1841450942042253
566,MSFT,DNN,2024-01-01,2026-01-01,17,0.3397068015951814,0.3141497749058665,0.3783327582313054,0.4231668946055716,0.181827762710736
567,MSFT,DNN,2024-01-01,2026-01-01,18,0.9839272295157456,0.7874927534610663,0.7359695639123164,0.8300757084239051,0.1864448791649884
568,MSFT,DNN,2024-01-01,2026-01-01,19,0.5124879040564756,0.36003841656476,0.4355524603959667,0.5133210868530172,0.1826319324781024
569,MSFT,DNN,2024-01-01,2026-01-01,20,0.3585769596238107,0.3818402704066435,0.4357789047669324,0.4773206879134278,0.1856887241603609
570,MSFT,DNN,2024-01-01,2026-01-01,21,0.5443466116619069,0.4687494098066453,0.4756392520456214,0.4461475349112724,0.1814076581018849
571,MSFT,DNN,2024-01-01,2026-01-01,22,0.5758099032907402,0.379715496792417,0.7449100650193052,0.5391464845115027,0.1733459394196931
572,MSFT,DNN,2024-01-01,2026-01-01,23,0.421919655438909,0.580893681898179,0.5028102058005804,0.4639693007558902,0.1828284861670361
573,MSFT,DNN,2024-01-01,2026-01-01,24,0.5450998672908273,0.3716520222680309,0.4462925059526531,0.4620473993822306,0.1804694108300272
574,MSFT,DNN,2024-01-01,2026-01-01,25,0.3739348876790587,0.3184045666221602,0.4782235977724157,0.5126058074532833,0.1830921448054492
575,MSFT,DNN,2024-01-01,2026-01-01,26,0.3647176715425724,0.3642381411703913,0.4018847606643209,0.563844275588415,0.1838246584931188
576,MSFT,DNN,2024-01-01,2026-01-01,27,0.4641073329972138,0.4831853704698101,0.5300937298228979,0.5340359461044866,0.1798406289189094
577,MSFT,DNN,2024-01-01,2026-01-01,28,0.3998777654602736,0.3991867582131555,0.4707436999737449,0.5371552944542782,0.1883613075913408
578,MSFT,DNN,2024-01-01,2026-01-01,29,0.8344622752574962,0.888475759415856,0.5842734623494377,1.3849790136918485,0.1817094482515675
579,MSFT,DNN,2024-01-01,2026-01-01,30,0.511973339481916,0.4131062442603403,0.4654446858108729,0.5701714103570791,0.1828781356659422
580,MSFT,DNN,2024-01-01,2026-01-01,31,0.3753466923268365,0.340386713440659,0.4783640653790743,0.537752850890076,0.1883600969355164
581,MSFT,DNN,2024-01-01,2026-01-01,32,0.339920349245206,0.3418027332818834,0.3980290937021838,0.4465111085720259,0.1942824320319851
582,MSFT,DNN,2024-01-01,2026-01-01,33,0.4284479982656481,0.3188302066397643,0.4461172154493306,0.4613811631269313,0.1922771217825241
583,MSFT,DNN,2024-01-01,2026-01-01,34,0.6379517874872346,0.718959460879754,0.5588692711342524,0.821866112246421,0.1913817451878381
584,MSFT,DNN,2024-01-01,2026-01-01,35,0.4496045162607383,0.3512044300614546,0.4047535892192947,0.5174264686531351,0.1858703781463861
585,MSFT,DNN,2024-01-01,2026-01-01,36,0.3118290385508536,0.2819659244211102,0.3841308284000081,0.4177292640586095,0.1845021001908104
586,MSFT,DNN,2024-01-01,2026-01-01,37,0.6130206905937646,0.3999009525778813,0.6966527953037053,0.829369770428875,0.184227357942901
587,MSFT,DNN,2024-01-01,2026-01-01,38,0.4735031305479202,0.3688107326663818,0.4832918722935527,0.5564568430205545,0.2034716078707847
588,MSFT,DNN,2024-01-01,2026-01-01,39,0.491053718628255,0.380911081303979,0.6354265652813992,0.6813487258361829,0.182908072874778
589,MSFT,DNN,2024-01-01,2026-01-01,40,0.455648282580223,0.4494698368633816,0.4085438589892525,0.4561574497962452,0.1904336471161909
590,MSFT,DNN,2024-01-01,2026-01-01,41,0.5710081545167977,0.5726085530139069,0.7628920595251392,0.7503001568390966,0.1755290053043873
591,MSFT,DNN,2024-01-01,2026-01-01,42,0.3691938350070708,0.2884809982153985,0.4165343220580375,0.4498662320356254,0.1832182076426922
592,MSFT,DNN,2024-01-01,2026-01-01,43,0.3774448946963959,0.3024979537560225,0.4270170733936354,0.495642356852562,0.178129885985943
593,MSFT,DNN,2024-01-01,2026-01-01,44,0.4118647290367933,0.5082760075100713,0.4996756764087298,0.4090344946771669,0.1818752667611932
594,MSFT,DNN,2024-01-01,2026-01-01,45,0.4489998768607156,0.3387222856038608,0.470220680940296,0.5029559630038598,0.1833767430894231
595,MSFT,DNN,2024-01-01,2026-01-01,46,0.4024013968682849,0.3159433352174421,0.5145182591738687,0.4378024488699082,0.1808368245368979
596,MSFT,DNN,2024-01-01,2026-01-01,47,0.3145392956933548,0.3002730645535271,0.3763103043131839,0.4364204890816884,0.1786879195956469
597,MSFT,DNN,2024-01-01,2026-01-01,48,0.3413158630669269,0.539857945092851,0.4587693119023268,0.4357251758907405,0.1798739133161693
598,MSFT,DNN,2024-01-01,2026-01-01,49,0.3945039747973939,0.3262420565670525,0.4016647548894407,0.4931106150802856,0.1785264930431666
599,MSFT,DNN,2024-01-01,2026-01-01,50,0.5562601267137757,0.5359358293686903,0.4552670072131052,0.6499853027824621,0.1816509186648333
600,TSLA,DNN,2022-01-01,2024-01-01,1,0.358825727573994,0.444713552839172,0.3440517710084568,0.401136732729104,0.2233316817577585
601,TSLA,DNN,2022-01-01,2024-01-01,2,0.3495370560413166,0.3261517609360568,0.2703169383486118,0.4166945533899701,0.2265171009030733
602,TSLA,DNN,2022-01-01,2024-01-01,3,0.4793497146643235,0.3074905354045937,0.3228477036258673,0.2662911102774191,0.2322124358662627
603,TSLA,DNN,2022-01-01,2024-01-01,4,0.4137725216630407,0.3712525134935349,0.4451035753354946,0.7612690260131688,0.2084064176975577
604,TSLA,DNN,2022-01-01,2024-01-01,5,0.2702062130597541,0.3187822462562578,0.3559571625108736,0.3440272813460295,0.2364854534510947
605,TSLA,DNN,2022-01-01,2024-01-01,6,0.3712826522652623,0.3193862225836085,0.2843085502297641,0.3414294564046679,0.236266753255693
606,TSLA,DNN,2022-01-01,2024-01-01,7,0.560233803846888,0.6223444787486321,0.571307797704429,0.7069519777901334,0.2332277768069565
607,TSLA,DNN,2022-01-01,2024-01-01,8,0.3085742439867636,0.4084510082383193,0.341171840714854,0.3643202879400523,0.2267527308920529
608,TSLA,DNN,2022-01-01,2024-01-01,9,0.4160478005660837,0.4240656371417367,0.385057429028122,0.4285409164380802,0.2265906982039813
609,TSLA,DNN,2022-01-01,2024-01-01,10,0.3530164684070788,0.3659335160923615,0.3551652385681874,0.4053021439804563,0.2296856119702379
610,TSLA,DNN,2022-01-01,2024-01-01,11,0.442269935800384,0.3292503798441059,0.3492993907302192,0.3772027599613973,0.210692223103148
611,TSLA,DNN,2022-01-01,2024-01-01,12,0.289951590228122,0.3863250294567966,0.2651372437567008,0.4162726104433524,0.2333785976794314
612,TSLA,DNN,2022-01-01,2024-01-01,13,0.2814791241538683,0.4385531505210992,0.359978974450325,0.4009257972325015,0.2353028576533698
613,TSLA,DNN,2022-01-01,2024-01-01,14,0.3070979442181887,0.3657858827634179,0.3714735894380209,0.3075225085026034,0.2296571968118373
614,TSLA,DNN,2022-01-01,2024-01-01,15,0.305316312217156,0.3526425515358933,0.3388839238398709,0.3409830063445218,0.2440749522991112
615,TSLA,DNN,2022-01-01,2024-01-01,16,0.3072076203412524,0.3448800512910306,0.3427338870183612,0.432769495614111,0.2438448815401122
616,TSLA,DNN,2022-01-01,2024-01-01,17,0.3538963416363408,0.3660716924135197,0.3876207200274216,0.3992857991467542,0.2138339820754494
617,TSLA,DNN,2022-01-01,2024-01-01,18,0.5019558752613705,0.3244113310307809,0.3416272479190177,0.5167441130683331,0.2353365190901282
618,TSLA,DNN,2022-01-01,2024-01-01,19,0.3007702463241585,0.3517492951725275,0.3510502653353612,0.4324415376021499,0.218234212512077
619,TSLA,DNN,2022-01-01,2024-01-01,20,0.3246022222928335,0.3952167820218072,0.3328780262981724,0.421376664314112,0.2257654752120225
620,TSLA,DNN,2022-01-01,2024-01-01,21,0.2514052915939571,0.3093067077184884,0.2753347981778549,0.3529448745751748,0.2614878884030137
621,TSLA,DNN,2022-01-01,2024-01-01,22,0.7300579863764256,0.4637159006527654,0.505249180312902,0.6665345782153052,0.2159506684076476
622,TSLA,DNN,2022-01-01,2024-01-01,23,0.4756886686114792,0.6121413758497244,0.6729643746285744,0.5352690132296781,0.2214087962162697
623,TSLA,DNN,2022-01-01,2024-01-01,24,0.2427760898642257,0.3419481820962609,0.2889730404108951,0.3211560742892073,0.21711386301801
624,TSLA,DNN,2022-01-01,2024-01-01,25,0.3498622617126178,0.5411110761351391,0.2954783182319691,0.474041061962238,0.2392612205504173
625,TSLA,DNN,2022-01-01,2024-01-01,26,0.3865924717677539,0.3343451447116319,0.3432479960757405,0.5913103392872067,0.2722696373649197
626,TSLA,DNN,2022-01-01,2024-01-01,27,0.8695932250278535,0.6556559311790824,0.7394409232164657,0.850734137214861,0.2330228422307601
627,TSLA,DNN,2022-01-01,2024-01-01,28,0.4935934072934123,0.4810513689491257,0.400872968102358,0.4481012782314478,0.2243127963667454
628,TSLA,DNN,2022-01-01,2024-01-01,29,0.2520780990868757,0.5008638742084491,0.2915385904080284,0.4191870475165056,0.2256397002456939
629,TSLA,DNN,2022-01-01,2024-01-01,30,0.3383933118045593,0.4108850821642462,0.3761752710419628,0.3648382134712804,0.2405747917157308
630,TSLA,DNN,2022-01-01,2024-01-01,31,0.3542961076144483,0.5405197550973273,0.367583691347267,0.3942193848334787,0.225822634174309
631,TSLA,DNN,2022-01-01,2024-01-01,32,0.2871452697894519,0.2964467597906155,0.3039546480359187,0.3514105747473619,0.2126436102951922
632,TSLA,DNN,2022-01-01,2024-01-01,33,0.2681033776733814,0.2993444348255959,0.2451044351041882,0.3690557288862625,0.2181803740346488
633,TSLA,DNN,2022-01-01,2024-01-01,34,0.3309115911920078,0.3542301053473206,0.39762915729216,0.4423722433483996,0.2164277256025422
634,TSLA,DNN,2022-01-01,2024-01-01,35,0.3193789769460359,0.4242347357999262,0.2701782490623082,0.5345104798388469,0.2333203249797427
635,TSLA,DNN,2022-01-01,2024-01-01,36,0.2443202115425216,0.2895053968758421,0.2225745492976073,0.2953903807458405,0.2476636828653903
636,TSLA,DNN,2022-01-01,2024-01-01,37,0.4081102708222062,0.5682885833192908,0.3750383225913578,0.3624916805391447,0.2259403189773638
637,TSLA,DNN,2022-01-01,2024-01-01,38,0.472589137866287,0.4774454667509031,0.3512882787287008,0.4069484358496223,0.2247101981976243
638,TSLA,DNN,2022-01-01,2024-01-01,39,0.2563583844607506,0.3028159025424133,0.4152256856386012,0.3872097514012246,0.2220314123782679
639,TSLA,DNN,2022-01-01,2024-01-01,40,1.149463564531673,1.1379077533540458,0.7983817166101833,0.9171379535423598,0.2175677359972039
640,TSLA,DNN,2022-01-01,2024-01-01,41,0.3558193431477303,0.4796606425284845,0.5023052634166092,0.6491640780532072,0.2269769437217588
641,TSLA,DNN,2022-01-01,2024-01-01,42,0.2777565467685804,0.3518953657066594,0.2883080986023617,0.3388410308132554,0.2320369823598295
642,TSLA,DNN,2022-01-01,2024-01-01,43,0.3207122333525213,0.4233264796428366,0.3150617542034284,0.4345951493083278,0.2173284951290532
643,TSLA,DNN,2022-01-01,2024-01-01,44,0.35189165098586,0.4556747061113039,0.3651089916314122,0.4380618942923754,0.2298961509279822
644,TSLA,DNN,2022-01-01,2024-01-01,45,0.2647842962342751,0.3378659124100276,0.3822131044667882,0.3307658463998278,0.2259669723977783
645,TSLA,DNN,2022-01-01,2024-01-01,46,0.358753690199382,0.3860800351170893,0.3315247307778138,0.5433018049744656,0.2370170619384186
646,TSLA,DNN,2022-01-01,2024-01-01,47,0.3021860889893253,0.4566696384567711,0.3257354087843636,0.401006519831349,0.2175348241220234
647,TSLA,DNN,2022-01-01,2024-01-01,48,0.3540531199935759,0.3886060262920611,0.4032398395071903,0.3907747302285447,0.2207852847750724
648,TSLA,DNN,2022-01-01,2024-01-01,49,0.3079509254633514,0.2842223283859625,0.2901477952133032,0.3080655487664147,0.2227997884117203
649,TSLA,DNN,2022-01-01,2024-01-01,50,0.3903413109895556,0.4696472215266841,0.3730301860482275,0.5044244592805632,0.225925464642412
650,TSLA,DNN,2022-09-01,2024-09-01,1,0.1564625800802457,0.1858586458044616,0.1795344596456696,0.2082235370931461,0.2096892102572189
651,TSLA,DNN,2022-09-01,2024-09-01,2,0.1911854631419813,0.2325770974385634,0.2013923588014303,0.2184902043636172,0.2226772414781557
652,TSLA,DNN,2022-09-01,2024-09-01,3,0.1795424941505189,0.2236602011708501,0.2140173675888061,0.2429495137900457,0.2088546079808931
653,TSLA,DNN,2022-09-01,2024-09-01,4,0.1493436604102699,0.1748910187787272,0.1866478243813496,0.1933351091259329,0.2131291666698709
654,TSLA,DNN,2022-09-01,2024-09-01,5,0.3034346509909383,0.3775986475869989,0.333887098429207,0.3774449595494157,0.3116233949681126
655,TSLA,DNN,2022-09-01,2024-09-01,6,0.1698677966935251,0.2188596482371531,0.2025964910174501,0.2188278102077152,0.2408819832493655
656,TSLA,DNN,2022-09-01,2024-09-01,7,0.1852060717944013,0.1565033424167435,0.1785516959849921,0.1817855093877075,0.1722894517142977
657,TSLA,DNN,2022-09-01,2024-09-01,8,0.1848147622734343,0.220155869480254,0.174531213761428,0.2121616620149486,0.2021562329855203
658,TSLA,DNN,2022-09-01,2024-09-01,9,0.1957144603756976,0.2481125193441861,0.2103147153399513,0.2589674737137483,0.2065508707794698
659,TSLA,DNN,2022-09-01,2024-09-01,10,0.1624426746257643,0.2439060872857793,0.1784940530434978,0.2329381798771972,0.1984698746996152
660,TSLA,DNN,2022-09-01,2024-09-01,11,0.1682655158607408,0.1779008972294298,0.1839705296647729,0.1931937527701804,0.1981786755767524
661,TSLA,DNN,2022-09-01,2024-09-01,12,0.224701524796994,0.2599375842383526,0.2037772339639993,0.2701572217082151,0.2028541454532297
662,TSLA,DNN,2022-09-01,2024-09-01,13,0.1873010523136553,0.2148113777206921,0.1823850469985954,0.2287472969148945,0.2207761273334936
663,TSLA,DNN,2022-09-01,2024-09-01,14,0.2140208978529794,0.2251309768473881,0.1999672408335076,0.2435343304392239,0.1910774273067481
664,TSLA,DNN,2022-09-01,2024-09-01,15,0.2348159201913746,0.2862511893948862,0.2557370925307666,0.3048806079630083,0.2030213819825796
665,TSLA,DNN,2022-09-01,2024-09-01,16,0.1541598376278817,0.1740399809703894,0.1930235431296582,0.1940860430801397,0.1864095264933271
666,TSLA,DNN,2022-09-01,2024-09-01,17,0.1569903196763366,0.2047879185515446,0.1700410091902379,0.1979090039118443,0.2161245104753907
667,TSLA,DNN,2022-09-01,2024-09-01,18,0.1767668359219248,0.2251010058853304,0.1994428601812719,0.2639315390162433,0.2039797774271646
668,TSLA,DNN,2022-09-01,2024-09-01,19,0.2145808948559628,0.240194570863555,0.212047609377847,0.2201113136549498,0.190828466272643
669,TSLA,DNN,2022-09-01,2024-09-01,20,0.15568856448658,0.186369142554357,0.1667340232473884,0.1899364131470091,0.221545467882524
670,TSLA,DNN,2022-09-01,2024-09-01,21,0.2645818913195948,0.2715201292293028,0.2255924455205294,0.2724122134838386,0.2349643093892936
671,TSLA,DNN,2022-09-01,2024-09-01,22,0.1835453643487005,0.2328961825017143,0.2101209278587993,0.2301338307302054,0.1770017386935023
672,TSLA,DNN,2022-09-01,2024-09-01,23,0.1512004271794256,0.1909334823739633,0.1784221725800362,0.197743236072853,0.1986099888074481
673,TSLA,DNN,2022-09-01,2024-09-01,24,0.2039527289765345,0.264255779999557,0.2264070242705204,0.2276897192583273,0.2565390866790816
674,TSLA,DNN,2022-09-01,2024-09-01,25,0.1759295582540295,0.1778499233771941,0.1866510162536114,0.2217949272689985,0.2371477974989764
675,TSLA,DNN,2022-09-01,2024-09-01,26,0.1743612771853623,0.2355926641820734,0.1663431706190165,0.1842644730702218,0.2197351288109004
676,TSLA,DNN,2022-09-01,2024-09-01,27,0.1929609544127725,0.2094447259386372,0.1938906666896372,0.2060926886667433,0.2122969859402994
677,TSLA,DNN,2022-09-01,2024-09-01,28,0.2364115777143109,0.2219326328661564,0.2472457890422261,0.2636375593708784,0.2066915565094908
678,TSLA,DNN,2022-09-01,2024-09-01,29,0.1513469692591987,0.2221729783165971,0.1869013587606693,0.235954086073965,0.1984473955609183
679,TSLA,DNN,2022-09-01,2024-09-01,30,0.1929337321507323,0.2250206866793566,0.1946227134704752,0.2360613062686056,0.2088542853692201
680,TSLA,DNN,2022-09-01,2024-09-01,31,0.1535349828840334,0.1845007545587616,0.1638222102559441,0.1940035725505093,0.1990095787829024
681,TSLA,DNN,2022-09-01,2024-09-01,32,0.1759731117284149,0.2032619987069014,0.1872754882616228,0.1922934344467891,0.1911734156856518
682,TSLA,DNN,2022-09-01,2024-09-01,33,0.153855987515416,0.2020615892552565,0.1578674574047483,0.1849255520587972,0.2274141429936546
683,TSLA,DNN,2022-09-01,2024-09-01,34,0.1520912502083061,0.1452062324331568,0.1563363318700082,0.1721836531489651,0.1951951063045583
684,TSLA,DNN,2022-09-01,2024-09-01,35,0.3691981298110396,0.330596962910581,0.323555721013447,0.2853672281472111,0.1982656074617842
685,TSLA,DNN,2022-09-01,2024-09-01,36,0.1563938728168014,0.1967141413271664,0.1776716466972363,0.1956676044956935,0.1708556408029388
686,TSLA,DNN,2022-09-01,2024-09-01,37,0.1972764214159959,0.2089834950188318,0.2133536915127137,0.254035209558533,0.2313437616510092
687,TSLA,DNN,2022-09-01,2024-09-01,38,0.2174005808984472,0.2001669803487587,0.1997279166384671,0.2226377690787193,0.2081776638325229
688,TSLA,DNN,2022-09-01,2024-09-01,39,0.1530620166172689,0.1725887651163783,0.1947759180247444,0.2061597037933848,0.2133676965825924
689,TSLA,DNN,2022-09-01,2024-09-01,40,0.1755839590610941,0.1971582238714511,0.192928741030594,0.2033365079909268,0.1756680405775193
690,TSLA,DNN,2022-09-01,2024-09-01,41,0.2532147191201047,0.2533100061109851,0.2604002908684946,0.2329103171507637,0.2213068336932919
691,TSLA,DNN,2022-09-01,2024-09-01,42,0.1742888067349768,0.1922694698831039,0.1740267570365891,0.1929321628738604,0.1895590032510913
692,TSLA,DNN,2022-09-01,2024-09-01,43,0.1401424102344727,0.1502594495418517,0.1469937100254378,0.171732853631727,0.1995605703604238
693,TSLA,DNN,2022-09-01,2024-09-01,44,0.1808762879920108,0.2178988814724392,0.172208874658969,0.2050976850398543,0.1960368475949928
694,TSLA,DNN,2022-09-01,2024-09-01,45,0.1960595163965138,0.2425548399819537,0.1746192324305273,0.2324698866882081,0.1912496558647846
695,TSLA,DNN,2022-09-01,2024-09-01,46,0.1498605660333822,0.1853154238855267,0.2240967955741023,0.2401458347305143,0.2411908705577332
696,TSLA,DNN,2022-09-01,2024-09-01,47,0.1330884964588471,0.1558184957681006,0.1399906993591461,0.1751725836082681,0.2050304125041508
697,TSLA,DNN,2022-09-01,2024-09-01,48,0.153979170493684,0.1785091757794779,0.1606741077700823,0.2038332293158224,0.1877635617698277
698,TSLA,DNN,2022-09-01,2024-09-01,49,0.1745440801911678,0.196234426411164,0.1637983641406173,0.20425686291654,0.2275174941331071
699,TSLA,DNN,2022-09-01,2024-09-01,50,0.1766923919793666,0.2061076889072512,0.1820837767597986,0.2185775888218401,0.199043273254948
700,TSLA,DNN,2023-05-01,2025-05-01,1,0.3084720094531736,0.3037671549428312,0.3712361393710022,0.3321233647837159,0.2749886975530954
701,TSLA,DNN,2023-05-01,2025-05-01,2,0.2894202306101052,0.2869015072115531,0.3247040889774192,0.346238476862942,0.3015674210169173
702,TSLA,DNN,2023-05-01,2025-05-01,3,0.3572389992943393,0.3864713861628399,0.3668855420399385,0.3223183327262082,0.3037378660887289
703,TSLA,DNN,2023-05-01,2025-05-01,4,0.4138190642872271,0.3944871814951446,0.4544867899590339,0.4249955790523277,0.274074365549276
704,TSLA,DNN,2023-05-01,2025-05-01,5,0.449693608306797,0.3922472520345488,0.3811137723614387,0.3657297686848616,0.3423498498997218
705,TSLA,DNN,2023-05-01,2025-05-01,6,0.5971688196111125,0.9096791565570952,0.5394214469215891,0.5560618647196933,0.3441496510692927
706,TSLA,DNN,2023-05-01,2025-05-01,7,0.2938816806956847,0.2925484652790406,0.30935312247442,0.3207170288141569,0.2879748695093061
707,TSLA,DNN,2023-05-01,2025-05-01,8,0.3040823005819469,0.3982773894197144,0.334033726524556,0.3820390758290678,0.294579973420869
708,TSLA,DNN,2023-05-01,2025-05-01,9,0.3483319245000571,0.3408554629095693,0.3403252469692197,0.3147234192365682,0.3015952582005543
709,TSLA,DNN,2023-05-01,2025-05-01,10,0.365283359987422,0.3887388534815595,0.3219105615607892,0.3545071004516291,0.312895464978189
710,TSLA,DNN,2023-05-01,2025-05-01,11,0.5057369100702895,0.3311541790189404,0.3446763006883313,0.4056261194758524,0.313489368193114
711,TSLA,DNN,2023-05-01,2025-05-01,12,0.4433800453755734,0.4036251687192375,0.3822813064735623,0.3916914031159781,0.3279519093523261
712,TSLA,DNN,2023-05-01,2025-05-01,13,0.3284189329345621,0.3546182343719242,0.3374701730584906,0.3439082955760602,0.3230509569776121
713,TSLA,DNN,2023-05-01,2025-05-01,14,0.2274980085399355,0.2584083939597104,0.2568087770145418,0.2505233184452346,0.3155548428234516
714,TSLA,DNN,2023-05-01,2025-05-01,15,0.3294456448681155,0.3371194675057006,0.3840129549121911,0.3948084366692407,0.3051037981851615
715,TSLA,DNN,2023-05-01,2025-05-01,16,0.2949157238148758,0.2908832295500371,0.2744454267939345,0.3326448485969186,0.3233272283287665
716,TSLA,DNN,2023-05-01,2025-05-01,17,0.3590114778913958,0.4039579912599504,0.3331620605459572,0.3745975647565519,0.3294681710663827
717,TSLA,DNN,2023-05-01,2025-05-01,18,0.2766813636854907,0.3596840413615027,0.4447944655643807,0.3526741926273964,0.3098548504392642
718,TSLA,DNN,2023-05-01,2025-05-01,19,0.5504699587815107,0.6501274616353041,0.4539510430244914,0.6479547060047737,0.3334000995667197
719,TSLA,DNN,2023-05-01,2025-05-01,20,0.3391804215048698,0.3865671813879415,0.3621242034805613,0.3588900304181919,0.3159583907532908
720,TSLA,DNN,2023-05-01,2025-05-01,21,0.391203947886634,0.367064600381928,0.3544726129927593,0.3431637441221876,0.3222996173036854
721,TSLA,DNN,2023-05-01,2025-05-01,22,0.2990817177857943,0.3370743458296857,0.3525774743221747,0.3940819345228391,0.3778311033883382
722,TSLA,DNN,2023-05-01,2025-05-01,23,0.2713754025832441,0.3979630486887292,0.3131314231885454,0.3593852105328163,0.3106634310157557
723,TSLA,DNN,2023-05-01,2025-05-01,24,0.6421686332356252,0.6000491959314617,0.507172188938189,0.5714591194001839,0.2938138443063078
724,TSLA,DNN,2023-05-01,2025-05-01,25,0.4216911161215896,0.4919165707350323,0.3867849271036616,0.4772114823836864,0.324856397141993
725,TSLA,DNN,2023-05-01,2025-05-01,26,0.3241685413541263,0.346611873875854,0.284658613352976,0.2991350565732468,0.3183549334365207
726,TSLA,DNN,2023-05-01,2025-05-01,27,0.3273486371633662,0.3814129312125897,0.3525281773748371,0.3707993832316911,0.3139450616074243
727,TSLA,DNN,2023-05-01,2025-05-01,28,0.3546778059611765,0.3905435339563652,0.3251200799939552,0.3353979932523517,0.3233958694674646
728,TSLA,DNN,2023-05-01,2025-05-01,29,0.3430714173271793,0.3854662983748431,0.270983320440282,0.3428117519530272,0.2977680216195662
729,TSLA,DNN,2023-05-01,2025-05-01,30,0.3481203366883199,0.3625957157600967,0.363471811615325,0.3477036945877961,0.3084449851617582
730,TSLA,DNN,2023-05-01,2025-05-01,31,0.2947096834893533,0.3911922883923353,0.2919820880618383,0.3804672841346572,0.2999279059289836
731,TSLA,DNN,2023-05-01,2025-05-01,32,0.3616933720630236,0.3592820049466739,0.3850487770014956,0.4097317496746437,0.307084224897127
732,TSLA,DNN,2023-05-01,2025-05-01,33,0.2993704345480265,0.3030864871804994,0.2808383354015318,0.2808519803147548,0.3027318203975631
733,TSLA,DNN,2023-05-01,2025-05-01,34,0.383458998614162,0.3410620910850365,0.3509516259088877,0.3132611426190611,0.3251823799952991
734,TSLA,DNN,2023-05-01,2025-05-01,35,0.3875167747694212,0.3106272801354403,0.3295379304091491,0.3203962546703372,0.3122803931699769
735,TSLA,DNN,2023-05-01,2025-05-01,36,0.331466479313174,0.3481208058796574,0.2689223978652909,0.3075911882022832,0.3022054083989974
736,TSLA,DNN,2023-05-01,2025-05-01,37,0.3903118697100131,0.3585502151016906,0.3557627076742172,0.3825931363254329,0.3378752546127362
737,TSLA,DNN,2023-05-01,2025-05-01,38,0.6110582990608319,0.5077720401454895,0.645714977994224,0.4753425785001974,0.2888761580438023
738,TSLA,DNN,2023-05-01,2025-05-01,39,0.3312863481830597,0.3927838894397152,0.3342187746886274,0.3543515763413962,0.3091580275054774
739,TSLA,DNN,2023-05-01,2025-05-01,40,0.394323196817582,0.2977296400266802,0.4326121099195295,0.3470203496980929,0.300229593399505
740,TSLA,DNN,2023-05-01,2025-05-01,41,0.3289546373335176,0.3376168678749739,0.3370180349017283,0.3660566981039793,0.2990366464209881
741,TSLA,DNN,2023-05-01,2025-05-01,42,0.3754636074506249,0.3348651725822401,0.3544940004373442,0.3607484896003521,0.310434232532487
742,TSLA,DNN,2023-05-01,2025-05-01,43,0.3248520206042817,0.375515953279083,0.3322956628789953,0.342967050913929,0.3141976916306214
743,TSLA,DNN,2023-05-01,2025-05-01,44,0.3641173392809845,0.3299652753455104,0.3625531342832723,0.3464961642155374,0.3137219089448052
744,TSLA,DNN,2023-05-01,2025-05-01,45,0.3541522486655901,0.3210791952845481,0.3832892111995173,0.311999409188313,0.3195186766750847
745,TSLA,DNN,2023-05-01,2025-05-01,46,0.3490834289523108,0.3722784707050167,0.3044458871520721,0.3547354106142785,0.2903443897023912
746,TSLA,DNN,2023-05-01,2025-05-01,47,0.2892167798981955,0.3490178692721721,0.2866469279049823,0.3222171530437591,0.3122755583509129
747,TSLA,DNN,2023-05-01,2025-05-01,48,0.3088101821113376,0.2832526667946587,0.337223360197775,0.2999043991180933,0.321755472142553
748,TSLA,DNN,2023-05-01,2025-05-01,49,0.3072778915536814,0.3312062306492274,0.3151819659934563,0.2858133913887808,0.3123846608437379
749,TSLA,DNN,2023-05-01,2025-05-01,50,0.3995089942610413,0.4205715196965191,0.3786019791632743,0.4379926271916964,0.3101361695842717
750,TSLA,DNN,2024-01-01,2026-01-01,1,0.3001697946393919,0.2487185449848508,0.2877022620064406,0.3080263369545589,0.3335945993356361
751,TSLA,DNN,2024-01-01,2026-01-01,2,0.1999064826974556,0.2454067811450312,0.1598182463169069,0.2218632748713641,0.3581925887520699
752,TSLA,DNN,2024-01-01,2026-01-01,3,0.2585570010377712,0.2080369247876027,0.1753449886846342,0.2004022466880539,0.3239595528090228
753,TSLA,DNN,2024-01-01,2026-01-01,4,0.1869348294682312,0.1950782439822754,0.2247689870046592,0.2107586133781007,0.3134452647102088
754,TSLA,DNN,2024-01-01,2026-01-01,5,0.5500882770301905,0.5226963191889086,0.5409563660474032,0.4715685941168542,0.2795390484046969
755,TSLA,DNN,2024-01-01,2026-01-01,6,0.1799225291641945,0.1742479722655232,0.2243219722824446,0.2123917808062454,0.4514610543446016
756,TSLA,DNN,2024-01-01,2026-01-01,7,0.1707322704167945,0.134280924843499,0.250555697525773,0.1531075732397756,0.3454977545540641
757,TSLA,DNN,2024-01-01,2026-01-01,8,0.4071697103103913,0.4089894558796106,0.4891940937881517,0.3760353810618397,0.2783509626717758
758,TSLA,DNN,2024-01-01,2026-01-01,9,0.1673854725313667,0.1463828108094141,0.1183493632899528,0.1842016694945946,0.3262065834550643
759,TSLA,DNN,2024-01-01,2026-01-01,10,0.244133234775953,0.2535952254404722,0.2574696383819996,0.4079380117786264,0.3353903698664692
760,TSLA,DNN,2024-01-01,2026-01-01,11,0.2387986280832884,0.1800585913533824,0.2918902064151737,0.2196037076376369,0.3018764572244727
761,TSLA,DNN,2024-01-01,2026-01-01,12,0.1925262699275551,0.2128638645689849,0.1954840969154361,0.1919453549208089,0.3358867277129976
762,TSLA,DNN,2024-01-01,2026-01-01,13,0.191681977223317,0.1649586612617091,0.1758602024697174,0.17687378575357,0.3477136214836903
763,TSLA,DNN,2024-01-01,2026-01-01,14,0.3029536326173027,0.3912336008887577,0.1177146723361782,0.1915903555928034,0.4493117184944397
764,TSLA,DNN,2024-01-01,2026-01-01,15,0.1746348060052867,0.1747002017278022,0.17109904235807,0.1765860266013536,0.3331414004944625
765,TSLA,DNN,2024-01-01,2026-01-01,16,0.7451889092372502,0.6464356442795227,0.5571365974517748,0.4800756256025147,0.2981750994467496
766,TSLA,DNN,2024-01-01,2026-01-01,17,0.1472589761142524,0.1550758992014319,0.1139290230575821,0.150565618060472,0.3571000634855186
767,TSLA,DNN,2024-01-01,2026-01-01,18,0.2617962473234611,0.182660275985701,0.2488704280249339,0.1885571173772323,0.4421066168482439
768,TSLA,DNN,2024-01-01,2026-01-01,19,0.2364235648864459,0.2369797456020801,0.1913020179321245,0.2121261893201949,0.2939452468108611
769,TSLA,DNN,2024-01-01,2026-01-01,20,0.1950969623240905,0.1594463020307759,0.2156809083448407,0.2463710080840656,0.3190342553094292
770,TSLA,DNN,2024-01-01,2026-01-01,21,0.173455798948204,0.1793876174326293,0.1412055841257384,0.1834669345926005,0.3372990904275619
771,TSLA,DNN,2024-01-01,2026-01-01,22,0.1411173113973356,0.1820246399784557,0.1588034361155543,0.1926446073960043,0.3401984045158212
772,TSLA,DNN,2024-01-01,2026-01-01,23,0.5970007674994735,0.5601613160399447,0.3601939903203287,0.3466513879638749,0.3596463569039527
773,TSLA,DNN,2024-01-01,2026-01-01,24,0.2589105950067566,0.2237707002059114,0.277977793253176,0.2385999579916301,0.366611434288941
774,TSLA,DNN,2024-01-01,2026-01-01,25,0.3192246414647947,0.3118518508770198,0.1476735690372901,0.2700264957409814,0.3100425490870149
775,TSLA,DNN,2024-01-01,2026-01-01,26,0.3182835844731957,0.2204563157603364,0.3130859536530324,0.3330822078324226,0.342984244227819
776,TSLA,DNN,2024-01-01,2026-01-01,27,0.1418822510878806,0.1399080565320325,0.1643106616565066,0.1736058180432607,0.3202951399603993
777,TSLA,DNN,2024-01-01,2026-01-01,28,0.2087135664858089,0.2324494376087867,0.1757329735268065,0.2157615898904413,0.338633214521978
778,TSLA,DNN,2024-01-01,2026-01-01,29,0.3808252768241014,0.3739621474169471,0.4058927900021553,0.4163655473729856,0.3975929457941918
779,TSLA,DNN,2024-01-01,2026-01-01,30,0.2089322239189973,0.2485553925333276,0.2657029176468431,0.2253607293125645,0.3403465953815637
780,TSLA,DNN,2024-01-01,2026-01-01,31,0.4101775561815354,0.5130781120046715,0.2227598755486469,0.3314807846576626,0.3746545084190564
781,TSLA,DNN,2024-01-01,2026-01-01,32,0.6685570583191264,0.2689965705330757,0.4170777264587083,0.4689740211246186,0.3044479897715049
782,TSLA,DNN,2024-01-01,2026-01-01,33,0.2405320084263867,0.163770926788527,0.2293895311827535,0.2293060441903178,0.3714283178741742
783,TSLA,DNN,2024-01-01,2026-01-01,34,0.1958801395246727,0.156528382905875,0.1768407795626959,0.1960458753025584,0.2829725104760023
784,TSLA,DNN,2024-01-01,2026-01-01,35,0.2018474662961885,0.1971255926660683,0.1941478233812667,0.1990839688533504,0.3496452931322831
785,TSLA,DNN,2024-01-01,2026-01-01,36,0.2119322350376891,0.1703841305335513,0.2256972447940044,0.1919631391740267,0.3045158416186974
786,TSLA,DNN,2024-01-01,2026-01-01,37,0.4573499655893775,0.2373589800020782,0.3274713550783883,0.2445410213095348,0.3687109748008093
787,TSLA,DNN,2024-01-01,2026-01-01,38,0.217132652134377,0.2333604941110875,0.1529003865405268,0.2266737851470911,0.3696439727776481
788,TSLA,DNN,2024-01-01,2026-01-01,39,0.4297195767625392,0.3264267158756914,0.2067753669809984,0.232326850914395,0.3579987304389898
789,TSLA,DNN,2024-01-01,2026-01-01,40,0.3695657259928492,0.2391496758563138,0.215976193290696,0.2033452728225702,0.3142946710630554
790,TSLA,DNN,2024-01-01,2026-01-01,41,0.3069731698508148,0.2445408563012023,0.2191709454426886,0.2737842254349576,0.3557130017837234
791,TSLA,DNN,2024-01-01,2026-01-01,42,0.2978889001381868,0.1575376526655756,0.2251736543607571,0.2596640845651921,0.3547147444169836
792,TSLA,DNN,2024-01-01,2026-01-01,43,0.2414496674012786,0.2649405018482857,0.2168324375554022,0.2183759439005813,0.3587148612586587
793,TSLA,DNN,2024-01-01,2026-01-01,44,0.4360868386948847,0.4377301877297995,0.3081789373450503,0.3939975131930002,0.3837026740886737
794,TSLA,DNN,2024-01-01,2026-01-01,45,0.1802018289478791,0.192010889335102,0.231430874604161,0.2384198384721469,0.329732705103346
795,TSLA,DNN,2024-01-01,2026-01-01,46,0.3707443310722773,0.2287142295690316,0.3491912637641048,0.3042640861185161,0.3528868774880125
796,TSLA,DNN,2024-01-01,2026-01-01,47,0.19718758244622,0.2402683386154781,0.1705988969603767,0.2332876879233897,0.2962269352886367
797,TSLA,DNN,2024-01-01,2026-01-01,48,0.2841290169762397,0.187359306699176,0.3337638316729228,0.2814130490364782,0.2957670343418003
798,TSLA,DNN,2024-01-01,2026-01-01,49,0.2280493494407952,0.2293380850734819,0.2633037884994909,0.2106275537758185,0.3876454854188244
799,TSLA,DNN,2024-01-01,2026-01-01,50,0.2470546671513435,0.2260998480237534,0.2037459419663708,0.2094672896062054,0.3382046386769267
800,CNQ_TO,DNN,2022-01-01,2024-01-01,1,0.748505999450325,0.3104216839504218,0.3017646764205959,0.4006950937327132,0.2075116821687267
801,CNQ_TO,DNN,2022-01-01,2024-01-01,2,0.5754813119422616,0.4162628308029464,0.3509274482081942,0.6120010648089063,0.241449541408885
802,CNQ_TO,DNN,2022-01-01,2024-01-01,3,0.8345041119088836,0.3728661618872393,0.8742556294977211,0.3752944767179499,0.2460302274345334
803,CNQ_TO,DNN,2022-01-01,2024-01-01,4,0.6962235001455249,0.5120245320534134,0.3316347010900353,0.5945430132932256,0.2086592134156388
804,CNQ_TO,DNN,2022-01-01,2024-01-01,5,0.3572773443861871,0.5203429159897497,0.5642670043999061,0.5679246554633769,0.2350830736628639
805,CNQ_TO,DNN,2022-01-01,2024-01-01,6,0.3064950159178974,0.2457139385661649,0.4403249711345636,0.416860404025729,0.2168720614063359
806,CNQ_TO,DNN,2022-01-01,2024-01-01,7,0.2483417918130373,0.2797273722988085,0.3199366321384082,0.2676371616011377,0.2190470715600393
807,CNQ_TO,DNN,2022-01-01,2024-01-01,8,0.5960826966420003,0.4997055180349263,0.5687060535156331,0.4546196698181483,0.2323555617625802
808,CNQ_TO,DNN,2022-01-01,2024-01-01,9,0.4118864265529496,0.3684349673617377,0.3497795797115841,0.5684249956273342,0.2343473228084848
809,CNQ_TO,DNN,2022-01-01,2024-01-01,10,0.416771290957293,0.4744915091130814,0.4128467924612188,0.4078971801591652,0.2393390273813546
810,CNQ_TO,DNN,2022-01-01,2024-01-01,11,0.6371669093121363,0.5521872187626198,0.4980724799945872,0.7267469253047115,0.2230989817155742
811,CNQ_TO,DNN,2022-01-01,2024-01-01,12,0.2837315379817383,0.2918802422786866,0.2706750126226375,0.3933057524167002,0.2373031503296535
812,CNQ_TO,DNN,2022-01-01,2024-01-01,13,0.324141233409935,0.2823756008561263,0.2873042790647884,0.38877359921269,0.2404302714332438
813,CNQ_TO,DNN,2022-01-01,2024-01-01,14,0.3266382270290296,0.3190088880439182,0.2784300671359606,0.3011648399539048,0.2292599279412927
814,CNQ_TO,DNN,2022-01-01,2024-01-01,15,1.0555285860333277,0.668431374965902,0.5130051892026168,0.8074644010066584,0.2166068430115671
815,CNQ_TO,DNN,2022-01-01,2024-01-01,16,0.5996366353500943,0.6492069259915806,0.5273943102861699,0.5469192023902959,0.2361162229835691
816,CNQ_TO,DNN,2022-01-01,2024-01-01,17,0.3078703039284358,0.2540476036371022,0.2924356221650133,0.3258519439325719,0.2342003630923126
817,CNQ_TO,DNN,2022-01-01,2024-01-01,18,0.4004156811904829,0.2869965100267068,0.306356239771439,0.3735033811206826,0.2338213274340521
818,CNQ_TO,DNN,2022-01-01,2024-01-01,19,0.4462734664154478,0.2943250755575044,0.2542011881931494,0.2829391695849867,0.2388418365770722
819,CNQ_TO,DNN,2022-01-01,2024-01-01,20,0.386045109779871,0.3067521907737028,0.3005941486679674,0.3532407575474809,0.2274504776871108
820,CNQ_TO,DNN,2022-01-01,2024-01-01,21,0.2956092264252762,0.3388269835234512,0.4815964470269744,0.5107738177076135,0.2444985133957146
821,CNQ_TO,DNN,2022-01-01,2024-01-01,22,0.5103579301212617,0.3036074532898892,0.3777019812709343,0.3955436465572512,0.2353398350786898
822,CNQ_TO,DNN,2022-01-01,2024-01-01,23,0.5672522446911292,0.6161218500513422,0.5919199859035869,0.705844139225845,0.2216208729609411
823,CNQ_TO,DNN,2022-01-01,2024-01-01,24,0.3388238768237877,0.3182044320123514,0.3215239159756085,0.3654311331695332,0.2224361616443969
824,CNQ_TO,DNN,2022-01-01,2024-01-01,25,0.3099273062375803,0.2846501790427037,0.3058334040211626,0.5075127430100356,0.2359421844782928
825,CNQ_TO,DNN,2022-01-01,2024-01-01,26,0.4878755452599945,0.3633714814445127,0.3405631412598555,0.403800070565443,0.2326245059699585
826,CNQ_TO,DNN,2022-01-01,2024-01-01,27,0.6226602482801632,0.3051692787568873,0.4908469494434499,0.4036054599021242,0.2202204940879928
827,CNQ_TO,DNN,2022-01-01,2024-01-01,28,0.3620602351580576,0.3163446915471797,0.3683123313992612,0.3477357909151455,0.2281850246514417
828,CNQ_TO,DNN,2022-01-01,2024-01-01,29,0.2587832236182936,0.2712663272514984,0.3134176816226168,0.3089701510792618,0.2235998976691293
829,CNQ_TO,DNN,2022-01-01,2024-01-01,30,0.2796745010587732,0.2694214953391556,0.2863248428200945,0.352683390313326,0.2398979974256858
830,CNQ_TO,DNN,2022-01-01,2024-01-01,31,0.3524598242255787,0.3374362153422917,0.3814987141462023,0.3789759277234925,0.2353701815167977
831,CNQ_TO,DNN,2022-01-01,2024-01-01,32,1.2071006100388415,0.6227767334833111,0.5536726133847212,0.9459846198263768,0.2154343250368113
832,CNQ_TO,DNN,2022-01-01,2024-01-01,33,0.9771643473818749,0.3320815261745778,0.5194932923868837,0.5042086249125647,0.2412301303510547
833,CNQ_TO,DNN,2022-01-01,2024-01-01,34,0.4180208217816567,0.373270796787536,0.3320330865547334,0.4887868778899015,0.2580561959169468
834,CNQ_TO,DNN,2022-01-01,2024-01-01,35,0.2748666662258352,0.3351844511060601,0.4317413524022787,0.3694722913929024,0.230715989430283
835,CNQ_TO,DNN,2022-01-01,2024-01-01,36,0.6686566949589479,0.3115450135476632,0.4071152739542694,0.5319130753073275,0.2366385933246113
836,CNQ_TO,DNN,2022-01-01,2024-01-01,37,0.3920548395396759,0.3924084278923448,0.3765830364775817,0.4292880996511579,0.2492362658978674
837,CNQ_TO,DNN,2022-01-01,2024-01-01,38,0.6508065606085172,0.50879268701734,0.5394230284596911,0.5345864207861423,0.2275801918878337
838,CNQ_TO,DNN,2022-01-01,2024-01-01,39,0.3753460657472188,0.3856947550335275,0.5773202329105575,0.5014813484314553,0.2283636612947817
839,CNQ_TO,DNN,2022-01-01,2024-01-01,40,0.489666616783237,0.4080626745938973,0.6553466321399893,0.5121205608390326,0.2380083677128182
840,CNQ_TO,DNN,2022-01-01,2024-01-01,41,0.6267395750091582,0.4218546916160021,0.2741995146236774,0.4481871623298021,0.2086313921158662
841,CNQ_TO,DNN,2022-01-01,2024-01-01,42,0.4449366927812799,0.4105275119041736,0.4879926022337554,0.6346689321929875,0.252023813814796
842,CNQ_TO,DNN,2022-01-01,2024-01-01,43,0.5090482444222583,0.6004055824699621,0.541830372539534,0.5140399133340708,0.2326775769991295
843,CNQ_TO,DNN,2022-01-01,2024-01-01,44,0.3537845010158015,0.2921661064996033,0.3187806430679762,0.3769968758010147,0.2354426145625108
844,CNQ_TO,DNN,2022-01-01,2024-01-01,45,0.3590008269448253,0.4242341162672672,0.3630917177225066,0.481915655720484,0.2324129104212519
845,CNQ_TO,DNN,2022-01-01,2024-01-01,46,0.461704339718507,0.4586166866125989,0.4417413841284621,0.6290206260904366,0.2250315520421686
846,CNQ_TO,DNN,2022-01-01,2024-01-01,47,0.272735065029747,0.3355199441745156,0.3651441278938897,0.3815036500295605,0.2320368553223688
847,CNQ_TO,DNN,2022-01-01,2024-01-01,48,0.5137960612011433,0.4187550391905917,0.3733871421960583,0.3410284085746756,0.2218581135531317
848,CNQ_TO,DNN,2022-01-01,2024-01-01,49,0.9127227159644872,0.3433779259359727,0.7321460686343244,0.472422536430792,0.2244297903590412
849,CNQ_TO,DNN,2022-01-01,2024-01-01,50,0.3805501810717907,0.387437268359642,0.460874052871737,0.4124087113829708,0.2308863742503843
850,CNQ_TO,DNN,2022-09-01,2024-09-01,1,0.527281023722165,0.3243362731841978,0.4756731177567209,0.3847055899900806,0.3051600615228538
851,CNQ_TO,DNN,2022-09-01,2024-09-01,2,0.4226110332386518,0.4718778530332899,0.3353968205469164,0.4862466658924487,0.3151405014876972
852,CNQ_TO,DNN,2022-09-01,2024-09-01,3,0.3481690198940934,0.3679527053500952,0.3299334955791585,0.3542216572703722,0.297090532165268
853,CNQ_TO,DNN,2022-09-01,2024-09-01,4,0.2761054947043395,0.3535821436588188,0.2851627829000184,0.3914128876612425,0.2978623356293464
854,CNQ_TO,DNN,2022-09-01,2024-09-01,5,0.3320924328826841,0.5013008572343166,0.3899372368649236,0.4494503898903478,0.3233772485628617
855,CNQ_TO,DNN,2022-09-01,2024-09-01,6,0.2680953529653094,0.2591486751920734,0.2387057486675277,0.4558681383340505,0.2931018051442305
856,CNQ_TO,DNN,2022-09-01,2024-09-01,7,0.3088090643693298,0.3629958846021559,0.2980583992575605,0.3274132912489942,0.2933262664693611
857,CNQ_TO,DNN,2022-09-01,2024-09-01,8,0.2549549668281003,0.2862253633449936,0.2568283343638283,0.3405852673666361,0.3034911896418154
858,CNQ_TO,DNN,2022-09-01,2024-09-01,9,0.4838241376598096,0.6631022190370093,0.5980386828923824,0.5952690776599332,0.3179154381737
859,CNQ_TO,DNN,2022-09-01,2024-09-01,10,0.2765946295084033,0.4326456501502126,0.346324572292167,0.4582893536343632,0.2977262207975978
860,CNQ_TO,DNN,2022-09-01,2024-09-01,11,0.350565532185329,0.3899159280399024,0.2924079513686445,0.4169784178014767,0.3075655685004173
861,CNQ_TO,DNN,2022-09-01,2024-09-01,12,0.315042364411534,0.5231605511116351,0.3360486669883504,0.518153695965666,0.2984731691809384
862,CNQ_TO,DNN,2022-09-01,2024-09-01,13,0.3631206629723912,0.3995809515783515,0.3329728999024481,0.4313731626636888,0.3188068568347791
863,CNQ_TO,DNN,2022-09-01,2024-09-01,14,0.2845473759422304,0.3948662726053216,0.4302702377969982,0.4038462567958015,0.3014488680720983
864,CNQ_TO,DNN,2022-09-01,2024-09-01,15,0.3938880299605725,0.4844825956145543,0.3822697535109404,0.4323239875119281,0.2749924330546606
865,CNQ_TO,DNN,2022-09-01,2024-09-01,16,0.2320472260048382,0.4089519314804565,0.4704411878130762,0.434270904973449,0.2994579511165803
866,CNQ_TO,DNN,2022-09-01,2024-09-01,17,0.3926316656043943,0.3506070955584434,0.3105210599970493,0.3534337213573821,0.3014452130692229
867,CNQ_TO,DNN,2022-09-01,2024-09-01,18,0.386209644061104,0.6355666864644633,0.4468140918141444,0.5578704133857609,0.2865346502510038
868,CNQ_TO,DNN,2022-09-01,2024-09-01,19,0.391230878314376,0.3445600186999815,0.3007575385446895,0.3157245663022182,0.2897942162536074
869,CNQ_TO,DNN,2022-09-01,2024-09-01,20,0.3840475734686946,0.2797099160729491,0.2615586924015622,0.4452536061426719,0.2991359284963714
870,CNQ_TO,DNN,2022-09-01,2024-09-01,21,0.3645298618694711,0.3925101449928422,0.3429978069058286,0.3640427968006847,0.3028625939698417
871,CNQ_TO,DNN,2022-09-01,2024-09-01,22,0.4419189741219722,0.6828576331349596,0.4812694688787975,0.6809034778962658,0.3106927296103959
872,CNQ_TO,DNN,2022-09-01,2024-09-01,23,0.3017638384481949,0.3636229209147712,0.230352496946423,0.3256138837363304,0.2826321351358862
873,CNQ_TO,DNN,2022-09-01,2024-09-01,24,0.3113509184082506,0.4693302354159989,0.4453749371419083,0.5031898630181337,0.290951490267777
874,CNQ_TO,DNN,2022-09-01,2024-09-01,25,0.3820116145102416,0.3549731256957263,0.3217705389838322,0.4081771677673304,0.3192961208338563
875,CNQ_TO,DNN,2022-09-01,2024-09-01,26,0.4252118825950959,0.3893770783261929,0.3047571377066249,0.4164538508252696,0.3167484464728692
876,CNQ_TO,DNN,2022-09-01,2024-09-01,27,0.2395356846735971,0.3518571061972131,0.3285843094139108,0.3538052946501274,0.2951678631031671
877,CNQ_TO,DNN,2022-09-01,2024-09-01,28,0.2591778221958734,0.3429894856972273,0.304434956711116,0.327558734789204,0.3123334587834936
878,CNQ_TO,DNN,2022-09-01,2024-09-01,29,0.2855925031883136,0.5616551267367356,0.5517698690031575,0.3617370547685054,0.2890888134582191
879,CNQ_TO,DNN,2022-09-01,2024-09-01,30,0.2689338528679703,0.3631155625265998,0.3675409786461157,0.4575739451292675,0.3164283083034606
880,CNQ_TO,DNN,2022-09-01,2024-09-01,31,0.4535244167171479,0.6921947242666172,0.6711025434341076,0.6278061671852441,0.3345453150584768
881,CNQ_TO,DNN,2022-09-01,2024-09-01,32,0.3159460335075032,0.4153818301583467,0.3571067405214109,0.4719556240085271,0.3004407337441627
882,CNQ_TO,DNN,2022-09-01,2024-09-01,33,0.2725340983660776,0.4143250599199667,0.2864463142216482,0.3493721377073499,0.3059354538223761
883,CNQ_TO,DNN,2022-09-01,2024-09-01,34,0.3176132629197796,0.4018228444446037,0.4240754304528641,0.3871174966503578,0.3116265889457733
884,CNQ_TO,DNN,2022-09-01,2024-09-01,35,0.2685824775601275,0.3558080756844591,0.4375768205765075,0.3789051816215182,0.3156761073746598
885,CNQ_TO,DNN,2022-09-01,2024-09-01,36,0.2226179684993419,0.331456404367228,0.3244575639644733,0.4099783648279986,0.2935590885243933
886,CNQ_TO,DNN,2022-09-01,2024-09-01,37,0.5507797979870254,0.6641466509305369,0.5859553240391211,0.8073224239496948,0.3245903543296733
887,CNQ_TO,DNN,2022-09-01,2024-09-01,38,0.5605123035057937,0.5313832473997093,0.755957858730806,0.6988973358542261,0.3076645352864612
888,CNQ_TO,DNN,2022-09-01,2024-09-01,39,0.355782656934034,0.4927912154732606,0.4193803437792517,0.4009834371923813,0.2892300769754038
889,CNQ_TO,DNN,2022-09-01,2024-09-01,40,0.244402756281182,0.3589500934844908,0.2251694993124746,0.2796658723310225,0.3257886693644917
890,CNQ_TO,DNN,2022-09-01,2024-09-01,41,0.3246864296763113,0.3206808415593529,0.3184306135967396,0.3162685776822,0.2884498476480389
891,CNQ_TO,DNN,2022-09-01,2024-09-01,42,0.2720730993078704,0.3591950217044994,0.2931733170787016,0.3956483373858149,0.3100851794654102
892,CNQ_TO,DNN,2022-09-01,2024-09-01,43,0.3331910324809529,0.3977154362868703,0.3175049534430936,0.3960456564540053,0.3105918384458441
893,CNQ_TO,DNN,2022-09-01,2024-09-01,44,0.2131923658406883,0.3391359339069926,0.241014021033217,0.2779188714544618,0.3101890926999276
894,CNQ_TO,DNN,2022-09-01,2024-09-01,45,0.3139382117691859,0.3446857931036239,0.2564753831030615,0.3491918685629815,0.3081244249817255
895,CNQ_TO,DNN,2022-09-01,2024-09-01,46,0.3603256121325683,0.412600201008674,0.3746690381426411,0.3932044114988171,0.2968189075148649
896,CNQ_TO,DNN,2022-09-01,2024-09-01,47,0.237944172788968,0.294619940853848,0.2327200563085452,0.2795204768351451,0.3093050558732099
897,CNQ_TO,DNN,2022-09-01,2024-09-01,48,0.3828236304219748,0.3371858859822434,0.3294816488164991,0.6778373662734231,0.3106638111946449
898,CNQ_TO,DNN,2022-09-01,2024-09-01,49,0.3461034504146842,0.5560909169630378,0.3656229292664908,0.3969943579925943,0.3071699572409254
899,CNQ_TO,DNN,2022-09-01,2024-09-01,50,0.2932401287258473,0.465903071681318,0.7763414421666194,0.7256612510651218,0.3109498007371243
900,CNQ_TO,DNN,2023-05-01,2025-05-01,1,0.1339804958552163,0.1579939916290466,0.1721877279523175,0.1794994312675083,0.2004727547560506
901,CNQ_TO,DNN,2023-05-01,2025-05-01,2,0.2013948629379358,0.2226898314573835,0.2443227250386126,0.2667116727552409,0.2099506342164185
902,CNQ_TO,DNN,2023-05-01,2025-05-01,3,0.1295756425476744,0.1593155094949284,0.155433570854148,0.1641372168972021,0.2114305863521401
903,CNQ_TO,DNN,2023-05-01,2025-05-01,4,0.1832360710675008,0.20492094710456,0.2153235820163971,0.2170453229918029,0.2132655406716335
904,CNQ_TO,DNN,2023-05-01,2025-05-01,5,0.2209364097949869,0.2704083720365255,0.2624377761184403,0.2595263212979385,0.2123831853693045
905,CNQ_TO,DNN,2023-05-01,2025-05-01,6,0.2090210412114067,0.2825518227801654,0.2422236065935405,0.2625741456223252,0.2137570290764301
906,CNQ_TO,DNN,2023-05-01,2025-05-01,7,0.2439225779272238,0.2367717583851099,0.3033396921097925,0.2903659633378125,0.2155418305734112
907,CNQ_TO,DNN,2023-05-01,2025-05-01,8,0.1463215085441185,0.1343185117235085,0.1576590238005241,0.1492995361984211,0.2147511383765364
908,CNQ_TO,DNN,2023-05-01,2025-05-01,9,0.1418781163402044,0.1762474517981153,0.1815451517417763,0.1956972828331382,0.2168199226346897
909,CNQ_TO,DNN,2023-05-01,2025-05-01,10,0.1898527464117368,0.2108230562961689,0.2032569553375115,0.2225925787052685,0.2163775872034144
910,CNQ_TO,DNN,2023-05-01,2025-05-01,11,0.1927048543657295,0.2226856283047877,0.2065095978991754,0.2036225156154187,0.2099401751641624
911,CNQ_TO,DNN,2023-05-01,2025-05-01,12,0.200313320453733,0.2328474536596876,0.2447998141772973,0.2441427852178663,0.2145673070424533
912,CNQ_TO,DNN,2023-05-01,2025-05-01,13,0.1820236718261633,0.2039799008047424,0.1916384837088,0.2094863920179559,0.2094746210540696
913,CNQ_TO,DNN,2023-05-01,2025-05-01,14,0.1691072601574318,0.2244211078481097,0.2298503932566865,0.2393345251750545,0.2037330726137826
914,CNQ_TO,DNN,2023-05-01,2025-05-01,15,0.2154733981848521,0.2697992631681678,0.2262123046221746,0.2436998850341505,0.2041231673127711
915,CNQ_TO,DNN,2023-05-01,2025-05-01,16,0.2152740453080708,0.2293732784779192,0.2581417333005476,0.2698620530205526,0.2078058989130487
916,CNQ_TO,DNN,2023-05-01,2025-05-01,17,0.1839250037774528,0.1912015687273707,0.2444666793034644,0.1996147189209751,0.1968129990384818
917,CNQ_TO,DNN,2023-05-01,2025-05-01,18,0.1463214030007611,0.1852428406620188,0.1977688073804765,0.202783663623626,0.209987688185155
918,CNQ_TO,DNN,2023-05-01,2025-05-01,19,0.1665987237659729,0.2358523068873981,0.2391685882276509,0.288043193570914,0.2010835134845627
919,CNQ_TO,DNN,2023-05-01,2025-05-01,20,0.149234673325791,0.1862621184986257,0.2111974355338078,0.2162614108523449,0.2191014184772289
920,CNQ_TO,DNN,2023-05-01,2025-05-01,21,0.1738773485332875,0.1651262261735541,0.2287027178351616,0.2235542481564899,0.2128043272559564
921,CNQ_TO,DNN,2023-05-01,2025-05-01,22,0.2034381780485878,0.1649931679744808,0.183453242943019,0.2136519428837974,0.2003114521779316
922,CNQ_TO,DNN,2023-05-01,2025-05-01,23,0.175331695957777,0.219256104345453,0.1585080981872063,0.2191876287100889,0.2105710880834349
923,CNQ_TO,DNN,2023-05-01,2025-05-01,24,0.1607411734203774,0.2288803817497407,0.1837346068168886,0.1815206410621623,0.2203614091399126
924,CNQ_TO,DNN,2023-05-01,2025-05-01,25,0.168531773788036,0.1808693251217336,0.1904461710720567,0.215078844564977,0.2000743886014087
925,CNQ_TO,DNN,2023-05-01,2025-05-01,26,0.1960504619358007,0.2331295161780333,0.1872245361697035,0.2053328895795203,0.2103828079595524
926,CNQ_TO,DNN,2023-05-01,2025-05-01,27,0.1483613396354904,0.1670973872682275,0.1871845605305918,0.1902076220387583,0.2158729694842696
927,CNQ_TO,DNN,2023-05-01,2025-05-01,28,0.2036980533860444,0.2204900528599196,0.2613901753305155,0.2393054010910708,0.213528629346193
928,CNQ_TO,DNN,2023-05-01,2025-05-01,29,0.1723517661577474,0.1835122953282864,0.1921771038968656,0.244315033741985,0.2045569578108642
929,CNQ_TO,DNN,2023-05-01,2025-05-01,30,0.2201904480631634,0.2031284810361333,0.2453131258616883,0.2605621817474991,0.2075791145494765
930,CNQ_TO,DNN,2023-05-01,2025-05-01,31,0.1423746035361055,0.1760254789177451,0.1697759415510538,0.1939520448806372,0.196830961843788
931,CNQ_TO,DNN,2023-05-01,2025-05-01,32,0.1585729242420369,0.154992728351972,0.1808670827614299,0.1959897231279932,0.2052292332853252
932,CNQ_TO,DNN,2023-05-01,2025-05-01,33,0.2417540892072834,0.2615855167806351,0.2923800308660161,0.2782194170857754,0.2160211598183399
933,CNQ_TO,DNN,2023-05-01,2025-05-01,34,0.2472340008237587,0.1414818755735524,0.2037935894938863,0.1981263490964797,0.2077410272276364
934,CNQ_TO,DNN,2023-05-01,2025-05-01,35,0.1951342480282626,0.1811009966271928,0.1901866433177651,0.2270206355860782,0.2069975641757416
935,CNQ_TO,DNN,2023-05-01,2025-05-01,36,0.1673970834356454,0.188335218447533,0.2055492580466705,0.1877020389534752,0.2141305002790677
936,CNQ_TO,DNN,2023-05-01,2025-05-01,37,0.156871454460011,0.172136052431973,0.170789869104541,0.1814885073185901,0.2162929999569619
937,CNQ_TO,DNN,2023-05-01,2025-05-01,38,0.1581859850093221,0.2037365329064564,0.1934736828609459,0.2332821183045147,0.2125877700990857
938,CNQ_TO,DNN,2023-05-01,2025-05-01,39,0.2433466684992792,0.2348376641951099,0.2437742256230796,0.2425296287035606,0.2011733337205775
939,CNQ_TO,DNN,2023-05-01,2025-05-01,40,0.1835869398805675,0.1837198482362551,0.2152219181138297,0.2116328306529113,0.2060016638507841
940,CNQ_TO,DNN,2023-05-01,2025-05-01,41,0.2208141232157052,0.212000067414737,0.2109134725240526,0.2209333063619269,0.2051425396613877
941,CNQ_TO,DNN,2023-05-01,2025-05-01,42,0.1745193955518023,0.1590010512158761,0.2024965402704227,0.1897331508843627,0.2042571601171102
942,CNQ_TO,DNN,2023-05-01,2025-05-01,43,0.1547097568550385,0.2074836017738114,0.1983238195462622,0.2075982211656874,0.2105768021509135
943,CNQ_TO,DNN,2023-05-01,2025-05-01,44,0.1422357621916111,0.1313735313845631,0.1821378730777323,0.1575637705329992,0.208200396015366
944,CNQ_TO,DNN,2023-05-01,2025-05-01,45,0.2466927146951711,0.2214407241070546,0.1939513264369742,0.2143698922110099,0.2197348041916449
945,CNQ_TO,DNN,2023-05-01,2025-05-01,46,0.1641211689839096,0.1777819407616363,0.2136699039840346,0.2052561184282924,0.2181069958700087
946,CNQ_TO,DNN,2023-05-01,2025-05-01,47,0.2027749650848433,0.1666851298167726,0.2232276330137429,0.198402364633791,0.2134392808180119
947,CNQ_TO,DNN,2023-05-01,2025-05-01,48,0.2031948524890713,0.2244171516506029,0.2251167080287383,0.2466451542504677,0.2091229606199906
948,CNQ_TO,DNN,2023-05-01,2025-05-01,49,0.1697149974229861,0.1548567146159373,0.1808837860180578,0.2061398788332986,0.2051492134011036
949,CNQ_TO,DNN,2023-05-01,2025-05-01,50,0.1670750872929768,0.1987720950647797,0.236588934650519,0.2085131127995495,0.2204595613406317
950,CNQ_TO,DNN,2024-01-01,2026-01-01,1,0.2766223405286098,0.2332727430449914,0.2209070915486406,0.2785736385782076,0.2564524028269234
951,CNQ_TO,DNN,2024-01-01,2026-01-01,2,0.3383237819587764,0.2167132287127861,0.2545091171118253,0.2554883743158362,0.2829121918139067
952,CNQ_TO,DNN,2024-01-01,2026-01-01,3,0.270269833571664,0.2229430004926365,0.2887501267100248,0.2293398336274967,0.2728611900377221
953,CNQ_TO,DNN,2024-01-01,2026-01-01,4,0.3634067354226411,0.2383252049809697,0.194692470200282,0.2504515437544241,0.2763198653189218
954,CNQ_TO,DNN,2024-01-01,2026-01-01,5,0.238500926843482,0.2666796576313116,0.2455189292295859,0.2527592920923286,0.2957897626651283
955,CNQ_TO,DNN,2024-01-01,2026-01-01,6,0.2497473429921382,0.1592008463262547,0.2124086191578277,0.2579026791594523,0.2574068343886961
956,CNQ_TO,DNN,2024-01-01,2026-01-01,7,0.2706292746792101,0.1858323175714062,0.2632411403606191,0.2786220973251119,0.2393758320102712
957,CNQ_TO,DNN,2024-01-01,2026-01-01,8,0.3048974465501779,0.2817320017167014,0.4697135044923704,0.3690308781650758,0.2883249516643894
958,CNQ_TO,DNN,2024-01-01,2026-01-01,9,0.1958721211697379,0.2184027818145562,0.2259231160302013,0.2482156703053736,0.2990756929412065
959,CNQ_TO,DNN,2024-01-01,2026-01-01,10,0.3764333381282922,0.1881201402734156,0.2025634055309246,0.2885334977752044,0.2634311106717662
960,CNQ_TO,DNN,2024-01-01,2026-01-01,11,0.1767451631410089,0.18253604776466,0.2410524088282704,0.2185313994212164,0.2913512837510731
961,CNQ_TO,DNN,2024-01-01,2026-01-01,12,0.2340664342578169,0.2038782021251739,0.1941097091806056,0.2391620653593387,0.2849754521202461
962,CNQ_TO,DNN,2024-01-01,2026-01-01,13,0.3100828148522264,0.2624691735019092,0.2922296155125187,0.2773661560315582,0.2892656382691979
963,CNQ_TO,DNN,2024-01-01,2026-01-01,14,0.3411053045630348,0.2195417489650694,0.2230144261667148,0.3080598016567035,0.2698308611844033
964,CNQ_TO,DNN,2024-01-01,2026-01-01,15,0.2631552832143203,0.2402842163884464,0.3176620195020535,0.2520024451277869,0.2770855520546961
965,CNQ_TO,DNN,2024-01-01,2026-01-01,16,0.3229364035168856,0.287822330316226,0.1974962908893608,0.2458831083932107,0.2605005397728557
966,CNQ_TO,DNN,2024-01-01,2026-01-01,17,0.2701112879113899,0.2014126534482061,0.2434418816343066,0.2627986268871424,0.309889347416533
967,CNQ_TO,DNN,2024-01-01,2026-01-01,18,0.2112793366641418,0.2142767696129826,0.2255570052188551,0.2478441063460747,0.2663833599830529
968,CNQ_TO,DNN,2024-01-01,2026-01-01,19,0.3965038080667671,0.2729959657986193,0.2653254719261282,0.2445371765770801,0.2931054717575859
969,CNQ_TO,DNN,2024-01-01,2026-01-01,20,0.4120291390621768,0.3052238705749726,0.2648758893967624,0.2882813923636744,0.274419877166743
970,CNQ_TO,DNN,2024-01-01,2026-01-01,21,0.22981098404238,0.1949083077661954,0.2178052228676991,0.1694437081645858,0.2921648291950511
971,CNQ_TO,DNN,2024-01-01,2026-01-01,22,0.3209419983001503,0.2256120385372511,0.259939839863752,0.2776745738339912,0.281123326107327
972,CNQ_TO,DNN,2024-01-01,2026-01-01,23,0.5700939078334899,0.2646438421276199,0.5877440246522553,0.2029271348447683,0.2767188338689635
973,CNQ_TO,DNN,2024-01-01,2026-01-01,24,0.3345801020175916,0.2324027552374025,0.2304617209295341,0.1997145788945982,0.2423309525668051
974,CNQ_TO,DNN,2024-01-01,2026-01-01,25,0.221218363790546,0.2149577117241388,0.2735488947313753,0.2211244906615471,0.2675025093594084
975,CNQ_TO,DNN,2024-01-01,2026-01-01,26,0.2734496698801497,0.1727363497565473,0.2608346334581378,0.2306708938515108,0.2660427066482004
976,CNQ_TO,DNN,2024-01-01,2026-01-01,27,0.2508625763662038,0.2282471263101897,0.257088726146163,0.2735784054468009,0.2789541398767993
977,CNQ_TO,DNN,2024-01-01,2026-01-01,28,0.3340364442620522,0.2187715547140527,0.2226260306445206,0.2187441712305934,0.2666679576008841
978,CNQ_TO,DNN,2024-01-01,2026-01-01,29,0.2565483555813336,0.2247927998117527,0.2489605732854215,0.2015839883230518,0.2538689275215161
979,CNQ_TO,DNN,2024-01-01,2026-01-01,30,0.1903312936047261,0.1869532737134663,0.1689896319882356,0.1883053404279697,0.2982558211055545
980,CNQ_TO,DNN,2024-01-01,2026-01-01,31,0.3145687126851516,0.281474501552972,0.3445513370713243,0.2854865413200567,0.2549587418159541
981,CNQ_TO,DNN,2024-01-01,2026-01-01,32,0.264666663705634,0.227145134254931,0.2959834776445456,0.2294653630363818,0.2637928828919857
982,CNQ_TO,DNN,2024-01-01,2026-01-01,33,0.6101294137039662,0.3315109412504747,0.2516044644907027,0.4185290220250948,0.2694595721734329
983,CNQ_TO,DNN,2024-01-01,2026-01-01,34,0.8239931067952256,0.2744138261344062,0.4385296057362308,0.2815772479838415,0.2882960829121482
984,CNQ_TO,DNN,2024-01-01,2026-01-01,35,0.457486649484215,0.1997616222824047,0.5253897275916829,0.1706405657135094,0.2952452021979876
985,CNQ_TO,DNN,2024-01-01,2026-01-01,36,0.3540751425199984,0.2516661619282939,0.2447239207199051,0.2427268758994123,0.2678851723251157
986,CNQ_TO,DNN,2024-01-01,2026-01-01,37,0.287227588625202,0.2398008239672174,0.2837318982991542,0.260623717423495,0.2672616699094123
987,CNQ_TO,DNN,2024-01-01,2026-01-01,38,0.2654481564904436,0.1842604343438004,0.1804695446183451,0.1882687600755928,0.28196184163459
988,CNQ_TO,DNN,2024-01-01,2026-01-01,39,0.2931823141825073,0.2077659668366824,0.2462394016562891,0.262720228835906,0.2711406980407818
989,CNQ_TO,DNN,2024-01-01,2026-01-01,40,0.2862030082619187,0.1684120818741231,0.2062208350355444,0.2051468644796132,0.2776125453026162
990,CNQ_TO,DNN,2024-01-01,2026-01-01,41,0.2152606364270928,0.1497057337314097,0.2013242400400621,0.1742886591488683,0.2821141184854247
991,CNQ_TO,DNN,2024-01-01,2026-01-01,42,0.3512828496477114,0.2246832252944517,0.1965572132296805,0.2769829361837109,0.2857068061886654
992,CNQ_TO,DNN,2024-01-01,2026-01-01,43,0.4110483641780815,0.2773597310222138,0.2690698584602164,0.2836717764716151,0.3037914156577129
993,CNQ_TO,DNN,2024-01-01,2026-01-01,44,0.2682090785490553,0.2401979757951091,0.2376792376058691,0.2762916274331371,0.264742768202325
994,CNQ_TO,DNN,2024-01-01,2026-01-01,45,0.2433710305364024,0.2953437747884778,0.3495183204016617,0.2345717660663716,0.2862176924623207
995,CNQ_TO,DNN,2024-01-01,2026-01-01,46,0.2967016208272215,0.2158148685710358,0.2666731260851319,0.2789187057270065,0.2867825396726977
996,CNQ_TO,DNN,2024-01-01,2026-01-01,47,0.224003718184925,0.2184597061057547,0.2167407774419872,0.2292967244547664,0.2741532953582879
997,CNQ_TO,DNN,2024-01-01,2026-01-01,48,0.2180184235621806,0.2224254917114945,0.2263792975878454,0.2321917987500021,0.2947436733901681
998,CNQ_TO,DNN,2024-01-01,2026-01-01,49,0.4189818776264672,0.2985569250405823,0.3264447643498748,0.3448275830518063,0.2838969713776161
999,CNQ_TO,DNN,2024-01-01,2026-01-01,50,0.2115846362752255,0.2694054614653901,0.2394393932725365,0.2294349628720698,0.2896421943136777
1000,BHP,DNN,2022-01-01,2024-01-01,1,0.1832811060783802,0.2126167563964469,0.1864186272368554,0.2113536116964602,0.2275921925248699
1001,BHP,DNN,2022-01-01,2024-01-01,2,0.353876651385574,0.1248343253789723,0.3446179808910662,0.1716350839853338,0.2390644257878098
1002,BHP,DNN,2022-01-01,2024-01-01,3,0.2845236163513265,0.3146681269714331,0.7362172773886319,0.2098907873585058,0.2478058563017918
1003,BHP,DNN,2022-01-01,2024-01-01,4,0.2016423016370361,0.1477667655894174,0.2072002683123196,0.1343336105893271,0.3080388674309312
1004,BHP,DNN,2022-01-01,2024-01-01,5,0.2428433755847542,0.1196164276105357,0.0925179593866403,0.1190549775183771,0.2479897673610451
1005,BHP,DNN,2022-01-01,2024-01-01,6,0.1467991431494049,0.2231357822789083,0.4972742142721434,0.2137198030053449,0.2553272473629576
1006,BHP,DNN,2022-01-01,2024-01-01,7,0.3432416463642482,0.2020190595547819,0.4071509010171574,0.1364337174001774,0.3282296018874545
1007,BHP,DNN,2022-01-01,2024-01-01,8,0.2274060723361912,0.2866398025822507,0.1562418040393613,0.3674630387907079,0.2519859416788043
1008,BHP,DNN,2022-01-01,2024-01-01,9,0.1284204403050824,0.154865655825379,0.1379098914671273,0.1571641110292213,0.2576040106766901
1009,BHP,DNN,2022-01-01,2024-01-01,10,0.1647356173774907,0.1937114834995173,0.2710853001836482,0.1476318801679531,0.2456399869168
1010,BHP,DNN,2022-01-01,2024-01-01,11,0.1992515393422055,0.1409612633594641,0.139704849088538,0.1265397025938364,0.2845245721626298
1011,BHP,DNN,2022-01-01,2024-01-01,12,0.203348455129872,0.1940339033509794,0.1870691049798235,0.2285590018601833,0.2722531294790762
1012,BHP,DNN,2022-01-01,2024-01-01,13,0.1187798364251906,0.1664538475096921,0.1380888373189993,0.1506438645669041,0.2735822466060253
1013,BHP,DNN,2022-01-01,2024-01-01,14,0.2535081706135537,0.1617753496446846,0.2309544960193215,0.1448648357800721,0.2514745648713404
1014,BHP,DNN,2022-01-01,2024-01-01,15,0.1942936876930206,0.2115853739598621,0.1757944903993643,0.2386311353160611,0.253867701827588
1015,BHP,DNN,2022-01-01,2024-01-01,16,0.1554028967456112,0.163661823737972,0.1240420169057289,0.152017419376177,0.2425576229595097
1016,BHP,DNN,2022-01-01,2024-01-01,17,0.1190285019839866,0.1298167222564278,0.1595371716816987,0.1319662083767305,0.3225076330644148
1017,BHP,DNN,2022-01-01,2024-01-01,18,0.1206599371421464,0.1282576960744168,0.117290091540001,0.1421393682371452,0.2505931116334393
1018,BHP,DNN,2022-01-01,2024-01-01,19,0.2112296056996442,0.1619061354763203,0.2574283801106661,0.2347534862756223,0.2429552379882044
1019,BHP,DNN,2022-01-01,2024-01-01,20,0.1792354737962595,0.1957569032515621,0.1971889594666303,0.1783223934656163,0.2568531289390433
1020,BHP,DNN,2022-01-01,2024-01-01,21,0.160823392610179,0.1623724606245058,0.1567008509933135,0.1529343031901159,0.2757119407938554
1021,BHP,DNN,2022-01-01,2024-01-01,22,0.2006371689828018,0.2232727761187446,0.38234590909734,0.1583029793941828,0.2606034372513079
1022,BHP,DNN,2022-01-01,2024-01-01,23,0.1595328281284022,0.1282594235581254,0.1087167452101849,0.1321019681004375,0.2891699274754113
1023,BHP,DNN,2022-01-01,2024-01-01,24,0.2103775737048581,0.1890947165495709,0.1537155864591179,0.1916091312908298,0.2319619624273168
1024,BHP,DNN,2022-01-01,2024-01-01,25,0.1280860230953413,0.1590195987494107,0.2001962954883595,0.2029238842659225,0.3148096051236889
1025,BHP,DNN,2022-01-01,2024-01-01,26,0.142545227946855,0.1549783334549775,0.1662589689708012,0.1788959231637271,0.2557529907085939
1026,BHP,DNN,2022-01-01,2024-01-01,27,0.1605435708754253,0.1756050247501291,0.1575349959955609,0.1370662704484213,0.2618325943794652
1027,BHP,DNN,2022-01-01,2024-01-01,28,0.1582738168950738,0.1677014721406361,0.1487435376095466,0.1622207601771768,0.2491695152044807
1028,BHP,DNN,2022-01-01,2024-01-01,29,0.366743113714805,0.2961302203585169,0.1528353499131441,0.3284922192290245,0.2514424552493129
1029,BHP,DNN,2022-01-01,2024-01-01,30,0.1240718160241365,0.1438545882698071,0.1416691245366896,0.1660038961924282,0.4278270622956495
1030,BHP,DNN,2022-01-01,2024-01-01,31,0.1711748228884267,0.1378420274320467,0.1179855858915821,0.1233392576648624,0.2385691237178198
1031,BHP,DNN,2022-01-01,2024-01-01,32,0.2719356855370997,0.2387538238054815,0.1177561110644311,0.2707188012533368,0.2575864326165641
1032,BHP,DNN,2022-01-01,2024-01-01,33,0.1667129780818821,0.258677248629562,0.1451202953527221,0.1582028408353435,0.2493797887641145
1033,BHP,DNN,2022-01-01,2024-01-01,34,0.1788542493155176,0.1917600191949415,0.3093213013163677,0.1901526900530885,0.2818422288118896
1034,BHP,DNN,2022-01-01,2024-01-01,35,0.1492155245319189,0.1537895772376277,0.175104588145413,0.1530715493049332,0.2438299198320855
1035,BHP,DNN,2022-01-01,2024-01-01,36,0.1924613440061931,0.1683231527853392,0.2063212282676538,0.2292897267168774,0.2587568211031164
1036,BHP,DNN,2022-01-01,2024-01-01,37,0.1131681704809046,0.1307051345958018,0.1820327670160833,0.1361123008571474,0.2813369528231534
1037,BHP,DNN,2022-01-01,2024-01-01,38,0.1844251166255709,0.203361971652647,0.1685953766487821,0.16376404833161,0.3682506757218775
1038,BHP,DNN,2022-01-01,2024-01-01,39,0.1642092313404904,0.2605153118708632,0.6517500886194718,0.1324232993078184,0.2691405646995757
1039,BHP,DNN,2022-01-01,2024-01-01,40,0.1642169721877932,0.1482647642628791,0.1164495930703105,0.1707592951162723,0.2705807327879641
1040,BHP,DNN,2022-01-01,2024-01-01,41,0.1223210431059833,0.1458638096835685,0.1438871443221076,0.1503068193765152,0.2364813464627006
1041,BHP,DNN,2022-01-01,2024-01-01,42,0.1255155827712274,0.1233617134069786,0.1335486154605805,0.1337616988573832,0.2596500118730017
1042,BHP,DNN,2022-01-01,2024-01-01,43,0.1225604450038921,0.1299869077176896,0.158906019601725,0.1302019347513252,0.2615765789181348
1043,BHP,DNN,2022-01-01,2024-01-01,44,0.1491765698599756,0.157164394590599,0.2997173885309631,0.1729467326791797,0.301873554064379
1044,BHP,DNN,2022-01-01,2024-01-01,45,0.1996228592727413,0.1387820644623776,0.1713109811608232,0.1402693948345387,0.2545718024838075
1045,BHP,DNN,2022-01-01,2024-01-01,46,0.1857909882928839,0.1421801884819864,0.1641287682808453,0.1999971061791755,0.2750923952635835
1046,BHP,DNN,2022-01-01,2024-01-01,47,0.2447439409636026,0.2954886166514417,0.2093156476735922,0.1564221302021053,0.2478039555809002
1047,BHP,DNN,2022-01-01,2024-01-01,48,0.2901111225867925,0.3170023432916768,0.2586261426955335,0.2792323542042202,0.3305375995779424
1048,BHP,DNN,2022-01-01,2024-01-01,49,0.6879069327691543,0.2685600926130222,0.3243041602470995,0.1517822946901827,0.2970105742997844
1049,BHP,DNN,2022-01-01,2024-01-01,50,0.2511001276250796,0.1790714919757017,0.188287831517435,0.1470559373718541,0.2560616669739227
1050,BHP,DNN,2022-09-01,2024-09-01,1,0.3790986412193217,0.4346781479989383,0.3803408217667632,0.413110943635666,0.294140068593734
1051,BHP,DNN,2022-09-01,2024-09-01,2,0.4271250634988133,0.473169409812623,0.4170486569846685,0.4470121552892141,0.2733007341340059
1052,BHP,DNN,2022-09-01,2024-09-01,3,0.3288691140689639,0.3218717912540559,0.3064307741617749,0.3368214017340844,0.2788181632355906
1053,BHP,DNN,2022-09-01,2024-09-01,4,0.4658324870461485,0.3938907941926386,0.3610192571195274,0.3686700678059585,0.2987893494488119
1054,BHP,DNN,2022-09-01,2024-09-01,5,0.360582950436855,0.3437332148612212,0.3417883482727237,0.3402290819990179,0.2705428235411245
1055,BHP,DNN,2022-09-01,2024-09-01,6,0.4236495789083482,0.4144897184362076,0.448078146230347,0.3874143099145358,0.2533745072699557
1056,BHP,DNN,2022-09-01,2024-09-01,7,0.4820050240155412,0.515094417233882,0.4272256665272864,0.4713204828605598,0.2716269181605271
1057,BHP,DNN,2022-09-01,2024-09-01,8,0.5212077083582461,0.5447844687045097,0.4406107995684208,0.4993687898554034,0.2996419301915742
1058,BHP,DNN,2022-09-01,2024-09-01,9,0.3526558135773345,0.3542383531822751,0.4119275720722168,0.3535004591428933,0.2522614238261118
1059,BHP,DNN,2022-09-01,2024-09-01,10,0.4923926680025954,0.4333565513565002,0.3758331040634771,0.4294627864120292,0.2557843836940791
1060,BHP,DNN,2022-09-01,2024-09-01,11,0.4064180957974447,0.3789835232606742,0.3264703981559418,0.4065384866726464,0.3021423086001025
1061,BHP,DNN,2022-09-01,2024-09-01,12,0.4609398555919892,0.3550861116543632,0.3269776823704251,0.3817914514748899,0.2762301317914755
1062,BHP,DNN,2022-09-01,2024-09-01,13,0.3055470583512525,0.316102783739864,0.2588774232638348,0.3432567830125753,0.2616351473739593
1063,BHP,DNN,2022-09-01,2024-09-01,14,0.4659744270495478,0.3505745304486113,0.3266601337499158,0.4057809482118131,0.262474652978666
1064,BHP,DNN,2022-09-01,2024-09-01,15,0.3223975199304491,0.332128845692295,0.3129447608624609,0.3372647311495668,0.2589938699888507
1065,BHP,DNN,2022-09-01,2024-09-01,16,0.4123878975708419,0.3720261838635438,0.3623981906600454,0.3816695406144386,0.2749112938791477
1066,BHP,DNN,2022-09-01,2024-09-01,17,0.609833134633414,0.6260764766591711,0.671596988820038,0.5598419009203345,0.2919142279152986
1067,BHP,DNN,2022-09-01,2024-09-01,18,0.5387481611806779,0.5391189129385054,0.4871803135870557,0.5634094848935363,0.3070107656767069
1068,BHP,DNN,2022-09-01,2024-09-01,19,0.4982475532178472,0.4642589965891742,0.3738820456190573,0.4505161531235753,0.3075285127334713
1069,BHP,DNN,2022-09-01,2024-09-01,20,0.3940434342883804,0.4048382556194615,0.3226721503537742,0.3632907888833375,0.2540173264463432
1070,BHP,DNN,2022-09-01,2024-09-01,21,0.3693000259455964,0.3389751340322463,0.3727070866541704,0.3066507716035206,0.2803214555287181
1071,BHP,DNN,2022-09-01,2024-09-01,22,0.480527487727132,0.4386058535242674,0.3216703617123403,0.3954152235851459,0.2841616268448656
1072,BHP,DNN,2022-09-01,2024-09-01,23,0.5077608131724376,0.4862993631535324,0.4940989046542182,0.5718028261517402,0.2640999416522722
1073,BHP,DNN,2022-09-01,2024-09-01,24,0.3336827993521338,0.3322173907853151,0.2888709580261961,0.2987791122916611,0.2770440920603454
1074,BHP,DNN,2022-09-01,2024-09-01,25,0.4209364858043504,0.327791923609963,0.2962407528178834,0.3683838659308286,0.3175481255062288
1075,BHP,DNN,2022-09-01,2024-09-01,26,0.4399782424853155,0.4640692822898206,0.4190549333024618,0.3810060399649291,0.3258348860382259
1076,BHP,DNN,2022-09-01,2024-09-01,27,0.3167114943846448,0.344578883086356,0.33401381051021,0.3158041559523092,0.2767408266731732
1077,BHP,DNN,2022-09-01,2024-09-01,28,0.427876536810182,0.441875974090237,0.3953047116277339,0.4421291717101659,0.2863393500151961
1078,BHP,DNN,2022-09-01,2024-09-01,29,0.5134115536596935,0.3789865228829847,0.3316762998942728,0.4906847673268119,0.2938613321771266
1079,BHP,DNN,2022-09-01,2024-09-01,30,0.3982619877718438,0.4485445746417426,0.3635548410543451,0.3859089676448448,0.285736088843005
1080,BHP,DNN,2022-09-01,2024-09-01,31,0.3869884036855179,0.3740226127756545,0.3039820721994081,0.412851473719707,0.2952490174779335
1081,BHP,DNN,2022-09-01,2024-09-01,32,0.3607771739829721,0.4046065312875163,0.3268533164290214,0.3684658344033762,0.2894559384418023
1082,BHP,DNN,2022-09-01,2024-09-01,33,0.3342636662584534,0.3659062232358125,0.374285057482043,0.3678703994971413,0.2770415200129853
1083,BHP,DNN,2022-09-01,2024-09-01,34,0.5460592939904177,0.5233652042333231,0.4572147725633548,0.4610445395069475,0.2865631636629062
1084,BHP,DNN,2022-09-01,2024-09-01,35,0.3585811668270839,0.353751332807281,0.2882487729977583,0.4224515295981167,0.2979646904286631
1085,BHP,DNN,2022-09-01,2024-09-01,36,0.4807827886691686,0.4348538035694815,0.4175342037817955,0.4083298538108238,0.273264863766505
1086,BHP,DNN,2022-09-01,2024-09-01,37,0.5512678518096401,0.5400459147263249,0.5855378159059489,0.4691191503598196,0.2754583621023813
1087,BHP,DNN,2022-09-01,2024-09-01,38,0.4629633360194494,0.3927984945593918,0.3311725174262543,0.3467948902792138,0.2787276972953512
1088,BHP,DNN,2022-09-01,2024-09-01,39,0.4472921696553062,0.3763049762008137,0.3847157907366929,0.43055799962868,0.3085155316632427
1089,BHP,DNN,2022-09-01,2024-09-01,40,0.4320919749214858,0.3652002371391362,0.314775248385536,0.3674866512483412,0.2896203355818467
1090,BHP,DNN,2022-09-01,2024-09-01,41,0.3729834913612668,0.3168259403041943,0.4027630726564095,0.4086674973659143,0.272714242864336
1091,BHP,DNN,2022-09-01,2024-09-01,42,0.4042372001734157,0.3888449710275369,0.3152197485989709,0.3626503967584919,0.3278492310206998
1092,BHP,DNN,2022-09-01,2024-09-01,43,0.342221824390439,0.3203378380168695,0.243418739076429,0.2651947531229868,0.2755440917271313
1093,BHP,DNN,2022-09-01,2024-09-01,44,0.4244855402652709,0.4061283343125309,0.3390942280844135,0.4331966244309734,0.2543536717540304
1094,BHP,DNN,2022-09-01,2024-09-01,45,0.3211475717689127,0.3597561757283788,0.348207356603792,0.3812543544055186,0.2742850574141369
1095,BHP,DNN,2022-09-01,2024-09-01,46,0.2991060868491819,0.2843010661232606,0.3068826685222163,0.3754077703666301,0.3124255962912324
1096,BHP,DNN,2022-09-01,2024-09-01,47,0.2764179755900944,0.4053274636905589,0.2236920581725437,0.2763825875279697,0.278788786335697
1097,BHP,DNN,2022-09-01,2024-09-01,48,0.3224075371384647,0.3302051057573112,0.3144663167342145,0.4424474647523306,0.2622438586625745
1098,BHP,DNN,2022-09-01,2024-09-01,49,0.4241178061085409,0.3443599437859017,0.3150764993715674,0.3820249694644229,0.2929067833159778
1099,BHP,DNN,2022-09-01,2024-09-01,50,0.3571219086275021,0.408940574191689,0.438204618692497,0.4180202277285726,0.2842488841895013
1100,BHP,DNN,2023-05-01,2025-05-01,1,0.2885215863884867,0.3660125958882458,0.2184928320707806,0.315499633753866,0.2550677467587425
1101,BHP,DNN,2023-05-01,2025-05-01,2,0.3168172968087407,0.3577797098532185,0.2487102556604991,0.2562717777221266,0.2859524999013266
1102,BHP,DNN,2023-05-01,2025-05-01,3,0.2341344250561783,0.3811728641388602,0.2200504744983707,0.2601866516214123,0.2854914103546193
1103,BHP,DNN,2023-05-01,2025-05-01,4,0.2466032312808524,0.3013974531879237,0.2695859008477322,0.2164839628859423,0.2575280320602087
1104,BHP,DNN,2023-05-01,2025-05-01,5,0.3193074595440062,0.3776242718669266,0.3131899241045645,0.2903613030999132,0.2994250423733423
1105,BHP,DNN,2023-05-01,2025-05-01,6,0.2719964412943403,0.349113233280495,0.2743970434638309,0.2084702212097375,0.2902191521495145
1106,BHP,DNN,2023-05-01,2025-05-01,7,0.3000003773284911,0.3363945041274677,0.3432373903278767,0.2703883462596491,0.3104371453057812
1107,BHP,DNN,2023-05-01,2025-05-01,8,0.3227906453931931,0.4020883264806268,0.292671083996345,0.2537477795311799,0.2942279555994431
1108,BHP,DNN,2023-05-01,2025-05-01,9,0.241055759149578,0.2524923672215486,0.2457290484037906,0.2598693911554282,0.2924720805861368
1109,BHP,DNN,2023-05-01,2025-05-01,10,0.3096483265389359,0.4059012420408219,0.3517139016945265,0.3299636024689524,0.2827623257666161
1110,BHP,DNN,2023-05-01,2025-05-01,11,0.3330683431164962,0.3320506433001973,0.2834442916514882,0.2141122934271805,0.2858741353193989
1111,BHP,DNN,2023-05-01,2025-05-01,12,0.2337591387339381,0.2255787768243577,0.2613623646779019,0.2461133740342209,0.2878230020908384
1112,BHP,DNN,2023-05-01,2025-05-01,13,0.249500807845029,0.3119632543333031,0.3016501575788644,0.2941118563656832,0.3031507108180759
1113,BHP,DNN,2023-05-01,2025-05-01,14,0.327363004579255,0.320786106057356,0.2908708671059077,0.304655144680211,0.2702556794592122
1114,BHP,DNN,2023-05-01,2025-05-01,15,0.2297308722072664,0.2853989123888001,0.2747596058180556,0.2657142813945307,0.2861440197709738
1115,BHP,DNN,2023-05-01,2025-05-01,16,0.3249369708889045,0.3452049528618559,0.3317084943219862,0.4004139959376157,0.285567945315462
1116,BHP,DNN,2023-05-01,2025-05-01,17,0.324026122097168,0.351976520774136,0.2488213628991868,0.3286159628901946,0.2926909870446998
1117,BHP,DNN,2023-05-01,2025-05-01,18,0.2486939678678842,0.2639954123254475,0.2414680110368103,0.2111954653056546,0.2720664440002591
1118,BHP,DNN,2023-05-01,2025-05-01,19,0.273505520563183,0.2560162030702922,0.2244401008462614,0.2396524907133659,0.3101170539932024
1119,BHP,DNN,2023-05-01,2025-05-01,20,0.2576941002340741,0.370762910888378,0.4037653086436579,0.3380822902423644,0.3210755847819863
1120,BHP,DNN,2023-05-01,2025-05-01,21,0.4080434294109533,0.4429661467553062,0.3072205211171008,0.3004511285141777,0.3108079283000802
1121,BHP,DNN,2023-05-01,2025-05-01,22,0.32141286676995,0.3657428017033361,0.238050147033884,0.2807337760788686,0.3136181058260022
1122,BHP,DNN,2023-05-01,2025-05-01,23,0.2890176654182479,0.2183801744287404,0.200535880198057,0.2924739978074165,0.3173371262780334
1123,BHP,DNN,2023-05-01,2025-05-01,24,0.2673954639425498,0.2272396853623569,0.4461872580261031,0.394594071010692,0.2686465052052227
1124,BHP,DNN,2023-05-01,2025-05-01,25,0.3335522604742418,0.2566049027953164,0.2315738307056624,0.2919768039879006,0.2994762570864119
1125,BHP,DNN,2023-05-01,2025-05-01,26,0.2920025303472558,0.351032998000856,0.3097333053748409,0.2922056901888327,0.2756169100661613
1126,BHP,DNN,2023-05-01,2025-05-01,27,0.2319074762769427,0.2690602690491296,0.2497949058217529,0.2556096013827288,0.2914426815202091
1127,BHP,DNN,2023-05-01,2025-05-01,28,0.2304948646809659,0.2991134513357574,0.2431625524111713,0.2185962173336595,0.2903640524020799
1128,BHP,DNN,2023-05-01,2025-05-01,29,0.3247220330668748,0.279055963927474,0.2861557839329498,0.2604062401648427,0.2827664569471364
1129,BHP,DNN,2023-05-01,2025-05-01,30,0.2996208125859404,0.2804122414853857,0.2732249140112747,0.2629943800729619,0.3145507553873834
1130,BHP,DNN,2023-05-01,2025-05-01,31,0.2501327666903609,0.258880204990654,0.3101041463880225,0.2867339963923641,0.3025958365943037
1131,BHP,DNN,2023-05-01,2025-05-01,32,0.2685006420805555,0.2358579030851073,0.3300520665350578,0.2671976948109079,0.2873877253200335
1132,BHP,DNN,2023-05-01,2025-05-01,33,0.3432834986877948,0.3463594181564862,0.3073554208828231,0.3274263880079121,0.2894752731731387
1133,BHP,DNN,2023-05-01,2025-05-01,34,0.2962014410568122,0.2957959442439138,0.256424281727214,0.3572331224157355,0.2934563795403921
1134,BHP,DNN,2023-05-01,2025-05-01,35,0.3164881282565389,0.2671757766598941,0.1901209961927779,0.2364902793819524,0.3219250231076425
1135,BHP,DNN,2023-05-01,2025-05-01,36,0.2474472844761736,0.238854423289264,0.2823139371138489,0.2106884619913586,0.2631617276029395
1136,BHP,DNN,2023-05-01,2025-05-01,37,0.2939151935736244,0.2704743916239129,0.2789419191556073,0.3931907045340832,0.3024852440014403
1137,BHP,DNN,2023-05-01,2025-05-01,38,0.3021364946385542,0.452997509121785,0.2941599172059952,0.317791334580528,0.2928016679171709
1138,BHP,DNN,2023-05-01,2025-05-01,39,0.3436530915176378,0.2306446337140803,0.3209469987978678,0.2670867665983993,0.2939197510213114
1139,BHP,DNN,2023-05-01,2025-05-01,40,0.3658187561559813,0.3446436483354896,0.2409374034491693,0.2780742225799722,0.2980116427271068
1140,BHP,DNN,2023-05-01,2025-05-01,41,0.313479758867521,0.3250843924311958,0.3384655376633398,0.3514468491000439,0.3041689794603576
1141,BHP,DNN,2023-05-01,2025-05-01,42,0.2912060299997937,0.2664167001558176,0.2264130212322255,0.2045687092952909,0.293840219413968
1142,BHP,DNN,2023-05-01,2025-05-01,43,0.2717896234811813,0.3431007578008954,0.2769527244764886,0.2562467229116554,0.2949076242529835
1143,BHP,DNN,2023-05-01,2025-05-01,44,0.2949256836407598,0.3546616853863812,0.2636767675007195,0.2767111543893497,0.3092180804170704
1144,BHP,DNN,2023-05-01,2025-05-01,45,0.3567494737347166,0.346315355695699,0.2717627509991869,0.2508123059472658,0.3034318140746866
1145,BHP,DNN,2023-05-01,2025-05-01,46,0.3374043579426103,0.3546735454433332,0.3145259238993284,0.3516606643855681,0.3064182820960939
1146,BHP,DNN,2023-05-01,2025-05-01,47,0.3508748368421476,0.3663484013659938,0.2443903138422468,0.2976589009116888,0.303328652964889
1147,BHP,DNN,2023-05-01,2025-05-01,48,0.2890681631690408,0.2079762471061014,0.2234810338482891,0.2953119590102528,0.2911197615728928
1148,BHP,DNN,2023-05-01,2025-05-01,49,0.3176983135205825,0.3384706983464228,0.3195121684108561,0.3117530503030427,0.2806711030960734
1149,BHP,DNN,2023-05-01,2025-05-01,50,0.2630579165434181,0.3270645983323677,0.2916078865938428,0.2671496127008557,0.3127969134057061
1150,BHP,DNN,2024-01-01,2026-01-01,1,0.1922862032492914,0.1845531309063754,0.223870231022918,0.2205428422307067,0.2089500661849362
1151,BHP,DNN,2024-01-01,2026-01-01,2,0.1803465602739997,0.2028925666988416,0.1977225159558811,0.1664510195726878,0.2096481298645978
1152,BHP,DNN,2024-01-01,2026-01-01,3,0.168243472658197,0.1463528268482266,0.1540387104843445,0.1643766520135188,0.2022929075436169
1153,BHP,DNN,2024-01-01,2026-01-01,4,0.2587373247872135,0.1862661680767774,0.1595427550135584,0.1586018873569428,0.2159633413378439
1154,BHP,DNN,2024-01-01,2026-01-01,5,0.1771397847990247,0.1764440589791301,0.1744351045810873,0.1646289089879134,0.2158998019061266
1155,BHP,DNN,2024-01-01,2026-01-01,6,0.2796701362114536,0.2400802688040406,0.1791990608765139,0.1727057809484845,0.1929533119611984
1156,BHP,DNN,2024-01-01,2026-01-01,7,0.1789406131317722,0.1761887290122388,0.159926973263765,0.1739657396784097,0.210921919629461
1157,BHP,DNN,2024-01-01,2026-01-01,8,0.2556448927272004,0.2134676761964867,0.1506005575011383,0.1781607740761097,0.1893843070133178
1158,BHP,DNN,2024-01-01,2026-01-01,9,0.1984729621323075,0.2176457032023496,0.1872006056013557,0.1978081080654495,0.2056690832544276
1159,BHP,DNN,2024-01-01,2026-01-01,10,0.1988390499290779,0.1948377791377487,0.1729868730807404,0.1788932153065229,0.2156506563684718
1160,BHP,DNN,2024-01-01,2026-01-01,11,0.2050510942206371,0.1922285032597107,0.1937873511523592,0.1615404976096421,0.1905735958698813
1161,BHP,DNN,2024-01-01,2026-01-01,12,0.1905232553717981,0.1856231842671098,0.2329512801536976,0.2172333087039188,0.2013389380778865
1162,BHP,DNN,2024-01-01,2026-01-01,13,0.1861909480741022,0.1522893186332806,0.1462075569553131,0.1667069967515824,0.2081805775706961
1163,BHP,DNN,2024-01-01,2026-01-01,14,0.2524415913534528,0.1554015283742953,0.1493441195501244,0.1669447058346002,0.2125221809264722
1164,BHP,DNN,2024-01-01,2026-01-01,15,0.1882677444158032,0.1543000370136489,0.1282890014920306,0.1296406324136474,0.2025428519494573
1165,BHP,DNN,2024-01-01,2026-01-01,16,0.1639639313032975,0.2076016985343532,0.1779941523509617,0.1910842064829068,0.20537536715409
1166,BHP,DNN,2024-01-01,2026-01-01,17,0.1764225788887495,0.1798440709992309,0.1749564054165001,0.1627411404479539,0.1944305431850715
1167,BHP,DNN,2024-01-01,2026-01-01,18,0.1799723204367136,0.1661697269432778,0.1803338105419641,0.2137796081956446,0.2105081051119344
1168,BHP,DNN,2024-01-01,2026-01-01,19,0.264324114956492,0.2092865930785804,0.2801498414524381,0.2118439759318554,0.2199649539110948
1169,BHP,DNN,2024-01-01,2026-01-01,20,0.2425828053728993,0.2416022824573674,0.1907909791645288,0.2078920892203277,0.2076495962807065
1170,BHP,DNN,2024-01-01,2026-01-01,21,0.1924092392011877,0.1613301045934705,0.1752133140773833,0.1958951653892502,0.2191337491625646
1171,BHP,DNN,2024-01-01,2026-01-01,22,0.2647236613848322,0.2439006289131191,0.1580154331737817,0.184630270551299,0.2235940163621797
1172,BHP,DNN,2024-01-01,2026-01-01,23,0.2223996193940655,0.1563045022721373,0.1395244222765863,0.1766683813935485,0.200319882740144
1173,BHP,DNN,2024-01-01,2026-01-01,24,0.1860047496720956,0.1753284140743601,0.168463245046585,0.176549747755645,0.2025416743759134
1174,BHP,DNN,2024-01-01,2026-01-01,25,0.1548335445541462,0.1760626805387513,0.2545497806756881,0.1643761481462941,0.2102433382464108
1175,BHP,DNN,2024-01-01,2026-01-01,26,0.1934897742337993,0.168518572890215,0.1567913275850865,0.1686476386679146,0.2021083944161563
1176,BHP,DNN,2024-01-01,2026-01-01,27,0.1599424473992936,0.1715242199608916,0.1575540122467652,0.1613683455307619,0.2030882562073573
1177,BHP,DNN,2024-01-01,2026-01-01,28,0.2229715535863174,0.2127148999767653,0.145017373295147,0.1738295787144422,0.2002638532090425
1178,BHP,DNN,2024-01-01,2026-01-01,29,0.2333190715639607,0.1669142986315962,0.1266078538523584,0.1907437380464234,0.2051627905354007
1179,BHP,DNN,2024-01-01,2026-01-01,30,0.1926695507416718,0.1764349965620862,0.1764607582553303,0.1852796526662725,0.1910540924822195
1180,BHP,DNN,2024-01-01,2026-01-01,31,0.1939033604092032,0.2092426666628744,0.1621868142167851,0.1887113556629041,0.2174370286019176
1181,BHP,DNN,2024-01-01,2026-01-01,32,0.2184414609749252,0.1880670902968829,0.1864499315165408,0.1904813917692339,0.2107324705012718
1182,BHP,DNN,2024-01-01,2026-01-01,33,0.2532759432651446,0.2373364521172592,0.2166284822493192,0.2296098735595394,0.2026781928415933
1183,BHP,DNN,2024-01-01,2026-01-01,34,0.2162769789875492,0.1759359466610111,0.1237091726572522,0.1623197549235268,0.2074746920170607
1184,BHP,DNN,2024-01-01,2026-01-01,35,0.2829760958008965,0.2170967496598072,0.185010216083348,0.1785379349189702,0.2128643340776927
1185,BHP,DNN,2024-01-01,2026-01-01,36,0.1786824784541892,0.1579415916528065,0.1176320396436425,0.1447012873162993,0.2216978843896985
1186,BHP,DNN,2024-01-01,2026-01-01,37,0.1928278557461645,0.1962660478079597,0.1633077395761266,0.2077371826607957,0.2071942186960416
1187,BHP,DNN,2024-01-01,2026-01-01,38,0.2095077201120498,0.1630061629299037,0.1275218195947053,0.1846087669258037,0.2124026480932671
1188,BHP,DNN,2024-01-01,2026-01-01,39,0.169225923309621,0.1680268384510096,0.1601189546809614,0.1795453069510645,0.2013607114983767
1189,BHP,DNN,2024-01-01,2026-01-01,40,0.215375688876564,0.1969067871290432,0.1575719179557619,0.1944633717966606,0.2046200669092871
1190,BHP,DNN,2024-01-01,2026-01-01,41,0.1661630559881018,0.1511066557779344,0.1241386342951407,0.1595179484385208,0.2068255558353471
1191,BHP,DNN,2024-01-01,2026-01-01,42,0.167616531580963,0.1989608840876669,0.2215775064417507,0.1928266542610155,0.2187882489988984
1192,BHP,DNN,2024-01-01,2026-01-01,43,0.2285724826401957,0.1715782983055569,0.1357978058230332,0.1540515137652674,0.1983807579938118
1193,BHP,DNN,2024-01-01,2026-01-01,44,0.2373668132709063,0.2414924143512173,0.3072594681069405,0.1885072770538879,0.2104981767764494
1194,BHP,DNN,2024-01-01,2026-01-01,45,0.1769258049243746,0.1507806964739795,0.1319346197582802,0.1511925156927754,0.2190398075681957
1195,BHP,DNN,2024-01-01,2026-01-01,46,0.1980778889512385,0.1809590711066601,0.1552916796240021,0.1756189652872829,0.2122682539475852
1196,BHP,DNN,2024-01-01,2026-01-01,47,0.1869045063256521,0.2180500298395098,0.1733119127184867,0.1812162405621936,0.1991014055211205
1197,BHP,DNN,2024-01-01,2026-01-01,48,0.2896164988474318,0.2080141125182309,0.1568586812249563,0.1571794727033033,0.2213352235815387
1198,BHP,DNN,2024-01-01,2026-01-01,49,0.1915607640997624,0.1826417003316454,0.1411258320255802,0.1642733191604511,0.2039519551107504
1199,BHP,DNN,2024-01-01,2026-01-01,50,0.2119155211726552,0.1932763700165177,0.2423675865405889,0.2504084156742728,0.1933653376201566
1200,BMO,DNN,2022-01-01,2024-01-01,1,0.161082287510093,0.0985236219117497,0.1159998507905788,0.1181546603280829,0.2365038623852646
1201,BMO,DNN,2022-01-01,2024-01-01,2,0.2006848960816036,0.0856785561994332,0.0933204517301505,0.119094861823121,0.2366129512950863
1202,BMO,DNN,2022-01-01,2024-01-01,3,0.2978679096406937,0.1230958848866112,0.1396273210924122,0.1429151418062316,0.240835333168818
1203,BMO,DNN,2022-01-01,2024-01-01,4,0.1604633097703097,0.1098775470447009,0.129389805627264,0.126197144804653,0.235718373130631
1204,BMO,DNN,2022-01-01,2024-01-01,5,0.1151356810883424,0.083111931017556,0.0893032032967305,0.1217570254698544,0.2399181766075751
1205,BMO,DNN,2022-01-01,2024-01-01,6,0.2012374980360876,0.0909350070681363,0.1257274147387396,0.1310537275853509,0.2310533127219113
1206,BMO,DNN,2022-01-01,2024-01-01,7,0.291617991236992,0.1194750156948602,0.1046561757123176,0.1808155961097854,0.2325341248633471
1207,BMO,DNN,2022-01-01,2024-01-01,8,0.3017330972171796,0.1089201127970715,0.1760035759596333,0.1816160869096544,0.239371852285586
1208,BMO,DNN,2022-01-01,2024-01-01,9,0.1413171114299204,0.1377987219873451,0.1140296081714956,0.1422585791437279,0.2527172863367685
1209,BMO,DNN,2022-01-01,2024-01-01,10,0.2421101443227444,0.1096927712815623,0.1021902291773269,0.1603948980308175,0.2436889693163624
1210,BMO,DNN,2022-01-01,2024-01-01,11,0.2098795976613161,0.1193692978170895,0.1059368667819964,0.1495376205417197,0.2364865294454576
1211,BMO,DNN,2022-01-01,2024-01-01,12,0.3284994362221527,0.0981003117910961,0.117691487363054,0.1628496633904272,0.2372657558254808
1212,BMO,DNN,2022-01-01,2024-01-01,13,0.1677554006221958,0.1013617108289312,0.147028315657729,0.1158538685164959,0.2362676082580563
1213,BMO,DNN,2022-01-01,2024-01-01,14,0.2314329248550723,0.1403488507224504,0.1925153438614393,0.1635947966888355,0.2374231574484157
1214,BMO,DNN,2022-01-01,2024-01-01,15,0.1507027160750405,0.1319548596829487,0.1286933771707898,0.1239193740948762,0.2357281828185288
1215,BMO,DNN,2022-01-01,2024-01-01,16,0.1877022057252638,0.1346263958315989,0.1609017968637932,0.1629310727110688,0.2348430894572412
1216,BMO,DNN,2022-01-01,2024-01-01,17,0.2073216118454079,0.1643528711408777,0.1689596660763375,0.1575135132752705,0.2459205143135605
1217,BMO,DNN,2022-01-01,2024-01-01,18,0.1718703499099688,0.0729038995873304,0.1182723934103558,0.1058279740384204,0.2463052930163577
1218,BMO,DNN,2022-01-01,2024-01-01,19,0.2250083577850637,0.1344284718414023,0.0876736120480444,0.142005117274733,0.2570771270077476
1219,BMO,DNN,2022-01-01,2024-01-01,20,0.1312014209431926,0.1363188631569693,0.101361280617939,0.1193795784280618,0.250616273418498
1220,BMO,DNN,2022-01-01,2024-01-01,21,0.2415787661434049,0.1088797290534789,0.0874921924484348,0.1196720782814157,0.2341603546813646
1221,BMO,DNN,2022-01-01,2024-01-01,22,0.1551727384320139,0.1213560251265413,0.0888771414959729,0.1039388896168936,0.237093394044417
1222,BMO,DNN,2022-01-01,2024-01-01,23,0.1845839116945849,0.0955374583348246,0.074907496952793,0.0889100735484917,0.2469308790689433
1223,BMO,DNN,2022-01-01,2024-01-01,24,0.1438050414099316,0.0973724384164888,0.0992577174341537,0.104145933158878,0.279963913846429
1224,BMO,DNN,2022-01-01,2024-01-01,25,0.1704562582144543,0.1161107994939068,0.1182300153786689,0.1112443999408278,0.2314077172237789
1225,BMO,DNN,2022-01-01,2024-01-01,26,0.2300922404047754,0.0997040625541087,0.1107140587741948,0.1101301616846951,0.2530350453736156
1226,BMO,DNN,2022-01-01,2024-01-01,27,0.2391342860552963,0.1598686372625753,0.2117947284754867,0.1637567815061097,0.2421954537031883
1227,BMO,DNN,2022-01-01,2024-01-01,28,0.2993713789735076,0.1288160778485121,0.2869694240708988,0.1616617710576136,0.2481506474114727
1228,BMO,DNN,2022-01-01,2024-01-01,29,0.1922149751999445,0.0847541314318215,0.1280600012811125,0.1162547487251389,0.2426531719592832
1229,BMO,DNN,2022-01-01,2024-01-01,30,0.175460451932485,0.1231195582969672,0.0895777455982697,0.126721078811528,0.2507097412122782
1230,BMO,DNN,2022-01-01,2024-01-01,31,0.1892365647958952,0.1295849755216051,0.0937039003094851,0.146126787581504,0.2481636484237146
1231,BMO,DNN,2022-01-01,2024-01-01,32,0.1546373984571591,0.099662222595724,0.1081784617459195,0.1101924697174251,0.2368212780250085
1232,BMO,DNN,2022-01-01,2024-01-01,33,0.1434502278314853,0.096845118973492,0.0920700856352527,0.1135051844265404,0.241787117821446
1233,BMO,DNN,2022-01-01,2024-01-01,34,0.1782094732633508,0.1269999381144612,0.1226993850786622,0.1432932495648678,0.2426730452262066
1234,BMO,DNN,2022-01-01,2024-01-01,35,0.293947813294005,0.2969234893604168,0.2059033432865063,0.2968703577881275,0.2332441520506473
1235,BMO,DNN,2022-01-01,2024-01-01,36,0.2677768962389792,0.1504147225683084,0.1228918682118498,0.1591650957481305,0.2386375825968454
1236,BMO,DNN,2022-01-01,2024-01-01,37,0.1856893546345958,0.1283085113486106,0.1167104281709656,0.1240931264156729,0.2483499222612603
1237,BMO,DNN,2022-01-01,2024-01-01,38,0.2285612460624276,0.1353987588648647,0.1409728936914381,0.1103779857688572,0.2416646268414404
1238,BMO,DNN,2022-01-01,2024-01-01,39,0.3083542527851488,0.1617799122047249,0.2773567407441094,0.1605733609791289,0.2396176073356638
1239,BMO,DNN,2022-01-01,2024-01-01,40,0.1505108110793976,0.0988721769444354,0.1167382799396515,0.0978260003775016,0.2476209314735211
1240,BMO,DNN,2022-01-01,2024-01-01,41,0.1919663367419755,0.1005187357540424,0.1156287839192926,0.1109931163216988,0.2293714669555953
1241,BMO,DNN,2022-01-01,2024-01-01,42,0.1864915489856064,0.0966904027223293,0.0979186486253675,0.1158775363437002,0.2442016027284847
1242,BMO,DNN,2022-01-01,2024-01-01,43,0.1485773110124457,0.0995515464602081,0.0588915310142407,0.1124370392994085,0.2419940790947601
1243,BMO,DNN,2022-01-01,2024-01-01,44,0.1296262114889702,0.0956693308801606,0.1137577262607773,0.1190171385475148,0.2376664574513999
1244,BMO,DNN,2022-01-01,2024-01-01,45,0.1549865764843899,0.1146965385369958,0.082329995768567,0.1145132957527631,0.2356946421156646
1245,BMO,DNN,2022-01-01,2024-01-01,46,0.2921457918359617,0.1048184073403192,0.1931338671013092,0.1109018002943891,0.2528893276250851
1246,BMO,DNN,2022-01-01,2024-01-01,47,0.1758203439695987,0.1072633083933307,0.087273513320474,0.1020448202628108,0.2248837907425369
1247,BMO,DNN,2022-01-01,2024-01-01,48,0.1803496145377338,0.1239681613053602,0.1304736267495768,0.1344486333004422,0.2432090835837091
1248,BMO,DNN,2022-01-01,2024-01-01,49,0.4324367316823893,0.1087888609329812,0.2538602275571769,0.1359091651407865,0.2377170929825309
1249,BMO,DNN,2022-01-01,2024-01-01,50,0.2348287108603365,0.1359253137830399,0.1417036654576616,0.124391289864196,0.2344939724971983
1250,BMO,DNN,2022-09-01,2024-09-01,1,0.195506506599206,0.1945015277073075,0.2100129183060165,0.2077735009645752,0.25051422929281
1251,BMO,DNN,2022-09-01,2024-09-01,2,0.2265164909432742,0.2133768279998717,0.2211754274879756,0.277461325850974,0.2477513602445485
1252,BMO,DNN,2022-09-01,2024-09-01,3,0.1973579248638706,0.2287517135051753,0.2033663793594065,0.2572983922076066,0.230180060495473
1253,BMO,DNN,2022-09-01,2024-09-01,4,0.262212452869442,0.2350165013848527,0.2549211377412385,0.2711326558805811,0.242085207229742
1254,BMO,DNN,2022-09-01,2024-09-01,5,0.1866002314330078,0.1853314280856762,0.1876356818049558,0.2260162193421282,0.2490147868212737
1255,BMO,DNN,2022-09-01,2024-09-01,6,0.2085589270275614,0.1914228179432703,0.1797670212088259,0.2436019884645981,0.2317502781398809
1256,BMO,DNN,2022-09-01,2024-09-01,7,0.2041800437205426,0.222692109418096,0.2110836567721957,0.2489408845611646,0.2481042508032163
1257,BMO,DNN,2022-09-01,2024-09-01,8,0.2165529984299832,0.2306808374969007,0.1964725365774583,0.2301700374223868,0.242312697957728
1258,BMO,DNN,2022-09-01,2024-09-01,9,0.2412372752826113,0.2140686464362417,0.2021167535540363,0.2573530713321507,0.2406131225952105
1259,BMO,DNN,2022-09-01,2024-09-01,10,0.1769345029248738,0.1541888758479678,0.2140301181876126,0.2345240752611793,0.2571972144049137
1260,BMO,DNN,2022-09-01,2024-09-01,11,0.2197959928611865,0.2435843349778796,0.2148757596001552,0.2636664263904929,0.2381359352925566
1261,BMO,DNN,2022-09-01,2024-09-01,12,0.2205832402434003,0.1864652326469201,0.2086637790639116,0.2400447856618121,0.2461341282776946
1262,BMO,DNN,2022-09-01,2024-09-01,13,0.2350894744318685,0.215318395925239,0.217385479615508,0.2550001297475588,0.2444868113640982
1263,BMO,DNN,2022-09-01,2024-09-01,14,0.2469654251688012,0.1960676619966851,0.2298652816349813,0.2400612963380895,0.2373024060378521
1264,BMO,DNN,2022-09-01,2024-09-01,15,0.1812092337595437,0.1736337023606116,0.1805343866925788,0.2250113313450653,0.2394354110244962
1265,BMO,DNN,2022-09-01,2024-09-01,16,0.4287226816078506,0.5345728324878266,0.3809306391670027,0.4849753756129321,0.2357498371943062
1266,BMO,DNN,2022-09-01,2024-09-01,17,0.2307954989459279,0.2232727959342431,0.1864510017444309,0.2166838523816514,0.2369430712890881
1267,BMO,DNN,2022-09-01,2024-09-01,18,0.2033873487364599,0.2094005288632571,0.1950454338068779,0.2654092580552095,0.2488870087216011
1268,BMO,DNN,2022-09-01,2024-09-01,19,0.2262833535855622,0.2742752821362649,0.2252610132046932,0.2837902266869334,0.2420292056357542
1269,BMO,DNN,2022-09-01,2024-09-01,20,0.2409594811681119,0.2209281721637333,0.219247294205697,0.2519491659260462,0.2429534168578296
1270,BMO,DNN,2022-09-01,2024-09-01,21,0.2107484103968009,0.191750772858424,0.1861165872467305,0.2226571621452356,0.2474499082663624
1271,BMO,DNN,2022-09-01,2024-09-01,22,0.1939504721533399,0.1727667147004074,0.1969699154569386,0.216825097865657,0.2349027963507242
1272,BMO,DNN,2022-09-01,2024-09-01,23,0.1871699594643723,0.2283748015098348,0.2272619291072656,0.267870045703693,0.2397916409798932
1273,BMO,DNN,2022-09-01,2024-09-01,24,0.1893355619685258,0.1770621584831398,0.2016939411445053,0.2089905638116211,0.2371883318052092
1274,BMO,DNN,2022-09-01,2024-09-01,25,0.2341931182055105,0.1926599738358141,0.1943681239636259,0.2584221009307599,0.240370834202711
1275,BMO,DNN,2022-09-01,2024-09-01,26,0.2193500540090026,0.2354524383303952,0.1909214389334482,0.2795181199586624,0.2328590030676237
1276,BMO,DNN,2022-09-01,2024-09-01,27,0.2648426765744008,0.2921168392006654,0.2570923972205035,0.3197160368004006,0.234981556558517
1277,BMO,DNN,2022-09-01,2024-09-01,28,0.1908781671278302,0.1848694194547581,0.2048859706461037,0.2082935573582981,0.2219874845308728
1278,BMO,DNN,2022-09-01,2024-09-01,29,0.2430305449291598,0.2426039526171542,0.2209884882090379,0.3491138319753562,0.2435811144925534
1279,BMO,DNN,2022-09-01,2024-09-01,30,0.1713575432534223,0.1774398242317625,0.1984505479634314,0.2289027156567098,0.2564722340351821
1280,BMO,DNN,2022-09-01,2024-09-01,31,0.205802130338214,0.2296374358199643,0.2306934646295217,0.2597775167148939,0.248659616749416
1281,BMO,DNN,2022-09-01,2024-09-01,32,0.2072098095528469,0.189506163569788,0.2036361166743204,0.2421597642143681,0.248787087644236
1282,BMO,DNN,2022-09-01,2024-09-01,33,0.17194454591921,0.1896680070184226,0.1794660536799047,0.2517249947396474,0.2405423153343838
1283,BMO,DNN,2022-09-01,2024-09-01,34,0.2014761609524296,0.1920602224105273,0.1996815289187198,0.2277730602837099,0.2448067377435183
1284,BMO,DNN,2022-09-01,2024-09-01,35,0.2244174912534542,0.2163547103952202,0.2820293503268883,0.2830355713947977,0.2558987806218933
1285,BMO,DNN,2022-09-01,2024-09-01,36,0.2064658253905879,0.2163127191656007,0.2269681043932698,0.2589278834461411,0.2367474912195823
1286,BMO,DNN,2022-09-01,2024-09-01,37,0.2079561317377935,0.2116887132867297,0.2111290900296666,0.2053338269018476,0.2514147807163956
1287,BMO,DNN,2022-09-01,2024-09-01,38,0.2222055366167278,0.159830049579065,0.1791791447339493,0.2036357268658362,0.244018527550549
1288,BMO,DNN,2022-09-01,2024-09-01,39,0.1878167996663649,0.1873800792705336,0.2187949910924707,0.2419864738721829,0.2591913102808966
1289,BMO,DNN,2022-09-01,2024-09-01,40,0.2114540123497962,0.2121064504536737,0.2209008647076885,0.2302021069515994,0.2408753475221275
1290,BMO,DNN,2022-09-01,2024-09-01,41,0.1970019935781412,0.2006186156154726,0.2073322292031055,0.2496170856142489,0.2360685216029527
1291,BMO,DNN,2022-09-01,2024-09-01,42,0.2107308280073685,0.2248319998040583,0.2088476162410839,0.2763245659507877,0.241712846304157
1292,BMO,DNN,2022-09-01,2024-09-01,43,0.2531653855788456,0.236372471337784,0.2735589291137826,0.3190677649963787,0.2523179241546859
1293,BMO,DNN,2022-09-01,2024-09-01,44,0.1957907770727944,0.1728917333529972,0.167816255182465,0.2543990816747558,0.2360608305713456
1294,BMO,DNN,2022-09-01,2024-09-01,45,0.201974118721985,0.1714552671125928,0.2138469044324338,0.2341107055787348,0.2394613027824718
1295,BMO,DNN,2022-09-01,2024-09-01,46,0.1890822964123495,0.1568257978474317,0.2055458823273133,0.2635852757985511,0.2433852612357844
1296,BMO,DNN,2022-09-01,2024-09-01,47,0.1873849165406068,0.1874324790874968,0.1612827602566356,0.241533709647805,0.2452435681790748
1297,BMO,DNN,2022-09-01,2024-09-01,48,0.2902869194351945,0.2486900862360581,0.2022866788313507,0.2722575687297722,0.2349380793647048
1298,BMO,DNN,2022-09-01,2024-09-01,49,0.2167937009664204,0.2321737397904344,0.2048094546423293,0.2761764769295972,0.2356781862920924
1299,BMO,DNN,2022-09-01,2024-09-01,50,0.1960177265667292,0.1486593524381364,0.1853442914214237,0.2089202117480515,0.2395591383676574
1300,BMO,DNN,2023-05-01,2025-05-01,1,0.2090011980190797,0.2238188579864125,0.2375874183807465,0.235929134343382,0.2425334862599536
1301,BMO,DNN,2023-05-01,2025-05-01,2,0.1866827143482927,0.2450817432232882,0.2258099380910098,0.2608214587511621,0.2508152235986338
1302,BMO,DNN,2023-05-01,2025-05-01,3,0.1776212990805023,0.2485574346001288,0.2085797743792598,0.2469090129474523,0.2631854030728525
1303,BMO,DNN,2023-05-01,2025-05-01,4,0.1662083238400039,0.2100708061965268,0.1967939662992269,0.224127147022493,0.2508979893062887
1304,BMO,DNN,2023-05-01,2025-05-01,5,0.4529409493061462,0.5786143921577611,0.4333013544477963,0.4853819241798686,0.2499019104937297
1305,BMO,DNN,2023-05-01,2025-05-01,6,0.2187157372689113,0.3591121294248414,0.2354985101231711,0.30889323174675,0.2322791732081566
1306,BMO,DNN,2023-05-01,2025-05-01,7,0.2096929796914487,0.2555574002769933,0.2254151301061289,0.2659835396773731,0.2344164006534563
1307,BMO,DNN,2023-05-01,2025-05-01,8,0.2380426093623655,0.2846185198483787,0.2521022596475317,0.2549924198250277,0.2506254453823034
1308,BMO,DNN,2023-05-01,2025-05-01,9,0.1992528599323358,0.2729458904574696,0.2348887158771936,0.2800282943609581,0.2357614752011709
1309,BMO,DNN,2023-05-01,2025-05-01,10,0.1692895594903975,0.2977591894181201,0.2218469762137493,0.304392314459977,0.2404875618151944
1310,BMO,DNN,2023-05-01,2025-05-01,11,0.4832437845603136,0.5938237418196879,0.28712729157455,0.3206028115105067,0.2571556725786791
1311,BMO,DNN,2023-05-01,2025-05-01,12,0.2104153486050816,0.3500356520310133,0.2383785693042025,0.2841563189899205,0.252151950771723
1312,BMO,DNN,2023-05-01,2025-05-01,13,0.2526979444925513,0.337908637338555,0.2354967384831407,0.2471740575827868,0.2435734259076462
1313,BMO,DNN,2023-05-01,2025-05-01,14,0.2513233070229269,0.2730458753772927,0.2163392757230627,0.2894329081836726,0.2455109561262831
1314,BMO,DNN,2023-05-01,2025-05-01,15,0.197274432813609,0.285298973950452,0.2329610782335175,0.2882288767547061,0.2353320170725041
1315,BMO,DNN,2023-05-01,2025-05-01,16,0.2409389620417606,0.3935306132248401,0.2455430454907792,0.345282444919708,0.2693609590960075
1316,BMO,DNN,2023-05-01,2025-05-01,17,0.2459264649902169,0.2730067820848842,0.2056936799141457,0.2826925240296782,0.2346724388213505
1317,BMO,DNN,2023-05-01,2025-05-01,18,0.1990977557616222,0.3113133611345665,0.2699591996766837,0.3107617977465925,0.2358967921412569
1318,BMO,DNN,2023-05-01,2025-05-01,19,0.2063006248921867,0.292905761320591,0.2123255028039623,0.2708120212745422,0.2563664281110441
1319,BMO,DNN,2023-05-01,2025-05-01,20,0.1909897807246772,0.3034931501925112,0.2185844692834497,0.2659454523288634,0.2547648098097925
1320,BMO,DNN,2023-05-01,2025-05-01,21,0.1840544659080403,0.2771213704241687,0.2099990790068085,0.2605892972525414,0.2318728525636421
1321,BMO,DNN,2023-05-01,2025-05-01,22,0.3137570358362631,0.3024170716262895,0.2748601350479847,0.3157344523789106,0.2472944844132912
1322,BMO,DNN,2023-05-01,2025-05-01,23,0.1741656240110102,0.2567901687987871,0.1742032561068583,0.2033946390380792,0.2547432140811954
1323,BMO,DNN,2023-05-01,2025-05-01,24,0.1804559253570021,0.2664149959933675,0.2288823992949269,0.2478982761713131,0.2559431056515491
1324,BMO,DNN,2023-05-01,2025-05-01,25,0.243933381020562,0.286155446221299,0.2405175652195723,0.2939466495179913,0.241593079071124
1325,BMO,DNN,2023-05-01,2025-05-01,26,0.2112612013670333,0.3084845721618093,0.2695126228576486,0.298543448035668,0.252605988944696
1326,BMO,DNN,2023-05-01,2025-05-01,27,0.198229078887213,0.2844792861303213,0.2142916401589299,0.259098860900513,0.243591013788276
1327,BMO,DNN,2023-05-01,2025-05-01,28,0.2346820889398037,0.2869834102566664,0.2822191639617796,0.2728090212742147,0.2870992764442014
1328,BMO,DNN,2023-05-01,2025-05-01,29,0.3028662974409047,0.2523744307384042,0.2088756462937672,0.432199003718014,0.2448671028724198
1329,BMO,DNN,2023-05-01,2025-05-01,30,0.239567819308102,0.2702648085385599,0.2818739936310867,0.2826483230421422,0.2473204422869296
1330,BMO,DNN,2023-05-01,2025-05-01,31,0.2220395522526644,0.2647588521951919,0.1589249003953592,0.2085250289346109,0.2559572809063362
1331,BMO,DNN,2023-05-01,2025-05-01,32,0.1952128183394956,0.2721547170135693,0.2536919465458112,0.3120530976469675,0.2504972387421614
1332,BMO,DNN,2023-05-01,2025-05-01,33,0.1729043727233812,0.2347072704766994,0.2080763654701391,0.2780060832710193,0.2640435392629593
1333,BMO,DNN,2023-05-01,2025-05-01,34,0.1936358244475323,0.277332908459261,0.228848174154888,0.26313716545507,0.2493544280934129
1334,BMO,DNN,2023-05-01,2025-05-01,35,0.2123212158907345,0.248410057801735,0.2111993822128881,0.264895887107497,0.2498683525447388
1335,BMO,DNN,2023-05-01,2025-05-01,36,0.1890946380563789,0.2691483271097054,0.2485553838472523,0.2601580167378808,0.2464443540922995
1336,BMO,DNN,2023-05-01,2025-05-01,37,0.1780139111804727,0.2623473194904631,0.2142362211468556,0.233788215887971,0.242005416314571
1337,BMO,DNN,2023-05-01,2025-05-01,38,0.2291503910728355,0.4926671016437691,0.2113956545671046,0.280070485935344,0.2495384831803923
1338,BMO,DNN,2023-05-01,2025-05-01,39,0.2135266602507443,0.2512514441984425,0.2262019924862815,0.2545319774926076,0.2590489207876002
1339,BMO,DNN,2023-05-01,2025-05-01,40,0.1828262117724348,0.3214013249632951,0.2269004509906957,0.2679079630513065,0.2467589125017417
1340,BMO,DNN,2023-05-01,2025-05-01,41,0.2367350167144064,0.2648813044379127,0.2331805653833566,0.2761380224609139,0.2477057112582986
1341,BMO,DNN,2023-05-01,2025-05-01,42,0.1912912419944494,0.2347163948750079,0.2054309605682527,0.2282277368031027,0.2460350440948283
1342,BMO,DNN,2023-05-01,2025-05-01,43,0.163490758669801,0.3055525509515962,0.1948132235598619,0.258655506474032,0.2416854066569879
1343,BMO,DNN,2023-05-01,2025-05-01,44,0.2013554397159167,0.2510348364782704,0.2415317347221203,0.290469929846137,0.2585056866859159
1344,BMO,DNN,2023-05-01,2025-05-01,45,0.1874507884256644,0.242772459092761,0.2163680398532561,0.2594252206984765,0.2465152471650648
1345,BMO,DNN,2023-05-01,2025-05-01,46,0.2395728578490572,0.2702691120092518,0.2126681089142322,0.3013332040769229,0.2375057906859656
1346,BMO,DNN,2023-05-01,2025-05-01,47,0.1778291998220513,0.2291460544965172,0.2025598801204411,0.2171973127535879,0.2592546751976743
1347,BMO,DNN,2023-05-01,2025-05-01,48,0.3289202405265092,0.4594512278364374,0.2044872490418317,0.244193938229443,0.2700496979972853
1348,BMO,DNN,2023-05-01,2025-05-01,49,0.2489580377397968,0.3411714371267861,0.2290644210263568,0.3112649988709401,0.2472686873928009
1349,BMO,DNN,2023-05-01,2025-05-01,50,0.2289890207528891,0.2229281811111984,0.2578641085812416,0.2719589844721191,0.2415337168131925
1350,BMO,DNN,2024-01-01,2026-01-01,1,0.2308790520213512,0.2788729110964035,0.6604558068180989,0.3823470167480489,0.2610699393199451
1351,BMO,DNN,2024-01-01,2026-01-01,2,0.5341194734333945,0.4891237833855416,0.2870399367487602,0.4490000808823204,0.276543956731454
1352,BMO,DNN,2024-01-01,2026-01-01,3,0.1958620239756096,0.2067740245357022,0.1908005768984994,0.1840422343834172,0.2629744490474653
1353,BMO,DNN,2024-01-01,2026-01-01,4,0.2612673910685268,0.1921322504944046,0.1997378292661541,0.2010995489417361,0.2649939271030399
1354,BMO,DNN,2024-01-01,2026-01-01,5,0.5357006756522565,0.6894571046377447,0.5901124896197255,0.6155868857850822,0.2600281404102911
1355,BMO,DNN,2024-01-01,2026-01-01,6,0.365740688332975,0.2872964697323502,0.2214774950952235,0.3090152932989431,0.2748899767500011
1356,BMO,DNN,2024-01-01,2026-01-01,7,0.2361018276286015,0.255016671810003,0.245460561894586,0.2593579498957029,0.2629413168888461
1357,BMO,DNN,2024-01-01,2026-01-01,8,0.2352964676478885,0.2136080797897879,0.3065389095396358,0.2977490313402033,0.2826682824561421
1358,BMO,DNN,2024-01-01,2026-01-01,9,0.2509604980897779,0.3020275007015663,0.2474268892518743,0.1862195939133354,0.2904816858864631
1359,BMO,DNN,2024-01-01,2026-01-01,10,0.2107099852325453,0.2975780450223183,0.2002381564607764,0.2088164523412946,0.2896676762847709
1360,BMO,DNN,2024-01-01,2026-01-01,11,0.2756772864599174,0.4569356623124177,0.6473042497027848,0.4711766247702414,0.2753562097619006
1361,BMO,DNN,2024-01-01,2026-01-01,12,0.3368912415212907,0.4706405526350299,0.3454608664641804,0.4592271002909441,0.2836324418398143
1362,BMO,DNN,2024-01-01,2026-01-01,13,0.5113447975078919,0.5117744889538187,0.6440758378497589,0.4308657941488287,0.2736782128702297
1363,BMO,DNN,2024-01-01,2026-01-01,14,0.2119239035627847,0.2597031060777811,0.278065201744922,0.398477222925359,0.2725189743774715
1364,BMO,DNN,2024-01-01,2026-01-01,15,0.2546680645655603,0.2149743065858285,0.2578945695868685,0.2019920797695627,0.2620114966851901
1365,BMO,DNN,2024-01-01,2026-01-01,16,0.4305505719865445,0.6017154934056755,0.6840662741463734,0.4308812062070263,0.3554965104497127
1366,BMO,DNN,2024-01-01,2026-01-01,17,0.1551649492111615,0.190718831158852,0.190110762374453,0.1718758738277437,0.2749524598164217
1367,BMO,DNN,2024-01-01,2026-01-01,18,0.7155878959992052,0.593572764833938,0.750638515797415,0.7892469980300112,0.3352858592103053
1368,BMO,DNN,2024-01-01,2026-01-01,19,0.2365381148156374,0.2938501990454412,0.2445968039718105,0.2395102792017947,0.3070680359212412
1369,BMO,DNN,2024-01-01,2026-01-01,20,0.3549403829111438,0.4098533182317871,0.3061041298169339,0.3340625870492221,0.2595576213122619
1370,BMO,DNN,2024-01-01,2026-01-01,21,0.3870457459464296,0.3588391769227219,0.4739620864264399,0.5122800218311346,0.3072497817788041
1371,BMO,DNN,2024-01-01,2026-01-01,22,0.2428712682639739,0.2291735882013125,0.2676319550712999,0.2412776475633182,0.2679237044695208
1372,BMO,DNN,2024-01-01,2026-01-01,23,0.4008563493993305,0.1954803757282777,0.1718910366504458,0.2028939999641286,0.2742330423738581
1373,BMO,DNN,2024-01-01,2026-01-01,24,0.4021122862278261,0.3861080296745769,0.4012202481744074,0.4410110680612277,0.2531543049830873
1374,BMO,DNN,2024-01-01,2026-01-01,25,0.1921948773104468,0.2155405114464469,0.3350153858808682,0.2268886505127726,0.2850009699620551
1375,BMO,DNN,2024-01-01,2026-01-01,26,0.4459257652530525,0.3453885150290797,0.644753167357256,0.9622407518782486,0.2843781489833931
1376,BMO,DNN,2024-01-01,2026-01-01,27,0.1818405917786562,0.1916797533871763,0.1863812874979271,0.2088752037655078,0.2785254232846821
1377,BMO,DNN,2024-01-01,2026-01-01,28,0.3644819022683713,0.3803696866843278,0.3009349575593826,0.4343976855159339,0.2812099643493846
1378,BMO,DNN,2024-01-01,2026-01-01,29,0.3500199882877537,0.2138934054236432,0.1770171405068014,0.4987996205357206,0.2688666406862777
1379,BMO,DNN,2024-01-01,2026-01-01,30,0.4238524186303537,0.5780393624204914,0.5957827290936354,0.5152667039784832,0.2645742346966328
1380,BMO,DNN,2024-01-01,2026-01-01,31,0.1718269764367851,0.2002174147374255,0.5496482204176057,0.4586458781419615,0.2574958890317587
1381,BMO,DNN,2024-01-01,2026-01-01,32,0.2568234876800597,0.3779768636906975,0.2044666203464725,0.2576710155884527,0.2639844145262789
1382,BMO,DNN,2024-01-01,2026-01-01,33,0.1862737217714389,0.1860342558141529,0.2168949805381143,0.1890515585326308,0.2636237688557838
1383,BMO,DNN,2024-01-01,2026-01-01,34,0.2361310599445928,0.2109208832047608,0.2639423450876553,0.2088174260809885,0.2670035087238422
1384,BMO,DNN,2024-01-01,2026-01-01,35,0.2238631395799536,0.2214302093396506,0.2446870705743508,0.2366866571404541,0.2786348004267975
1385,BMO,DNN,2024-01-01,2026-01-01,36,0.2747224483360699,0.1689379401645619,0.2416251065023009,0.1890178703159724,0.2661416651195238
1386,BMO,DNN,2024-01-01,2026-01-01,37,0.1952125725233659,0.1893582126377467,0.4028212298061059,0.4562992879683015,0.2900709052300866
1387,BMO,DNN,2024-01-01,2026-01-01,38,0.2908451935574708,0.2844548657392584,0.2902033173365856,0.309659846744053,0.2878507953136869
1388,BMO,DNN,2024-01-01,2026-01-01,39,0.2492032109767678,0.2360070370032804,0.2437434763529713,0.2544234579170058,0.2781152085510536
1389,BMO,DNN,2024-01-01,2026-01-01,40,1.0575571464256244,0.5078068682779819,0.7298732241206738,0.618984397924795,0.2673406892374584
1390,BMO,DNN,2024-01-01,2026-01-01,41,0.2970155840415225,0.4752681236613134,0.3479624614311117,0.3592960099728182,0.2966267014161403
1391,BMO,DNN,2024-01-01,2026-01-01,42,0.2050558890025835,0.1857015821966604,0.2148473132578685,0.2136955332237703,0.2679134517787803
1392,BMO,DNN,2024-01-01,2026-01-01,43,0.2623936556891676,0.3304087445914886,0.2355900789556813,0.3220764032746988,0.2754816139798297
1393,BMO,DNN,2024-01-01,2026-01-01,44,0.2884250456656652,0.212052871812498,0.1943064022108834,0.2517497512630086,0.2702377800309433
1394,BMO,DNN,2024-01-01,2026-01-01,45,0.2386462376436859,0.3579838079439515,0.2500475025173852,0.3256295104968632,0.2797141972360937
1395,BMO,DNN,2024-01-01,2026-01-01,46,0.3221056785526037,0.3813508599210317,0.3888728011067577,0.2185828224577301,0.2967594023262543
1396,BMO,DNN,2024-01-01,2026-01-01,47,0.3003834734314112,0.2590271924383303,0.2200761319654678,0.2716387057368684,0.2768380641733115
1397,BMO,DNN,2024-01-01,2026-01-01,48,0.2774068752349375,0.7161385319955845,1.047430544303562,0.7156542790491227,0.301958585502756
1398,BMO,DNN,2024-01-01,2026-01-01,49,0.2858227531413904,0.2413517223453516,0.2512971528698975,0.2843018702570944,0.3057308211438138
1399,BMO,DNN,2024-01-01,2026-01-01,50,0.4550955891227934,0.6133456634268528,0.2223031482731884,0.214574353652672,0.2842623301547544
1400,V,DNN,2022-01-01,2024-01-01,1,0.5664398537969474,0.6922886514421616,0.5995583710110365,0.670498565780891,0.2075379457656212
1401,V,DNN,2022-01-01,2024-01-01,2,1.093674647710546,0.2965462598759695,0.2990688200371292,0.6772253140295311,0.2797274520325494
1402,V,DNN,2022-01-01,2024-01-01,3,0.6790751342793775,0.3722721268593628,0.9832359183507916,0.486045660123512,0.2494210218178203
1403,V,DNN,2022-01-01,2024-01-01,4,0.3377390510724444,0.3196512464666498,0.2563202564223687,0.1974958311226822,0.2064962496494046
1404,V,DNN,2022-01-01,2024-01-01,5,0.452534672319859,0.1990259136956291,0.2941843107687577,0.1981278458547752,0.2081437365072451
1405,V,DNN,2022-01-01,2024-01-01,6,0.5125491102922842,0.2100042176508613,0.4663309086827992,0.4108024723836588,0.2029613901606783
1406,V,DNN,2022-01-01,2024-01-01,7,0.7371604777595975,0.2639685412736029,0.2808466002469295,0.2138741553725799,0.2056576222554453
1407,V,DNN,2022-01-01,2024-01-01,8,0.2225919127667105,0.2932637787387389,0.3171241264755234,0.2210380772387832,0.2446417219343759
1408,V,DNN,2022-01-01,2024-01-01,9,0.1935635370079203,0.1606136992809386,0.183984314212299,0.2101673113127069,0.2259975791460225
1409,V,DNN,2022-01-01,2024-01-01,10,0.2419256152679669,0.4319569219176358,0.4908251144356919,0.288845068873065,0.2124885311928481
1410,V,DNN,2022-01-01,2024-01-01,11,0.2683229113672518,0.2311808526407103,0.2365363857444943,0.2323810264577906,0.2272680673357609
1411,V,DNN,2022-01-01,2024-01-01,12,0.2514444120071575,0.2234373545669747,0.1760873381157545,0.2439604537814256,0.2022507056215373
1412,V,DNN,2022-01-01,2024-01-01,13,0.2402651315721723,0.5515646197114348,0.2089859195389957,0.3433917099370807,0.1996849823445888
1413,V,DNN,2022-01-01,2024-01-01,14,0.2072218859358521,0.6087641522232012,0.9748001586600544,0.667127401922455,0.2507079784828891
1414,V,DNN,2022-01-01,2024-01-01,15,0.2943754321864306,0.3312247209717103,0.5185973276185973,0.4461760365129287,0.2240827416773716
1415,V,DNN,2022-01-01,2024-01-01,16,0.5989570136239484,0.7939885825410468,0.8074474873883791,0.7630035068196402,0.2366912931793743
1416,V,DNN,2022-01-01,2024-01-01,17,0.2787530819849393,0.2394931198018967,0.2765430179327112,0.2551934628541525,0.1999551279040235
1417,V,DNN,2022-01-01,2024-01-01,18,0.3518853309632533,0.3031644570860975,0.2207771142500559,0.2629063683877997,0.226541319574815
1418,V,DNN,2022-01-01,2024-01-01,19,0.2502614483234742,0.2539458703962978,0.3593438136115668,0.3626929031924865,0.2137318931231379
1419,V,DNN,2022-01-01,2024-01-01,20,0.2003332393021596,0.2684725572477234,0.2146492272160244,0.2715237264068662,0.2316451458602398
1420,V,DNN,2022-01-01,2024-01-01,21,0.2446252898308341,0.3289322531013998,0.3179682984406028,0.3255286068952405,0.2100435930416135
1421,V,DNN,2022-01-01,2024-01-01,22,0.1754672120576103,0.3494225714706537,0.3545230693153071,0.2862411879089118,0.246002890156172
1422,V,DNN,2022-01-01,2024-01-01,23,0.4200948843675028,0.2236905348884876,0.3571488450952724,0.4846753273608929,0.2022513420391898
1423,V,DNN,2022-01-01,2024-01-01,24,0.6337562786411612,0.3733035266970834,0.1992162085926799,0.3610627589831239,0.2335715301135091
1424,V,DNN,2022-01-01,2024-01-01,25,0.1839984809540204,0.4657744900140251,0.6765798829605019,0.3702371954928399,0.2227208370055132
1425,V,DNN,2022-01-01,2024-01-01,26,0.1884913389626337,0.2005133299182188,0.2427672075819118,0.2480069330181638,0.2360579581454102
1426,V,DNN,2022-01-01,2024-01-01,27,0.4125923748907551,0.5729770278816004,0.3923113868295536,0.5573095567925439,0.2424110734778301
1427,V,DNN,2022-01-01,2024-01-01,28,0.2714260428033855,0.2317195452768934,0.2305677292863997,0.3250958116287955,0.2172627531072778
1428,V,DNN,2022-01-01,2024-01-01,29,0.5772519513156851,0.2695249295864922,0.2052405915114806,0.406162491825115,0.2422392317576845
1429,V,DNN,2022-01-01,2024-01-01,30,0.5059053233716364,0.5039864608294471,0.4545549649672477,0.3894147119864865,0.2145168639938672
1430,V,DNN,2022-01-01,2024-01-01,31,0.5185047063445352,0.2945095843510447,0.383401583747121,0.626300734026632,0.2217977165958642
1431,V,DNN,2022-01-01,2024-01-01,32,0.3636223415276541,0.376215995514439,0.3951449352332241,0.3722362540777676,0.2205782371962901
1432,V,DNN,2022-01-01,2024-01-01,33,0.3754267802998131,0.4514518758994402,0.4781315793875798,0.2325627126910307,0.2433033059146363
1433,V,DNN,2022-01-01,2024-01-01,34,0.2219893718654215,0.1718937677029766,0.3245644834620367,0.2782476708998243,0.2079090806946971
1434,V,DNN,2022-01-01,2024-01-01,35,0.5871140132898628,0.6029157458980168,0.6467374634660342,0.4334315039467649,0.2123580492474432
1435,V,DNN,2022-01-01,2024-01-01,36,0.1727169453444923,0.3265998212837647,0.3061669484961915,0.2027931628063221,0.2524858909565936
1436,V,DNN,2022-01-01,2024-01-01,37,0.2231276577192267,0.3149704559371002,0.4789674173382724,0.1922091193373439,0.2265104828959929
1437,V,DNN,2022-01-01,2024-01-01,38,0.2749860868547621,0.3137992362351968,0.3306292034321841,0.3691869685572631,0.2181247972754337
1438,V,DNN,2022-01-01,2024-01-01,39,0.264845931594252,0.1971960538758783,0.4966724215613324,0.2435827168957049,0.2132874482465283
1439,V,DNN,2022-01-01,2024-01-01,40,0.2480446888908955,0.2339974605290543,0.212780411154125,0.250126906466879,0.2000782760772423
1440,V,DNN,2022-01-01,2024-01-01,41,0.4171221119601753,0.3291815375896924,0.3165985891585529,0.3971700887361551,0.2164751598372106
1441,V,DNN,2022-01-01,2024-01-01,42,0.2184818107394842,0.3361919142673998,0.3262142873803089,0.4601130137835473,0.2457935821367083
1442,V,DNN,2022-01-01,2024-01-01,43,0.1682780600529739,0.2052525150233332,0.1816299698770937,0.2828286719561092,0.2455530352740275
1443,V,DNN,2022-01-01,2024-01-01,44,0.2026258485842682,0.2125233270959926,0.4029301011561747,0.3224889629705126,0.2056104182116337
1444,V,DNN,2022-01-01,2024-01-01,45,0.2215014028659509,0.2085227190493714,0.3121111478226404,0.3591055795462519,0.2168956633640708
1445,V,DNN,2022-01-01,2024-01-01,46,0.3052010066743124,0.3182399044290906,0.2021888187211623,0.2546715959426046,0.227177847581822
1446,V,DNN,2022-01-01,2024-01-01,47,0.185911780861626,0.2246409311929949,0.1873558584637032,0.2248586068924286,0.2003141912873314
1447,V,DNN,2022-01-01,2024-01-01,48,0.5317657244114784,0.5706022418278602,0.4450153005516937,0.5131895625637525,0.2077246060191357
1448,V,DNN,2022-01-01,2024-01-01,49,0.5705858003755565,0.4226566154765203,0.5958646736525917,0.531028151934937,0.2115069871825257
1449,V,DNN,2022-01-01,2024-01-01,50,0.4265053087330763,0.3051157036472293,0.3774571416874482,0.3579244678163243,0.2242630004856221
1450,V,DNN,2022-09-01,2024-09-01,1,0.3142653653713025,0.3404302274858311,0.3178387356881307,0.2594843989062063,0.2085610287434223
1451,V,DNN,2022-09-01,2024-09-01,2,0.3263725994652284,0.3801296642508014,0.4974488625066995,0.4104249824171278,0.2138797982065827
1452,V,DNN,2022-09-01,2024-09-01,3,0.2741286473304589,0.2245617720569154,0.2224645971888579,0.2063971840316098,0.2173237916372062
1453,V,DNN,2022-09-01,2024-09-01,4,0.277542256466177,0.2474232847946814,0.263205151436927,0.2590217169068529,0.2146823328825156
1454,V,DNN,2022-09-01,2024-09-01,5,0.3371378581174147,0.2427770644527867,0.3327474519721123,0.283842884580782,0.2167921844258074
1455,V,DNN,2022-09-01,2024-09-01,6,0.3056955715277984,0.2796753075459608,0.2552472082096371,0.2911885328774896,0.2134245541280539
1456,V,DNN,2022-09-01,2024-09-01,7,0.4769016303181578,0.512284632308323,0.458433491194216,0.4460322387958352,0.2053900064920876
1457,V,DNN,2022-09-01,2024-09-01,8,0.3194934753763297,0.4392214371140736,0.3340705732297123,0.3856354103537039,0.2252476790326758
1458,V,DNN,2022-09-01,2024-09-01,9,0.515832112191872,0.3852219292060642,0.3414825276049872,0.4543323495746038,0.2127578529689986
1459,V,DNN,2022-09-01,2024-09-01,10,0.3044133303660583,0.251770909235828,0.2917586252752738,0.310273239506481,0.2179051811808132
1460,V,DNN,2022-09-01,2024-09-01,11,0.2728271121184995,0.3241296460677384,0.3385560658093475,0.375945554305758,0.2065855937081096
1461,V,DNN,2022-09-01,2024-09-01,12,0.5606464131205664,0.3559155512077412,0.3588194741910775,0.3610623500191808,0.2163612647296559
1462,V,DNN,2022-09-01,2024-09-01,13,0.2826951913342617,0.333931830830061,0.2916759690375546,0.3238790431959227,0.220450610816995
1463,V,DNN,2022-09-01,2024-09-01,14,0.3438970739726605,0.407384547540863,0.458144687143918,0.2676039694157552,0.2157286422060823
1464,V,DNN,2022-09-01,2024-09-01,15,0.2842770956492293,0.2767949983147389,0.2957653421465396,0.2847862931604148,0.2107121228520748
1465,V,DNN,2022-09-01,2024-09-01,16,0.381240489848676,0.4746686978178626,0.3536149529383969,0.407069684959659,0.2111632931497384
1466,V,DNN,2022-09-01,2024-09-01,17,0.379528874176642,0.5664868894283814,0.217593969578774,0.234736565207592,0.2147606204676809
1467,V,DNN,2022-09-01,2024-09-01,18,0.2796745599379786,0.2157567411285078,0.2719596042317255,0.3160220718262025,0.2227208813639413
1468,V,DNN,2022-09-01,2024-09-01,19,0.4939302754756328,0.4391353824475982,0.399972310504349,0.3993822138779266,0.2160308293714314
1469,V,DNN,2022-09-01,2024-09-01,20,0.3411002176275439,0.3487577034914757,0.2840892548321677,0.2936148040046887,0.2179841368452913
1470,V,DNN,2022-09-01,2024-09-01,21,0.308149144916008,0.265598608154977,0.290101351322916,0.251581888147528,0.2230830661626318
1471,V,DNN,2022-09-01,2024-09-01,22,0.3458133153239684,0.339487046240519,0.349921714516911,0.2755287919927244,0.213290699989697
1472,V,DNN,2022-09-01,2024-09-01,23,0.2552035675027116,0.212588150207603,0.2800213359176082,0.3107847913585301,0.2140864761276729
1473,V,DNN,2022-09-01,2024-09-01,24,0.4542245790264711,0.3871137376529492,0.5226492959911129,0.4247881640402355,0.2086723880751147
1474,V,DNN,2022-09-01,2024-09-01,25,0.2587486956228818,0.2363555897836578,0.3252158783190917,0.2604707583622566,0.2089347805754726
1475,V,DNN,2022-09-01,2024-09-01,26,0.29206544432827,0.2751516147141176,0.3099771107969823,0.2765646711589443,0.2151135353726368
1476,V,DNN,2022-09-01,2024-09-01,27,0.265021589240457,0.2604146798531004,0.3092615139066156,0.2411760103518692,0.2128707865254464
1477,V,DNN,2022-09-01,2024-09-01,28,0.3654021303210072,0.3199615044038449,0.3173664796530697,0.296448176206927,0.2181810621499881
1478,V,DNN,2022-09-01,2024-09-01,29,0.9901936705311724,0.7740354181873244,0.684551510385497,0.8356081943054621,0.2155976316087026
1479,V,DNN,2022-09-01,2024-09-01,30,0.3168406837421572,0.3488548162101937,0.2793614577123281,0.3294098940664112,0.2131978341129984
1480,V,DNN,2022-09-01,2024-09-01,31,0.4400570821290838,0.6401153907074997,0.4629981588216947,0.3634724562266337,0.2175521033290095
1481,V,DNN,2022-09-01,2024-09-01,32,0.2336346306618526,0.2599373409502219,0.252035224216825,0.2575840199352801,0.2075728566915064
1482,V,DNN,2022-09-01,2024-09-01,33,0.2181772170054899,0.2094360689344706,0.2682384395726769,0.2500961186160622,0.2160932339037856
1483,V,DNN,2022-09-01,2024-09-01,34,0.4305302833257723,0.4355175520708729,0.3249263941278444,0.4110243321176293,0.2242108211651838
1484,V,DNN,2022-09-01,2024-09-01,35,0.2332187580764439,0.3203780928628235,0.4109681855749398,0.2524663285337542,0.2126356611901684
1485,V,DNN,2022-09-01,2024-09-01,36,0.2350268401252296,0.2339278854877364,0.2334240946933023,0.2267425240797822,0.2151196467753154
1486,V,DNN,2022-09-01,2024-09-01,37,0.2948072855984823,0.247451256612569,0.244027102335792,0.2509039630931715,0.21618718645743
1487,V,DNN,2022-09-01,2024-09-01,38,0.3170714760570287,0.2479125767706689,0.3007370066194995,0.3169353750872952,0.2167688527194676
1488,V,DNN,2022-09-01,2024-09-01,39,0.3643473599066178,0.3596507004676352,0.3661452881612237,0.3134931394951095,0.2103458480923136
1489,V,DNN,2022-09-01,2024-09-01,40,0.4635929145774893,0.3847471026440828,0.2996309115279827,0.2752662729371243,0.2172991211572214
1490,V,DNN,2022-09-01,2024-09-01,41,0.300084858507238,0.2000766728282831,0.3243071576423707,0.2370536822261932,0.2147221839040816
1491,V,DNN,2022-09-01,2024-09-01,42,0.2472419929276096,0.2229613668697548,0.2158785236533273,0.205136101599595,0.2153770709050702
1492,V,DNN,2022-09-01,2024-09-01,43,0.2147861079452411,0.2546384836144944,0.2704982066539488,0.2656032853338909,0.2169835181080117
1493,V,DNN,2022-09-01,2024-09-01,44,0.2480799505052364,0.2429969794342621,0.2632221075167104,0.2281237737558519,0.2118774264012697
1494,V,DNN,2022-09-01,2024-09-01,45,0.2733277789396947,0.2591398705161969,0.2323521528428666,0.2575422301050395,0.2145246142781221
1495,V,DNN,2022-09-01,2024-09-01,46,0.2073057841889815,0.231121028017555,0.2519765924023345,0.2528331870758425,0.2237059764436632
1496,V,DNN,2022-09-01,2024-09-01,47,0.1974003078467722,0.1870605503299061,0.2583756219246851,0.2696884129390691,0.2178506820211438
1497,V,DNN,2022-09-01,2024-09-01,48,0.2903934037101818,0.3145582387758706,0.2465669141026427,0.3048983597479808,0.2206679555785754
1498,V,DNN,2022-09-01,2024-09-01,49,0.2890259665238254,0.2617491932442393,0.2644852233539423,0.2744012450509022,0.2110525023149066
1499,V,DNN,2022-09-01,2024-09-01,50,0.2371947912297025,0.2979896839170849,0.4070117072941961,0.3758206303608646,0.2223796518861263
1500,V,DNN,2023-05-01,2025-05-01,1,0.2715958462755452,0.6019026836477057,0.5231156473554442,0.4382382911028999,0.2307275849215044
1501,V,DNN,2023-05-01,2025-05-01,2,0.2756267437032982,0.3411959954605004,0.3471825905198367,0.309829280936596,0.2380211269921671
1502,V,DNN,2023-05-01,2025-05-01,3,0.2347802119312769,0.336693027484665,0.2884470756542242,0.2682846899048142,0.2359998763501048
1503,V,DNN,2023-05-01,2025-05-01,4,0.2146754728211083,0.2810098049966021,0.269182827748917,0.2753116525563067,0.2369831700141995
1504,V,DNN,2023-05-01,2025-05-01,5,0.2631483395532278,0.4960728608265883,0.2853839060021092,0.2696908794988376,0.242975006036363
1505,V,DNN,2023-05-01,2025-05-01,6,0.3860400486882475,0.5438413189162175,0.3171364075027568,0.4027029521806734,0.2460741902648393
1506,V,DNN,2023-05-01,2025-05-01,7,0.2458035910802898,0.3725260233928616,0.2941424568710823,0.2985664792204009,0.2299463777886188
1507,V,DNN,2023-05-01,2025-05-01,8,0.2236007812913172,0.30157030619169,0.2704602426067886,0.2445216632749876,0.2425519507086489
1508,V,DNN,2023-05-01,2025-05-01,9,0.2420552461873221,0.3449650702624007,0.3115339726106122,0.3040029016787698,0.2197120547525956
1509,V,DNN,2023-05-01,2025-05-01,10,0.2275084942566033,0.3726819381461873,0.2468242378078297,0.2834800220289467,0.2553538196813834
1510,V,DNN,2023-05-01,2025-05-01,11,0.2583502277711511,0.3762944351988749,0.3263711336856162,0.3279311212538887,0.2316234249394842
1511,V,DNN,2023-05-01,2025-05-01,12,0.2756029218325129,0.4736148857819816,0.30966922092074,0.3681733442968924,0.2341813851935574
1512,V,DNN,2023-05-01,2025-05-01,13,0.2475965826349344,0.38526132489315,0.3098281653461778,0.3182328311777526,0.2317282876322932
1513,V,DNN,2023-05-01,2025-05-01,14,0.2652977025270286,0.4843446737923709,0.3842882087208348,0.2896164296270879,0.2294249345304977
1514,V,DNN,2023-05-01,2025-05-01,15,0.2144519516401775,0.372560551804645,0.2778788892582968,0.3041393377180717,0.2388112956294455
1515,V,DNN,2023-05-01,2025-05-01,16,0.289884635966736,0.4029884065964384,0.3281302456994612,0.3450566873914129,0.2331086607905154
1516,V,DNN,2023-05-01,2025-05-01,17,0.2257842251437967,0.2985878705952152,0.2770353325819936,0.2861859794255233,0.2343597913555039
1517,V,DNN,2023-05-01,2025-05-01,18,0.3402435816352198,0.5092087253493573,0.479226187529326,0.5305095694513398,0.2329798552691878
1518,V,DNN,2023-05-01,2025-05-01,19,0.2570200999213486,0.3007644250002808,0.3043048289072378,0.2785358565381746,0.2288442886689423
1519,V,DNN,2023-05-01,2025-05-01,20,0.2091066499866207,0.3084160494670195,0.2703334320664322,0.2597132665816276,0.2326213563505237
1520,V,DNN,2023-05-01,2025-05-01,21,0.2688312045145706,0.3739617243289395,0.305278193463745,0.3547098674269501,0.2337053524491674
1521,V,DNN,2023-05-01,2025-05-01,22,0.4955929471639889,0.3532353186603809,0.3006576603965161,0.4126592239964068,0.2398129904421002
1522,V,DNN,2023-05-01,2025-05-01,23,0.3523050801369544,0.5520412055977617,0.2713966387476584,0.3493485406661448,0.2352627188071822
1523,V,DNN,2023-05-01,2025-05-01,24,0.210310303801589,0.33455664979484,0.3281980463781608,0.2828143668967788,0.237397051039027
1524,V,DNN,2023-05-01,2025-05-01,25,0.2205239802765654,0.3581921262953947,0.338821958875959,0.292737374346072,0.2449609312080588
1525,V,DNN,2023-05-01,2025-05-01,26,0.2963077558619265,0.4146610295163597,0.3549543661969409,0.3122076518736398,0.2306243670573866
1526,V,DNN,2023-05-01,2025-05-01,27,0.2317900920438091,0.2941899996650107,0.2927949145523509,0.2640245873736243,0.2367735908812308
1527,V,DNN,2023-05-01,2025-05-01,28,0.2423289844862101,0.4024404476578807,0.2645362134907818,0.2732319087324117,0.2369974468155496
1528,V,DNN,2023-05-01,2025-05-01,29,0.220047178595318,0.3226166032793716,0.2805257460189701,0.3301368219861913,0.2381594132620019
1529,V,DNN,2023-05-01,2025-05-01,30,0.2808002451002661,0.517547437082745,0.3224385146220749,0.3340112302696892,0.2349744656993628
1530,V,DNN,2023-05-01,2025-05-01,31,0.2505173840371362,0.4751156289233396,0.2575285989448023,0.3346173035348574,0.2401672900484991
1531,V,DNN,2023-05-01,2025-05-01,32,0.2811666880729824,0.2791289846432969,0.3723808037160887,0.3739020784774353,0.2352688508266547
1532,V,DNN,2023-05-01,2025-05-01,33,0.2218838454620138,0.4716577580787958,0.2513823665564255,0.3385416539950311,0.2326763610615567
1533,V,DNN,2023-05-01,2025-05-01,34,0.2096108612649665,0.2651665805900588,0.258128676147862,0.3027051633807661,0.2414124506843065
1534,V,DNN,2023-05-01,2025-05-01,35,0.2071838603628751,0.3892279144160784,0.3780747091630502,0.2792321403461056,0.2291860058853
1535,V,DNN,2023-05-01,2025-05-01,36,0.2122065486136083,0.316549104554003,0.2983028037715045,0.2736628595581528,0.23521000835074
1536,V,DNN,2023-05-01,2025-05-01,37,0.2169293426571205,0.3135609447840404,0.262629843856444,0.3165555317854713,0.2328626023134235
1537,V,DNN,2023-05-01,2025-05-01,38,0.2425799755833412,0.3049220648226117,0.3373088454998851,0.4185755578366965,0.2518238987769308
1538,V,DNN,2023-05-01,2025-05-01,39,0.3224908112201424,0.5266540624138016,0.3815406495069314,0.4343876744616043,0.2284471273759278
1539,V,DNN,2023-05-01,2025-05-01,40,0.3088779011485606,0.491406565019356,0.3562793620307639,0.4308276906188754,0.2423986297806674
1540,V,DNN,2023-05-01,2025-05-01,41,0.2405988486612369,0.3796205938275489,0.2925790958034215,0.2550142280491255,0.2448484301563908
1541,V,DNN,2023-05-01,2025-05-01,42,0.294619352465856,0.3602483608640285,0.3766000780685442,0.2776914416278526,0.231634510968435
1542,V,DNN,2023-05-01,2025-05-01,43,0.1896958150835393,0.4239433577474586,0.2270341638842716,0.2593892224750858,0.2431897416256782
1543,V,DNN,2023-05-01,2025-05-01,44,0.2257746323985669,0.3360823946310265,0.2647352110468547,0.2894987064667789,0.2381415869249675
1544,V,DNN,2023-05-01,2025-05-01,45,0.390818000853123,0.6797105596496625,0.3518418552760742,0.425344101812753,0.2354498134430902
1545,V,DNN,2023-05-01,2025-05-01,46,0.4454813314150666,0.8754803160879011,0.6237632264627117,0.5732841135937278,0.2378322959784344
1546,V,DNN,2023-05-01,2025-05-01,47,0.2350364792614447,0.2627506453025472,0.2865234485063985,0.2649141928129567,0.2313420795090277
1547,V,DNN,2023-05-01,2025-05-01,48,0.2192476713155008,0.3216927352786262,0.3177340567742124,0.3047999271825434,0.2322878274539737
1548,V,DNN,2023-05-01,2025-05-01,49,0.2744830864295778,0.4246917402981807,0.2768590219669546,0.2649785251744294,0.2306171598781487
1549,V,DNN,2023-05-01,2025-05-01,50,0.4342841485580085,0.4796631842941042,0.4990808424947077,0.5248665462752614,0.2446416282182743
1550,V,DNN,2024-01-01,2026-01-01,1,0.1967769730208234,0.2022159186786641,0.1878921284051843,0.2178668208917944,0.1945914512865161
1551,V,DNN,2024-01-01,2026-01-01,2,0.2086108162348929,0.2168032137685643,0.2105283891814148,0.2444296383314622,0.1991765715678925
1552,V,DNN,2024-01-01,2026-01-01,3,0.1860342969802149,0.212593660113232,0.1946525861878393,0.2040078951935084,0.1942165031708619
1553,V,DNN,2024-01-01,2026-01-01,4,0.1916187523578124,0.1825509779586544,0.1689088182350094,0.2026906013351406,0.197640344953982
1554,V,DNN,2024-01-01,2026-01-01,5,0.4285686297128503,0.5640828058570397,0.3495940259382175,0.3983719193520875,0.1981246373646626
1555,V,DNN,2024-01-01,2026-01-01,6,0.3314725846923789,0.3674476543379222,0.3743625659331359,0.3651671161086486,0.1947969045259439
1556,V,DNN,2024-01-01,2026-01-01,7,0.1764171113935266,0.1752383035487127,0.1772962478329726,0.2005921870472821,0.1962290433566899
1557,V,DNN,2024-01-01,2026-01-01,8,0.3421466220876477,0.1998236453838946,0.3513908610773343,0.2595831239367857,0.2044535594787715
1558,V,DNN,2024-01-01,2026-01-01,9,0.1593928445272234,0.205250859761627,0.1828230156413539,0.2202276041113281,0.2005589648283043
1559,V,DNN,2024-01-01,2026-01-01,10,0.3407401686111068,0.2915638164507734,0.2928578719421119,0.3016210506844057,0.2016164351044561
1560,V,DNN,2024-01-01,2026-01-01,11,0.2336665757181269,0.292099635807008,0.3760817700022236,0.2882974712372993,0.2002857405130029
1561,V,DNN,2024-01-01,2026-01-01,12,0.2817988794415732,0.2169595655553034,0.1818973766849021,0.2555834505306693,0.2014835078268886
1562,V,DNN,2024-01-01,2026-01-01,13,0.1750780717814885,0.2026492890092118,0.1835298510105865,0.2066958314933916,0.1990363732214184
1563,V,DNN,2024-01-01,2026-01-01,14,0.1906365104545763,0.177220691451604,0.2235942673062575,0.1999727453492375,0.1962200042183606
1564,V,DNN,2024-01-01,2026-01-01,15,0.2758443617760605,0.3082359323410312,0.2907441388674132,0.2740717974315393,0.1947146226974541
1565,V,DNN,2024-01-01,2026-01-01,16,0.2046309579765682,0.2484961052130068,0.2576413160820435,0.2689543386801392,0.1949588777070199
1566,V,DNN,2024-01-01,2026-01-01,17,0.3031299528916641,0.2918645713495413,0.3159365437013895,0.3122571372194561,0.1977614857430849
1567,V,DNN,2024-01-01,2026-01-01,18,0.1590502029743567,0.1859396700084903,0.155949510753143,0.2162794085723214,0.1975096593513191
1568,V,DNN,2024-01-01,2026-01-01,19,0.1832935526724372,0.2023911624137795,0.154374696495724,0.2165755799976128,0.1987675808647668
1569,V,DNN,2024-01-01,2026-01-01,20,0.1598118918345576,0.186586696567977,0.168634939725862,0.2242949809276762,0.2006247718362959
1570,V,DNN,2024-01-01,2026-01-01,21,0.2291731177764505,0.2103728218309208,0.2970581250719272,0.2480686401660198,0.1999000962330498
1571,V,DNN,2024-01-01,2026-01-01,22,0.2200580880052329,0.2218642813001413,0.1944466088126262,0.2160627630965968,0.1896819668955035
1572,V,DNN,2024-01-01,2026-01-01,23,0.1688154608647338,0.178447837300619,0.1527229695173534,0.2577675227790602,0.1979937650820886
1573,V,DNN,2024-01-01,2026-01-01,24,0.3900938696646907,0.3088470265790307,0.3520414979090359,0.3635111092250313,0.1955163622156081
1574,V,DNN,2024-01-01,2026-01-01,25,0.1940387692636678,0.2051916062131808,0.2173458481436184,0.2130007007642797,0.19495514292264
1575,V,DNN,2024-01-01,2026-01-01,26,0.3123137772684588,0.2377024654437452,0.2728741087135729,0.2254671738499829,0.2016639416910677
1576,V,DNN,2024-01-01,2026-01-01,27,0.255519937378721,0.2560522687311724,0.2768882011006527,0.3206691244436164,0.1916186413938069
1577,V,DNN,2024-01-01,2026-01-01,28,0.2115659561727705,0.2221719295036156,0.2015538250335821,0.2254107860247294,0.1946071100564924
1578,V,DNN,2024-01-01,2026-01-01,29,0.3461282790300801,0.3049235938079608,0.3208585100916874,0.230333253251235,0.1974229086013721
1579,V,DNN,2024-01-01,2026-01-01,30,0.2195255198217719,0.253295278472243,0.2273971716331634,0.2429563032272796,0.1964860849480696
1580,V,DNN,2024-01-01,2026-01-01,31,0.1633207122023706,0.2121581332765705,0.167628146160451,0.1921281755917729,0.1937663868508657
1581,V,DNN,2024-01-01,2026-01-01,32,0.1989066047969249,0.2029991157843083,0.2230160094742793,0.2288111119701469,0.2027641942960057
1582,V,DNN,2024-01-01,2026-01-01,33,0.5687541820723703,0.4882939460802452,0.635670919883622,0.5738554675156086,0.1996658290857643
1583,V,DNN,2024-01-01,2026-01-01,34,0.145511251095602,0.1928442736236424,0.1730955233101975,0.2023253068490757,0.1989299441000691
1584,V,DNN,2024-01-01,2026-01-01,35,0.1994102750677168,0.2247310023481227,0.1712188656947579,0.218803213431228,0.1991129297489105
1585,V,DNN,2024-01-01,2026-01-01,36,0.1843388990655901,0.1941741518734497,0.230875392498554,0.2350119908521093,0.1983923945693391
1586,V,DNN,2024-01-01,2026-01-01,37,0.1702964203731407,0.1983873711835318,0.2086602813492778,0.2021715835678571,0.1980380347541908
1587,V,DNN,2024-01-01,2026-01-01,38,0.1874441824592456,0.2155849398686277,0.1596951407218898,0.2180129113159167,0.1978997835982874
1588,V,DNN,2024-01-01,2026-01-01,39,0.2027632548655268,0.2164957630854013,0.281940929603776,0.2807405363933484,0.197771372087651
1589,V,DNN,2024-01-01,2026-01-01,40,0.2035741326521404,0.2429067411785147,0.1964586289649101,0.2417286348427414,0.1959188642621889
1590,V,DNN,2024-01-01,2026-01-01,41,0.337258916229204,0.1940423931338317,0.1707159814255399,0.3558476581583051,0.1982355356086255
1591,V,DNN,2024-01-01,2026-01-01,42,0.2282553089352385,0.2156259061988919,0.2091935525031586,0.2140889751519512,0.2080916857960019
1592,V,DNN,2024-01-01,2026-01-01,43,0.1738788895108408,0.2181664357516548,0.1792319008482307,0.2155039917692991,0.199811954764796
1593,V,DNN,2024-01-01,2026-01-01,44,0.1987465249173941,0.2379722551219632,0.3717516395572757,0.2312726885858638,0.1968956053996037
1594,V,DNN,2024-01-01,2026-01-01,45,0.181471209536366,0.2320079867301423,0.1701600660720163,0.1867832966574613,0.201317294479565
1595,V,DNN,2024-01-01,2026-01-01,46,0.2694388159784228,0.3539918862476085,0.1867634064686098,0.2172082031697718,0.2010565506781682
1596,V,DNN,2024-01-01,2026-01-01,47,0.1405262385240684,0.1743154699363329,0.1466190837703203,0.1706047008433146,0.197049346498786
1597,V,DNN,2024-01-01,2026-01-01,48,0.3174487275090268,0.4455821383312821,0.4627196155630673,0.2750449100020839,0.1995097257778776
1598,V,DNN,2024-01-01,2026-01-01,49,0.1949684996797143,0.1992983492959608,0.1660700723371494,0.2583797258685332,0.1966257990691289
1599,V,DNN,2024-01-01,2026-01-01,50,0.4017182051826075,0.3221047446147348,0.2390258218582865,0.2834357627752573,0.1968605463332544
1600,L_TO,DNN,2022-01-01,2024-01-01,1,0.41353673760871373,0.333792125596367,0.3335196877344634,0.3903600331678137,0.19611181333992475
1601,L_TO,DNN,2022-01-01,2024-01-01,2,0.375648339812859,0.3142742240751372,0.3576835618778561,0.33237942706379175,0.22186208294277301
1602,L_TO,DNN,2022-01-01,2024-01-01,3,0.813919091737235,0.3359321183570756,0.5639056041778086,0.3832259453389233,0.22060968283167967
1603,L_TO,DNN,2022-01-01,2024-01-01,4,0.38649494575664384,0.31980883295995766,0.43668821244345524,0.3509060175889664,0.2006597116641226
1604,L_TO,DNN,2022-01-01,2024-01-01,5,0.40977869964097724,0.2985007429407619,0.33929912386378214,0.2951067898797991,0.2040862927784136
1605,L_TO,DNN,2022-01-01,2024-01-01,6,0.3963683500949741,0.3461838680304975,0.38121063592087917,0.4352427421357227,0.20423380257150223
1606,L_TO,DNN,2022-01-01,2024-01-01,7,0.42914234484556746,0.27181738753019324,0.2731741924569732,0.27294263754443276,0.21141694598566313
1607,L_TO,DNN,2022-01-01,2024-01-01,8,0.35284114448069087,0.2888225543416796,0.2953769287119543,0.2823965496423577,0.21397484730534871
1608,L_TO,DNN,2022-01-01,2024-01-01,9,0.427264761536097,0.3259547941195132,0.3132504185737988,0.41090736305658965,0.2223222117349133
1609,L_TO,DNN,2022-01-01,2024-01-01,10,0.502313483145706,0.3656659951520473,0.3933171750118055,0.39716558501874083,0.20437457317162674
1610,L_TO,DNN,2022-01-01,2024-01-01,11,0.4877825773167982,0.361846313538347,0.3936124856422615,0.3530474467960298,0.1995551991933644
1611,L_TO,DNN,2022-01-01,2024-01-01,12,0.42264246880531015,0.31650608606864533,0.31827691364651134,0.3291981070322035,0.20796409382198097
1612,L_TO,DNN,2022-01-01,2024-01-01,13,0.4485776156249009,0.38436629726751037,0.3764744296317529,0.437403723820924,0.207695144556985
1613,L_TO,DNN,2022-01-01,2024-01-01,14,0.4494216080788687,0.3391239014013917,0.3447550935389516,0.31292607323801813,0.20783956248097946
1614,L_TO,DNN,2022-01-01,2024-01-01,15,0.6088239364810952,0.31956425910447467,0.38023239630021377,0.3882573554517154,0.2212505532068485
1615,L_TO,DNN,2022-01-01,2024-01-01,16,0.33565283280919006,0.367601968117786,0.4111411849461253,0.37381233642431466,0.21477520932813585
1616,L_TO,DNN,2022-01-01,2024-01-01,17,0.3659596658806514,0.28201927363706647,0.37979192428141045,0.3380388572674034,0.2075746284585769
1617,L_TO,DNN,2022-01-01,2024-01-01,18,0.47141578923246513,0.3300485620480123,0.35901768682381846,0.44158027368283703,0.206152591218109
1618,L_TO,DNN,2022-01-01,2024-01-01,19,0.33807578924239656,0.348559680102425,0.33202484095031864,0.3626939093066287,0.21245999664721427
1619,L_TO,DNN,2022-01-01,2024-01-01,20,0.49177342205918906,0.378638279595009,0.42109664966444227,0.3958791029351652,0.22023627939387413
1620,L_TO,DNN,2022-01-01,2024-01-01,21,0.4256825064612668,0.32819303255535215,0.36309123098352525,0.3321459761211757,0.20575407609252866
1621,L_TO,DNN,2022-01-01,2024-01-01,22,0.4662989276498963,0.33823634563696997,0.33434625346704067,0.36822902123685186,0.210916214782876
1622,L_TO,DNN,2022-01-01,2024-01-01,23,0.2616680487291526,0.29879070475899944,0.2452245594610835,0.3289590495772726,0.19918659938693423
1623,L_TO,DNN,2022-01-01,2024-01-01,24,0.3449900005020795,0.2922941577487463,0.30641200555787784,0.2784487376056493,0.1927957941050419
1624,L_TO,DNN,2022-01-01,2024-01-01,25,0.3695264600985227,0.3039059010476165,0.3583252758297224,0.3104337124608291,0.21060572906848224
1625,L_TO,DNN,2022-01-01,2024-01-01,26,0.5858913984714548,0.3365041982494179,0.36821542547122854,0.34808312881046644,0.20350417405948393
1626,L_TO,DNN,2022-01-01,2024-01-01,27,0.38171737150692375,0.4288475466755757,0.36959891353121327,0.3735607356136117,0.2012087807282947
1627,L_TO,DNN,2022-01-01,2024-01-01,28,0.38998188170284676,0.38145242283941516,0.3754455746268347,0.3703313078418159,0.21406109989995517
1628,L_TO,DNN,2022-01-01,2024-01-01,29,0.36357629734194763,0.30591313741748216,0.3217371171023663,0.3627575714475922,0.20166769668636852
1629,L_TO,DNN,2022-01-01,2024-01-01,30,0.41973727141134676,0.3793094875841323,0.3831421971845635,0.41135839859793866,0.20590900492170622
1630,L_TO,DNN,2022-01-01,2024-01-01,31,0.5041762781280451,0.32741303090748464,0.30128201731812987,0.32222989820953046,0.20798652810644488
1631,L_TO,DNN,2022-01-01,2024-01-01,32,0.6141132661052922,0.2617585258504528,0.30356126038738945,0.34312803867270814,0.19731684570964464
1632,L_TO,DNN,2022-01-01,2024-01-01,33,0.4470703693711456,0.389088576233731,0.2989552131130574,0.34869733048266227,0.21719568542333234
1633,L_TO,DNN,2022-01-01,2024-01-01,34,0.4210329689844413,0.32602637207078405,0.4272016622129326,0.3475644371170714,0.20554166851002126
1634,L_TO,DNN,2022-01-01,2024-01-01,35,0.33562245498048865,0.23391561315516496,0.33731237080468374,0.33046126100738354,0.19843252541776896
1635,L_TO,DNN,2022-01-01,2024-01-01,36,0.4461217436584931,0.35941588236548494,0.3643778399675107,0.41259195387901276,0.216194998341584
1636,L_TO,DNN,2022-01-01,2024-01-01,37,0.39051553511776516,0.29467947729181665,0.2617876218120905,0.23118887693588805,0.20559587780256014
1637,L_TO,DNN,2022-01-01,2024-01-01,38,0.5102644570495267,0.26382269687848786,0.3427549299361691,0.34601881735624795,0.20417585640805855
1638,L_TO,DNN,2022-01-01,2024-01-01,39,0.657089300248372,0.413204510580613,0.384243290040899,0.4140184654593127,0.1983619223042113
1639,L_TO,DNN,2022-01-01,2024-01-01,40,0.5055579772453789,0.29651056149595784,0.3002014280815446,0.36559536990284713,0.2024411734135604
1640,L_TO,DNN,2022-01-01,2024-01-01,41,0.7324095231249828,0.34229612811428795,0.38469107670936903,0.43575907026077515,0.21577874325686605
1641,L_TO,DNN,2022-01-01,2024-01-01,42,0.36901928365728326,0.3061632346127484,0.366970141785773,0.3318886960611019,0.21174500370748534
1642,L_TO,DNN,2022-01-01,2024-01-01,43,0.311682534402049,0.24077770720280509,0.29041552248306995,0.25897512436133646,0.21666579365233887
1643,L_TO,DNN,2022-01-01,2024-01-01,44,0.3557249882863589,0.27801092407066763,0.3360410601791864,0.3369626563760337,0.2025285207100354
1644,L_TO,DNN,2022-01-01,2024-01-01,45,0.35146992894265333,0.29295743248580947,0.28802610294841047,0.33102789058491616,0.20039878548893086
1645,L_TO,DNN,2022-01-01,2024-01-01,46,0.3284323803495692,0.31373810023685955,0.3114349240885952,0.31762487640439857,0.20036947610437048
1646,L_TO,DNN,2022-01-01,2024-01-01,47,0.4323741564882899,0.31185708041558124,0.24914531399601733,0.3036571781442527,0.20558398740758452
1647,L_TO,DNN,2022-01-01,2024-01-01,48,0.3879294197275389,0.3299261226607851,0.3793551367729867,0.3833766737389335,0.20800970596605364
1648,L_TO,DNN,2022-01-01,2024-01-01,49,0.6994563774057206,0.35376468266425876,0.32914569933201115,0.3013910636348413,0.21056989706047113
1649,L_TO,DNN,2022-01-01,2024-01-01,50,0.4068007100492788,0.37916596914112194,0.5305610328440746,0.45048345128153683,0.19595049414458698
1650,L_TO,DNN,2022-09-01,2024-09-01,1,0.6888276921346315,0.8829563008737791,0.9235859399095424,0.3991705788137663,0.33607214266187435
1651,L_TO,DNN,2022-09-01,2024-09-01,2,0.4833328808624507,0.4658382370126971,0.3337457097397629,0.3693633356209565,0.4036281477022772
1652,L_TO,DNN,2022-09-01,2024-09-01,3,0.682219237427793,0.5417687872251207,0.598949024574353,0.4200835859293854,0.4330832033878786
1653,L_TO,DNN,2022-09-01,2024-09-01,4,0.5085741028917566,0.29746842955118513,0.3512154272654783,0.20753650360813478,0.41762206038217353
1654,L_TO,DNN,2022-09-01,2024-09-01,5,0.4094308827798452,0.31669653552336213,0.42672162571561095,0.24529665326406144,0.3674882444103492
1655,L_TO,DNN,2022-09-01,2024-09-01,6,0.7205689780762226,0.4966526913627999,0.3913149526613192,0.35758013936192845,0.4566586398354515
1656,L_TO,DNN,2022-09-01,2024-09-01,7,0.5737700610871662,0.34837042553814984,0.366962333429058,0.4033156516989717,0.30286461222931027
1657,L_TO,DNN,2022-09-01,2024-09-01,8,0.3676603565152804,0.48793985018835767,0.31052303550717597,0.21041413757917285,0.46075306780358694
1658,L_TO,DNN,2022-09-01,2024-09-01,9,0.2835074089386423,0.740041375604247,0.6167654198748511,0.37397881546402484,0.4056675317725473
1659,L_TO,DNN,2022-09-01,2024-09-01,10,0.7805509102162523,0.5722484702407098,0.37568330252928706,0.3193869121411448,0.3531074541289381
1660,L_TO,DNN,2022-09-01,2024-09-01,11,0.39878324024445544,0.6001479408804832,0.8339352955699103,0.5854351425100058,0.3906267576590603
1661,L_TO,DNN,2022-09-01,2024-09-01,12,0.870697194446848,0.9761758711014754,0.4562388950213321,0.7873699692784114,0.4211686813807498
1662,L_TO,DNN,2022-09-01,2024-09-01,13,0.387682990548952,0.4301910894669917,0.3613121161616339,0.2572108910102941,0.5123716757181592
1663,L_TO,DNN,2022-09-01,2024-09-01,14,0.5212769495239579,0.33963580499597495,0.41397354684137005,0.3508663143250486,0.4729247323942616
1664,L_TO,DNN,2022-09-01,2024-09-01,15,0.5786889015471365,0.6879308310807123,0.6051088411623256,0.6629072042570676,0.3379623343449304
1665,L_TO,DNN,2022-09-01,2024-09-01,16,0.5033040717079346,0.3867976209781489,0.49556531257932496,0.3364744234381497,0.4119270995181403
1666,L_TO,DNN,2022-09-01,2024-09-01,17,0.2571793373757185,0.3934410175311659,0.6701581481416954,0.3962401248188086,0.3647801334401829
1667,L_TO,DNN,2022-09-01,2024-09-01,18,0.838896346479176,1.1866758751882978,0.7597321888341428,0.41435593508615176,0.33994018908307816
1668,L_TO,DNN,2022-09-01,2024-09-01,19,0.4480608357528789,0.5621934318145748,0.6234628373099769,0.6867625522124389,0.40490078327642587
1669,L_TO,DNN,2022-09-01,2024-09-01,20,0.4339666187714096,0.43615627895294173,0.4994856907593942,0.3740188769372108,0.39952409467121613
1670,L_TO,DNN,2022-09-01,2024-09-01,21,0.48440793989215636,0.47240941640769013,0.8588615261685578,0.4784887544197389,0.42820150509477245
1671,L_TO,DNN,2022-09-01,2024-09-01,22,0.4093359500397808,0.4135185648845391,0.52553398317061,0.26947967851138355,0.29417568070302275
1672,L_TO,DNN,2022-09-01,2024-09-01,23,0.3020537801961509,0.33964858028187744,0.3074811791614408,0.2599899869464223,0.3365816617838008
1673,L_TO,DNN,2022-09-01,2024-09-01,24,0.9544483739668247,1.302340711879549,0.9712849932601774,0.7483116332223689,0.31263151659205185
1674,L_TO,DNN,2022-09-01,2024-09-01,25,0.6498728594333998,0.33694145505280215,0.3500669713838265,0.5998613039171684,0.3616076269735621
1675,L_TO,DNN,2022-09-01,2024-09-01,26,0.7719251286284965,0.4158584760788564,0.6699791318905166,0.34749267103126974,0.4166068254004083
1676,L_TO,DNN,2022-09-01,2024-09-01,27,0.48859020341353654,0.3981004558544217,0.3591846202794969,0.41168700465967917,0.4673105769689082
1677,L_TO,DNN,2022-09-01,2024-09-01,28,1.0898469146209382,0.6215325183095408,0.5447477354829253,0.46401532250614164,0.4595592012996601
1678,L_TO,DNN,2022-09-01,2024-09-01,29,0.41414376443086665,1.099211028805692,0.967104096223305,0.30678968095060155,0.34734410271647825
1679,L_TO,DNN,2022-09-01,2024-09-01,30,0.5899803046585762,0.2539484802825908,0.2900633721374689,0.4557589234331169,0.4490795410039989
1680,L_TO,DNN,2022-09-01,2024-09-01,31,0.31525514334234306,0.3062001861871862,0.49768684556756076,0.28472550667450136,0.434567058995349
1681,L_TO,DNN,2022-09-01,2024-09-01,32,0.30554190297003436,0.2759168254493303,0.36743438667391853,0.2349743535020579,0.4081759646901975
1682,L_TO,DNN,2022-09-01,2024-09-01,33,0.5012294899714146,0.8993987125282898,0.5751153478612421,0.549712980088631,0.407381388973129
1683,L_TO,DNN,2022-09-01,2024-09-01,34,0.31366208949660124,0.31209176975153957,0.35543654019200216,0.28941905375323845,0.38709332033758703
1684,L_TO,DNN,2022-09-01,2024-09-01,35,0.28113552650675677,0.5137526643562106,0.3163687559889674,0.33802977328003625,0.39646358386653596
1685,L_TO,DNN,2022-09-01,2024-09-01,36,0.2599539975485626,0.37676282369043723,0.4026538219996598,0.3149499291265016,0.36949780735336946
1686,L_TO,DNN,2022-09-01,2024-09-01,37,1.227416980916246,1.8984516091068953,1.9516924129112878,1.298352035660387,0.6063962434873931
1687,L_TO,DNN,2022-09-01,2024-09-01,38,0.8437836817104793,0.6791420668581108,0.6805410621439133,0.3931004443209468,0.4089257646794013
1688,L_TO,DNN,2022-09-01,2024-09-01,39,0.4535312766554656,0.4407626379742317,0.5050242221217558,0.4173301708599846,0.3444720551559523
1689,L_TO,DNN,2022-09-01,2024-09-01,40,0.4739759869404451,0.49401613621787227,0.5591180879626131,0.48862631066535894,0.5483052334488292
1690,L_TO,DNN,2022-09-01,2024-09-01,41,0.7814455694902082,0.39832671087665605,0.3163987365902525,0.42966382849989815,0.34288383230451064
1691,L_TO,DNN,2022-09-01,2024-09-01,42,0.4244086405470466,0.2717005863341587,0.33821389641786354,0.20384827174145995,0.3549014779276489
1692,L_TO,DNN,2022-09-01,2024-09-01,43,0.3066793378856743,0.4354712717270498,0.4955838446086493,0.4365819964495981,0.3375297024828818
1693,L_TO,DNN,2022-09-01,2024-09-01,44,0.27784578924702996,0.44063607307381814,0.6649903119277837,0.2721945187194824,0.46529694608359184
1694,L_TO,DNN,2022-09-01,2024-09-01,45,0.28920484948620107,0.3994548311084218,0.2551267386864685,0.2491825825389962,0.3699549511288073
1695,L_TO,DNN,2022-09-01,2024-09-01,46,0.3180715611260412,0.32530883211712996,0.2793478874274316,0.26535098208683244,0.3294348817589475
1696,L_TO,DNN,2022-09-01,2024-09-01,47,0.6524937796582296,0.7041494285250093,0.45939685321709706,0.26889959795125457,0.40848061033419797
1697,L_TO,DNN,2022-09-01,2024-09-01,48,0.5276858798485778,0.7624300039877404,1.2545865023405192,0.7231993649923824,0.47451398611924234
1698,L_TO,DNN,2022-09-01,2024-09-01,49,0.4383811638272194,0.3549777512988125,0.2941506106703768,0.3096603328431805,0.4077343303316561
1699,L_TO,DNN,2022-09-01,2024-09-01,50,0.2919861868938475,0.4421026640337077,1.1291454070367264,0.6175267087884136,0.4544672928368361
1700,L_TO,DNN,2023-05-01,2025-05-01,1,0.1774899016711107,0.22926481256695258,0.19617337418686212,0.19232732332006913,0.2271184479001201
1701,L_TO,DNN,2023-05-01,2025-05-01,2,0.2710649280018233,0.18655896704535171,0.25486412469351827,0.2837041537761622,0.23955920993288243
1702,L_TO,DNN,2023-05-01,2025-05-01,3,0.24222809532808992,0.22058673419514976,0.2124624776363607,0.16548630897896227,0.2372811425083134
1703,L_TO,DNN,2023-05-01,2025-05-01,4,0.1326333303727286,0.1467964401212984,0.1667230072762449,0.12755958036661,0.222339604129959
1704,L_TO,DNN,2023-05-01,2025-05-01,5,0.14591263695323956,0.2182477105988434,0.18111161918916063,0.2562194808077765,0.23219483420956688
1705,L_TO,DNN,2023-05-01,2025-05-01,6,0.21297669641148287,0.2724647228485973,0.2477346005029659,0.2658127648901939,0.2337946375877814
1706,L_TO,DNN,2023-05-01,2025-05-01,7,0.3025619846443095,0.16522232157277314,0.21803926783858094,0.2023742309749333,0.2225755767297712
1707,L_TO,DNN,2023-05-01,2025-05-01,8,0.40790474518111886,0.4630657498754135,0.5186190819700507,0.5035802328143903,0.25635481223984463
1708,L_TO,DNN,2023-05-01,2025-05-01,9,0.20002924768067326,0.21569151026812555,0.28086237439760153,0.2947070839134625,0.23660846776864367
1709,L_TO,DNN,2023-05-01,2025-05-01,10,0.1501960420681511,0.2583766067860173,0.22220227367470008,0.183631358640017,0.23251771666043014
1710,L_TO,DNN,2023-05-01,2025-05-01,11,0.3162332041542374,0.2536784679855178,0.4567695357659712,0.39621498160599466,0.22963035340486224
1711,L_TO,DNN,2023-05-01,2025-05-01,12,0.16216023458495285,0.12570320136116145,0.13794813423664273,0.15895720726519652,0.23699518456241978
1712,L_TO,DNN,2023-05-01,2025-05-01,13,0.1838609940854325,0.16929987210227163,0.22239279358324462,0.206230635463167,0.23432354175712578
1713,L_TO,DNN,2023-05-01,2025-05-01,14,0.17309548828444965,0.3229616485477886,0.252640064962541,0.20181815196084957,0.22962498690069943
1714,L_TO,DNN,2023-05-01,2025-05-01,15,0.32598844826074874,0.2823694989308837,0.33935261002073447,0.23345333715375985,0.245558581841083
1715,L_TO,DNN,2023-05-01,2025-05-01,16,0.27746071658138083,0.30267608185595907,0.21945542202628993,0.22294576195302726,0.2255546378742902
1716,L_TO,DNN,2023-05-01,2025-05-01,17,0.15249055281371196,0.1774537665425299,0.12066196505471362,0.23300090976698007,0.24606124917283406
1717,L_TO,DNN,2023-05-01,2025-05-01,18,0.213626863488931,0.12345404843048963,0.16791081754901221,0.24763077139455228,0.23736102069799062
1718,L_TO,DNN,2023-05-01,2025-05-01,19,0.3541536613331859,0.30197128002500156,0.31837945886761776,0.2571622443668056,0.2275093235208448
1719,L_TO,DNN,2023-05-01,2025-05-01,20,0.10712145118824071,0.16510620036958454,0.15321518319203783,0.16503838693875503,0.24545634450270185
1720,L_TO,DNN,2023-05-01,2025-05-01,21,0.25832653922734367,0.24175510007487858,0.22399259173954272,0.22377213703556798,0.22759089078379563
1721,L_TO,DNN,2023-05-01,2025-05-01,22,0.23739017982995914,0.23974473038844987,0.3304670102219424,0.14572920818700885,0.22822986100628967
1722,L_TO,DNN,2023-05-01,2025-05-01,23,0.5078629162077125,0.16839046388500287,0.3556749916490114,0.3306998261054386,0.2366226612755819
1723,L_TO,DNN,2023-05-01,2025-05-01,24,0.4249943758435458,0.37416714661470823,0.40378822605586484,0.39410188959300746,0.2306713576330659
1724,L_TO,DNN,2023-05-01,2025-05-01,25,0.14069103166186617,0.12960768045603482,0.17243241958488695,0.17066010814522067,0.22489931095804438
1725,L_TO,DNN,2023-05-01,2025-05-01,26,0.24638764998186874,0.26081998754999525,0.2908534892171842,0.21832582858382177,0.22855954033481002
1726,L_TO,DNN,2023-05-01,2025-05-01,27,0.17946295449167274,0.1281989567604678,0.162155919901841,0.17302719819618698,0.2328202978586855
1727,L_TO,DNN,2023-05-01,2025-05-01,28,0.35302605584406044,0.13468010414823223,0.17306496952120032,0.17793985263332668,0.2366287063540554
1728,L_TO,DNN,2023-05-01,2025-05-01,29,0.13677906809876725,0.1491126282809409,0.2667367533585075,0.1645229118034141,0.29894732254003537
1729,L_TO,DNN,2023-05-01,2025-05-01,30,0.2841339175391896,0.170981612784905,0.2906773511007609,0.29039889270393865,0.235333252523375
1730,L_TO,DNN,2023-05-01,2025-05-01,31,0.1841186244731084,0.14918986719092162,0.1606673726233206,0.24941922386847631,0.22598892262210765
1731,L_TO,DNN,2023-05-01,2025-05-01,32,0.5012315921974864,0.30596654296465126,0.5544702774986229,0.4358929837061862,0.2430490976144156
1732,L_TO,DNN,2023-05-01,2025-05-01,33,0.15888458096520877,0.20976595870528944,0.14990295515055116,0.21315925931828283,0.22833296623316296
1733,L_TO,DNN,2023-05-01,2025-05-01,34,0.23944286256320502,0.32601282233767054,0.5174529298594494,0.23225377325001267,0.23372008202511477
1734,L_TO,DNN,2023-05-01,2025-05-01,35,0.2077347484031332,0.13432745196551055,0.37690227858035963,0.23832247996169836,0.23456740673236742
1735,L_TO,DNN,2023-05-01,2025-05-01,36,0.3873764967974603,0.28666441028307965,0.482431910443334,0.38627091908931094,0.23987988017698683
1736,L_TO,DNN,2023-05-01,2025-05-01,37,0.2454519391745095,0.19440296976968854,0.4929541209984447,0.1961566372663325,0.22599519575671376
1737,L_TO,DNN,2023-05-01,2025-05-01,38,0.28431999874396635,0.16630844339318224,0.21117169780217387,0.19958643373980042,0.23560298523028292
1738,L_TO,DNN,2023-05-01,2025-05-01,39,0.34518151110018913,0.3299213398008328,0.4134042397603365,0.3337936505403715,0.23473766796054565
1739,L_TO,DNN,2023-05-01,2025-05-01,40,0.2695295147594247,0.26997190724912207,0.27009685899238706,0.3635002791346499,0.24314699763293318
1740,L_TO,DNN,2023-05-01,2025-05-01,41,0.3952489902352333,0.3835677890102199,0.3137492905778495,0.3424545189236959,0.22880500495837924
1741,L_TO,DNN,2023-05-01,2025-05-01,42,0.5549828150851184,0.4288758528701934,0.470592586304043,0.5613011280539917,0.23705363974481827
1742,L_TO,DNN,2023-05-01,2025-05-01,43,0.09087389043728147,0.0807158692526915,0.16849323867260865,0.10484255425884084,0.23181141277714576
1743,L_TO,DNN,2023-05-01,2025-05-01,44,0.2832620811972309,0.19714812591945735,0.1813493378507312,0.20630694304137054,0.23136815100218025
1744,L_TO,DNN,2023-05-01,2025-05-01,45,0.27334572951083685,0.23752179361828216,0.3090291593976391,0.27103687423698436,0.2571682489632561
1745,L_TO,DNN,2023-05-01,2025-05-01,46,0.3350435720828989,0.22974304515018143,0.22591987830139665,0.14319169096492382,0.22795242118872627
1746,L_TO,DNN,2023-05-01,2025-05-01,47,0.24111951024609857,0.30597618687813627,0.24785441295012725,0.2501290923637801,0.2337402877400866
1747,L_TO,DNN,2023-05-01,2025-05-01,48,0.3049085687319759,0.3079823626450717,0.348356221567084,0.3269682499123777,0.22718335033672077
1748,L_TO,DNN,2023-05-01,2025-05-01,49,0.28697324701785654,0.24853684316085511,0.26776551612310945,0.2004340669193743,0.2238498896059312
1749,L_TO,DNN,2023-05-01,2025-05-01,50,0.34002305632655,0.2746220598942376,0.3233186708490306,0.19142913428041658,0.2357653328231824
1750,L_TO,DNN,2024-01-01,2026-01-01,1,1.4539880781154244,1.181127610123219,0.939353739827343,1.004951577887729,0.2069039650668602
1751,L_TO,DNN,2024-01-01,2026-01-01,2,0.5586164258606635,0.6394786057610738,0.5817585244173257,0.6754957431992081,0.21196754912889984
1752,L_TO,DNN,2024-01-01,2026-01-01,3,0.5872992513270751,0.5991482370525901,0.45453492530494666,0.5180386430875191,0.20308202404768075
1753,L_TO,DNN,2024-01-01,2026-01-01,4,0.5961434882114631,0.5553690901482874,0.5447854520482392,0.6192832478590014,0.20339647925673857
1754,L_TO,DNN,2024-01-01,2026-01-01,5,0.45919697286250133,0.8133104146364764,0.7521415845638599,0.9151681118767376,0.2114067644929358
1755,L_TO,DNN,2024-01-01,2026-01-01,6,0.7708194732857269,0.5886015624641491,0.45209717136850924,0.5013911933237207,0.20338245957370485
1756,L_TO,DNN,2024-01-01,2026-01-01,7,0.5256780870834176,0.8196734436900653,0.5411698649659314,0.6999397461536949,0.20945608129650262
1757,L_TO,DNN,2024-01-01,2026-01-01,8,0.4011478112700959,0.5570686409331072,0.4403217461000279,0.7332115143981044,0.2063741083658228
1758,L_TO,DNN,2024-01-01,2026-01-01,9,0.9503116763070422,1.2498570608165243,1.178118206284604,0.9769572006853849,0.20438069720013566
1759,L_TO,DNN,2024-01-01,2026-01-01,10,0.5258612024866033,0.7008219631414966,0.557603671155104,0.7821792367470992,0.20740814654765571
1760,L_TO,DNN,2024-01-01,2026-01-01,11,0.7476886495716484,0.6058549613771633,0.4973813677445087,0.481906334550854,0.20049500361130929
1761,L_TO,DNN,2024-01-01,2026-01-01,12,0.6622946059628043,1.3544826346031655,0.43262615485199046,1.197150438270849,0.20886738940089655
1762,L_TO,DNN,2024-01-01,2026-01-01,13,2.5756170525206294,2.352676075815785,2.630448371065408,2.936481883416448,0.20631450257594575
1763,L_TO,DNN,2024-01-01,2026-01-01,14,0.9997088048542442,1.0745433357072103,0.925745638436815,1.2870237121787653,0.2019180754538657
1764,L_TO,DNN,2024-01-01,2026-01-01,15,0.469701665668294,0.7023117471657805,0.7119779187544505,0.47908119821648887,0.22616753774663048
1765,L_TO,DNN,2024-01-01,2026-01-01,16,0.5108936162541463,0.7953110380317581,0.5027676151745896,1.0165812653701825,0.21042721726629043
1766,L_TO,DNN,2024-01-01,2026-01-01,17,0.9725479998031629,0.7713028905382912,0.5043342576074239,0.7220348426214638,0.20370192355887484
1767,L_TO,DNN,2024-01-01,2026-01-01,18,0.7466176157208441,0.9572489668203551,0.9446578565010083,0.5101998506718761,0.22416996145699486
1768,L_TO,DNN,2024-01-01,2026-01-01,19,0.9706523453671196,0.6336800785859735,0.629680408545403,0.5629170108768036,0.20288993281354845
1769,L_TO,DNN,2024-01-01,2026-01-01,20,0.43044700516539675,0.6394221453400508,0.4211690661366375,0.5495296805799974,0.20923572503644178
1770,L_TO,DNN,2024-01-01,2026-01-01,21,1.2354937395085954,1.4026655716428362,1.3808918261346963,1.5488942378238693,0.21800492492599569
1771,L_TO,DNN,2024-01-01,2026-01-01,22,1.3908541564875403,1.5063536982539525,1.2895970553711558,0.866564511318123,0.2077713519628614
1772,L_TO,DNN,2024-01-01,2026-01-01,23,2.6281162225046137,0.7693454284149387,1.7993158649235008,0.8268004066945047,0.20185258041174542
1773,L_TO,DNN,2024-01-01,2026-01-01,24,0.6978014690677455,0.5899300939167976,0.4428949909184674,0.5148912568888458,0.21127713577755775
1774,L_TO,DNN,2024-01-01,2026-01-01,25,0.5981073204028431,0.7288503613384891,0.5371755785438415,0.6692589451584265,0.20638019493298043
1775,L_TO,DNN,2024-01-01,2026-01-01,26,0.6209624101494621,0.5947900612595916,0.38724683522220893,0.5287921440839114,0.20565531960333314
1776,L_TO,DNN,2024-01-01,2026-01-01,27,2.1249458679290263,2.551658054823228,1.8097161758001818,1.762758794186129,0.2056534028372732
1777,L_TO,DNN,2024-01-01,2026-01-01,28,0.9288446419979962,0.5469476086442401,0.842726856777779,0.8655991499192917,0.2138000235606099
1778,L_TO,DNN,2024-01-01,2026-01-01,29,0.4548347277590149,0.6930456752436212,0.7104457068660651,0.7304452737161921,0.20873925778116395
1779,L_TO,DNN,2024-01-01,2026-01-01,30,0.5431646851368479,0.6317854305590969,0.45243981445892645,0.5588517943887635,0.1998178555390095
1780,L_TO,DNN,2024-01-01,2026-01-01,31,0.9412483391327109,1.0653183935685415,0.4641929895976434,0.4773184112751349,0.20370003945432644
1781,L_TO,DNN,2024-01-01,2026-01-01,32,0.8297744031448782,0.5049839142624959,0.3858734879160992,0.5970310065838953,0.20486520003762673
1782,L_TO,DNN,2024-01-01,2026-01-01,33,1.003371358152147,0.8718732634423467,0.8149656011719363,0.8519925697575724,0.21622805256359615
1783,L_TO,DNN,2024-01-01,2026-01-01,34,0.5560834098514665,1.9130134775357626,2.3043815461975363,1.4707240216481812,0.20210227068438183
1784,L_TO,DNN,2024-01-01,2026-01-01,35,1.5137006172535057,0.5615601542436657,0.6311602620369842,0.7637265611734144,0.21607795409408853
1785,L_TO,DNN,2024-01-01,2026-01-01,36,0.9199477504305,0.6025094720759483,0.7383225399112847,0.979491586242391,0.20503050980801127
1786,L_TO,DNN,2024-01-01,2026-01-01,37,2.118950520657647,0.6884748989808621,0.5343049258506628,1.643304359144115,0.21541603294967945
1787,L_TO,DNN,2024-01-01,2026-01-01,38,1.4796494690434625,2.072357489067742,1.4528012662642344,1.476374215603813,0.20612186241395933
1788,L_TO,DNN,2024-01-01,2026-01-01,39,0.40510085109886984,0.5706056347198083,0.7068027267197051,0.5557998194393117,0.20673244998479567
1789,L_TO,DNN,2024-01-01,2026-01-01,40,0.7621808242894593,0.9683323581194929,0.6602410202694983,0.6214328977456757,0.20607308986885886
1790,L_TO,DNN,2024-01-01,2026-01-01,41,0.6931994647305776,0.5627306934387319,0.5148626533558032,0.6198220656971306,0.19964147171506225
1791,L_TO,DNN,2024-01-01,2026-01-01,42,0.7226697415286125,0.5475532290807577,0.38377256532526655,0.6057514662756415,0.20615684928209027
1792,L_TO,DNN,2024-01-01,2026-01-01,43,0.526099139102757,0.6273899207333983,0.7447252018548872,0.7201060587906282,0.20131556273276444
1793,L_TO,DNN,2024-01-01,2026-01-01,44,0.43324790861239315,0.6372413694911859,0.4802063559547096,0.5635176537475265,0.200040703493208
1794,L_TO,DNN,2024-01-01,2026-01-01,45,1.0269423444706913,0.8482800095832324,0.3586763372890314,0.5973577626128422,0.20131341445536807
1795,L_TO,DNN,2024-01-01,2026-01-01,46,0.9681400445356289,0.9918971339868853,0.4853959554705338,0.46648688022769413,0.21011967459148084
1796,L_TO,DNN,2024-01-01,2026-01-01,47,0.540996003238676,0.47653740414676254,0.5244176765739752,0.7238531352248244,0.20596130692057432
1797,L_TO,DNN,2024-01-01,2026-01-01,48,0.767359201959231,0.7326990343195848,0.8019005096059331,0.7580605269327729,0.20835221740519763
1798,L_TO,DNN,2024-01-01,2026-01-01,49,0.4172197251191057,0.48373153307271605,0.3976082635437664,0.4299435191984942,0.1998194019212038
1799,L_TO,DNN,2024-01-01,2026-01-01,50,0.7899323598084447,0.6966497572653207,0.5622060257238294,0.5674056707677677,0.20700910592118296
1800,USO,DNN,2022-01-01,2024-01-01,1,0.22857942083255006,0.24657338445470528,0.24962726112307151,0.30532181502859873,0.24096433690810587
1801,USO,DNN,2022-01-01,2024-01-01,2,0.3615141537426137,0.2671412048518979,0.3145847682913406,0.3579734262139532,0.2215751543583068
1802,USO,DNN,2022-01-01,2024-01-01,3,0.32036395628597597,0.24311660745554464,0.27437586158569555,0.26029094046435536,0.23984124454686936
1803,USO,DNN,2022-01-01,2024-01-01,4,0.37583432368800557,0.3301033367199111,0.2983035342429897,0.5011285458247645,0.22875977892458105
1804,USO,DNN,2022-01-01,2024-01-01,5,0.2836953748889255,0.3656612506175193,0.43375523008840094,0.46943380051816813,0.23183435501691085
1805,USO,DNN,2022-01-01,2024-01-01,6,0.3439606477537764,0.23044571422826923,0.25800456801740507,0.33740098210338987,0.2391102454620825
1806,USO,DNN,2022-01-01,2024-01-01,7,0.23622492281902172,0.2439100453214113,0.37195089884259136,0.3334116335817681,0.23638126242914928
1807,USO,DNN,2022-01-01,2024-01-01,8,0.30731128431894283,0.34527881945570604,0.34968884571861225,0.4105359935774511,0.23137226786934276
1808,USO,DNN,2022-01-01,2024-01-01,9,0.3599041622380048,0.33166530964257457,0.30936233855022627,0.3794765706198979,0.24120172577719162
1809,USO,DNN,2022-01-01,2024-01-01,10,0.2514336519677385,0.21505803712270916,0.2905953670046442,0.2938308284249323,0.22915298354850835
1810,USO,DNN,2022-01-01,2024-01-01,11,0.3336161841574614,0.32656364062774285,0.3028354160041827,0.40787794874451266,0.22282027236924493
1811,USO,DNN,2022-01-01,2024-01-01,12,0.3692064455567532,0.39998408936410146,0.5152999005925877,0.3877631159561468,0.2240798776907291
1812,USO,DNN,2022-01-01,2024-01-01,13,0.27316061116068696,0.23130749279274013,0.3068380225297201,0.3225490841956059,0.22173252839132856
1813,USO,DNN,2022-01-01,2024-01-01,14,0.31986388182304565,0.25539602979262593,0.2987562897368353,0.38229110878809436,0.22936425914074465
1814,USO,DNN,2022-01-01,2024-01-01,15,0.23473468350683108,0.2847045935120535,0.28172884264433184,0.3320474888146636,0.22995275835753082
1815,USO,DNN,2022-01-01,2024-01-01,16,0.23697319730218672,0.25200600758948266,0.2975213431445021,0.36793349326917596,0.2352536995249401
1816,USO,DNN,2022-01-01,2024-01-01,17,0.32608575712109994,0.22909789162565655,0.2653162670859029,0.3711818660975596,0.22751610585293577
1817,USO,DNN,2022-01-01,2024-01-01,18,0.2747232132300435,0.20859442132079997,0.24666687271231538,0.243472824348793,0.22888419452891473
1818,USO,DNN,2022-01-01,2024-01-01,19,0.22305556255245815,0.22753700814157402,0.29685634582676784,0.27207400896216105,0.24465956933047997
1819,USO,DNN,2022-01-01,2024-01-01,20,0.27753752311503405,0.29174259463230123,0.3111757140745407,0.32673673963575045,0.23270254426636852
1820,USO,DNN,2022-01-01,2024-01-01,21,0.2683437382872444,0.260621214453563,0.3391503437464207,0.35080628227387545,0.23599802829148908
1821,USO,DNN,2022-01-01,2024-01-01,22,0.3344427103149707,0.28130729298080925,0.33896605787374146,0.3246543985452735,0.2300246457214956
1822,USO,DNN,2022-01-01,2024-01-01,23,0.27813401662680676,0.3355782988683489,0.3524259424979734,0.3898173934158129,0.22589135454164835
1823,USO,DNN,2022-01-01,2024-01-01,24,0.32204045906468315,0.3671825577982252,0.32113960763742916,0.31708742326995665,0.23364101171036225
1824,USO,DNN,2022-01-01,2024-01-01,25,0.23211074794666184,0.24134959958303773,0.2622090796753237,0.25593366465147305,0.23995563794410962
1825,USO,DNN,2022-01-01,2024-01-01,26,0.23601388749590962,0.25578718147719287,0.28375814902786206,0.30427108320200413,0.22322405227067516
1826,USO,DNN,2022-01-01,2024-01-01,27,0.3735285143612186,0.3684434506098267,0.4414898232172885,0.4782007183550632,0.2243690905163122
1827,USO,DNN,2022-01-01,2024-01-01,28,0.26317464849033834,0.3030486607147577,0.3536243990858776,0.2941013557414932,0.23739212232943652
1828,USO,DNN,2022-01-01,2024-01-01,29,0.17899810630107027,0.1813124916798343,0.26268873390772157,0.2528436169591309,0.25322987788173174
1829,USO,DNN,2022-01-01,2024-01-01,30,0.3034952935540343,0.3554066128845597,0.42610788358149665,0.41635256043585167,0.2318833560817558
1830,USO,DNN,2022-01-01,2024-01-01,31,0.2608187230927027,0.2497130797304763,0.2773918717383715,0.3186216358795903,0.2432606846559645
1831,USO,DNN,2022-01-01,2024-01-01,32,0.336465176794996,0.33182956103591743,0.3602270405746034,0.399703234643047,0.22989259033696324
1832,USO,DNN,2022-01-01,2024-01-01,33,0.2352704825027463,0.23209597805248158,0.28007618365577686,0.3220064865123285,0.22901255104408724
1833,USO,DNN,2022-01-01,2024-01-01,34,0.237541099515651,0.21634681998443067,0.28910442426246874,0.2912246253770436,0.2283106561704391
1834,USO,DNN,2022-01-01,2024-01-01,35,0.24053238316170847,0.2644069708648304,0.27706673881923227,0.3053587687899239,0.22772965662904454
1835,USO,DNN,2022-01-01,2024-01-01,36,0.22769814677347494,0.22352256158975972,0.2911755656501279,0.3035863748161861,0.2303594880768812
1836,USO,DNN,2022-01-01,2024-01-01,37,0.27215798843241024,0.3055945845344803,0.27525233592633497,0.36679078149612176,0.22412047446573494
1837,USO,DNN,2022-01-01,2024-01-01,38,0.2063896516810913,0.22003066729294232,0.3670897836587863,0.3414073154573184,0.24084351003170013
1838,USO,DNN,2022-01-01,2024-01-01,39,0.2991942668977938,0.24406159840836902,0.29496768406590096,0.36130575029188744,0.23284029036287698
1839,USO,DNN,2022-01-01,2024-01-01,40,0.22303212506285813,0.23253131948362812,0.28160322464671167,0.28614872306289074,0.2245547178763015
1840,USO,DNN,2022-01-01,2024-01-01,41,0.24056057401413566,0.2524897991528197,0.29126389826877,0.3381567771315418,0.23153361202770584
1841,USO,DNN,2022-01-01,2024-01-01,42,0.2585396606492521,0.23743455121696871,0.28311400068406695,0.2845554522341758,0.23229559188435372
1842,USO,DNN,2022-01-01,2024-01-01,43,0.3291105640329017,0.31751871746745486,0.3859682540817878,0.3424086474489672,0.24567761992896173
1843,USO,DNN,2022-01-01,2024-01-01,44,0.3180590605559784,0.324450407457176,0.38450659948984334,0.38727484175066207,0.23063082964655943
1844,USO,DNN,2022-01-01,2024-01-01,45,0.30269698471542594,0.3420957822101153,0.3670332373904563,0.42683807444821426,0.232133014024466
1845,USO,DNN,2022-01-01,2024-01-01,46,0.2811915253532057,0.32221663092663794,0.33965097361544855,0.36467555153655723,0.22947569866100342
1846,USO,DNN,2022-01-01,2024-01-01,47,0.33344038155418104,0.3505267461472534,0.3633256530422179,0.41618083853752835,0.23160279500995437
1847,USO,DNN,2022-01-01,2024-01-01,48,0.25550080845449125,0.266302130370811,0.2861620534535149,0.35204056282906626,0.23269794923152282
1848,USO,DNN,2022-01-01,2024-01-01,49,0.2877672110168679,0.29528690240289607,0.31805319493888345,0.3079652436104146,0.2321862638378461
1849,USO,DNN,2022-01-01,2024-01-01,50,0.22221595624043838,0.23235908214805884,0.3100276328321118,0.28207171276289306,0.23644301352832184
1850,USO,DNN,2022-09-01,2024-09-01,1,0.4884649552749163,0.36688847336670927,0.40000474244412987,0.38936396193339506,0.3616559176229355
1851,USO,DNN,2022-09-01,2024-09-01,2,0.4390929280416694,0.4933666296350759,0.45650307330926704,0.4205045352159178,0.3474357241149192
1852,USO,DNN,2022-09-01,2024-09-01,3,0.4464064736038617,0.4218371337136551,0.43784374230141004,0.49433562576142,0.3436082586917894
1853,USO,DNN,2022-09-01,2024-09-01,4,0.35521303837282786,0.4780767433792865,0.5645145318533487,0.4014880943513497,0.3407734422858091
1854,USO,DNN,2022-09-01,2024-09-01,5,0.3949464941942785,0.5006019235125995,0.47901946757551,0.46990471411429413,0.34896160305792895
1855,USO,DNN,2022-09-01,2024-09-01,6,0.3681660372855649,0.418369449254242,0.45793470952229653,0.43879862550247845,0.3241819459021676
1856,USO,DNN,2022-09-01,2024-09-01,7,0.3763705626622271,0.456376882790653,0.45329544535420485,0.47098368857670353,0.34952789370869475
1857,USO,DNN,2022-09-01,2024-09-01,8,0.38763011396317304,0.40560083268751246,0.4023774142503369,0.38589874251277057,0.3654350267594542
1858,USO,DNN,2022-09-01,2024-09-01,9,0.33098528691160883,0.3829511314780883,0.3816909818469328,0.37905162959364724,0.3133139593295235
1859,USO,DNN,2022-09-01,2024-09-01,10,0.4292995114022696,0.4669755635045793,0.421535377644109,0.4828000046755136,0.34558446701808665
1860,USO,DNN,2022-09-01,2024-09-01,11,0.6103680009123466,0.5190039985520769,0.4865051677189114,0.4171725765762479,0.3350646632182201
1861,USO,DNN,2022-09-01,2024-09-01,12,0.37165480912080573,0.4176130359537902,0.4635844247447768,0.4610340547730408,0.3184745143389088
1862,USO,DNN,2022-09-01,2024-09-01,13,0.3590513971928343,0.4102822311057155,0.5150885385220548,0.5918580806531705,0.35750405110449895
1863,USO,DNN,2022-09-01,2024-09-01,14,0.4236571733572382,0.37056863376413207,0.4010528935630628,0.4208422515120676,0.3591780935093778
1864,USO,DNN,2022-09-01,2024-09-01,15,0.4511633329969996,0.4609303398465577,0.5192759063416567,0.44322841608945573,0.30860115005759764
1865,USO,DNN,2022-09-01,2024-09-01,16,0.3600816390801352,0.4505467788906411,0.41253964474140525,0.4355005892098566,0.35622237778521043
1866,USO,DNN,2022-09-01,2024-09-01,17,0.43512594877785454,0.46951791209327126,0.4234363846562186,0.48158239496355487,0.3419794840621012
1867,USO,DNN,2022-09-01,2024-09-01,18,0.5328551260508839,0.5304632004624287,0.5047586023527785,0.6126350720422082,0.35713986864806435
1868,USO,DNN,2022-09-01,2024-09-01,19,0.41798307173831456,0.37722915823537106,0.3523804126186747,0.42502882705028383,0.3269128240735258
1869,USO,DNN,2022-09-01,2024-09-01,20,0.3861495248572405,0.4694941625794929,0.45694869717822467,0.47838151362835857,0.3279266225236018
1870,USO,DNN,2022-09-01,2024-09-01,21,0.4440214273936961,0.4637923652963095,0.3438516791560073,0.35629024625991934,0.31879518570787174
1871,USO,DNN,2022-09-01,2024-09-01,22,0.356256172601317,0.4426682092467945,0.4183556576906869,0.43054796651265603,0.35033852457598585
1872,USO,DNN,2022-09-01,2024-09-01,23,0.3880086051121303,0.3364848232343855,0.32215318317425184,0.4719061780671783,0.3348287852244986
1873,USO,DNN,2022-09-01,2024-09-01,24,0.46523632947943505,0.5347984690118768,0.5729253979169097,0.5601854880084987,0.3366724810447686
1874,USO,DNN,2022-09-01,2024-09-01,25,0.3969816166669713,0.40938330477106705,0.4062758403039028,0.4771794349354016,0.34819292164464993
1875,USO,DNN,2022-09-01,2024-09-01,26,0.3981227949741187,0.4000634263568406,0.4838715354624642,0.3858988221305793,0.350501094215531
1876,USO,DNN,2022-09-01,2024-09-01,27,0.3491104908582816,0.3746363796004513,0.34229200048449887,0.36537175539910993,0.34307881525020967
1877,USO,DNN,2022-09-01,2024-09-01,28,0.44337936125935856,0.3892406915783089,0.37557934214556565,0.3951249708416395,0.3211903518306065
1878,USO,DNN,2022-09-01,2024-09-01,29,0.2884282926723857,0.3479708448092094,0.46956666791231283,0.4122045580687773,0.3473242489425532
1879,USO,DNN,2022-09-01,2024-09-01,30,0.43153246444716853,0.47367356131876515,0.4612775481472232,0.438905498571264,0.3176936794409449
1880,USO,DNN,2022-09-01,2024-09-01,31,0.38178678468892613,0.41303385663837205,0.4617831572387703,0.43807922506123165,0.32049590648254433
1881,USO,DNN,2022-09-01,2024-09-01,32,0.3858637447148501,0.3468716821005246,0.5011663314248345,0.5464806068811707,0.36038955638117237
1882,USO,DNN,2022-09-01,2024-09-01,33,0.44578725686985105,0.4088625641141483,0.5319974526685282,0.5164087128218806,0.34853250759878346
1883,USO,DNN,2022-09-01,2024-09-01,34,0.3954893590824971,0.4394565460341737,0.42796505440523686,0.4442539276167897,0.3505902018476749
1884,USO,DNN,2022-09-01,2024-09-01,35,0.5173203497092994,0.3587887832390112,0.40299915197574526,0.43159762139121965,0.3498493986831681
1885,USO,DNN,2022-09-01,2024-09-01,36,0.3291682160931142,0.37104835322921015,0.37587791614085125,0.3707344053601225,0.3288759137445081
1886,USO,DNN,2022-09-01,2024-09-01,37,0.2942092205556244,0.3637781122490514,0.3535979949108256,0.36444646682196874,0.35384401697146717
1887,USO,DNN,2022-09-01,2024-09-01,38,0.6320808150523641,0.4260405475335517,0.36440161757255557,0.5395801107726669,0.3310581306624341
1888,USO,DNN,2022-09-01,2024-09-01,39,0.3725481231822693,0.4566454618849105,0.4293678387315284,0.3990824850909731,0.3276389532191888
1889,USO,DNN,2022-09-01,2024-09-01,40,0.34089907606211456,0.36462606784755,0.3438273035506655,0.36638299526694046,0.31726289095309307
1890,USO,DNN,2022-09-01,2024-09-01,41,0.579166468057103,0.546414165362141,0.5354512806845089,0.6394588952007749,0.3563784467061652
1891,USO,DNN,2022-09-01,2024-09-01,42,0.4159214120713733,0.4233606818326813,0.4524251611473192,0.43188784589233276,0.3217936596631834
1892,USO,DNN,2022-09-01,2024-09-01,43,0.3734284818377234,0.3772471578940957,0.375499043340608,0.3880203929095535,0.37471938678418965
1893,USO,DNN,2022-09-01,2024-09-01,44,0.4111986309994257,0.40638682733335435,0.3684596866374255,0.5061265168234125,0.37852308697185605
1894,USO,DNN,2022-09-01,2024-09-01,45,0.40689941401377555,0.4318375559375797,0.4317661977326696,0.444171318753861,0.32086695208800026
1895,USO,DNN,2022-09-01,2024-09-01,46,0.30514515405632237,0.36096352588886305,0.4538823173910312,0.6480245113266458,0.33365331844714624
1896,USO,DNN,2022-09-01,2024-09-01,47,0.321482176741569,0.32388674160627423,0.3304670689169563,0.3098171558354196,0.32470347543061184
1897,USO,DNN,2022-09-01,2024-09-01,48,0.3462777577936716,0.43205017003087026,0.5895652281911177,0.6482734226457376,0.3510704805220239
1898,USO,DNN,2022-09-01,2024-09-01,49,0.393222912485228,0.45787327269569567,0.444930195302854,0.4028840597686591,0.3545813586214011
1899,USO,DNN,2022-09-01,2024-09-01,50,0.3716431808149843,0.48921136209669513,0.6275480895185026,0.5608311423825363,0.3480055923399317
1900,USO,DNN,2023-05-01,2025-05-01,1,0.1764955446729197,0.19925043026516046,0.1721455467964726,0.19022511567292164,0.2102723319842435
1901,USO,DNN,2023-05-01,2025-05-01,2,0.24592718173867914,0.2973528354290842,0.23636381777989404,0.2725031027396379,0.23802669209116292
1902,USO,DNN,2023-05-01,2025-05-01,3,0.15225777848119906,0.1705892487220117,0.17206706332380595,0.1897258767335558,0.2643212956853836
1903,USO,DNN,2023-05-01,2025-05-01,4,0.23790533468188246,0.23290812328132154,0.20531752770586303,0.22107991133106197,0.220655811537338
1904,USO,DNN,2023-05-01,2025-05-01,5,0.19246522354043213,0.20765088576617663,0.1932292270291533,0.19724995465433323,0.22733432256264172
1905,USO,DNN,2023-05-01,2025-05-01,6,0.21926688905780653,0.2391237505069338,0.2438146954906903,0.27440820801318133,0.2360501213695153
1906,USO,DNN,2023-05-01,2025-05-01,7,0.22501122887602512,0.24381546010073624,0.21002915605478012,0.23792124522728791,0.22015887386148267
1907,USO,DNN,2023-05-01,2025-05-01,8,0.20877361460807087,0.23767303468872578,0.24306640325499362,0.22746076506375645,0.24904990580458244
1908,USO,DNN,2023-05-01,2025-05-01,9,0.17646790442656365,0.21104188646981775,0.20730373779211925,0.2249569132533162,0.21565723608609788
1909,USO,DNN,2023-05-01,2025-05-01,10,0.18946879395360283,0.2120214998780597,0.18882829331604128,0.20714705606845354,0.22782272175783563
1910,USO,DNN,2023-05-01,2025-05-01,11,0.2207571787912575,0.2021348534403992,0.21635296027924839,0.24307977946841963,0.22673438188722575
1911,USO,DNN,2023-05-01,2025-05-01,12,0.17937392980677228,0.18952988849984906,0.18569358870971062,0.22986218810022702,0.23089057029473778
1912,USO,DNN,2023-05-01,2025-05-01,13,0.21792169270030062,0.22418017683557875,0.22388234418811423,0.24531499058199485,0.23508979485026443
1913,USO,DNN,2023-05-01,2025-05-01,14,0.20049930816491793,0.19128624290256702,0.16096023537542867,0.20477035767163076,0.21730403327297337
1914,USO,DNN,2023-05-01,2025-05-01,15,0.20016258466004497,0.21075027357936912,0.1963213032617952,0.2611075228101536,0.22410234706916576
1915,USO,DNN,2023-05-01,2025-05-01,16,0.19268865085916317,0.22013352650953552,0.21163364199083134,0.24026467209228367,0.22675507801420977
1916,USO,DNN,2023-05-01,2025-05-01,17,0.1708911699372076,0.17513192281548687,0.17122165153651092,0.203462957213392,0.231796272416241
1917,USO,DNN,2023-05-01,2025-05-01,18,0.18693508324291216,0.17326291464537127,0.18245236513156496,0.19417063763263492,0.23652290964909958
1918,USO,DNN,2023-05-01,2025-05-01,19,0.1851863658767595,0.20595180725353437,0.1883602857548863,0.1961335527818153,0.24271105028369666
1919,USO,DNN,2023-05-01,2025-05-01,20,0.16523077446505988,0.18307174845180982,0.17012124742724727,0.18507522105684143,0.21982054766006678
1920,USO,DNN,2023-05-01,2025-05-01,21,0.20129068110116866,0.21314218582430605,0.24177369343346294,0.23092879258827592,0.24108659012776743
1921,USO,DNN,2023-05-01,2025-05-01,22,0.21653181207499353,0.18461049097768403,0.16873051631731012,0.18443583801827582,0.22361805836930224
1922,USO,DNN,2023-05-01,2025-05-01,23,0.1688007943244422,0.20581212645188088,0.19586905546093406,0.20348853825533478,0.2393312932335956
1923,USO,DNN,2023-05-01,2025-05-01,24,0.19551586931259235,0.1746281825817084,0.20684273831652075,0.1925195770623646,0.22298235078525636
1924,USO,DNN,2023-05-01,2025-05-01,25,0.19187777224726854,0.17071103925246045,0.16764165450506896,0.20761404390881585,0.22065708789896696
1925,USO,DNN,2023-05-01,2025-05-01,26,0.24328009863110406,0.24519260845974367,0.22133922556399777,0.23295629984917401,0.23556619578600188
1926,USO,DNN,2023-05-01,2025-05-01,27,0.20558527791089815,0.19800880364550386,0.223800736080674,0.23375923503119886,0.22701627888616632
1927,USO,DNN,2023-05-01,2025-05-01,28,0.18587281435818495,0.20181358416474823,0.20591730402052752,0.2012304810166758,0.2316933810192886
1928,USO,DNN,2023-05-01,2025-05-01,29,0.1882462388271258,0.18284045173070423,0.15560360834406986,0.2112305270874197,0.23143448743824876
1929,USO,DNN,2023-05-01,2025-05-01,30,0.2432072663226371,0.24370659384047194,0.21931809764260937,0.2592379420267699,0.22444807812137302
1930,USO,DNN,2023-05-01,2025-05-01,31,0.17083861704800996,0.17439566786018706,0.17903468447501017,0.17634423478590883,0.21880582145404415
1931,USO,DNN,2023-05-01,2025-05-01,32,0.1794085719043197,0.1936551269482691,0.19342174323147263,0.18753994936821147,0.21483913044829528
1932,USO,DNN,2023-05-01,2025-05-01,33,0.18010676675511306,0.20032247321611577,0.18445441170301996,0.19991769063976061,0.23265082842941542
1933,USO,DNN,2023-05-01,2025-05-01,34,0.19798479309919528,0.21155512962556092,0.18154774771706103,0.21761548096088187,0.2343834059281047
1934,USO,DNN,2023-05-01,2025-05-01,35,0.1450664552658264,0.1748741166947491,0.16890658025669486,0.18649513439172416,0.2371087987069276
1935,USO,DNN,2023-05-01,2025-05-01,36,0.18290185558560867,0.19950186432418646,0.19287550329442338,0.21129196728079122,0.22506255927719768
1936,USO,DNN,2023-05-01,2025-05-01,37,0.2163855753694136,0.24471222568495538,0.2430552054203003,0.24719070147977115,0.24230585489015777
1937,USO,DNN,2023-05-01,2025-05-01,38,0.13426894839724127,0.13923183626160116,0.16458099731559864,0.17453650647072058,0.22701133705949408
1938,USO,DNN,2023-05-01,2025-05-01,39,0.1876157294799434,0.2067952278899502,0.1980181327524898,0.20164201891575526,0.22254211255019007
1939,USO,DNN,2023-05-01,2025-05-01,40,0.19413879255487318,0.16503120436062493,0.1766729011977053,0.1826241133131084,0.21222501860724852
1940,USO,DNN,2023-05-01,2025-05-01,41,0.19533862195185,0.22895207109459711,0.2188975053849458,0.21998005574783708,0.24264456913528087
1941,USO,DNN,2023-05-01,2025-05-01,42,0.1642346477809513,0.18740601886962746,0.1686545290217394,0.20563941183157022,0.24602023988240962
1942,USO,DNN,2023-05-01,2025-05-01,43,0.18565638796321582,0.21341939760873418,0.1921733258471752,0.20768833636269,0.24158628167795626
1943,USO,DNN,2023-05-01,2025-05-01,44,0.20800578606831344,0.16120379625748207,0.1661141441959073,0.20109102454537997,0.2259543911790942
1944,USO,DNN,2023-05-01,2025-05-01,45,0.19355489704316572,0.21594163419148443,0.21564820644457242,0.2144219582027816,0.2315488045518593
1945,USO,DNN,2023-05-01,2025-05-01,46,0.22885936387316827,0.25257970184730527,0.2036985985836288,0.24170250538905724,0.21914657034014523
1946,USO,DNN,2023-05-01,2025-05-01,47,0.15916509788835223,0.16095055074842324,0.15508503551115776,0.1627050501652557,0.2185935692936009
1947,USO,DNN,2023-05-01,2025-05-01,48,0.19060785346301332,0.22439013338157215,0.23224958762302578,0.2607595649774227,0.23190059394033247
1948,USO,DNN,2023-05-01,2025-05-01,49,0.1897021724110046,0.20319472182365214,0.19721607670584643,0.20998668181888272,0.2392370316233657
1949,USO,DNN,2023-05-01,2025-05-01,50,0.17681667679550095,0.19931410210494238,0.22818934480404138,0.21416502384207686,0.23889002213732108
1950,USO,DNN,2024-01-01,2026-01-01,1,0.6281268148248613,0.3715070341550835,0.43503755914816206,0.40742595448990837,0.2542173655405927
1951,USO,DNN,2024-01-01,2026-01-01,2,0.41769981055542005,0.27837463753688235,0.3454409664701578,0.3217973638353597,0.2966992648625495
1952,USO,DNN,2024-01-01,2026-01-01,3,0.3783265636059934,0.3222873551356143,0.32573938834738525,0.2745763195710689,0.3049704698824764
1953,USO,DNN,2024-01-01,2026-01-01,4,0.4931005770106193,0.24654328485503804,0.32210226193337715,0.22465099321204457,0.27360925546090437
1954,USO,DNN,2024-01-01,2026-01-01,5,0.3809295377164808,0.2974729192002608,0.26042208728443983,0.24636659690881965,0.279611992411987
1955,USO,DNN,2024-01-01,2026-01-01,6,0.4277882363962963,0.2991568834433341,0.4121810697258639,0.2874677866226581,0.2516305101571985
1956,USO,DNN,2024-01-01,2026-01-01,7,0.4895111140986844,0.33865017733594327,0.34992578932409696,0.30069296770594894,0.25635247298710623
1957,USO,DNN,2024-01-01,2026-01-01,8,0.3908819856317373,0.2400939436489359,0.22390439355157105,0.20701535480105038,0.27415467442758296
1958,USO,DNN,2024-01-01,2026-01-01,9,0.452905794811797,0.3616888053478832,0.23239540221639912,0.2465291128985172,0.26508867000419384
1959,USO,DNN,2024-01-01,2026-01-01,10,0.40475080051613677,0.2431213455654999,0.21270501969570643,0.2232214182357845,0.2572072296482539
1960,USO,DNN,2024-01-01,2026-01-01,11,0.46348898155019347,0.31719188535780046,0.38494319149541106,0.30072673535556405,0.2999817771450304
1961,USO,DNN,2024-01-01,2026-01-01,12,0.5006001086864951,0.29039917729339126,0.26585908756111837,0.3107601121229405,0.3045167803054138
1962,USO,DNN,2024-01-01,2026-01-01,13,0.5042962498221925,0.3270821459281753,0.32796036851155363,0.3245207277679964,0.2716839162786877
1963,USO,DNN,2024-01-01,2026-01-01,14,0.5906533961691698,0.31655966469636465,0.25187102921189886,0.2615513395005651,0.26192453735355237
1964,USO,DNN,2024-01-01,2026-01-01,15,0.4416432967242806,0.2991790521131034,0.2913939383186111,0.2567999531324151,0.2668098072448192
1965,USO,DNN,2024-01-01,2026-01-01,16,0.3999658587053736,0.29874047317989444,0.26495497558682474,0.25366966431161553,0.26011303755151327
1966,USO,DNN,2024-01-01,2026-01-01,17,0.4000936785251056,0.2821054204873967,0.295201178244134,0.2495859729133379,0.2952451764454755
1967,USO,DNN,2024-01-01,2026-01-01,18,0.3517120250467775,0.23138481868632735,0.283524120670226,0.23934832461169503,0.2768499278875568
1968,USO,DNN,2024-01-01,2026-01-01,19,0.5219394728935643,0.3853311127961814,0.3479554763113523,0.31269019865364883,0.2771894690286244
1969,USO,DNN,2024-01-01,2026-01-01,20,0.4227774882462453,0.3099475969072505,0.2796483287517171,0.29661997421813546,0.28216251598677855
1970,USO,DNN,2024-01-01,2026-01-01,21,0.4706793691699218,0.2713444056745607,0.26083224584884007,0.25335774360591823,0.2755842279212823
1971,USO,DNN,2024-01-01,2026-01-01,22,0.41536478842551505,0.2834520177473008,0.27813372541176634,0.1994771629837776,0.2634438499785162
1972,USO,DNN,2024-01-01,2026-01-01,23,0.386445047194198,0.25632508964273876,0.27927052621691806,0.28562713250424937,0.26777909591169685
1973,USO,DNN,2024-01-01,2026-01-01,24,0.41616178519679015,0.29237624262663026,0.30049448918704325,0.238538557528932,0.2765722271349
1974,USO,DNN,2024-01-01,2026-01-01,25,0.5175921663708845,0.3975414203954055,0.3378928646762683,0.3187114956762943,0.24631831978337365
1975,USO,DNN,2024-01-01,2026-01-01,26,0.4607731804655757,0.25292139950272285,0.23591764292907172,0.22329060303136666,0.28815146436355465
1976,USO,DNN,2024-01-01,2026-01-01,27,0.4819972671683591,0.31751503276672327,0.26417922315725173,0.2889751139171255,0.2548711535219844
1977,USO,DNN,2024-01-01,2026-01-01,28,0.5174084291950853,0.31667797143505777,0.30849589383590753,0.28406493962226637,0.27847681089820586
1978,USO,DNN,2024-01-01,2026-01-01,29,0.5078817757468674,0.2981920217174501,0.31450942841232643,0.34819235370982055,0.26373678427466285
1979,USO,DNN,2024-01-01,2026-01-01,30,0.47097075867122445,0.31590970572189725,0.31857726715402185,0.31073445235768093,0.2687845741208309
1980,USO,DNN,2024-01-01,2026-01-01,31,0.45485750688775495,0.3200671516870428,0.3186966504662173,0.2838020758939693,0.24563749072985158
1981,USO,DNN,2024-01-01,2026-01-01,32,0.4386515845093209,0.31734866653629584,0.2776996610653269,0.26715598326539025,0.2839830089106068
1982,USO,DNN,2024-01-01,2026-01-01,33,0.45065114716558025,0.33230359464764403,0.29603461504002493,0.30063750670760164,0.2609190905605405
1983,USO,DNN,2024-01-01,2026-01-01,34,0.43698271957232454,0.3167243270036627,0.2989645672690214,0.3229448547862384,0.2549418320534417
1984,USO,DNN,2024-01-01,2026-01-01,35,0.5449025069359434,0.32740812692162724,0.32465530474497284,0.3232840777934543,0.2871975575371357
1985,USO,DNN,2024-01-01,2026-01-01,36,0.3408831889304582,0.2657979278635268,0.23919884616485396,0.23653666367075138,0.2768768275026053
1986,USO,DNN,2024-01-01,2026-01-01,37,0.5961993568978583,0.40568269879787583,0.3886476280554171,0.36753045485474833,0.26430225246155303
1987,USO,DNN,2024-01-01,2026-01-01,38,0.48337696669260877,0.3008348031562373,0.4319187623438921,0.3182861183796008,0.28581423722562993
1988,USO,DNN,2024-01-01,2026-01-01,39,0.45542476294317547,0.26452148321434754,0.2716402139228487,0.25246609795469477,0.26016799505494304
1989,USO,DNN,2024-01-01,2026-01-01,40,0.5456833205178735,0.33810363028918267,0.3448244842994623,0.3352957199425589,0.2685888694224692
1990,USO,DNN,2024-01-01,2026-01-01,41,0.38429034681399427,0.2957019813809569,0.33725797864647,0.2665643997687383,0.2647702790158286
1991,USO,DNN,2024-01-01,2026-01-01,42,0.4770966570564428,0.3146064173088676,0.2795917880074985,0.25609644126349107,0.2584724519868807
1992,USO,DNN,2024-01-01,2026-01-01,43,0.31794563270404547,0.22629879517274673,0.2766674843873993,0.20469344137872122,0.2811150935670921
1993,USO,DNN,2024-01-01,2026-01-01,44,0.4433079370732543,0.2637029000449955,0.24022817287137008,0.2862193352374744,0.2771901222859293
1994,USO,DNN,2024-01-01,2026-01-01,45,0.4329876036045369,0.29431694300340194,0.25418071065679126,0.2511826094691348,0.29292975851796726
1995,USO,DNN,2024-01-01,2026-01-01,46,0.35583261232674807,0.23869318523494934,0.34855296506648714,0.29526508058562734,0.29145679389193546
1996,USO,DNN,2024-01-01,2026-01-01,47,0.3609664354751003,0.2909240678492347,0.2528338468035459,0.2464647111259985,0.2535206724967958
1997,USO,DNN,2024-01-01,2026-01-01,48,0.4376959970071566,0.28192637554466377,0.27412021921735236,0.28456266542725506,0.2693900721587587
1998,USO,DNN,2024-01-01,2026-01-01,49,0.42746634926608135,0.25043083146493755,0.23225854420041028,0.23234116124050938,0.2650086906701964
1999,USO,DNN,2024-01-01,2026-01-01,50,0.4012468065765678,0.39255228119662755,0.49910683149001733,0.34955907465930713,0.3215709759867479
